model,item,id,cond,graph_id,rung,query_type,story_id,question_property,lexicon,gold,pred,correct,parsed,in_tok,out_tok,error,provider,finish,reason_tok,usd,answer_from,temperature,max_tokens
meta-llama/llama-3.3-70b-instruct,36,13899,RAW,IV,2,ate,price,anticommonsense,KEEP,no,no,1,1,150,333,,Novita,stop,0,0.00015345,content,0.0,700
meta-llama/llama-3.3-70b-instruct,36,13899,ORACLE,IV,2,ate,price,anticommonsense,KEEP,no,no,1,1,193,442,,Novita,stop,0,0.000202855,content,0.0,700
meta-llama/llama-3.3-70b-instruct,36,13899,DR_k1,IV,2,ate,price,anticommonsense,KEEP,no,no,1,1,194,389,,Novita,stop,0,0.00018179,content,0.0,700
meta-llama/llama-3.3-70b-instruct,36,13899,DR_k2,IV,2,ate,price,anticommonsense,KEEP,no,no,1,1,194,524,,Novita,stop,0,0.00023579,content,0.0,700
meta-llama/llama-3.3-70b-instruct,36,13899,DR_k3,IV,2,ate,price,anticommonsense,KEEP,no,no,1,1,188,431,,Novita,stop,0,0.00019778,content,0.0,700
meta-llama/llama-3.3-70b-instruct,37,9467,RAW,IV,2,ate,water_cholera,hard,KEEP,no,yes,0,1,153,320,,Novita,stop,0,0.000148655,content,0.0,700
meta-llama/llama-3.3-70b-instruct,37,9467,ORACLE,IV,2,ate,water_cholera,hard,KEEP,no,yes,0,1,201,375,,Novita,stop,0,0.000177135,content,0.0,700
meta-llama/llama-3.3-70b-instruct,37,9467,DR_k1,IV,2,ate,water_cholera,hard,KEEP,no,yes,0,1,201,502,,Novita,stop,0,0.000227935,content,0.0,700
meta-llama/llama-3.3-70b-instruct,37,9467,DR_k2,IV,2,ate,water_cholera,hard,KEEP,no,yes,0,1,200,316,,Novita,stop,0,0.0001534,content,0.0,700
meta-llama/llama-3.3-70b-instruct,37,9467,DR_k3,IV,2,ate,water_cholera,hard,KEEP,no,yes,0,1,200,368,,Novita,stop,0,0.0001742,content,0.0,700
meta-llama/llama-3.3-70b-instruct,38,8277,RAW,IV,2,ate,price,hard,KEEP,no,no,1,1,150,380,,Novita,stop,0,0.00017225,content,0.0,700
meta-llama/llama-3.3-70b-instruct,38,8277,ORACLE,IV,2,ate,price,hard,KEEP,no,yes,0,1,193,663,,Novita,stop,0,0.000291255,content,0.0,700
meta-llama/llama-3.3-70b-instruct,38,8277,DR_k1,IV,2,ate,price,hard,KEEP,no,no,1,1,193,502,,Novita,stop,0,0.000226855,content,0.0,700
meta-llama/llama-3.3-70b-instruct,38,8277,DR_k2,IV,2,ate,price,hard,KEEP,no,yes,0,1,193,373,,Novita,stop,0,0.000175255,content,0.0,700
meta-llama/llama-3.3-70b-instruct,38,8277,DR_k3,IV,2,ate,price,hard,KEEP,no,yes,0,1,193,682,,Novita,stop,0,0.000298855,content,0.0,700
meta-llama/llama-3.3-70b-instruct,42,16786,RAW,IV,2,ate,cholesterol,anticommonsense,KEEP,no,no,1,1,152,394,,Novita,stop,0,0.00017812,content,0.0,700
meta-llama/llama-3.3-70b-instruct,42,16786,ORACLE,IV,2,ate,cholesterol,anticommonsense,KEEP,no,no,1,1,207,553,,Novita,stop,0,0.000249145,content,0.0,700
meta-llama/llama-3.3-70b-instruct,42,16786,DR_k1,IV,2,ate,cholesterol,anticommonsense,KEEP,no,no,1,1,208,406,,Novita,stop,0,0.00019048,content,0.0,700
meta-llama/llama-3.3-70b-instruct,42,16786,DR_k2,IV,2,ate,cholesterol,anticommonsense,KEEP,no,no,1,1,212,445,,Novita,stop,0,0.00020662,content,0.0,700
meta-llama/llama-3.3-70b-instruct,42,16786,DR_k3,IV,2,ate,cholesterol,anticommonsense,KEEP,no,no,1,1,212,437,,Novita,stop,0,0.00020342,content,0.0,700
meta-llama/llama-3.3-70b-instruct,44,18686,RAW,IV,2,ate,price,anticommonsense,KEEP,yes,no,0,1,150,700,,Novita,length,0,0.00030025,content,0.0,700
meta-llama/llama-3.3-70b-instruct,44,18686,ORACLE,IV,2,ate,price,anticommonsense,KEEP,yes,yes,1,1,196,517,,Novita,stop,0,0.00023326,content,0.0,700
meta-llama/llama-3.3-70b-instruct,44,18686,DR_k1,IV,2,ate,price,anticommonsense,KEEP,yes,no,0,1,196,348,,Novita,stop,0,0.00016566,content,0.0,700
meta-llama/llama-3.3-70b-instruct,44,18686,DR_k2,IV,2,ate,price,anticommonsense,KEEP,yes,no,0,1,196,520,,Novita,stop,0,0.00023446,content,0.0,700
meta-llama/llama-3.3-70b-instruct,44,18686,DR_k3,IV,2,ate,price,anticommonsense,KEEP,yes,no,0,1,196,626,,Novita,stop,0,0.00027686,content,0.0,700
meta-llama/llama-3.3-70b-instruct,50,6665,RAW,IV,2,ate,college_wage,hard,KEEP,yes,no,0,1,157,471,,Novita,stop,0,0.000209595,content,0.0,700
meta-llama/llama-3.3-70b-instruct,50,6665,ORACLE,IV,2,ate,college_wage,hard,KEEP,yes,no,0,1,210,510,,Novita,stop,0,0.00023235,content,0.0,700
meta-llama/llama-3.3-70b-instruct,50,6665,DR_k1,IV,2,ate,college_wage,hard,KEEP,yes,no,0,1,202,544,,Novita,stop,0,0.00024487,content,0.0,700
meta-llama/llama-3.3-70b-instruct,50,6665,DR_k2,IV,2,ate,college_wage,hard,KEEP,yes,no,0,1,206,459,,Novita,stop,0,0.00021141,content,0.0,700
meta-llama/llama-3.3-70b-instruct,50,6665,DR_k3,IV,2,ate,college_wage,hard,KEEP,yes,no,0,1,214,519,,Novita,stop,0,0.00023649,content,0.0,700
meta-llama/llama-3.3-70b-instruct,51,11998,RAW,IV,2,ate,cholesterol,anticommonsense,KEEP,no,no,1,1,161,337,,Novita,stop,0,0.000156535,content,0.0,700
meta-llama/llama-3.3-70b-instruct,51,11998,ORACLE,IV,2,ate,cholesterol,anticommonsense,KEEP,no,no,1,1,215,562,,Novita,stop,0,0.000253825,content,0.0,700
meta-llama/llama-3.3-70b-instruct,51,11998,DR_k1,IV,2,ate,cholesterol,anticommonsense,KEEP,no,,0,0,219,700,,Novita,length,0,0.000309565,content,0.0,700
meta-llama/llama-3.3-70b-instruct,51,11998,DR_k2,IV,2,ate,cholesterol,anticommonsense,KEEP,no,no,1,1,212,474,,Novita,stop,0,0.00021822,content,0.0,700
meta-llama/llama-3.3-70b-instruct,51,11998,DR_k3,IV,2,ate,cholesterol,anticommonsense,KEEP,no,no,1,1,218,562,,Novita,stop,0,0.00025423,content,0.0,700
meta-llama/llama-3.3-70b-instruct,53,6642,RAW,IV,2,ate,college_wage,hard,KEEP,no,no,1,1,157,419,,Novita,stop,0,0.000188795,content,0.0,700
meta-llama/llama-3.3-70b-instruct,53,6642,ORACLE,IV,2,ate,college_wage,hard,KEEP,no,yes,0,1,210,485,,Novita,stop,0,0.00022235,content,0.0,700
meta-llama/llama-3.3-70b-instruct,53,6642,DR_k1,IV,2,ate,college_wage,hard,KEEP,no,yes,0,1,214,575,,Novita,stop,0,0.00025889,content,0.0,700
meta-llama/llama-3.3-70b-instruct,53,6642,DR_k2,IV,2,ate,college_wage,hard,KEEP,no,yes,0,1,214,483,,Novita,stop,0,0.00022209,content,0.0,700
meta-llama/llama-3.3-70b-instruct,53,6642,DR_k3,IV,2,ate,college_wage,hard,KEEP,no,no,1,1,206,554,,Novita,stop,0,0.00024941,content,0.0,700
meta-llama/llama-3.3-70b-instruct,62,13847,RAW,IV,2,ate,price,anticommonsense,KEEP,yes,yes,1,1,150,357,,Novita,stop,0,0.00016305,content,0.0,700
meta-llama/llama-3.3-70b-instruct,62,13847,ORACLE,IV,2,ate,price,anticommonsense,KEEP,yes,yes,1,1,193,445,,Novita,stop,0,0.000204055,content,0.0,700
meta-llama/llama-3.3-70b-instruct,62,13847,DR_k1,IV,2,ate,price,anticommonsense,KEEP,yes,no,0,1,193,564,,Novita,stop,0,0.000251655,content,0.0,700
meta-llama/llama-3.3-70b-instruct,62,13847,DR_k2,IV,2,ate,price,anticommonsense,KEEP,yes,no,0,1,194,393,,Novita,stop,0,0.00018339,content,0.0,700
meta-llama/llama-3.3-70b-instruct,62,13847,DR_k3,IV,2,ate,price,anticommonsense,KEEP,yes,no,0,1,194,255,,Novita,stop,0,0.00012819,content,0.0,700
meta-llama/llama-3.3-70b-instruct,66,13836,RAW,IV,2,ate,price,anticommonsense,KEEP,yes,yes,1,1,150,300,,Novita,stop,0,0.00014025,content,0.0,700
meta-llama/llama-3.3-70b-instruct,66,13836,ORACLE,IV,2,ate,price,anticommonsense,KEEP,yes,no,0,1,193,484,,Novita,stop,0,0.000219655,content,0.0,700
meta-llama/llama-3.3-70b-instruct,66,13836,DR_k1,IV,2,ate,price,anticommonsense,KEEP,yes,yes,1,1,193,487,,Novita,stop,0,0.000220855,content,0.0,700
meta-llama/llama-3.3-70b-instruct,66,13836,DR_k2,IV,2,ate,price,anticommonsense,KEEP,yes,no,0,1,187,488,,Novita,stop,0,0.000220445,content,0.0,700
meta-llama/llama-3.3-70b-instruct,66,13836,DR_k3,IV,2,ate,price,anticommonsense,KEEP,yes,no,0,1,188,468,,Novita,stop,0,0.00021258,content,0.0,700
meta-llama/llama-3.3-70b-instruct,68,9755,RAW,IV,3,det-counterfactual,cholesterol,commonsense,KEEP,no,no,1,1,138,293,,Novita,stop,0,0.00013583,content,0.0,700
meta-llama/llama-3.3-70b-instruct,68,9755,ORACLE,IV,3,det-counterfactual,cholesterol,commonsense,KEEP,no,no,1,1,190,255,,Novita,stop,0,0.00012765,content,0.0,700
meta-llama/llama-3.3-70b-instruct,68,9755,DR_k1,IV,3,det-counterfactual,cholesterol,commonsense,KEEP,no,no,1,1,194,152,,Novita,stop,0,8.699e-05,content,0.0,700
meta-llama/llama-3.3-70b-instruct,68,9755,DR_k2,IV,3,det-counterfactual,cholesterol,commonsense,KEEP,no,no,1,1,191,420,,Novita,stop,0,0.000193785,content,0.0,700
meta-llama/llama-3.3-70b-instruct,68,9755,DR_k3,IV,3,det-counterfactual,cholesterol,commonsense,KEEP,no,no,1,1,195,390,,Novita,stop,0,0.000182325,content,0.0,700
meta-llama/llama-3.3-70b-instruct,69,20698,RAW,IV,3,det-counterfactual,tax_smoke_birthWeight,anticommonsense,KEEP,yes,yes,1,1,125,364,,Novita,stop,0,0.000162475,content,0.0,700
meta-llama/llama-3.3-70b-instruct,69,20698,ORACLE,IV,3,det-counterfactual,tax_smoke_birthWeight,anticommonsense,KEEP,yes,yes,1,1,183,111,,Novita,stop,0,6.9105e-05,content,0.0,700
meta-llama/llama-3.3-70b-instruct,69,20698,DR_k1,IV,3,det-counterfactual,tax_smoke_birthWeight,anticommonsense,KEEP,yes,yes,1,1,186,402,,Novita,stop,0,0.00018591,content,0.0,700
meta-llama/llama-3.3-70b-instruct,69,20698,DR_k2,IV,3,det-counterfactual,tax_smoke_birthWeight,anticommonsense,KEEP,yes,yes,1,1,181,302,,Novita,stop,0,0.000145235,content,0.0,700
meta-llama/llama-3.3-70b-instruct,69,20698,DR_k3,IV,3,det-counterfactual,tax_smoke_birthWeight,anticommonsense,KEEP,yes,yes,1,1,176,231,,Novita,stop,0,0.00011616,content,0.0,700
meta-llama/llama-3.3-70b-instruct,70,20743,RAW,IV,3,det-counterfactual,water_cholera,anticommonsense,KEEP,yes,yes,1,1,128,206,,Novita,stop,0,9.968e-05,content,0.0,700
meta-llama/llama-3.3-70b-instruct,70,20743,ORACLE,IV,3,det-counterfactual,water_cholera,anticommonsense,KEEP,yes,yes,1,1,179,195,,Novita,stop,0,0.000102165,content,0.0,700
meta-llama/llama-3.3-70b-instruct,70,20743,DR_k1,IV,3,det-counterfactual,water_cholera,anticommonsense,KEEP,yes,yes,1,1,179,271,,Novita,stop,0,0.000132565,content,0.0,700
meta-llama/llama-3.3-70b-instruct,70,20743,DR_k2,IV,3,det-counterfactual,water_cholera,anticommonsense,KEEP,yes,yes,1,1,178,237,,Novita,stop,0,0.00011883,content,0.0,700
meta-llama/llama-3.3-70b-instruct,70,20743,DR_k3,IV,3,det-counterfactual,water_cholera,anticommonsense,KEEP,yes,yes,1,1,179,195,,Novita,stop,0,0.000102165,content,0.0,700
meta-llama/llama-3.3-70b-instruct,71,20700,RAW,IV,3,det-counterfactual,tax_smoke_birthWeight,anticommonsense,KEEP,yes,yes,1,1,125,174,,Novita,stop,0,8.6475e-05,content,0.0,700
meta-llama/llama-3.3-70b-instruct,71,20700,ORACLE,IV,3,det-counterfactual,tax_smoke_birthWeight,anticommonsense,KEEP,yes,yes,1,1,183,272,,Novita,stop,0,0.000133505,content,0.0,700
meta-llama/llama-3.3-70b-instruct,71,20700,DR_k1,IV,3,det-counterfactual,tax_smoke_birthWeight,anticommonsense,KEEP,yes,yes,1,1,173,308,,Novita,stop,0,0.000146555,content,0.0,700
meta-llama/llama-3.3-70b-instruct,71,20700,DR_k2,IV,3,det-counterfactual,tax_smoke_birthWeight,anticommonsense,KEEP,yes,yes,1,1,186,218,,Novita,stop,0,0.00011231,content,0.0,700
meta-llama/llama-3.3-70b-instruct,71,20700,DR_k3,IV,3,det-counterfactual,tax_smoke_birthWeight,anticommonsense,KEEP,yes,yes,1,1,185,167,,Novita,stop,0,9.1775e-05,content,0.0,700
meta-llama/llama-3.3-70b-instruct,72,10039,RAW,IV,3,det-counterfactual,price,commonsense,KEEP,no,no,1,1,121,184,,Novita,stop,0,8.9935e-05,content,0.0,700
meta-llama/llama-3.3-70b-instruct,72,10039,ORACLE,IV,3,det-counterfactual,price,commonsense,KEEP,no,no,1,1,164,189,,Novita,stop,0,9.774e-05,content,0.0,700
meta-llama/llama-3.3-70b-instruct,72,10039,DR_k1,IV,3,det-counterfactual,price,commonsense,KEEP,no,no,1,1,164,362,,Novita,stop,0,0.00016694,content,0.0,700
meta-llama/llama-3.3-70b-instruct,72,10039,DR_k2,IV,3,det-counterfactual,price,commonsense,KEEP,no,yes,0,1,164,189,,Novita,stop,0,9.774e-05,content,0.0,700
meta-llama/llama-3.3-70b-instruct,72,10039,DR_k3,IV,3,det-counterfactual,price,commonsense,KEEP,no,no,1,1,164,236,,Novita,stop,0,0.00011654,content,0.0,700
meta-llama/llama-3.3-70b-instruct,73,20728,RAW,IV,3,det-counterfactual,tax_smoke_birthWeight,anticommonsense,KEEP,no,no,1,1,125,218,,Novita,stop,0,0.000104075,content,0.0,700
meta-llama/llama-3.3-70b-instruct,73,20728,ORACLE,IV,3,det-counterfactual,tax_smoke_birthWeight,anticommonsense,KEEP,no,no,1,1,183,341,,Novita,stop,0,0.000161105,content,0.0,700
meta-llama/llama-3.3-70b-instruct,73,20728,DR_k1,IV,3,det-counterfactual,tax_smoke_birthWeight,anticommonsense,KEEP,no,no,1,1,173,390,,Novita,stop,0,0.000179355,content,0.0,700
meta-llama/llama-3.3-70b-instruct,73,20728,DR_k2,IV,3,det-counterfactual,tax_smoke_birthWeight,anticommonsense,KEEP,no,no,1,1,186,338,,Novita,stop,0,0.00016031,content,0.0,700
meta-llama/llama-3.3-70b-instruct,73,20728,DR_k3,IV,3,det-counterfactual,tax_smoke_birthWeight,anticommonsense,KEEP,no,no,1,1,187,287,,Novita,stop,0,0.000140045,content,0.0,700
meta-llama/llama-3.3-70b-instruct,74,10332,RAW,IV,3,det-counterfactual,tax_smoke_birthWeight,commonsense,KEEP,yes,yes,1,1,129,283,,Novita,stop,0,0.000130615,content,0.0,700
meta-llama/llama-3.3-70b-instruct,74,10332,ORACLE,IV,3,det-counterfactual,tax_smoke_birthWeight,commonsense,KEEP,yes,yes,1,1,191,444,,Novita,stop,0,0.000203385,content,0.0,700
meta-llama/llama-3.3-70b-instruct,74,10332,DR_k1,IV,3,det-counterfactual,tax_smoke_birthWeight,commonsense,KEEP,yes,yes,1,1,190,424,,Novita,stop,0,0.00019525,content,0.0,700
meta-llama/llama-3.3-70b-instruct,74,10332,DR_k2,IV,3,det-counterfactual,tax_smoke_birthWeight,commonsense,KEEP,yes,no,0,1,184,355,,Novita,stop,0,0.00016684,content,0.0,700
meta-llama/llama-3.3-70b-instruct,74,10332,DR_k3,IV,3,det-counterfactual,tax_smoke_birthWeight,commonsense,KEEP,yes,no,0,1,185,273,,Novita,stop,0,0.000134175,content,0.0,700
meta-llama/llama-3.3-70b-instruct,75,9782,RAW,IV,3,det-counterfactual,college_wage,commonsense,KEEP,no,no,1,1,136,151,,Novita,stop,0,7.876e-05,content,0.0,700
meta-llama/llama-3.3-70b-instruct,75,9782,ORACLE,IV,3,det-counterfactual,college_wage,commonsense,KEEP,no,no,1,1,189,255,,Novita,stop,0,0.000127515,content,0.0,700
meta-llama/llama-3.3-70b-instruct,75,9782,DR_k1,IV,3,det-counterfactual,college_wage,commonsense,KEEP,no,no,1,1,181,266,,Novita,stop,0,0.000130835,content,0.0,700
meta-llama/llama-3.3-70b-instruct,75,9782,DR_k2,IV,3,det-counterfactual,college_wage,commonsense,KEEP,no,no,1,1,193,321,,Novita,stop,0,0.000154455,content,0.0,700
meta-llama/llama-3.3-70b-instruct,75,9782,DR_k3,IV,3,det-counterfactual,college_wage,commonsense,KEEP,no,no,1,1,185,360,,Novita,stop,0,0.000168975,content,0.0,700
meta-llama/llama-3.3-70b-instruct,76,20757,RAW,IV,3,det-counterfactual,water_cholera,anticommonsense,KEEP,no,no,1,1,128,352,,Novita,stop,0,0.00015808,content,0.0,700
meta-llama/llama-3.3-70b-instruct,76,20757,ORACLE,IV,3,det-counterfactual,water_cholera,anticommonsense,KEEP,no,no,1,1,179,432,,Novita,stop,0,0.000196965,content,0.0,700
meta-llama/llama-3.3-70b-instruct,76,20757,DR_k1,IV,3,det-counterfactual,water_cholera,anticommonsense,KEEP,no,no,1,1,171,340,,Novita,stop,0,0.000159085,content,0.0,700
meta-llama/llama-3.3-70b-instruct,76,20757,DR_k2,IV,3,det-counterfactual,water_cholera,anticommonsense,KEEP,no,no,1,1,180,553,,Novita,stop,0,0.0002455,content,0.0,700
meta-llama/llama-3.3-70b-instruct,76,20757,DR_k3,IV,3,det-counterfactual,water_cholera,anticommonsense,KEEP,no,no,1,1,179,313,,Novita,stop,0,0.000149365,content,0.0,700
meta-llama/llama-3.3-70b-instruct,77,20169,RAW,IV,3,det-counterfactual,college_wage,anticommonsense,KEEP,yes,yes,1,1,128,193,,Novita,stop,0,9.448e-05,content,0.0,700
meta-llama/llama-3.3-70b-instruct,77,20169,ORACLE,IV,3,det-counterfactual,college_wage,anticommonsense,KEEP,yes,yes,1,1,182,194,,Novita,stop,0,0.00010217,content,0.0,700
meta-llama/llama-3.3-70b-instruct,77,20169,DR_k1,IV,3,det-counterfactual,college_wage,anticommonsense,KEEP,yes,yes,1,1,186,201,,Novita,stop,0,0.00010551,content,0.0,700
meta-llama/llama-3.3-70b-instruct,77,20169,DR_k2,IV,3,det-counterfactual,college_wage,anticommonsense,KEEP,yes,yes,1,1,186,201,,Novita,stop,0,0.00010551,content,0.0,700
meta-llama/llama-3.3-70b-instruct,77,20169,DR_k3,IV,3,det-counterfactual,college_wage,anticommonsense,KEEP,yes,yes,1,1,178,372,,Novita,stop,0,0.00017283,content,0.0,700
meta-llama/llama-3.3-70b-instruct,78,20125,RAW,IV,3,det-counterfactual,cholesterol,anticommonsense,KEEP,yes,yes,1,1,141,115,,Novita,stop,0,6.5035e-05,content,0.0,700
meta-llama/llama-3.3-70b-instruct,78,20125,ORACLE,IV,3,det-counterfactual,cholesterol,anticommonsense,KEEP,yes,no,0,1,195,378,,Novita,stop,0,0.000177525,content,0.0,700
meta-llama/llama-3.3-70b-instruct,78,20125,DR_k1,IV,3,det-counterfactual,cholesterol,anticommonsense,KEEP,yes,no,0,1,188,354,,Novita,stop,0,0.00016698,content,0.0,700
meta-llama/llama-3.3-70b-instruct,78,20125,DR_k2,IV,3,det-counterfactual,cholesterol,anticommonsense,KEEP,yes,no,0,1,195,241,,Novita,stop,0,0.000122725,content,0.0,700
meta-llama/llama-3.3-70b-instruct,78,20125,DR_k3,IV,3,det-counterfactual,cholesterol,anticommonsense,KEEP,yes,yes,1,1,198,281,,Novita,stop,0,0.00013913,content,0.0,700
meta-llama/llama-3.3-70b-instruct,79,10360,RAW,IV,3,det-counterfactual,water_cholera,commonsense,KEEP,yes,yes,1,1,123,209,,Novita,stop,0,0.000100205,content,0.0,700
meta-llama/llama-3.3-70b-instruct,79,10360,ORACLE,IV,3,det-counterfactual,water_cholera,commonsense,KEEP,yes,no,0,1,171,232,,Novita,stop,0,0.000115885,content,0.0,700
meta-llama/llama-3.3-70b-instruct,79,10360,DR_k1,IV,3,det-counterfactual,water_cholera,commonsense,KEEP,yes,yes,1,1,171,166,,Novita,stop,0,8.9485e-05,content,0.0,700
meta-llama/llama-3.3-70b-instruct,79,10360,DR_k2,IV,3,det-counterfactual,water_cholera,commonsense,KEEP,yes,no,0,1,163,340,,Novita,stop,0,0.000158005,content,0.0,700
meta-llama/llama-3.3-70b-instruct,79,10360,DR_k3,IV,3,det-counterfactual,water_cholera,commonsense,KEEP,yes,yes,1,1,163,374,,Novita,stop,0,0.000171605,content,0.0,700
meta-llama/llama-3.3-70b-instruct,80,20408,RAW,IV,3,det-counterfactual,price,anticommonsense,KEEP,yes,no,0,1,120,430,,Novita,stop,0,0.0001882,content,0.0,700
meta-llama/llama-3.3-70b-instruct,80,20408,ORACLE,IV,3,det-counterfactual,price,anticommonsense,KEEP,yes,no,0,1,163,435,,Novita,stop,0,0.000196005,content,0.0,700
meta-llama/llama-3.3-70b-instruct,80,20408,DR_k1,IV,3,det-counterfactual,price,anticommonsense,KEEP,yes,no,0,1,157,404,,Novita,stop,0,0.000182795,content,0.0,700
meta-llama/llama-3.3-70b-instruct,80,20408,DR_k2,IV,3,det-counterfactual,price,anticommonsense,KEEP,yes,no,0,1,164,674,,Novita,stop,0,0.00029174,content,0.0,700
meta-llama/llama-3.3-70b-instruct,80,20408,DR_k3,IV,3,det-counterfactual,price,anticommonsense,KEEP,yes,yes,1,1,164,582,,Novita,stop,0,0.00025494,content,0.0,700
meta-llama/llama-3.3-70b-instruct,81,20114,RAW,IV,3,det-counterfactual,cholesterol,anticommonsense,KEEP,no,no,1,1,141,140,,Novita,stop,0,7.5035e-05,content,0.0,700
meta-llama/llama-3.3-70b-instruct,81,20114,ORACLE,IV,3,det-counterfactual,cholesterol,anticommonsense,KEEP,no,no,1,1,195,376,,Novita,stop,0,0.000176725,content,0.0,700
meta-llama/llama-3.3-70b-instruct,81,20114,DR_k1,IV,3,det-counterfactual,cholesterol,anticommonsense,KEEP,no,no,1,1,199,380,,Novita,stop,0,0.000178865,content,0.0,700
meta-llama/llama-3.3-70b-instruct,81,20114,DR_k2,IV,3,det-counterfactual,cholesterol,anticommonsense,KEEP,no,no,1,1,195,193,,Novita,stop,0,0.000103525,content,0.0,700
meta-llama/llama-3.3-70b-instruct,81,20114,DR_k3,IV,3,det-counterfactual,cholesterol,anticommonsense,KEEP,no,no,1,1,198,277,,Novita,stop,0,0.00013753,content,0.0,700
meta-llama/llama-3.3-70b-instruct,82,20451,RAW,IV,3,det-counterfactual,price,anticommonsense,KEEP,no,no,1,1,120,249,,Novita,stop,0,0.0001158,content,0.0,700
meta-llama/llama-3.3-70b-instruct,82,20451,ORACLE,IV,3,det-counterfactual,price,anticommonsense,KEEP,no,no,1,1,163,254,,Novita,stop,0,0.000123605,content,0.0,700
meta-llama/llama-3.3-70b-instruct,82,20451,DR_k1,IV,3,det-counterfactual,price,anticommonsense,KEEP,no,no,1,1,164,230,,Novita,stop,0,0.00011414,content,0.0,700
meta-llama/llama-3.3-70b-instruct,82,20451,DR_k2,IV,3,det-counterfactual,price,anticommonsense,KEEP,no,no,1,1,164,187,,Novita,stop,0,9.694e-05,content,0.0,700
meta-llama/llama-3.3-70b-instruct,82,20451,DR_k3,IV,3,det-counterfactual,price,anticommonsense,KEEP,no,no,1,1,164,253,,Novita,stop,0,0.00012334,content,0.0,700
meta-llama/llama-3.3-70b-instruct,83,9819,RAW,IV,3,det-counterfactual,college_wage,commonsense,KEEP,no,no,1,1,136,420,,Novita,stop,0,0.00018636,content,0.0,700
meta-llama/llama-3.3-70b-instruct,83,9819,ORACLE,IV,3,det-counterfactual,college_wage,commonsense,KEEP,no,yes,0,1,189,195,,Novita,stop,0,0.000103515,content,0.0,700
meta-llama/llama-3.3-70b-instruct,83,9819,DR_k1,IV,3,det-counterfactual,college_wage,commonsense,KEEP,no,yes,0,1,189,352,,Novita,stop,0,0.000166315,content,0.0,700
meta-llama/llama-3.3-70b-instruct,83,9819,DR_k2,IV,3,det-counterfactual,college_wage,commonsense,KEEP,no,yes,0,1,194,255,,Novita,stop,0,0.00012819,content,0.0,700
meta-llama/llama-3.3-70b-instruct,83,9819,DR_k3,IV,3,det-counterfactual,college_wage,commonsense,KEEP,no,no,1,1,193,396,,Novita,stop,0,0.000184455,content,0.0,700
meta-llama/llama-3.3-70b-instruct,84,20116,RAW,IV,3,det-counterfactual,cholesterol,anticommonsense,KEEP,no,no,1,1,142,251,,Novita,stop,0,0.00011957,content,0.0,700
meta-llama/llama-3.3-70b-instruct,84,20116,ORACLE,IV,3,det-counterfactual,cholesterol,anticommonsense,KEEP,no,no,1,1,196,380,,Novita,stop,0,0.00017846,content,0.0,700
meta-llama/llama-3.3-70b-instruct,84,20116,DR_k1,IV,3,det-counterfactual,cholesterol,anticommonsense,KEEP,no,no,1,1,189,276,,Novita,stop,0,0.000135915,content,0.0,700
meta-llama/llama-3.3-70b-instruct,84,20116,DR_k2,IV,3,det-counterfactual,cholesterol,anticommonsense,KEEP,no,no,1,1,196,410,,Novita,stop,0,0.00019046,content,0.0,700
meta-llama/llama-3.3-70b-instruct,84,20116,DR_k3,IV,3,det-counterfactual,cholesterol,anticommonsense,KEEP,no,no,1,1,199,348,,Novita,stop,0,0.000166065,content,0.0,700
meta-llama/llama-3.3-70b-instruct,85,9818,RAW,IV,3,det-counterfactual,college_wage,commonsense,KEEP,yes,yes,1,1,136,244,,Novita,stop,0,0.00011596,content,0.0,700
meta-llama/llama-3.3-70b-instruct,85,9818,ORACLE,IV,3,det-counterfactual,college_wage,commonsense,KEEP,yes,yes,1,1,189,177,,Novita,stop,0,9.6315e-05,content,0.0,700
meta-llama/llama-3.3-70b-instruct,85,9818,DR_k1,IV,3,det-counterfactual,college_wage,commonsense,KEEP,yes,yes,1,1,193,262,,Novita,stop,0,0.000130855,content,0.0,700
meta-llama/llama-3.3-70b-instruct,85,9818,DR_k2,IV,3,det-counterfactual,college_wage,commonsense,KEEP,yes,yes,1,1,185,400,,Novita,stop,0,0.000184975,content,0.0,700
meta-llama/llama-3.3-70b-instruct,85,9818,DR_k3,IV,3,det-counterfactual,college_wage,commonsense,KEEP,yes,yes,1,1,194,549,,Novita,stop,0,0.00024579,content,0.0,700
meta-llama/llama-3.3-70b-instruct,86,20719,RAW,IV,3,det-counterfactual,tax_smoke_birthWeight,anticommonsense,KEEP,yes,yes,1,1,125,205,,Novita,stop,0,9.8875e-05,content,0.0,700
meta-llama/llama-3.3-70b-instruct,86,20719,ORACLE,IV,3,det-counterfactual,tax_smoke_birthWeight,anticommonsense,KEEP,yes,yes,1,1,183,302,,Novita,stop,0,0.000145505,content,0.0,700
meta-llama/llama-3.3-70b-instruct,86,20719,DR_k1,IV,3,det-counterfactual,tax_smoke_birthWeight,anticommonsense,KEEP,yes,yes,1,1,186,222,,Novita,stop,0,0.00011391,content,0.0,700
meta-llama/llama-3.3-70b-instruct,86,20719,DR_k2,IV,3,det-counterfactual,tax_smoke_birthWeight,anticommonsense,KEEP,yes,yes,1,1,186,87,,Novita,stop,0,5.991e-05,content,0.0,700
meta-llama/llama-3.3-70b-instruct,86,20719,DR_k3,IV,3,det-counterfactual,tax_smoke_birthWeight,anticommonsense,KEEP,yes,yes,1,1,187,308,,Novita,stop,0,0.000148445,content,0.0,700
meta-llama/llama-3.3-70b-instruct,87,10364,RAW,IV,3,det-counterfactual,water_cholera,commonsense,KEEP,yes,yes,1,1,123,155,,Novita,stop,0,7.8605e-05,content,0.0,700
meta-llama/llama-3.3-70b-instruct,87,10364,ORACLE,IV,3,det-counterfactual,water_cholera,commonsense,KEEP,yes,no,0,1,171,211,,Novita,stop,0,0.000107485,content,0.0,700
meta-llama/llama-3.3-70b-instruct,87,10364,DR_k1,IV,3,det-counterfactual,water_cholera,commonsense,KEEP,yes,yes,1,1,171,263,,Novita,stop,0,0.000128285,content,0.0,700
meta-llama/llama-3.3-70b-instruct,87,10364,DR_k2,IV,3,det-counterfactual,water_cholera,commonsense,KEEP,yes,no,0,1,171,360,,Novita,stop,0,0.000167085,content,0.0,700
meta-llama/llama-3.3-70b-instruct,87,10364,DR_k3,IV,3,det-counterfactual,water_cholera,commonsense,KEEP,yes,no,0,1,163,387,,Novita,stop,0,0.000176805,content,0.0,700
meta-llama/llama-3.3-70b-instruct,88,20420,RAW,IV,3,det-counterfactual,price,anticommonsense,KEEP,yes,yes,1,1,120,194,,Novita,stop,0,9.38e-05,content,0.0,700
meta-llama/llama-3.3-70b-instruct,88,20420,ORACLE,IV,3,det-counterfactual,price,anticommonsense,KEEP,yes,yes,1,1,163,323,,Novita,stop,0,0.000151205,content,0.0,700
meta-llama/llama-3.3-70b-instruct,88,20420,DR_k1,IV,3,det-counterfactual,price,anticommonsense,KEEP,yes,yes,1,1,163,285,,Novita,stop,0,0.000136005,content,0.0,700
meta-llama/llama-3.3-70b-instruct,88,20420,DR_k2,IV,3,det-counterfactual,price,anticommonsense,KEEP,yes,yes,1,1,164,375,,Novita,stop,0,0.00017214,content,0.0,700
meta-llama/llama-3.3-70b-instruct,88,20420,DR_k3,IV,3,det-counterfactual,price,anticommonsense,KEEP,yes,yes,1,1,164,406,,Novita,stop,0,0.00018454,content,0.0,700
meta-llama/llama-3.3-70b-instruct,89,10376,RAW,IV,3,det-counterfactual,water_cholera,commonsense,KEEP,no,no,1,1,123,514,,Novita,stop,0,0.000222205,content,0.0,700
meta-llama/llama-3.3-70b-instruct,89,10376,ORACLE,IV,3,det-counterfactual,water_cholera,commonsense,KEEP,no,yes,0,1,171,205,,Novita,stop,0,0.000105085,content,0.0,700
meta-llama/llama-3.3-70b-instruct,89,10376,DR_k1,IV,3,det-counterfactual,water_cholera,commonsense,KEEP,no,yes,0,1,171,191,,Novita,stop,0,9.9485e-05,content,0.0,700
meta-llama/llama-3.3-70b-instruct,89,10376,DR_k2,IV,3,det-counterfactual,water_cholera,commonsense,KEEP,no,yes,0,1,170,219,,Novita,stop,0,0.00011055,content,0.0,700
meta-llama/llama-3.3-70b-instruct,89,10376,DR_k3,IV,3,det-counterfactual,water_cholera,commonsense,KEEP,no,no,1,1,170,280,,Novita,stop,0,0.00013495,content,0.0,700
meta-llama/llama-3.3-70b-instruct,90,10033,RAW,IV,3,det-counterfactual,price,commonsense,KEEP,no,no,1,1,121,220,,Novita,stop,0,0.000104335,content,0.0,700
meta-llama/llama-3.3-70b-instruct,90,10033,ORACLE,IV,3,det-counterfactual,price,commonsense,KEEP,no,no,1,1,164,458,,Novita,stop,0,0.00020534,content,0.0,700
meta-llama/llama-3.3-70b-instruct,90,10033,DR_k1,IV,3,det-counterfactual,price,commonsense,KEEP,no,yes,0,1,164,281,,Novita,stop,0,0.00013454,content,0.0,700
meta-llama/llama-3.3-70b-instruct,90,10033,DR_k2,IV,3,det-counterfactual,price,commonsense,KEEP,no,no,1,1,158,421,,Novita,stop,0,0.00018973,content,0.0,700
meta-llama/llama-3.3-70b-instruct,90,10033,DR_k3,IV,3,det-counterfactual,price,commonsense,KEEP,no,yes,0,1,164,402,,Novita,stop,0,0.00018294,content,0.0,700
meta-llama/llama-3.3-70b-instruct,91,20412,RAW,IV,3,det-counterfactual,price,anticommonsense,KEEP,no,no,1,1,120,184,,Novita,stop,0,8.98e-05,content,0.0,700
meta-llama/llama-3.3-70b-instruct,91,20412,ORACLE,IV,3,det-counterfactual,price,anticommonsense,KEEP,no,no,1,1,163,190,,Novita,stop,0,9.8005e-05,content,0.0,700
meta-llama/llama-3.3-70b-instruct,91,20412,DR_k1,IV,3,det-counterfactual,price,anticommonsense,KEEP,no,no,1,1,164,248,,Novita,stop,0,0.00012134,content,0.0,700
meta-llama/llama-3.3-70b-instruct,91,20412,DR_k2,IV,3,det-counterfactual,price,anticommonsense,KEEP,no,no,1,1,164,251,,Novita,stop,0,0.00012254,content,0.0,700
meta-llama/llama-3.3-70b-instruct,91,20412,DR_k3,IV,3,det-counterfactual,price,anticommonsense,KEEP,no,no,1,1,164,241,,Novita,stop,0,0.00011854,content,0.0,700
meta-llama/llama-3.3-70b-instruct,92,20131,RAW,IV,3,det-counterfactual,cholesterol,anticommonsense,KEEP,yes,yes,1,1,143,281,,Novita,stop,0,0.000131705,content,0.0,700
meta-llama/llama-3.3-70b-instruct,92,20131,ORACLE,IV,3,det-counterfactual,cholesterol,anticommonsense,KEEP,yes,no,0,1,197,700,,Novita,length,0,0.000306595,content,0.0,700
meta-llama/llama-3.3-70b-instruct,92,20131,DR_k1,IV,3,det-counterfactual,cholesterol,anticommonsense,KEEP,yes,yes,1,1,197,358,,Novita,stop,0,0.000169795,content,0.0,700
meta-llama/llama-3.3-70b-instruct,92,20131,DR_k2,IV,3,det-counterfactual,cholesterol,anticommonsense,KEEP,yes,no,0,1,201,535,,Novita,stop,0,0.000241135,content,0.0,700
meta-llama/llama-3.3-70b-instruct,92,20131,DR_k3,IV,3,det-counterfactual,cholesterol,anticommonsense,KEEP,yes,yes,1,1,194,422,,Novita,stop,0,0.00019499,content,0.0,700
meta-llama/llama-3.3-70b-instruct,93,20198,RAW,IV,3,det-counterfactual,college_wage,anticommonsense,KEEP,no,no,1,1,128,197,,Novita,stop,0,9.608e-05,content,0.0,700
meta-llama/llama-3.3-70b-instruct,93,20198,ORACLE,IV,3,det-counterfactual,college_wage,anticommonsense,KEEP,no,no,1,1,182,319,,Novita,stop,0,0.00015217,content,0.0,700
meta-llama/llama-3.3-70b-instruct,93,20198,DR_k1,IV,3,det-counterfactual,college_wage,anticommonsense,KEEP,no,no,1,1,186,257,,Novita,stop,0,0.00012791,content,0.0,700
meta-llama/llama-3.3-70b-instruct,93,20198,DR_k2,IV,3,det-counterfactual,college_wage,anticommonsense,KEEP,no,no,1,1,181,355,,Novita,stop,0,0.000166435,content,0.0,700
meta-llama/llama-3.3-70b-instruct,93,20198,DR_k3,IV,3,det-counterfactual,college_wage,anticommonsense,KEEP,no,no,1,1,186,364,,Novita,stop,0,0.00017071,content,0.0,700
meta-llama/llama-3.3-70b-instruct,94,10381,RAW,IV,3,det-counterfactual,water_cholera,commonsense,KEEP,no,yes,0,1,123,146,,Novita,stop,0,7.5005e-05,content,0.0,700
meta-llama/llama-3.3-70b-instruct,94,10381,ORACLE,IV,3,det-counterfactual,water_cholera,commonsense,KEEP,no,no,1,1,171,381,,Novita,stop,0,0.000175485,content,0.0,700
meta-llama/llama-3.3-70b-instruct,94,10381,DR_k1,IV,3,det-counterfactual,water_cholera,commonsense,KEEP,no,no,1,1,164,375,,Novita,stop,0,0.00017214,content,0.0,700
meta-llama/llama-3.3-70b-instruct,94,10381,DR_k2,IV,3,det-counterfactual,water_cholera,commonsense,KEEP,no,yes,0,1,170,201,,Novita,stop,0,0.00010335,content,0.0,700
meta-llama/llama-3.3-70b-instruct,94,10381,DR_k3,IV,3,det-counterfactual,water_cholera,commonsense,KEEP,no,yes,0,1,163,372,,Novita,stop,0,0.000170805,content,0.0,700
meta-llama/llama-3.3-70b-instruct,95,10348,RAW,IV,3,det-counterfactual,water_cholera,commonsense,KEEP,no,no,1,1,123,311,,Novita,stop,0,0.000141005,content,0.0,700
meta-llama/llama-3.3-70b-instruct,95,10348,ORACLE,IV,3,det-counterfactual,water_cholera,commonsense,KEEP,no,no,1,1,171,302,,Novita,stop,0,0.000143885,content,0.0,700
meta-llama/llama-3.3-70b-instruct,95,10348,DR_k1,IV,3,det-counterfactual,water_cholera,commonsense,KEEP,no,no,1,1,164,307,,Novita,stop,0,0.00014494,content,0.0,700
meta-llama/llama-3.3-70b-instruct,95,10348,DR_k2,IV,3,det-counterfactual,water_cholera,commonsense,KEEP,no,no,1,1,170,502,,Novita,stop,0,0.00022375,content,0.0,700
meta-llama/llama-3.3-70b-instruct,95,10348,DR_k3,IV,3,det-counterfactual,water_cholera,commonsense,KEEP,no,no,1,1,163,262,,Novita,stop,0,0.000126805,content,0.0,700
meta-llama/llama-3.3-70b-instruct,96,20150,RAW,IV,3,det-counterfactual,cholesterol,anticommonsense,KEEP,no,no,1,1,141,398,,Novita,stop,0,0.000178235,content,0.0,700
meta-llama/llama-3.3-70b-instruct,96,20150,ORACLE,IV,3,det-counterfactual,cholesterol,anticommonsense,KEEP,no,no,1,1,195,247,,Novita,stop,0,0.000125125,content,0.0,700
meta-llama/llama-3.3-70b-instruct,96,20150,DR_k1,IV,3,det-counterfactual,cholesterol,anticommonsense,KEEP,no,no,1,1,195,544,,Novita,stop,0,0.000243925,content,0.0,700
meta-llama/llama-3.3-70b-instruct,96,20150,DR_k2,IV,3,det-counterfactual,cholesterol,anticommonsense,KEEP,no,no,1,1,192,253,,Novita,stop,0,0.00012712,content,0.0,700
meta-llama/llama-3.3-70b-instruct,96,20150,DR_k3,IV,3,det-counterfactual,cholesterol,anticommonsense,KEEP,no,no,1,1,192,393,,Novita,stop,0,0.00018312,content,0.0,700
meta-llama/llama-3.3-70b-instruct,97,10327,RAW,IV,3,det-counterfactual,tax_smoke_birthWeight,commonsense,KEEP,yes,yes,1,1,130,129,,Novita,stop,0,6.915e-05,content,0.0,700
meta-llama/llama-3.3-70b-instruct,97,10327,ORACLE,IV,3,det-counterfactual,tax_smoke_birthWeight,commonsense,KEEP,yes,yes,1,1,192,588,,Novita,stop,0,0.00026112,content,0.0,700
meta-llama/llama-3.3-70b-instruct,97,10327,DR_k1,IV,3,det-counterfactual,tax_smoke_birthWeight,commonsense,KEEP,yes,yes,1,1,182,265,,Novita,stop,0,0.00013057,content,0.0,700
meta-llama/llama-3.3-70b-instruct,97,10327,DR_k2,IV,3,det-counterfactual,tax_smoke_birthWeight,commonsense,KEEP,yes,yes,1,1,191,236,,Novita,stop,0,0.000120185,content,0.0,700
meta-llama/llama-3.3-70b-instruct,97,10327,DR_k3,IV,3,det-counterfactual,tax_smoke_birthWeight,commonsense,KEEP,yes,yes,1,1,194,202,,Novita,stop,0,0.00010699,content,0.0,700
meta-llama/llama-3.3-70b-instruct,98,10362,RAW,IV,3,det-counterfactual,water_cholera,commonsense,KEEP,yes,no,0,1,123,146,,Novita,stop,0,7.5005e-05,content,0.0,700
meta-llama/llama-3.3-70b-instruct,98,10362,ORACLE,IV,3,det-counterfactual,water_cholera,commonsense,KEEP,yes,yes,1,1,171,190,,Novita,stop,0,9.9085e-05,content,0.0,700
meta-llama/llama-3.3-70b-instruct,98,10362,DR_k1,IV,3,det-counterfactual,water_cholera,commonsense,KEEP,yes,yes,1,1,171,220,,Novita,stop,0,0.000111085,content,0.0,700
meta-llama/llama-3.3-70b-instruct,98,10362,DR_k2,IV,3,det-counterfactual,water_cholera,commonsense,KEEP,yes,yes,1,1,170,276,,Novita,stop,0,0.00013335,content,0.0,700
meta-llama/llama-3.3-70b-instruct,98,10362,DR_k3,IV,3,det-counterfactual,water_cholera,commonsense,KEEP,yes,no,0,1,170,355,,Novita,stop,0,0.00016495,content,0.0,700
meta-llama/llama-3.3-70b-instruct,99,20113,RAW,IV,3,det-counterfactual,cholesterol,anticommonsense,KEEP,yes,yes,1,1,140,72,,Novita,stop,0,4.77e-05,content,0.0,700
meta-llama/llama-3.3-70b-instruct,99,20113,ORACLE,IV,3,det-counterfactual,cholesterol,anticommonsense,KEEP,yes,yes,1,1,194,316,,Novita,stop,0,0.00015259,content,0.0,700
meta-llama/llama-3.3-70b-instruct,99,20113,DR_k1,IV,3,det-counterfactual,cholesterol,anticommonsense,KEEP,yes,yes,1,1,198,316,,Novita,stop,0,0.00015313,content,0.0,700
meta-llama/llama-3.3-70b-instruct,99,20113,DR_k2,IV,3,det-counterfactual,cholesterol,anticommonsense,KEEP,yes,yes,1,1,198,399,,Novita,stop,0,0.00018633,content,0.0,700
meta-llama/llama-3.3-70b-instruct,99,20113,DR_k3,IV,3,det-counterfactual,cholesterol,anticommonsense,KEEP,yes,yes,1,1,197,113,,Novita,stop,0,7.1795e-05,content,0.0,700
meta-llama/llama-3.3-70b-instruct,100,10018,RAW,IV,3,det-counterfactual,price,commonsense,KEEP,yes,no,0,1,121,412,,Novita,stop,0,0.000181135,content,0.0,700
meta-llama/llama-3.3-70b-instruct,100,10018,ORACLE,IV,3,det-counterfactual,price,commonsense,KEEP,yes,yes,1,1,164,345,,Novita,stop,0,0.00016014,content,0.0,700
meta-llama/llama-3.3-70b-instruct,100,10018,DR_k1,IV,3,det-counterfactual,price,commonsense,KEEP,yes,no,0,1,164,482,,Novita,stop,0,0.00021494,content,0.0,700
meta-llama/llama-3.3-70b-instruct,100,10018,DR_k2,IV,3,det-counterfactual,price,commonsense,KEEP,yes,no,0,1,164,176,,Novita,stop,0,9.254e-05,content,0.0,700
meta-llama/llama-3.3-70b-instruct,100,10018,DR_k3,IV,3,det-counterfactual,price,commonsense,KEEP,yes,no,0,1,164,389,,Novita,stop,0,0.00017774,content,0.0,700
meta-llama/llama-3.3-70b-instruct,101,20139,RAW,IV,3,det-counterfactual,cholesterol,anticommonsense,KEEP,yes,yes,1,1,141,84,,Novita,stop,0,5.2635e-05,content,0.0,700
meta-llama/llama-3.3-70b-instruct,101,20139,ORACLE,IV,3,det-counterfactual,cholesterol,anticommonsense,KEEP,yes,no,0,1,195,381,,Novita,stop,0,0.000178725,content,0.0,700
meta-llama/llama-3.3-70b-instruct,101,20139,DR_k1,IV,3,det-counterfactual,cholesterol,anticommonsense,KEEP,yes,no,0,1,188,454,,Novita,stop,0,0.00020698,content,0.0,700
meta-llama/llama-3.3-70b-instruct,101,20139,DR_k2,IV,3,det-counterfactual,cholesterol,anticommonsense,KEEP,yes,no,0,1,195,213,,Novita,stop,0,0.000111525,content,0.0,700
meta-llama/llama-3.3-70b-instruct,101,20139,DR_k3,IV,3,det-counterfactual,cholesterol,anticommonsense,KEEP,yes,yes,1,1,192,339,,Novita,stop,0,0.00016152,content,0.0,700
meta-llama/llama-3.3-70b-instruct,136,9081,RAW,arrowhead,2,ate,smoking_gene_cancer,hard,KEEP,yes,yes,1,1,110,96,,Novita,stop,0,5.325e-05,content,0.0,700
meta-llama/llama-3.3-70b-instruct,136,9081,ORACLE,arrowhead,2,ate,smoking_gene_cancer,hard,KEEP,yes,yes,1,1,156,260,,Novita,stop,0,0.00012506,content,0.0,700
meta-llama/llama-3.3-70b-instruct,136,9081,DR_k1,arrowhead,2,ate,smoking_gene_cancer,hard,KEEP,yes,yes,1,1,156,260,,Novita,stop,0,0.00012506,content,0.0,700
meta-llama/llama-3.3-70b-instruct,136,9081,DR_k2,arrowhead,2,ate,smoking_gene_cancer,hard,KEEP,yes,yes,1,1,156,185,,Novita,stop,0,9.506e-05,content,0.0,700
meta-llama/llama-3.3-70b-instruct,136,9081,DR_k3,arrowhead,2,ate,smoking_gene_cancer,hard,KEEP,yes,yes,1,1,155,206,,Novita,stop,0,0.000103325,content,0.0,700
meta-llama/llama-3.3-70b-instruct,139,14833,RAW,arrowhead,2,ate,smoking_gene_cancer,anticommonsense,KEEP,yes,yes,1,1,113,99,,Novita,stop,0,5.4855e-05,content,0.0,700
meta-llama/llama-3.3-70b-instruct,139,14833,ORACLE,arrowhead,2,ate,smoking_gene_cancer,anticommonsense,KEEP,yes,yes,1,1,161,361,,Novita,stop,0,0.000166135,content,0.0,700
meta-llama/llama-3.3-70b-instruct,139,14833,DR_k1,arrowhead,2,ate,smoking_gene_cancer,anticommonsense,KEEP,yes,yes,1,1,161,330,,Novita,stop,0,0.000153735,content,0.0,700
meta-llama/llama-3.3-70b-instruct,139,14833,DR_k2,arrowhead,2,ate,smoking_gene_cancer,anticommonsense,KEEP,yes,yes,1,1,160,247,,Novita,stop,0,0.0001204,content,0.0,700
meta-llama/llama-3.3-70b-instruct,139,14833,DR_k3,arrowhead,2,ate,smoking_gene_cancer,anticommonsense,KEEP,yes,no,0,1,164,393,,Novita,stop,0,0.00017934,content,0.0,700
meta-llama/llama-3.3-70b-instruct,142,17649,RAW,arrowhead,2,ate,gender_admission_state,anticommonsense,KEEP,yes,yes,1,1,114,82,,Novita,stop,0,4.819e-05,content,0.0,700
meta-llama/llama-3.3-70b-instruct,142,17649,ORACLE,arrowhead,2,ate,gender_admission_state,anticommonsense,KEEP,yes,yes,1,1,168,169,,Novita,stop,0,9.028e-05,content,0.0,700
meta-llama/llama-3.3-70b-instruct,142,17649,DR_k1,arrowhead,2,ate,gender_admission_state,anticommonsense,KEEP,yes,yes,1,1,168,167,,Novita,stop,0,8.948e-05,content,0.0,700
meta-llama/llama-3.3-70b-instruct,142,17649,DR_k2,arrowhead,2,ate,gender_admission_state,anticommonsense,KEEP,yes,yes,1,1,167,193,,Novita,stop,0,9.9745e-05,content,0.0,700
meta-llama/llama-3.3-70b-instruct,142,17649,DR_k3,arrowhead,2,ate,gender_admission_state,anticommonsense,KEEP,yes,yes,1,1,165,129,,Novita,stop,0,7.3875e-05,content,0.0,700
meta-llama/llama-3.3-70b-instruct,143,4026,RAW,arrowhead,2,ate,smoke_birthWeight,easy,KEEP,no,no,1,1,114,92,,Novita,stop,0,5.219e-05,content,0.0,700
meta-llama/llama-3.3-70b-instruct,143,4026,ORACLE,arrowhead,2,ate,smoke_birthWeight,easy,KEEP,no,no,1,1,173,209,,Novita,stop,0,0.000106955,content,0.0,700
meta-llama/llama-3.3-70b-instruct,143,4026,DR_k1,arrowhead,2,ate,smoke_birthWeight,easy,KEEP,no,no,1,1,173,142,,Novita,stop,0,8.0155e-05,content,0.0,700
meta-llama/llama-3.3-70b-instruct,143,4026,DR_k2,arrowhead,2,ate,smoke_birthWeight,easy,KEEP,no,no,1,1,174,327,,Novita,stop,0,0.00015429,content,0.0,700
meta-llama/llama-3.3-70b-instruct,143,4026,DR_k3,arrowhead,2,ate,smoke_birthWeight,easy,KEEP,no,no,1,1,174,274,,Novita,stop,0,0.00013309,content,0.0,700
meta-llama/llama-3.3-70b-instruct,145,19567,RAW,arrowhead,2,ate,smoking_gene_cancer,anticommonsense,KEEP,yes,yes,1,1,113,91,,Novita,stop,0,5.1655e-05,content,0.0,700
meta-llama/llama-3.3-70b-instruct,145,19567,ORACLE,arrowhead,2,ate,smoking_gene_cancer,anticommonsense,KEEP,yes,yes,1,1,161,213,,Novita,stop,0,0.000106935,content,0.0,700
meta-llama/llama-3.3-70b-instruct,145,19567,DR_k1,arrowhead,2,ate,smoking_gene_cancer,anticommonsense,KEEP,yes,yes,1,1,163,234,,Novita,stop,0,0.000115605,content,0.0,700
meta-llama/llama-3.3-70b-instruct,145,19567,DR_k2,arrowhead,2,ate,smoking_gene_cancer,anticommonsense,KEEP,yes,yes,1,1,160,190,,Novita,stop,0,9.76e-05,content,0.0,700
meta-llama/llama-3.3-70b-instruct,145,19567,DR_k3,arrowhead,2,ate,smoking_gene_cancer,anticommonsense,KEEP,yes,yes,1,1,161,233,,Novita,stop,0,0.000114935,content,0.0,700
meta-llama/llama-3.3-70b-instruct,146,4442,RAW,arrowhead,2,ate,smoking_gene_cancer,easy,KEEP,no,no,1,1,110,96,,Novita,stop,0,5.325e-05,content,0.0,700
meta-llama/llama-3.3-70b-instruct,146,4442,ORACLE,arrowhead,2,ate,smoking_gene_cancer,easy,KEEP,no,no,1,1,156,174,,Novita,stop,0,9.066e-05,content,0.0,700
meta-llama/llama-3.3-70b-instruct,146,4442,DR_k1,arrowhead,2,ate,smoking_gene_cancer,easy,KEEP,no,no,1,1,156,296,,Novita,stop,0,0.00013946,content,0.0,700
meta-llama/llama-3.3-70b-instruct,146,4442,DR_k2,arrowhead,2,ate,smoking_gene_cancer,easy,KEEP,no,no,1,1,157,271,,Novita,stop,0,0.000129595,content,0.0,700
meta-llama/llama-3.3-70b-instruct,146,4442,DR_k3,arrowhead,2,ate,smoking_gene_cancer,easy,KEEP,no,no,1,1,157,142,,Novita,stop,0,7.7995e-05,content,0.0,700
meta-llama/llama-3.3-70b-instruct,149,8825,RAW,arrowhead,2,ate,smoke_birthWeight,hard,KEEP,yes,yes,1,1,114,100,,Novita,stop,0,5.539e-05,content,0.0,700
meta-llama/llama-3.3-70b-instruct,149,8825,ORACLE,arrowhead,2,ate,smoke_birthWeight,hard,KEEP,yes,yes,1,1,173,176,,Novita,stop,0,9.3755e-05,content,0.0,700
meta-llama/llama-3.3-70b-instruct,149,8825,DR_k1,arrowhead,2,ate,smoke_birthWeight,hard,KEEP,yes,yes,1,1,173,224,,Novita,stop,0,0.000112955,content,0.0,700
meta-llama/llama-3.3-70b-instruct,149,8825,DR_k2,arrowhead,2,ate,smoke_birthWeight,hard,KEEP,yes,yes,1,1,174,372,,Novita,stop,0,0.00017229,content,0.0,700
meta-llama/llama-3.3-70b-instruct,149,8825,DR_k3,arrowhead,2,ate,smoke_birthWeight,hard,KEEP,yes,no,0,1,169,320,,Novita,stop,0,0.000150815,content,0.0,700
meta-llama/llama-3.3-70b-instruct,152,19453,RAW,arrowhead,2,ate,smoking_gene_cancer,anticommonsense,KEEP,no,no,1,1,113,91,,Novita,stop,0,5.1655e-05,content,0.0,700
meta-llama/llama-3.3-70b-instruct,152,19453,ORACLE,arrowhead,2,ate,smoking_gene_cancer,anticommonsense,KEEP,no,no,1,1,161,317,,Novita,stop,0,0.000148535,content,0.0,700
meta-llama/llama-3.3-70b-instruct,152,19453,DR_k1,arrowhead,2,ate,smoking_gene_cancer,anticommonsense,KEEP,no,no,1,1,161,186,,Novita,stop,0,9.6135e-05,content,0.0,700
meta-llama/llama-3.3-70b-instruct,152,19453,DR_k2,arrowhead,2,ate,smoking_gene_cancer,anticommonsense,KEEP,no,no,1,1,160,256,,Novita,stop,0,0.000124,content,0.0,700
meta-llama/llama-3.3-70b-instruct,152,19453,DR_k3,arrowhead,2,ate,smoking_gene_cancer,anticommonsense,KEEP,no,no,1,1,163,304,,Novita,stop,0,0.000143605,content,0.0,700
meta-llama/llama-3.3-70b-instruct,153,7175,RAW,arrowhead,2,ate,gender_admission_state,hard,KEEP,no,no,1,1,111,56,,Novita,stop,0,3.7385e-05,content,0.0,700
meta-llama/llama-3.3-70b-instruct,153,7175,ORACLE,arrowhead,2,ate,gender_admission_state,hard,KEEP,no,no,1,1,162,192,,Novita,stop,0,9.867e-05,content,0.0,700
meta-llama/llama-3.3-70b-instruct,153,7175,DR_k1,arrowhead,2,ate,gender_admission_state,hard,KEEP,no,no,1,1,161,266,,Novita,stop,0,0.000128135,content,0.0,700
meta-llama/llama-3.3-70b-instruct,153,7175,DR_k2,arrowhead,2,ate,gender_admission_state,hard,KEEP,no,no,1,1,162,136,,Novita,stop,0,7.627e-05,content,0.0,700
meta-llama/llama-3.3-70b-instruct,153,7175,DR_k3,arrowhead,2,ate,gender_admission_state,hard,KEEP,no,no,1,1,162,188,,Novita,stop,0,9.707e-05,content,0.0,700
meta-llama/llama-3.3-70b-instruct,155,2828,RAW,arrowhead,2,ate,nature_vs_nurture,easy,KEEP,no,no,1,1,113,113,,Novita,stop,0,6.0455e-05,content,0.0,700
meta-llama/llama-3.3-70b-instruct,155,2828,ORACLE,arrowhead,2,ate,nature_vs_nurture,easy,KEEP,no,no,1,1,177,143,,Novita,stop,0,8.1095e-05,content,0.0,700
meta-llama/llama-3.3-70b-instruct,155,2828,DR_k1,arrowhead,2,ate,nature_vs_nurture,easy,KEEP,no,no,1,1,177,240,,Novita,stop,0,0.000119895,content,0.0,700
meta-llama/llama-3.3-70b-instruct,155,2828,DR_k2,arrowhead,2,ate,nature_vs_nurture,easy,KEEP,no,no,1,1,177,305,,Novita,stop,0,0.000145895,content,0.0,700
meta-llama/llama-3.3-70b-instruct,155,2828,DR_k3,arrowhead,2,ate,nature_vs_nurture,easy,KEEP,no,no,1,1,179,282,,Novita,stop,0,0.000136965,content,0.0,700
meta-llama/llama-3.3-70b-instruct,156,13012,RAW,arrowhead,2,ate,gender_pay,anticommonsense,KEEP,yes,yes,1,1,112,93,,Novita,stop,0,5.232e-05,content,0.0,700
meta-llama/llama-3.3-70b-instruct,156,13012,ORACLE,arrowhead,2,ate,gender_pay,anticommonsense,KEEP,yes,yes,1,1,158,288,,Novita,stop,0,0.00013653,content,0.0,700
meta-llama/llama-3.3-70b-instruct,156,13012,DR_k1,arrowhead,2,ate,gender_pay,anticommonsense,KEEP,yes,yes,1,1,161,348,,Novita,stop,0,0.000160935,content,0.0,700
meta-llama/llama-3.3-70b-instruct,156,13012,DR_k2,arrowhead,2,ate,gender_pay,anticommonsense,KEEP,yes,yes,1,1,158,172,,Novita,stop,0,9.013e-05,content,0.0,700
meta-llama/llama-3.3-70b-instruct,156,13012,DR_k3,arrowhead,2,ate,gender_pay,anticommonsense,KEEP,yes,yes,1,1,161,365,,Novita,stop,0,0.000167735,content,0.0,700
meta-llama/llama-3.3-70b-instruct,159,19520,RAW,arrowhead,2,ate,smoking_gene_cancer,anticommonsense,KEEP,yes,yes,1,1,113,87,,Novita,stop,0,5.0055e-05,content,0.0,700
meta-llama/llama-3.3-70b-instruct,159,19520,ORACLE,arrowhead,2,ate,smoking_gene_cancer,anticommonsense,KEEP,yes,yes,1,1,161,257,,Novita,stop,0,0.000124535,content,0.0,700
meta-llama/llama-3.3-70b-instruct,159,19520,DR_k1,arrowhead,2,ate,smoking_gene_cancer,anticommonsense,KEEP,yes,yes,1,1,161,219,,Novita,stop,0,0.000109335,content,0.0,700
meta-llama/llama-3.3-70b-instruct,159,19520,DR_k2,arrowhead,2,ate,smoking_gene_cancer,anticommonsense,KEEP,yes,yes,1,1,162,189,,Novita,stop,0,9.747e-05,content,0.0,700
meta-llama/llama-3.3-70b-instruct,159,19520,DR_k3,arrowhead,2,ate,smoking_gene_cancer,anticommonsense,KEEP,yes,yes,1,1,161,302,,Novita,stop,0,0.000142535,content,0.0,700
meta-llama/llama-3.3-70b-instruct,161,2409,RAW,arrowhead,2,ate,gender_admission_state,easy,KEEP,yes,yes,1,1,111,70,,Novita,stop,0,4.2985e-05,content,0.0,700
meta-llama/llama-3.3-70b-instruct,161,2409,ORACLE,arrowhead,2,ate,gender_admission_state,easy,KEEP,yes,yes,1,1,162,219,,Novita,stop,0,0.00010947,content,0.0,700
meta-llama/llama-3.3-70b-instruct,161,2409,DR_k1,arrowhead,2,ate,gender_admission_state,easy,KEEP,yes,yes,1,1,161,171,,Novita,stop,0,9.0135e-05,content,0.0,700
meta-llama/llama-3.3-70b-instruct,161,2409,DR_k2,arrowhead,2,ate,gender_admission_state,easy,KEEP,yes,yes,1,1,161,185,,Novita,stop,0,9.5735e-05,content,0.0,700
meta-llama/llama-3.3-70b-instruct,161,2409,DR_k3,arrowhead,2,ate,gender_admission_state,easy,KEEP,yes,yes,1,1,162,225,,Novita,stop,0,0.00011187,content,0.0,700
meta-llama/llama-3.3-70b-instruct,162,14539,RAW,arrowhead,2,ate,smoke_birthWeight,anticommonsense,KEEP,no,no,1,1,114,95,,Novita,stop,0,5.339e-05,content,0.0,700
meta-llama/llama-3.3-70b-instruct,162,14539,ORACLE,arrowhead,2,ate,smoke_birthWeight,anticommonsense,KEEP,no,no,1,1,176,226,,Novita,stop,0,0.00011416,content,0.0,700
meta-llama/llama-3.3-70b-instruct,162,14539,DR_k1,arrowhead,2,ate,smoke_birthWeight,anticommonsense,KEEP,no,no,1,1,175,207,,Novita,stop,0,0.000106425,content,0.0,700
meta-llama/llama-3.3-70b-instruct,162,14539,DR_k2,arrowhead,2,ate,smoke_birthWeight,anticommonsense,KEEP,no,no,1,1,174,179,,Novita,stop,0,9.509e-05,content,0.0,700
meta-llama/llama-3.3-70b-instruct,162,14539,DR_k3,arrowhead,2,ate,smoke_birthWeight,anticommonsense,KEEP,no,no,1,1,175,161,,Novita,stop,0,8.8025e-05,content,0.0,700
meta-llama/llama-3.3-70b-instruct,163,8884,RAW,arrowhead,2,ate,smoke_birthWeight,hard,KEEP,yes,yes,1,1,114,101,,Novita,stop,0,5.579e-05,content,0.0,700
meta-llama/llama-3.3-70b-instruct,163,8884,ORACLE,arrowhead,2,ate,smoke_birthWeight,hard,KEEP,yes,yes,1,1,173,196,,Novita,stop,0,0.000101755,content,0.0,700
meta-llama/llama-3.3-70b-instruct,163,8884,DR_k1,arrowhead,2,ate,smoke_birthWeight,hard,KEEP,yes,yes,1,1,173,132,,Novita,stop,0,7.6155e-05,content,0.0,700
meta-llama/llama-3.3-70b-instruct,163,8884,DR_k2,arrowhead,2,ate,smoke_birthWeight,hard,KEEP,yes,yes,1,1,173,278,,Novita,stop,0,0.000134555,content,0.0,700
meta-llama/llama-3.3-70b-instruct,163,8884,DR_k3,arrowhead,2,ate,smoke_birthWeight,hard,KEEP,yes,yes,1,1,174,154,,Novita,stop,0,8.509e-05,content,0.0,700
meta-llama/llama-3.3-70b-instruct,166,7324,RAW,arrowhead,2,ate,gender_pay,hard,KEEP,no,no,1,1,109,61,,Novita,stop,0,3.9115e-05,content,0.0,700
meta-llama/llama-3.3-70b-instruct,166,7324,ORACLE,arrowhead,2,ate,gender_pay,hard,KEEP,no,no,1,1,152,255,,Novita,stop,0,0.00012252,content,0.0,700
meta-llama/llama-3.3-70b-instruct,166,7324,DR_k1,arrowhead,2,ate,gender_pay,hard,KEEP,no,no,1,1,152,169,,Novita,stop,0,8.812e-05,content,0.0,700
meta-llama/llama-3.3-70b-instruct,166,7324,DR_k2,arrowhead,2,ate,gender_pay,hard,KEEP,no,no,1,1,152,176,,Novita,stop,0,9.092e-05,content,0.0,700
meta-llama/llama-3.3-70b-instruct,166,7324,DR_k3,arrowhead,2,ate,gender_pay,hard,KEEP,no,no,1,1,153,159,,Novita,stop,0,8.4255e-05,content,0.0,700
meta-llama/llama-3.3-70b-instruct,167,19582,RAW,arrowhead,2,ate,smoking_gene_cancer,anticommonsense,KEEP,yes,yes,1,1,113,87,,Novita,stop,0,5.0055e-05,content,0.0,700
meta-llama/llama-3.3-70b-instruct,167,19582,ORACLE,arrowhead,2,ate,smoking_gene_cancer,anticommonsense,KEEP,yes,yes,1,1,161,264,,Novita,stop,0,0.000127335,content,0.0,700
meta-llama/llama-3.3-70b-instruct,167,19582,DR_k1,arrowhead,2,ate,smoking_gene_cancer,anticommonsense,KEEP,yes,yes,1,1,161,266,,Novita,stop,0,0.000128135,content,0.0,700
meta-llama/llama-3.3-70b-instruct,167,19582,DR_k2,arrowhead,2,ate,smoking_gene_cancer,anticommonsense,KEEP,yes,yes,1,1,161,310,,Novita,stop,0,0.000145735,content,0.0,700
meta-llama/llama-3.3-70b-instruct,167,19582,DR_k3,arrowhead,2,ate,smoking_gene_cancer,anticommonsense,KEEP,yes,yes,1,1,163,330,,Novita,stop,0,0.000154005,content,0.0,700
meta-llama/llama-3.3-70b-instruct,169,12918,RAW,arrowhead,2,ate,gender_pay,anticommonsense,KEEP,yes,yes,1,1,112,93,,Novita,stop,0,5.232e-05,content,0.0,700
meta-llama/llama-3.3-70b-instruct,169,12918,ORACLE,arrowhead,2,ate,gender_pay,anticommonsense,KEEP,yes,yes,1,1,158,307,,Novita,stop,0,0.00014413,content,0.0,700
meta-llama/llama-3.3-70b-instruct,169,12918,DR_k1,arrowhead,2,ate,gender_pay,anticommonsense,KEEP,yes,yes,1,1,158,231,,Novita,stop,0,0.00011373,content,0.0,700
meta-llama/llama-3.3-70b-instruct,169,12918,DR_k2,arrowhead,2,ate,gender_pay,anticommonsense,KEEP,yes,yes,1,1,158,255,,Novita,stop,0,0.00012333,content,0.0,700
meta-llama/llama-3.3-70b-instruct,169,12918,DR_k3,arrowhead,2,ate,gender_pay,anticommonsense,KEEP,yes,no,0,1,162,276,,Novita,stop,0,0.00013227,content,0.0,700
meta-llama/llama-3.3-70b-instruct,170,7139,RAW,arrowhead,3,ett,gender_admission_state,hard,KEEP,yes,yes,1,1,124,119,,Novita,stop,0,6.434e-05,content,0.0,700
meta-llama/llama-3.3-70b-instruct,170,7139,ORACLE,arrowhead,3,ett,gender_admission_state,hard,KEEP,yes,yes,1,1,175,207,,Novita,stop,0,0.000106425,content,0.0,700
meta-llama/llama-3.3-70b-instruct,170,7139,DR_k1,arrowhead,3,ett,gender_admission_state,hard,KEEP,yes,yes,1,1,176,169,,Novita,stop,0,9.136e-05,content,0.0,700
meta-llama/llama-3.3-70b-instruct,170,7139,DR_k2,arrowhead,3,ett,gender_admission_state,hard,KEEP,yes,yes,1,1,176,257,,Novita,stop,0,0.00012656,content,0.0,700
meta-llama/llama-3.3-70b-instruct,170,7139,DR_k3,arrowhead,3,ett,gender_admission_state,hard,KEEP,yes,yes,1,1,175,169,,Novita,stop,0,9.1225e-05,content,0.0,700
meta-llama/llama-3.3-70b-instruct,171,3229,RAW,arrowhead,3,nde,obesity_mortality,easy,KEEP,yes,yes,1,1,224,307,,Novita,stop,0,0.00015304,content,0.0,700
meta-llama/llama-3.3-70b-instruct,171,3229,ORACLE,arrowhead,3,nde,obesity_mortality,easy,KEEP,yes,yes,1,1,268,337,,Novita,stop,0,0.00017098,content,0.0,700
meta-llama/llama-3.3-70b-instruct,171,3229,DR_k1,arrowhead,3,nde,obesity_mortality,easy,KEEP,yes,yes,1,1,269,415,,Novita,stop,0,0.000202315,content,0.0,700
meta-llama/llama-3.3-70b-instruct,171,3229,DR_k2,arrowhead,3,nde,obesity_mortality,easy,KEEP,yes,yes,1,1,270,578,,Novita,stop,0,0.00026765,content,0.0,700
meta-llama/llama-3.3-70b-instruct,171,3229,DR_k3,arrowhead,3,nde,obesity_mortality,easy,KEEP,yes,yes,1,1,270,546,,Novita,stop,0,0.00025485,content,0.0,700
meta-llama/llama-3.3-70b-instruct,172,3187,RAW,arrowhead,3,nde,obesity_mortality,easy,KEEP,no,no,1,1,224,251,,Novita,stop,0,0.00013064,content,0.0,700
meta-llama/llama-3.3-70b-instruct,172,3187,ORACLE,arrowhead,3,nde,obesity_mortality,easy,KEEP,no,no,1,1,268,381,,Novita,stop,0,0.00018858,content,0.0,700
meta-llama/llama-3.3-70b-instruct,172,3187,DR_k1,arrowhead,3,nde,obesity_mortality,easy,KEEP,no,no,1,1,268,128,,Novita,stop,0,8.738e-05,content,0.0,700
meta-llama/llama-3.3-70b-instruct,172,3187,DR_k2,arrowhead,3,nde,obesity_mortality,easy,KEEP,no,,0,0,269,700,,Novita,length,0,0.000316315,content,0.0,700
meta-llama/llama-3.3-70b-instruct,172,3187,DR_k3,arrowhead,3,nde,obesity_mortality,easy,KEEP,no,no,1,1,269,271,,Novita,stop,0,0.000144715,content,0.0,700
meta-llama/llama-3.3-70b-instruct,173,20304,RAW,arrowhead,3,det-counterfactual,gender_pay,anticommonsense,KEEP,yes,yes,1,1,126,254,,Novita,stop,0,0.00011861,content,0.0,700
meta-llama/llama-3.3-70b-instruct,173,20304,ORACLE,arrowhead,3,det-counterfactual,gender_pay,anticommonsense,KEEP,yes,yes,1,1,172,190,,Novita,stop,0,9.922e-05,content,0.0,700
meta-llama/llama-3.3-70b-instruct,173,20304,DR_k1,arrowhead,3,det-counterfactual,gender_pay,anticommonsense,KEEP,yes,yes,1,1,172,152,,Novita,stop,0,8.402e-05,content,0.0,700
meta-llama/llama-3.3-70b-instruct,173,20304,DR_k2,arrowhead,3,det-counterfactual,gender_pay,anticommonsense,KEEP,yes,yes,1,1,176,280,,Novita,stop,0,0.00013576,content,0.0,700
meta-llama/llama-3.3-70b-instruct,173,20304,DR_k3,arrowhead,3,det-counterfactual,gender_pay,anticommonsense,KEEP,yes,yes,1,1,176,268,,Novita,stop,0,0.00013096,content,0.0,700
meta-llama/llama-3.3-70b-instruct,174,9185,RAW,arrowhead,3,nde,smoking_gene_cancer,hard,KEEP,yes,yes,1,1,246,341,,Novita,stop,0,0.00016961,content,0.0,700
meta-llama/llama-3.3-70b-instruct,174,9185,ORACLE,arrowhead,3,nde,smoking_gene_cancer,hard,KEEP,yes,yes,1,1,292,222,,Novita,stop,0,0.00012822,content,0.0,700
meta-llama/llama-3.3-70b-instruct,174,9185,DR_k1,arrowhead,3,nde,smoking_gene_cancer,hard,KEEP,yes,yes,1,1,292,191,,Novita,stop,0,0.00011582,content,0.0,700
meta-llama/llama-3.3-70b-instruct,174,9185,DR_k2,arrowhead,3,nde,smoking_gene_cancer,hard,KEEP,yes,yes,1,1,292,191,,Novita,stop,0,0.00011582,content,0.0,700
meta-llama/llama-3.3-70b-instruct,174,9185,DR_k3,arrowhead,3,nde,smoking_gene_cancer,hard,KEEP,yes,yes,1,1,293,253,,Novita,stop,0,0.000140755,content,0.0,700
meta-llama/llama-3.3-70b-instruct,175,10214,RAW,arrowhead,3,det-counterfactual,smoke_birthWeight,commonsense,KEEP,yes,yes,1,1,121,226,,Novita,stop,0,0.000106735,content,0.0,700
meta-llama/llama-3.3-70b-instruct,175,10214,ORACLE,arrowhead,3,det-counterfactual,smoke_birthWeight,commonsense,KEEP,yes,yes,1,1,180,186,,Novita,stop,0,9.87e-05,content,0.0,700
meta-llama/llama-3.3-70b-instruct,175,10214,DR_k1,arrowhead,3,det-counterfactual,smoke_birthWeight,commonsense,KEEP,yes,yes,1,1,178,297,,Novita,stop,0,0.00014283,content,0.0,700
meta-llama/llama-3.3-70b-instruct,175,10214,DR_k2,arrowhead,3,det-counterfactual,smoke_birthWeight,commonsense,KEEP,yes,yes,1,1,177,281,,Novita,stop,0,0.000136295,content,0.0,700
meta-llama/llama-3.3-70b-instruct,175,10214,DR_k3,arrowhead,3,det-counterfactual,smoke_birthWeight,commonsense,KEEP,yes,yes,1,1,181,337,,Novita,stop,0,0.000159235,content,0.0,700
meta-llama/llama-3.3-70b-instruct,176,20286,RAW,arrowhead,3,det-counterfactual,gender_pay,anticommonsense,KEEP,no,no,1,1,126,236,,Novita,stop,0,0.00011141,content,0.0,700
meta-llama/llama-3.3-70b-instruct,176,20286,ORACLE,arrowhead,3,det-counterfactual,gender_pay,anticommonsense,KEEP,no,no,1,1,172,228,,Novita,stop,0,0.00011442,content,0.0,700
meta-llama/llama-3.3-70b-instruct,176,20286,DR_k1,arrowhead,3,det-counterfactual,gender_pay,anticommonsense,KEEP,no,no,1,1,172,448,,Novita,stop,0,0.00020242,content,0.0,700
meta-llama/llama-3.3-70b-instruct,176,20286,DR_k2,arrowhead,3,det-counterfactual,gender_pay,anticommonsense,KEEP,no,no,1,1,175,271,,Novita,stop,0,0.000132025,content,0.0,700
meta-llama/llama-3.3-70b-instruct,176,20286,DR_k3,arrowhead,3,det-counterfactual,gender_pay,anticommonsense,KEEP,no,no,1,1,172,373,,Novita,stop,0,0.00017242,content,0.0,700
meta-llama/llama-3.3-70b-instruct,177,2970,RAW,arrowhead,3,nie,nature_vs_nurture,easy,KEEP,no,no,1,1,270,590,,Novita,stop,0,0.00027245,content,0.0,700
meta-llama/llama-3.3-70b-instruct,177,2970,ORACLE,arrowhead,3,nie,nature_vs_nurture,easy,KEEP,no,yes,0,1,334,558,,Novita,stop,0,0.00026829,content,0.0,700
meta-llama/llama-3.3-70b-instruct,177,2970,DR_k1,arrowhead,3,nie,nature_vs_nurture,easy,KEEP,no,,0,0,335,700,,Novita,length,0,0.000325225,content,0.0,700
meta-llama/llama-3.3-70b-instruct,177,2970,DR_k2,arrowhead,3,nie,nature_vs_nurture,easy,KEEP,no,yes,0,1,333,436,,Novita,stop,0,0.000219355,content,0.0,700
meta-llama/llama-3.3-70b-instruct,177,2970,DR_k3,arrowhead,3,nie,nature_vs_nurture,easy,KEEP,no,no,1,1,336,555,,Novita,stop,0,0.00026736,content,0.0,700
meta-llama/llama-3.3-70b-instruct,178,14728,RAW,arrowhead,3,nde,smoking_gene_cancer,anticommonsense,KEEP,yes,no,0,1,256,700,,Novita,length,0,0.00031456,content,0.0,700
meta-llama/llama-3.3-70b-instruct,178,14728,ORACLE,arrowhead,3,nde,smoking_gene_cancer,anticommonsense,KEEP,yes,no,0,1,304,169,,Novita,stop,0,0.00010864,content,0.0,700
meta-llama/llama-3.3-70b-instruct,178,14728,DR_k1,arrowhead,3,nde,smoking_gene_cancer,anticommonsense,KEEP,yes,no,0,1,304,581,,Novita,stop,0,0.00027344,content,0.0,700
meta-llama/llama-3.3-70b-instruct,178,14728,DR_k2,arrowhead,3,nde,smoking_gene_cancer,anticommonsense,KEEP,yes,no,0,1,305,185,,Novita,stop,0,0.000115175,content,0.0,700
meta-llama/llama-3.3-70b-instruct,178,14728,DR_k3,arrowhead,3,nde,smoking_gene_cancer,anticommonsense,KEEP,yes,no,0,1,304,160,,Novita,stop,0,0.00010504,content,0.0,700
meta-llama/llama-3.3-70b-instruct,179,19145,RAW,arrowhead,3,nde,smoke_birthWeight,anticommonsense,KEEP,yes,no,0,1,284,700,,Novita,length,0,0.00031834,content,0.0,700
meta-llama/llama-3.3-70b-instruct,179,19145,ORACLE,arrowhead,3,nde,smoke_birthWeight,anticommonsense,KEEP,yes,no,0,1,342,487,,Novita,stop,0,0.00024097,content,0.0,700
meta-llama/llama-3.3-70b-instruct,179,19145,DR_k1,arrowhead,3,nde,smoke_birthWeight,anticommonsense,KEEP,yes,no,0,1,340,591,,Novita,stop,0,0.0002823,content,0.0,700
meta-llama/llama-3.3-70b-instruct,179,19145,DR_k2,arrowhead,3,nde,smoke_birthWeight,anticommonsense,KEEP,yes,no,0,1,341,430,,Novita,stop,0,0.000218035,content,0.0,700
meta-llama/llama-3.3-70b-instruct,179,19145,DR_k3,arrowhead,3,nde,smoke_birthWeight,anticommonsense,KEEP,yes,no,0,1,339,614,,Novita,stop,0,0.000291365,content,0.0,700
meta-llama/llama-3.3-70b-instruct,180,3227,RAW,arrowhead,3,ett,obesity_mortality,easy,KEEP,yes,yes,1,1,116,95,,Novita,stop,0,5.366e-05,content,0.0,700
meta-llama/llama-3.3-70b-instruct,180,3227,ORACLE,arrowhead,3,ett,obesity_mortality,easy,KEEP,yes,yes,1,1,160,305,,Novita,stop,0,0.0001436,content,0.0,700
meta-llama/llama-3.3-70b-instruct,180,3227,DR_k1,arrowhead,3,ett,obesity_mortality,easy,KEEP,yes,yes,1,1,160,268,,Novita,stop,0,0.0001288,content,0.0,700
meta-llama/llama-3.3-70b-instruct,180,3227,DR_k2,arrowhead,3,ett,obesity_mortality,easy,KEEP,yes,yes,1,1,161,186,,Novita,stop,0,9.6135e-05,content,0.0,700
meta-llama/llama-3.3-70b-instruct,180,3227,DR_k3,arrowhead,3,ett,obesity_mortality,easy,KEEP,yes,yes,1,1,162,367,,Novita,stop,0,0.00016867,content,0.0,700
meta-llama/llama-3.3-70b-instruct,181,12704,RAW,arrowhead,3,nie,gender_admission_state,anticommonsense,KEEP,no,no,1,1,261,660,,Novita,stop,0,0.000299235,content,0.0,700
meta-llama/llama-3.3-70b-instruct,181,12704,ORACLE,arrowhead,3,nie,gender_admission_state,anticommonsense,KEEP,no,no,1,1,312,535,,Novita,stop,0,0.00025612,content,0.0,700
meta-llama/llama-3.3-70b-instruct,181,12704,DR_k1,arrowhead,3,nie,gender_admission_state,anticommonsense,KEEP,no,no,1,1,312,338,,Novita,stop,0,0.00017732,content,0.0,700
meta-llama/llama-3.3-70b-instruct,181,12704,DR_k2,arrowhead,3,nie,gender_admission_state,anticommonsense,KEEP,no,no,1,1,311,381,,Novita,stop,0,0.000194385,content,0.0,700
meta-llama/llama-3.3-70b-instruct,181,12704,DR_k3,arrowhead,3,nie,gender_admission_state,anticommonsense,KEEP,no,no,1,1,311,539,,Novita,stop,0,0.000257585,content,0.0,700
meta-llama/llama-3.3-70b-instruct,182,9978,RAW,arrowhead,3,det-counterfactual,obesity_mortality,commonsense,KEEP,yes,yes,1,1,110,144,,Novita,stop,0,7.245e-05,content,0.0,700
meta-llama/llama-3.3-70b-instruct,182,9978,ORACLE,arrowhead,3,det-counterfactual,obesity_mortality,commonsense,KEEP,yes,yes,1,1,154,115,,Novita,stop,0,6.679e-05,content,0.0,700
meta-llama/llama-3.3-70b-instruct,182,9978,DR_k1,arrowhead,3,det-counterfactual,obesity_mortality,commonsense,KEEP,yes,yes,1,1,154,215,,Novita,stop,0,0.00010679,content,0.0,700
meta-llama/llama-3.3-70b-instruct,182,9978,DR_k2,arrowhead,3,det-counterfactual,obesity_mortality,commonsense,KEEP,yes,yes,1,1,156,151,,Novita,stop,0,8.146e-05,content,0.0,700
meta-llama/llama-3.3-70b-instruct,182,9978,DR_k3,arrowhead,3,det-counterfactual,obesity_mortality,commonsense,KEEP,yes,yes,1,1,156,143,,Novita,stop,0,7.826e-05,content,0.0,700
meta-llama/llama-3.3-70b-instruct,183,17794,RAW,arrowhead,3,ett,gender_pay,anticommonsense,KEEP,yes,yes,1,1,127,464,,Novita,stop,0,0.000202745,content,0.0,700
meta-llama/llama-3.3-70b-instruct,183,17794,ORACLE,arrowhead,3,ett,gender_pay,anticommonsense,KEEP,yes,yes,1,1,173,407,,Novita,stop,0,0.000186155,content,0.0,700
meta-llama/llama-3.3-70b-instruct,183,17794,DR_k1,arrowhead,3,ett,gender_pay,anticommonsense,KEEP,yes,yes,1,1,173,407,,Novita,stop,0,0.000186155,content,0.0,700
meta-llama/llama-3.3-70b-instruct,183,17794,DR_k2,arrowhead,3,ett,gender_pay,anticommonsense,KEEP,yes,yes,1,1,175,431,,Novita,stop,0,0.000196025,content,0.0,700
meta-llama/llama-3.3-70b-instruct,183,17794,DR_k3,arrowhead,3,ett,gender_pay,anticommonsense,KEEP,yes,yes,1,1,173,252,,Novita,stop,0,0.000124155,content,0.0,700
meta-llama/llama-3.3-70b-instruct,184,9894,RAW,arrowhead,3,det-counterfactual,gender_pay,commonsense,KEEP,no,no,1,1,123,277,,Novita,stop,0,0.000127405,content,0.0,700
meta-llama/llama-3.3-70b-instruct,184,9894,ORACLE,arrowhead,3,det-counterfactual,gender_pay,commonsense,KEEP,no,no,1,1,166,273,,Novita,stop,0,0.00013161,content,0.0,700
meta-llama/llama-3.3-70b-instruct,184,9894,DR_k1,arrowhead,3,det-counterfactual,gender_pay,commonsense,KEEP,no,no,1,1,166,280,,Novita,stop,0,0.00013441,content,0.0,700
meta-llama/llama-3.3-70b-instruct,184,9894,DR_k2,arrowhead,3,det-counterfactual,gender_pay,commonsense,KEEP,no,no,1,1,167,442,,Novita,stop,0,0.000199345,content,0.0,700
meta-llama/llama-3.3-70b-instruct,184,9894,DR_k3,arrowhead,3,det-counterfactual,gender_pay,commonsense,KEEP,no,no,1,1,166,335,,Novita,stop,0,0.00015641,content,0.0,700
meta-llama/llama-3.3-70b-instruct,185,14435,RAW,arrowhead,3,ett,smoke_birthWeight,anticommonsense,KEEP,yes,no,0,1,129,493,,Novita,stop,0,0.000214615,content,0.0,700
meta-llama/llama-3.3-70b-instruct,185,14435,ORACLE,arrowhead,3,ett,smoke_birthWeight,anticommonsense,KEEP,yes,yes,1,1,191,265,,Novita,stop,0,0.000131785,content,0.0,700
meta-llama/llama-3.3-70b-instruct,185,14435,DR_k1,arrowhead,3,ett,smoke_birthWeight,anticommonsense,KEEP,yes,yes,1,1,191,228,,Novita,stop,0,0.000116985,content,0.0,700
meta-llama/llama-3.3-70b-instruct,185,14435,DR_k2,arrowhead,3,ett,smoke_birthWeight,anticommonsense,KEEP,yes,yes,1,1,188,390,,Novita,stop,0,0.00018138,content,0.0,700
meta-llama/llama-3.3-70b-instruct,185,14435,DR_k3,arrowhead,3,ett,smoke_birthWeight,anticommonsense,KEEP,yes,yes,1,1,190,260,,Novita,stop,0,0.00012965,content,0.0,700
meta-llama/llama-3.3-70b-instruct,186,20369,RAW,arrowhead,3,det-counterfactual,obesity_mortality,anticommonsense,KEEP,no,no,1,1,116,178,,Novita,stop,0,8.686e-05,content,0.0,700
meta-llama/llama-3.3-70b-instruct,186,20369,ORACLE,arrowhead,3,det-counterfactual,obesity_mortality,anticommonsense,KEEP,no,no,1,1,162,257,,Novita,stop,0,0.00012467,content,0.0,700
meta-llama/llama-3.3-70b-instruct,186,20369,DR_k1,arrowhead,3,det-counterfactual,obesity_mortality,anticommonsense,KEEP,no,no,1,1,165,236,,Novita,stop,0,0.000116675,content,0.0,700
meta-llama/llama-3.3-70b-instruct,186,20369,DR_k2,arrowhead,3,det-counterfactual,obesity_mortality,anticommonsense,KEEP,no,no,1,1,168,226,,Novita,stop,0,0.00011308,content,0.0,700
meta-llama/llama-3.3-70b-instruct,186,20369,DR_k3,arrowhead,3,det-counterfactual,obesity_mortality,anticommonsense,KEEP,no,yes,0,1,164,341,,Novita,stop,0,0.00015854,content,0.0,700
meta-llama/llama-3.3-70b-instruct,187,3147,RAW,arrowhead,3,nie,obesity_mortality,easy,KEEP,yes,yes,1,1,217,354,,Novita,stop,0,0.000170895,content,0.0,700
meta-llama/llama-3.3-70b-instruct,187,3147,ORACLE,arrowhead,3,nie,obesity_mortality,easy,KEEP,yes,yes,1,1,261,316,,Novita,stop,0,0.000161635,content,0.0,700
meta-llama/llama-3.3-70b-instruct,187,3147,DR_k1,arrowhead,3,nie,obesity_mortality,easy,KEEP,yes,yes,1,1,261,254,,Novita,stop,0,0.000136835,content,0.0,700
meta-llama/llama-3.3-70b-instruct,187,3147,DR_k2,arrowhead,3,nie,obesity_mortality,easy,KEEP,yes,yes,1,1,262,362,,Novita,stop,0,0.00018017,content,0.0,700
meta-llama/llama-3.3-70b-instruct,187,3147,DR_k3,arrowhead,3,nie,obesity_mortality,easy,KEEP,yes,yes,1,1,263,308,,Novita,stop,0,0.000158705,content,0.0,700
meta-llama/llama-3.3-70b-instruct,188,20605,RAW,arrowhead,3,det-counterfactual,smoke_birthWeight,anticommonsense,KEEP,yes,yes,1,1,124,503,,Novita,stop,0,0.00021794,content,0.0,700
meta-llama/llama-3.3-70b-instruct,188,20605,ORACLE,arrowhead,3,det-counterfactual,smoke_birthWeight,anticommonsense,KEEP,yes,yes,1,1,186,315,,Novita,stop,0,0.00015111,content,0.0,700
meta-llama/llama-3.3-70b-instruct,188,20605,DR_k1,arrowhead,3,det-counterfactual,smoke_birthWeight,anticommonsense,KEEP,yes,yes,1,1,185,658,,Novita,stop,0,0.000288175,content,0.0,700
meta-llama/llama-3.3-70b-instruct,188,20605,DR_k2,arrowhead,3,det-counterfactual,smoke_birthWeight,anticommonsense,KEEP,yes,no,0,1,185,448,,Novita,stop,0,0.000204175,content,0.0,700
meta-llama/llama-3.3-70b-instruct,188,20605,DR_k3,arrowhead,3,det-counterfactual,smoke_birthWeight,anticommonsense,KEEP,yes,yes,1,1,185,426,,Novita,stop,0,0.000195375,content,0.0,700
meta-llama/llama-3.3-70b-instruct,189,14556,RAW,arrowhead,3,nde,smoke_birthWeight,anticommonsense,KEEP,no,,0,0,277,700,,Novita,length,0,0.000317395,content,0.0,700
meta-llama/llama-3.3-70b-instruct,189,14556,ORACLE,arrowhead,3,nde,smoke_birthWeight,anticommonsense,KEEP,no,no,1,1,339,510,,Novita,stop,0,0.000249765,content,0.0,700
meta-llama/llama-3.3-70b-instruct,189,14556,DR_k1,arrowhead,3,nde,smoke_birthWeight,anticommonsense,KEEP,no,,0,0,339,700,,Novita,length,0,0.000325765,content,0.0,700
meta-llama/llama-3.3-70b-instruct,189,14556,DR_k2,arrowhead,3,nde,smoke_birthWeight,anticommonsense,KEEP,no,no,1,1,339,616,,Novita,stop,0,0.000292165,content,0.0,700
meta-llama/llama-3.3-70b-instruct,189,14556,DR_k3,arrowhead,3,nde,smoke_birthWeight,anticommonsense,KEEP,no,no,1,1,336,521,,Novita,stop,0,0.00025376,content,0.0,700
meta-llama/llama-3.3-70b-instruct,190,12737,RAW,arrowhead,3,nde,gender_admission_state,anticommonsense,KEEP,yes,yes,1,1,268,504,,Novita,stop,0,0.00023778,content,0.0,700
meta-llama/llama-3.3-70b-instruct,190,12737,ORACLE,arrowhead,3,nde,gender_admission_state,anticommonsense,KEEP,yes,yes,1,1,319,257,,Novita,stop,0,0.000145865,content,0.0,700
meta-llama/llama-3.3-70b-instruct,190,12737,DR_k1,arrowhead,3,nde,gender_admission_state,anticommonsense,KEEP,yes,yes,1,1,319,558,,Novita,stop,0,0.000266265,content,0.0,700
meta-llama/llama-3.3-70b-instruct,190,12737,DR_k2,arrowhead,3,nde,gender_admission_state,anticommonsense,KEEP,yes,yes,1,1,318,233,,Novita,stop,0,0.00013613,content,0.0,700
meta-llama/llama-3.3-70b-instruct,190,12737,DR_k3,arrowhead,3,nde,gender_admission_state,anticommonsense,KEEP,yes,yes,1,1,318,510,,Novita,stop,0,0.00024693,content,0.0,700
meta-llama/llama-3.3-70b-instruct,191,12946,RAW,arrowhead,3,nde,gender_pay,anticommonsense,KEEP,no,,0,0,268,700,,Novita,length,0,0.00031618,content,0.0,700
meta-llama/llama-3.3-70b-instruct,191,12946,ORACLE,arrowhead,3,nde,gender_pay,anticommonsense,KEEP,no,no,1,1,314,486,,Novita,stop,0,0.00023679,content,0.0,700
meta-llama/llama-3.3-70b-instruct,191,12946,DR_k1,arrowhead,3,nde,gender_pay,anticommonsense,KEEP,no,no,1,1,314,545,,Novita,stop,0,0.00026039,content,0.0,700
meta-llama/llama-3.3-70b-instruct,191,12946,DR_k2,arrowhead,3,nde,gender_pay,anticommonsense,KEEP,no,no,1,1,314,412,,Novita,stop,0,0.00020719,content,0.0,700
meta-llama/llama-3.3-70b-instruct,191,12946,DR_k3,arrowhead,3,nde,gender_pay,anticommonsense,KEEP,no,no,1,1,317,697,,Novita,stop,0,0.000321595,content,0.0,700
meta-llama/llama-3.3-70b-instruct,192,2344,RAW,arrowhead,3,nie,gender_admission_state,easy,KEEP,no,no,1,1,261,529,,Novita,stop,0,0.000246835,content,0.0,700
meta-llama/llama-3.3-70b-instruct,192,2344,ORACLE,arrowhead,3,nie,gender_admission_state,easy,KEEP,no,no,1,1,312,642,,Novita,stop,0,0.00029892,content,0.0,700
meta-llama/llama-3.3-70b-instruct,192,2344,DR_k1,arrowhead,3,nie,gender_admission_state,easy,KEEP,no,no,1,1,311,535,,Novita,stop,0,0.000255985,content,0.0,700
meta-llama/llama-3.3-70b-instruct,192,2344,DR_k2,arrowhead,3,nie,gender_admission_state,easy,KEEP,no,no,1,1,313,548,,Novita,stop,0,0.000261455,content,0.0,700
meta-llama/llama-3.3-70b-instruct,192,2344,DR_k3,arrowhead,3,nie,gender_admission_state,easy,KEEP,no,no,1,1,312,586,,Novita,stop,0,0.00027652,content,0.0,700
meta-llama/llama-3.3-70b-instruct,193,8057,RAW,arrowhead,3,ett,obesity_mortality,hard,KEEP,no,no,1,1,116,371,,Novita,stop,0,0.00016406,content,0.0,700
meta-llama/llama-3.3-70b-instruct,193,8057,ORACLE,arrowhead,3,ett,obesity_mortality,hard,KEEP,no,no,1,1,160,382,,Novita,stop,0,0.0001744,content,0.0,700
meta-llama/llama-3.3-70b-instruct,193,8057,DR_k1,arrowhead,3,ett,obesity_mortality,hard,KEEP,no,yes,0,1,160,362,,Novita,stop,0,0.0001664,content,0.0,700
meta-llama/llama-3.3-70b-instruct,193,8057,DR_k2,arrowhead,3,ett,obesity_mortality,hard,KEEP,no,no,1,1,162,356,,Novita,stop,0,0.00016427,content,0.0,700
meta-llama/llama-3.3-70b-instruct,193,8057,DR_k3,arrowhead,3,ett,obesity_mortality,hard,KEEP,no,no,1,1,162,558,,Novita,stop,0,0.00024507,content,0.0,700
meta-llama/llama-3.3-70b-instruct,194,8902,RAW,arrowhead,3,ett,smoke_birthWeight,hard,KEEP,no,no,1,1,129,198,,Novita,stop,0,9.6615e-05,content,0.0,700
meta-llama/llama-3.3-70b-instruct,194,8902,ORACLE,arrowhead,3,ett,smoke_birthWeight,hard,KEEP,no,no,1,1,188,536,,Novita,stop,0,0.00023978,content,0.0,700
meta-llama/llama-3.3-70b-instruct,194,8902,DR_k1,arrowhead,3,ett,smoke_birthWeight,hard,KEEP,no,no,1,1,186,479,,Novita,stop,0,0.00021671,content,0.0,700
meta-llama/llama-3.3-70b-instruct,194,8902,DR_k2,arrowhead,3,ett,smoke_birthWeight,hard,KEEP,no,no,1,1,185,404,,Novita,stop,0,0.000186575,content,0.0,700
meta-llama/llama-3.3-70b-instruct,194,8902,DR_k3,arrowhead,3,ett,smoke_birthWeight,hard,KEEP,no,no,1,1,188,580,,Novita,stop,0,0.00025738,content,0.0,700
meta-llama/llama-3.3-70b-instruct,195,4453,RAW,arrowhead,3,nie,smoking_gene_cancer,easy,KEEP,no,yes,0,1,239,620,,Novita,stop,0,0.000280265,content,0.0,700
meta-llama/llama-3.3-70b-instruct,195,4453,ORACLE,arrowhead,3,nie,smoking_gene_cancer,easy,KEEP,no,no,1,1,285,562,,Novita,stop,0,0.000263275,content,0.0,700
meta-llama/llama-3.3-70b-instruct,195,4453,DR_k1,arrowhead,3,nie,smoking_gene_cancer,easy,KEEP,no,yes,0,1,285,443,,Novita,stop,0,0.000215675,content,0.0,700
meta-llama/llama-3.3-70b-instruct,195,4453,DR_k2,arrowhead,3,nie,smoking_gene_cancer,easy,KEEP,no,no,1,1,284,362,,Novita,stop,0,0.00018314,content,0.0,700
meta-llama/llama-3.3-70b-instruct,195,4453,DR_k3,arrowhead,3,nie,smoking_gene_cancer,easy,KEEP,no,no,1,1,285,517,,Novita,stop,0,0.000245275,content,0.0,700
meta-llama/llama-3.3-70b-instruct,196,2460,RAW,arrowhead,3,nde,gender_admission_state,easy,KEEP,no,,0,0,268,700,,Novita,length,0,0.00031618,content,0.0,700
meta-llama/llama-3.3-70b-instruct,196,2460,ORACLE,arrowhead,3,nde,gender_admission_state,easy,KEEP,no,,0,0,319,700,,Novita,length,0,0.000323065,content,0.0,700
meta-llama/llama-3.3-70b-instruct,196,2460,DR_k1,arrowhead,3,nde,gender_admission_state,easy,KEEP,no,no,1,1,318,652,,Novita,stop,0,0.00030373,content,0.0,700
meta-llama/llama-3.3-70b-instruct,196,2460,DR_k2,arrowhead,3,nde,gender_admission_state,easy,KEEP,no,,0,0,320,700,,Novita,length,0,0.0003232,content,0.0,700
meta-llama/llama-3.3-70b-instruct,196,2460,DR_k3,arrowhead,3,nde,gender_admission_state,easy,KEEP,no,no,1,1,318,642,,Novita,stop,0,0.00029973,content,0.0,700
meta-llama/llama-3.3-70b-instruct,197,14726,RAW,arrowhead,3,ett,smoking_gene_cancer,anticommonsense,KEEP,yes,yes,1,1,127,141,,Novita,stop,0,7.3545e-05,content,0.0,700
meta-llama/llama-3.3-70b-instruct,197,14726,ORACLE,arrowhead,3,ett,smoking_gene_cancer,anticommonsense,KEEP,yes,yes,1,1,175,356,,Novita,stop,0,0.000166025,content,0.0,700
meta-llama/llama-3.3-70b-instruct,197,14726,DR_k1,arrowhead,3,ett,smoking_gene_cancer,anticommonsense,KEEP,yes,yes,1,1,177,177,,Novita,stop,0,9.4695e-05,content,0.0,700
meta-llama/llama-3.3-70b-instruct,197,14726,DR_k2,arrowhead,3,ett,smoking_gene_cancer,anticommonsense,KEEP,yes,yes,1,1,175,244,,Novita,stop,0,0.000121225,content,0.0,700
meta-llama/llama-3.3-70b-instruct,197,14726,DR_k3,arrowhead,3,ett,smoking_gene_cancer,anticommonsense,KEEP,yes,no,0,1,178,512,,Novita,stop,0,0.00022883,content,0.0,700
meta-llama/llama-3.3-70b-instruct,198,8076,RAW,arrowhead,3,ett,obesity_mortality,hard,KEEP,no,no,1,1,116,354,,Novita,stop,0,0.00015726,content,0.0,700
meta-llama/llama-3.3-70b-instruct,198,8076,ORACLE,arrowhead,3,ett,obesity_mortality,hard,KEEP,no,no,1,1,160,226,,Novita,stop,0,0.000112,content,0.0,700
meta-llama/llama-3.3-70b-instruct,198,8076,DR_k1,arrowhead,3,ett,obesity_mortality,hard,KEEP,no,no,1,1,161,381,,Novita,stop,0,0.000174135,content,0.0,700
meta-llama/llama-3.3-70b-instruct,198,8076,DR_k2,arrowhead,3,ett,obesity_mortality,hard,KEEP,no,no,1,1,161,419,,Novita,stop,0,0.000189335,content,0.0,700
meta-llama/llama-3.3-70b-instruct,198,8076,DR_k3,arrowhead,3,ett,obesity_mortality,hard,KEEP,no,yes,0,1,162,219,,Novita,stop,0,0.00010947,content,0.0,700
meta-llama/llama-3.3-70b-instruct,199,2610,RAW,arrowhead,3,nde,gender_pay,easy,KEEP,no,yes,0,1,258,587,,Novita,stop,0,0.00026963,content,0.0,700
meta-llama/llama-3.3-70b-instruct,199,2610,ORACLE,arrowhead,3,nde,gender_pay,easy,KEEP,no,,0,0,301,700,,Novita,length,0,0.000320635,content,0.0,700
meta-llama/llama-3.3-70b-instruct,199,2610,DR_k1,arrowhead,3,nde,gender_pay,easy,KEEP,no,no,1,1,301,545,,Novita,stop,0,0.000258635,content,0.0,700
meta-llama/llama-3.3-70b-instruct,199,2610,DR_k2,arrowhead,3,nde,gender_pay,easy,KEEP,no,no,1,1,302,652,,Novita,stop,0,0.00030157,content,0.0,700
meta-llama/llama-3.3-70b-instruct,199,2610,DR_k3,arrowhead,3,nde,gender_pay,easy,KEEP,no,no,1,1,301,435,,Novita,stop,0,0.000214635,content,0.0,700
meta-llama/llama-3.3-70b-instruct,200,14780,RAW,arrowhead,3,ett,smoking_gene_cancer,anticommonsense,KEEP,yes,yes,1,1,127,101,,Novita,stop,0,5.7545e-05,content,0.0,700
meta-llama/llama-3.3-70b-instruct,200,14780,ORACLE,arrowhead,3,ett,smoking_gene_cancer,anticommonsense,KEEP,yes,yes,1,1,175,298,,Novita,stop,0,0.000142825,content,0.0,700
meta-llama/llama-3.3-70b-instruct,200,14780,DR_k1,arrowhead,3,ett,smoking_gene_cancer,anticommonsense,KEEP,yes,yes,1,1,175,183,,Novita,stop,0,9.6825e-05,content,0.0,700
meta-llama/llama-3.3-70b-instruct,200,14780,DR_k2,arrowhead,3,ett,smoking_gene_cancer,anticommonsense,KEEP,yes,yes,1,1,176,278,,Novita,stop,0,0.00013496,content,0.0,700
meta-llama/llama-3.3-70b-instruct,200,14780,DR_k3,arrowhead,3,ett,smoking_gene_cancer,anticommonsense,KEEP,yes,yes,1,1,175,372,,Novita,stop,0,0.000172425,content,0.0,700
meta-llama/llama-3.3-70b-instruct,201,7150,RAW,arrowhead,3,ett,gender_admission_state,hard,KEEP,no,no,1,1,124,92,,Novita,stop,0,5.354e-05,content,0.0,700
meta-llama/llama-3.3-70b-instruct,201,7150,ORACLE,arrowhead,3,ett,gender_admission_state,hard,KEEP,no,no,1,1,175,251,,Novita,stop,0,0.000124025,content,0.0,700
meta-llama/llama-3.3-70b-instruct,201,7150,DR_k1,arrowhead,3,ett,gender_admission_state,hard,KEEP,no,no,1,1,175,200,,Novita,stop,0,0.000103625,content,0.0,700
meta-llama/llama-3.3-70b-instruct,201,7150,DR_k2,arrowhead,3,ett,gender_admission_state,hard,KEEP,no,no,1,1,175,93,,Novita,stop,0,6.0825e-05,content,0.0,700
meta-llama/llama-3.3-70b-instruct,201,7150,DR_k3,arrowhead,3,ett,gender_admission_state,hard,KEEP,no,no,1,1,174,97,,Novita,stop,0,6.229e-05,content,0.0,700
meta-llama/llama-3.3-70b-instruct,202,20386,RAW,arrowhead,3,det-counterfactual,obesity_mortality,anticommonsense,KEEP,yes,yes,1,1,114,145,,Novita,stop,0,7.339e-05,content,0.0,700
meta-llama/llama-3.3-70b-instruct,202,20386,ORACLE,arrowhead,3,det-counterfactual,obesity_mortality,anticommonsense,KEEP,yes,yes,1,1,160,456,,Novita,stop,0,0.000204,content,0.0,700
meta-llama/llama-3.3-70b-instruct,202,20386,DR_k1,arrowhead,3,det-counterfactual,obesity_mortality,anticommonsense,KEEP,yes,yes,1,1,160,326,,Novita,stop,0,0.000152,content,0.0,700
meta-llama/llama-3.3-70b-instruct,202,20386,DR_k2,arrowhead,3,det-counterfactual,obesity_mortality,anticommonsense,KEEP,yes,yes,1,1,165,206,,Novita,stop,0,0.000104675,content,0.0,700
meta-llama/llama-3.3-70b-instruct,202,20386,DR_k3,arrowhead,3,det-counterfactual,obesity_mortality,anticommonsense,KEEP,yes,yes,1,1,166,433,,Novita,stop,0,0.00019561,content,0.0,700
meta-llama/llama-3.3-70b-instruct,203,13292,RAW,arrowhead,3,nie,nature_vs_nurture,anticommonsense,KEEP,no,no,1,1,282,552,,Novita,stop,0,0.00025887,content,0.0,700
meta-llama/llama-3.3-70b-instruct,203,13292,ORACLE,arrowhead,3,nie,nature_vs_nurture,anticommonsense,KEEP,no,,0,0,347,700,,Novita,length,0,0.000326845,content,0.0,700
meta-llama/llama-3.3-70b-instruct,203,13292,DR_k1,arrowhead,3,nie,nature_vs_nurture,anticommonsense,KEEP,no,,0,0,348,700,,Novita,length,0,0.00032698,content,0.0,700
meta-llama/llama-3.3-70b-instruct,203,13292,DR_k2,arrowhead,3,nie,nature_vs_nurture,anticommonsense,KEEP,no,yes,0,1,347,496,,Novita,stop,0,0.000245245,content,0.0,700
meta-llama/llama-3.3-70b-instruct,203,13292,DR_k3,arrowhead,3,nie,nature_vs_nurture,anticommonsense,KEEP,no,no,1,1,346,481,,Novita,stop,0,0.00023911,content,0.0,700
meta-llama/llama-3.3-70b-instruct,239,1767,RAW,chain,2,ate,college_salary,easy,KEEP,yes,yes,1,1,108,122,,Novita,stop,0,6.338e-05,content,0.0,700
meta-llama/llama-3.3-70b-instruct,239,1767,ORACLE,chain,2,ate,college_salary,easy,KEEP,yes,yes,1,1,140,228,,Novita,stop,0,0.0001101,content,0.0,700
meta-llama/llama-3.3-70b-instruct,239,1767,DR_k1,chain,2,ate,college_salary,easy,KEEP,yes,yes,1,1,140,244,,Novita,stop,0,0.0001165,content,0.0,700
meta-llama/llama-3.3-70b-instruct,239,1767,DR_k2,chain,2,ate,college_salary,easy,KEEP,yes,no,0,1,140,393,,Novita,stop,0,0.0001761,content,0.0,700
meta-llama/llama-3.3-70b-instruct,242,19718,RAW,chain,2,ate,smoking_tar_cancer,anticommonsense,KEEP,no,no,1,1,107,85,,Novita,stop,0,4.8445e-05,content,0.0,700
meta-llama/llama-3.3-70b-instruct,242,19718,ORACLE,chain,2,ate,smoking_tar_cancer,anticommonsense,KEEP,no,no,1,1,143,313,,Novita,stop,0,0.000144505,content,0.0,700
meta-llama/llama-3.3-70b-instruct,242,19718,DR_k1,chain,2,ate,smoking_tar_cancer,anticommonsense,KEEP,no,no,1,1,143,200,,Novita,stop,0,9.9305e-05,content,0.0,700
meta-llama/llama-3.3-70b-instruct,242,19718,DR_k2,chain,2,ate,smoking_tar_cancer,anticommonsense,KEEP,no,no,1,1,144,275,,Novita,stop,0,0.00012944,content,0.0,700
meta-llama/llama-3.3-70b-instruct,243,12073,RAW,chain,2,ate,college_salary,anticommonsense,KEEP,yes,yes,1,1,108,105,,Novita,stop,0,5.658e-05,content,0.0,700
meta-llama/llama-3.3-70b-instruct,243,12073,ORACLE,chain,2,ate,college_salary,anticommonsense,KEEP,yes,yes,1,1,141,233,,Novita,stop,0,0.000112235,content,0.0,700
meta-llama/llama-3.3-70b-instruct,243,12073,DR_k1,chain,2,ate,college_salary,anticommonsense,KEEP,yes,no,0,1,141,341,,Novita,stop,0,0.000155435,content,0.0,700
meta-llama/llama-3.3-70b-instruct,243,12073,DR_k2,chain,2,ate,college_salary,anticommonsense,KEEP,yes,no,0,1,141,321,,Novita,stop,0,0.000147435,content,0.0,700
meta-llama/llama-3.3-70b-instruct,250,18531,RAW,chain,2,ate,orange_scurvy,anticommonsense,KEEP,yes,yes,1,1,101,75,,Novita,stop,0,4.3635e-05,content,0.0,700
meta-llama/llama-3.3-70b-instruct,250,18531,ORACLE,chain,2,ate,orange_scurvy,anticommonsense,KEEP,yes,yes,1,1,139,188,,Novita,stop,0,9.3965e-05,content,0.0,700
meta-llama/llama-3.3-70b-instruct,250,18531,DR_k1,chain,2,ate,orange_scurvy,anticommonsense,KEEP,yes,yes,1,1,139,160,,Novita,stop,0,8.2765e-05,content,0.0,700
meta-llama/llama-3.3-70b-instruct,250,18531,DR_k2,chain,2,ate,orange_scurvy,anticommonsense,KEEP,yes,no,0,1,139,257,,Novita,stop,0,0.000121565,content,0.0,700
meta-llama/llama-3.3-70b-instruct,251,3432,RAW,chain,2,ate,orange_scurvy,easy,KEEP,no,no,1,1,104,83,,Novita,stop,0,4.724e-05,content,0.0,700
meta-llama/llama-3.3-70b-instruct,251,3432,ORACLE,chain,2,ate,orange_scurvy,easy,KEEP,no,no,1,1,143,222,,Novita,stop,0,0.000108105,content,0.0,700
meta-llama/llama-3.3-70b-instruct,251,3432,DR_k1,chain,2,ate,orange_scurvy,easy,KEEP,no,no,1,1,143,216,,Novita,stop,0,0.000105705,content,0.0,700
meta-llama/llama-3.3-70b-instruct,251,3432,DR_k2,chain,2,ate,orange_scurvy,easy,KEEP,no,no,1,1,142,269,,Novita,stop,0,0.00012677,content,0.0,700
meta-llama/llama-3.3-70b-instruct,254,13752,RAW,chain,2,ate,orange_scurvy,anticommonsense,KEEP,yes,yes,1,1,101,75,,Novita,stop,0,4.3635e-05,content,0.0,700
meta-llama/llama-3.3-70b-instruct,254,13752,ORACLE,chain,2,ate,orange_scurvy,anticommonsense,KEEP,yes,yes,1,1,139,180,,Novita,stop,0,9.0765e-05,content,0.0,700
meta-llama/llama-3.3-70b-instruct,254,13752,DR_k1,chain,2,ate,orange_scurvy,anticommonsense,KEEP,yes,yes,1,1,131,211,,Novita,stop,0,0.000102085,content,0.0,700
meta-llama/llama-3.3-70b-instruct,254,13752,DR_k2,chain,2,ate,orange_scurvy,anticommonsense,KEEP,yes,no,0,1,139,284,,Novita,stop,0,0.000132365,content,0.0,700
meta-llama/llama-3.3-70b-instruct,255,6524,RAW,chain,2,ate,college_salary,hard,KEEP,no,no,1,1,108,106,,Novita,stop,0,5.698e-05,content,0.0,700
meta-llama/llama-3.3-70b-instruct,255,6524,ORACLE,chain,2,ate,college_salary,hard,KEEP,no,no,1,1,140,228,,Novita,stop,0,0.0001101,content,0.0,700
meta-llama/llama-3.3-70b-instruct,255,6524,DR_k1,chain,2,ate,college_salary,hard,KEEP,no,no,1,1,140,172,,Novita,stop,0,8.77e-05,content,0.0,700
meta-llama/llama-3.3-70b-instruct,255,6524,DR_k2,chain,2,ate,college_salary,hard,KEEP,no,no,1,1,140,246,,Novita,stop,0,0.0001173,content,0.0,700
meta-llama/llama-3.3-70b-instruct,259,9202,RAW,chain,2,ate,smoking_tar_cancer,hard,KEEP,yes,yes,1,1,97,73,,Novita,stop,0,4.2295e-05,content,0.0,700
meta-llama/llama-3.3-70b-instruct,259,9202,ORACLE,chain,2,ate,smoking_tar_cancer,hard,KEEP,yes,yes,1,1,132,172,,Novita,stop,0,8.662e-05,content,0.0,700
meta-llama/llama-3.3-70b-instruct,259,9202,DR_k1,chain,2,ate,smoking_tar_cancer,hard,KEEP,yes,yes,1,1,132,211,,Novita,stop,0,0.00010222,content,0.0,700
meta-llama/llama-3.3-70b-instruct,259,9202,DR_k2,chain,2,ate,smoking_tar_cancer,hard,KEEP,yes,no,0,1,132,333,,Novita,stop,0,0.00015102,content,0.0,700
meta-llama/llama-3.3-70b-instruct,260,19698,RAW,chain,2,ate,smoking_tar_cancer,anticommonsense,KEEP,yes,yes,1,1,107,87,,Novita,stop,0,4.9245e-05,content,0.0,700
meta-llama/llama-3.3-70b-instruct,260,19698,ORACLE,chain,2,ate,smoking_tar_cancer,anticommonsense,KEEP,yes,yes,1,1,143,246,,Novita,stop,0,0.000117705,content,0.0,700
meta-llama/llama-3.3-70b-instruct,260,19698,DR_k1,chain,2,ate,smoking_tar_cancer,anticommonsense,KEEP,yes,no,0,1,136,215,,Novita,stop,0,0.00010436,content,0.0,700
meta-llama/llama-3.3-70b-instruct,260,19698,DR_k2,chain,2,ate,smoking_tar_cancer,anticommonsense,KEEP,yes,no,0,1,144,290,,Novita,stop,0,0.00013544,content,0.0,700
meta-llama/llama-3.3-70b-instruct,263,14898,RAW,chain,2,ate,smoking_tar_cancer,anticommonsense,KEEP,yes,yes,1,1,107,94,,Novita,stop,0,5.2045e-05,content,0.0,700
meta-llama/llama-3.3-70b-instruct,263,14898,ORACLE,chain,2,ate,smoking_tar_cancer,anticommonsense,KEEP,yes,yes,1,1,143,221,,Novita,stop,0,0.000107705,content,0.0,700
meta-llama/llama-3.3-70b-instruct,263,14898,DR_k1,chain,2,ate,smoking_tar_cancer,anticommonsense,KEEP,yes,yes,1,1,143,249,,Novita,stop,0,0.000118905,content,0.0,700
meta-llama/llama-3.3-70b-instruct,263,14898,DR_k2,chain,2,ate,smoking_tar_cancer,anticommonsense,KEEP,yes,no,0,1,144,251,,Novita,stop,0,0.00011984,content,0.0,700
meta-llama/llama-3.3-70b-instruct,264,14965,RAW,chain,2,ate,smoking_tar_cancer,anticommonsense,KEEP,no,no,1,1,107,96,,Novita,stop,0,5.2845e-05,content,0.0,700
meta-llama/llama-3.3-70b-instruct,264,14965,ORACLE,chain,2,ate,smoking_tar_cancer,anticommonsense,KEEP,no,no,1,1,143,205,,Novita,stop,0,0.000101305,content,0.0,700
meta-llama/llama-3.3-70b-instruct,264,14965,DR_k1,chain,2,ate,smoking_tar_cancer,anticommonsense,KEEP,no,no,1,1,143,247,,Novita,stop,0,0.000118105,content,0.0,700
meta-llama/llama-3.3-70b-instruct,264,14965,DR_k2,chain,2,ate,smoking_tar_cancer,anticommonsense,KEEP,no,no,1,1,144,393,,Novita,stop,0,0.00017664,content,0.0,700
meta-llama/llama-3.3-70b-instruct,265,4483,RAW,chain,2,ate,smoking_tar_cancer,easy,KEEP,yes,yes,1,1,97,73,,Novita,stop,0,4.2295e-05,content,0.0,700
meta-llama/llama-3.3-70b-instruct,265,4483,ORACLE,chain,2,ate,smoking_tar_cancer,easy,KEEP,yes,yes,1,1,132,173,,Novita,stop,0,8.702e-05,content,0.0,700
meta-llama/llama-3.3-70b-instruct,265,4483,DR_k1,chain,2,ate,smoking_tar_cancer,easy,KEEP,yes,yes,1,1,132,202,,Novita,stop,0,9.862e-05,content,0.0,700
meta-llama/llama-3.3-70b-instruct,265,4483,DR_k2,chain,2,ate,smoking_tar_cancer,easy,KEEP,yes,no,0,1,132,253,,Novita,stop,0,0.00011902,content,0.0,700
meta-llama/llama-3.3-70b-instruct,266,9301,RAW,chain,2,ate,smoking_tar_cancer,hard,KEEP,yes,yes,1,1,97,77,,Novita,stop,0,4.3895e-05,content,0.0,700
meta-llama/llama-3.3-70b-instruct,266,9301,ORACLE,chain,2,ate,smoking_tar_cancer,hard,KEEP,yes,yes,1,1,132,126,,Novita,stop,0,6.822e-05,content,0.0,700
meta-llama/llama-3.3-70b-instruct,266,9301,DR_k1,chain,2,ate,smoking_tar_cancer,hard,KEEP,yes,yes,1,1,124,208,,Novita,stop,0,9.994e-05,content,0.0,700
meta-llama/llama-3.3-70b-instruct,266,9301,DR_k2,chain,2,ate,smoking_tar_cancer,hard,KEEP,yes,yes,1,1,132,351,,Novita,stop,0,0.00015822,content,0.0,700
meta-llama/llama-3.3-70b-instruct,268,19699,RAW,chain,2,ate,smoking_tar_cancer,anticommonsense,KEEP,no,no,1,1,107,85,,Novita,stop,0,4.8445e-05,content,0.0,700
meta-llama/llama-3.3-70b-instruct,268,19699,ORACLE,chain,2,ate,smoking_tar_cancer,anticommonsense,KEEP,no,no,1,1,143,221,,Novita,stop,0,0.000107705,content,0.0,700
meta-llama/llama-3.3-70b-instruct,268,19699,DR_k1,chain,2,ate,smoking_tar_cancer,anticommonsense,KEEP,no,no,1,1,136,235,,Novita,stop,0,0.00011236,content,0.0,700
meta-llama/llama-3.3-70b-instruct,268,19699,DR_k2,chain,2,ate,smoking_tar_cancer,anticommonsense,KEEP,no,no,1,1,144,308,,Novita,stop,0,0.00014264,content,0.0,700
meta-llama/llama-3.3-70b-instruct,270,4563,RAW,chain,2,ate,smoking_tar_cancer,easy,KEEP,yes,yes,1,1,97,73,,Novita,stop,0,4.2295e-05,content,0.0,700
meta-llama/llama-3.3-70b-instruct,270,4563,ORACLE,chain,2,ate,smoking_tar_cancer,easy,KEEP,yes,yes,1,1,132,180,,Novita,stop,0,8.982e-05,content,0.0,700
meta-llama/llama-3.3-70b-instruct,270,4563,DR_k1,chain,2,ate,smoking_tar_cancer,easy,KEEP,yes,yes,1,1,124,173,,Novita,stop,0,8.594e-05,content,0.0,700
meta-llama/llama-3.3-70b-instruct,270,4563,DR_k2,chain,2,ate,smoking_tar_cancer,easy,KEEP,yes,no,0,1,132,370,,Novita,stop,0,0.00016582,content,0.0,700
meta-llama/llama-3.3-70b-instruct,271,12174,RAW,chain,2,ate,college_salary,anticommonsense,KEEP,no,no,1,1,108,96,,Novita,stop,0,5.298e-05,content,0.0,700
meta-llama/llama-3.3-70b-instruct,271,12174,ORACLE,chain,2,ate,college_salary,anticommonsense,KEEP,no,no,1,1,141,163,,Novita,stop,0,8.4235e-05,content,0.0,700
meta-llama/llama-3.3-70b-instruct,271,12174,DR_k1,chain,2,ate,college_salary,anticommonsense,KEEP,no,no,1,1,135,223,,Novita,stop,0,0.000107425,content,0.0,700
meta-llama/llama-3.3-70b-instruct,271,12174,DR_k2,chain,2,ate,college_salary,anticommonsense,KEEP,no,no,1,1,141,270,,Novita,stop,0,0.000127035,content,0.0,700
meta-llama/llama-3.3-70b-instruct,272,10010,RAW,chain,3,det-counterfactual,orange_scurvy,commonsense,KEEP,yes,yes,1,1,101,94,,Novita,stop,0,5.1235e-05,content,0.0,700
meta-llama/llama-3.3-70b-instruct,272,10010,ORACLE,chain,3,det-counterfactual,orange_scurvy,commonsense,KEEP,yes,yes,1,1,140,153,,Novita,stop,0,8.01e-05,content,0.0,700
meta-llama/llama-3.3-70b-instruct,272,10010,DR_k1,chain,3,det-counterfactual,orange_scurvy,commonsense,KEEP,yes,yes,1,1,132,151,,Novita,stop,0,7.822e-05,content,0.0,700
meta-llama/llama-3.3-70b-instruct,272,10010,DR_k2,chain,3,det-counterfactual,orange_scurvy,commonsense,KEEP,yes,yes,1,1,139,213,,Novita,stop,0,0.000103965,content,0.0,700
meta-llama/llama-3.3-70b-instruct,273,8206,RAW,chain,3,ett,orange_scurvy,hard,KEEP,no,no,1,1,116,105,,Novita,stop,0,5.766e-05,content,0.0,700
meta-llama/llama-3.3-70b-instruct,273,8206,ORACLE,chain,3,ett,orange_scurvy,hard,KEEP,no,no,1,1,155,221,,Novita,stop,0,0.000109325,content,0.0,700
meta-llama/llama-3.3-70b-instruct,273,8206,DR_k1,chain,3,ett,orange_scurvy,hard,KEEP,no,yes,0,1,147,433,,Novita,stop,0,0.000193045,content,0.0,700
meta-llama/llama-3.3-70b-instruct,273,8206,DR_k2,chain,3,ett,orange_scurvy,hard,KEEP,no,no,1,1,154,255,,Novita,stop,0,0.00012279,content,0.0,700
meta-llama/llama-3.3-70b-instruct,274,20392,RAW,chain,3,det-counterfactual,orange_scurvy,anticommonsense,KEEP,no,no,1,1,98,82,,Novita,stop,0,4.603e-05,content,0.0,700
meta-llama/llama-3.3-70b-instruct,274,20392,ORACLE,chain,3,det-counterfactual,orange_scurvy,anticommonsense,KEEP,no,no,1,1,136,62,,Novita,stop,0,4.316e-05,content,0.0,700
meta-llama/llama-3.3-70b-instruct,274,20392,DR_k1,chain,3,det-counterfactual,orange_scurvy,anticommonsense,KEEP,no,no,1,1,128,98,,Novita,stop,0,5.648e-05,content,0.0,700
meta-llama/llama-3.3-70b-instruct,274,20392,DR_k2,chain,3,det-counterfactual,orange_scurvy,anticommonsense,KEEP,no,no,1,1,136,247,,Novita,stop,0,0.00011716,content,0.0,700
meta-llama/llama-3.3-70b-instruct,275,19650,RAW,chain,3,ett,smoking_tar_cancer,anticommonsense,KEEP,no,no,1,1,121,434,,Novita,stop,0,0.000189935,content,0.0,700
meta-llama/llama-3.3-70b-instruct,275,19650,ORACLE,chain,3,ett,smoking_tar_cancer,anticommonsense,KEEP,no,no,1,1,157,234,,Novita,stop,0,0.000114795,content,0.0,700
meta-llama/llama-3.3-70b-instruct,275,19650,DR_k1,chain,3,ett,smoking_tar_cancer,anticommonsense,KEEP,no,no,1,1,157,360,,Novita,stop,0,0.000165195,content,0.0,700
meta-llama/llama-3.3-70b-instruct,275,19650,DR_k2,chain,3,ett,smoking_tar_cancer,anticommonsense,KEEP,no,no,1,1,158,173,,Novita,stop,0,9.053e-05,content,0.0,700
meta-llama/llama-3.3-70b-instruct,276,1754,RAW,chain,3,ett,college_salary,easy,KEEP,yes,yes,1,1,124,345,,Novita,stop,0,0.00015474,content,0.0,700
meta-llama/llama-3.3-70b-instruct,276,1754,ORACLE,chain,3,ett,college_salary,easy,KEEP,yes,yes,1,1,156,227,,Novita,stop,0,0.00011186,content,0.0,700
meta-llama/llama-3.3-70b-instruct,276,1754,DR_k1,chain,3,ett,college_salary,easy,KEEP,yes,yes,1,1,156,257,,Novita,stop,0,0.00012386,content,0.0,700
meta-llama/llama-3.3-70b-instruct,276,1754,DR_k2,chain,3,ett,college_salary,easy,KEEP,yes,no,0,1,156,399,,Novita,stop,0,0.00018066,content,0.0,700
meta-llama/llama-3.3-70b-instruct,277,14970,RAW,chain,3,ett,smoking_tar_cancer,anticommonsense,KEEP,no,no,1,1,121,113,,Novita,stop,0,6.1535e-05,content,0.0,700
meta-llama/llama-3.3-70b-instruct,277,14970,ORACLE,chain,3,ett,smoking_tar_cancer,anticommonsense,KEEP,no,no,1,1,157,331,,Novita,stop,0,0.000153595,content,0.0,700
meta-llama/llama-3.3-70b-instruct,277,14970,DR_k1,chain,3,ett,smoking_tar_cancer,anticommonsense,KEEP,no,no,1,1,150,501,,Novita,stop,0,0.00022065,content,0.0,700
meta-llama/llama-3.3-70b-instruct,277,14970,DR_k2,chain,3,ett,smoking_tar_cancer,anticommonsense,KEEP,no,no,1,1,158,293,,Novita,stop,0,0.00013853,content,0.0,700
meta-llama/llama-3.3-70b-instruct,278,6552,RAW,chain,3,nie,college_salary,hard,KEEP,no,no,1,1,105,110,,Novita,stop,0,5.8175e-05,content,0.0,700
meta-llama/llama-3.3-70b-instruct,278,6552,ORACLE,chain,3,nie,college_salary,hard,KEEP,no,no,1,1,137,230,,Novita,stop,0,0.000110495,content,0.0,700
meta-llama/llama-3.3-70b-instruct,278,6552,DR_k1,chain,3,nie,college_salary,hard,KEEP,no,no,1,1,137,301,,Novita,stop,0,0.000138895,content,0.0,700
meta-llama/llama-3.3-70b-instruct,278,6552,DR_k2,chain,3,nie,college_salary,hard,KEEP,no,no,1,1,137,233,,Novita,stop,0,0.000111695,content,0.0,700
meta-llama/llama-3.3-70b-instruct,279,3336,RAW,chain,3,nie,orange_scurvy,easy,KEEP,no,yes,0,1,106,141,,Novita,stop,0,7.071e-05,content,0.0,700
meta-llama/llama-3.3-70b-instruct,279,3336,ORACLE,chain,3,nie,orange_scurvy,easy,KEEP,no,yes,0,1,145,212,,Novita,stop,0,0.000104375,content,0.0,700
meta-llama/llama-3.3-70b-instruct,279,3336,DR_k1,chain,3,nie,orange_scurvy,easy,KEEP,no,yes,0,1,137,215,,Novita,stop,0,0.000104495,content,0.0,700
meta-llama/llama-3.3-70b-instruct,279,3336,DR_k2,chain,3,nie,orange_scurvy,easy,KEEP,no,no,1,1,144,308,,Novita,stop,0,0.00014264,content,0.0,700
meta-llama/llama-3.3-70b-instruct,280,20685,RAW,chain,3,det-counterfactual,smoking_tar_cancer,anticommonsense,KEEP,yes,yes,1,1,102,96,,Novita,stop,0,5.217e-05,content,0.0,700
meta-llama/llama-3.3-70b-instruct,280,20685,ORACLE,chain,3,det-counterfactual,smoking_tar_cancer,anticommonsense,KEEP,yes,yes,1,1,138,96,,Novita,stop,0,5.703e-05,content,0.0,700
meta-llama/llama-3.3-70b-instruct,280,20685,DR_k1,chain,3,det-counterfactual,smoking_tar_cancer,anticommonsense,KEEP,yes,yes,1,1,131,220,,Novita,stop,0,0.000105685,content,0.0,700
meta-llama/llama-3.3-70b-instruct,280,20685,DR_k2,chain,3,det-counterfactual,smoking_tar_cancer,anticommonsense,KEEP,yes,no,0,1,139,300,,Novita,stop,0,0.000138765,content,0.0,700
meta-llama/llama-3.3-70b-instruct,281,4552,RAW,chain,3,ett,smoking_tar_cancer,easy,KEEP,yes,yes,1,1,110,92,,Novita,stop,0,5.165e-05,content,0.0,700
meta-llama/llama-3.3-70b-instruct,281,4552,ORACLE,chain,3,ett,smoking_tar_cancer,easy,KEEP,yes,yes,1,1,145,147,,Novita,stop,0,7.8375e-05,content,0.0,700
meta-llama/llama-3.3-70b-instruct,281,4552,DR_k1,chain,3,ett,smoking_tar_cancer,easy,KEEP,yes,yes,1,1,145,255,,Novita,stop,0,0.000121575,content,0.0,700
meta-llama/llama-3.3-70b-instruct,281,4552,DR_k2,chain,3,ett,smoking_tar_cancer,easy,KEEP,yes,yes,1,1,145,555,,Novita,stop,0,0.000241575,content,0.0,700
meta-llama/llama-3.3-70b-instruct,282,1731,RAW,chain,3,nie,college_salary,easy,KEEP,yes,yes,1,1,105,169,,Novita,stop,0,8.1775e-05,content,0.0,700
meta-llama/llama-3.3-70b-instruct,282,1731,ORACLE,chain,3,nie,college_salary,easy,KEEP,yes,yes,1,1,137,198,,Novita,stop,0,9.7695e-05,content,0.0,700
meta-llama/llama-3.3-70b-instruct,282,1731,DR_k1,chain,3,nie,college_salary,easy,KEEP,yes,yes,1,1,137,304,,Novita,stop,0,0.000140095,content,0.0,700
meta-llama/llama-3.3-70b-instruct,282,1731,DR_k2,chain,3,nie,college_salary,easy,KEEP,yes,no,0,1,137,205,,Novita,stop,0,0.000100495,content,0.0,700
meta-llama/llama-3.3-70b-instruct,283,1677,RAW,chain,3,nie,college_salary,easy,KEEP,yes,yes,1,1,105,196,,Novita,stop,0,9.2575e-05,content,0.0,700
meta-llama/llama-3.3-70b-instruct,283,1677,ORACLE,chain,3,nie,college_salary,easy,KEEP,yes,yes,1,1,137,233,,Novita,stop,0,0.000111695,content,0.0,700
meta-llama/llama-3.3-70b-instruct,283,1677,DR_k1,chain,3,nie,college_salary,easy,KEEP,yes,no,0,1,137,308,,Novita,stop,0,0.000141695,content,0.0,700
meta-llama/llama-3.3-70b-instruct,283,1677,DR_k2,chain,3,nie,college_salary,easy,KEEP,yes,no,0,1,137,171,,Novita,stop,0,8.6895e-05,content,0.0,700
meta-llama/llama-3.3-70b-instruct,284,20161,RAW,chain,3,det-counterfactual,college_salary,anticommonsense,KEEP,no,no,1,1,104,97,,Novita,stop,0,5.284e-05,content,0.0,700
meta-llama/llama-3.3-70b-instruct,284,20161,ORACLE,chain,3,det-counterfactual,college_salary,anticommonsense,KEEP,no,no,1,1,137,123,,Novita,stop,0,6.7695e-05,content,0.0,700
meta-llama/llama-3.3-70b-instruct,284,20161,DR_k1,chain,3,det-counterfactual,college_salary,anticommonsense,KEEP,no,no,1,1,137,194,,Novita,stop,0,9.6095e-05,content,0.0,700
meta-llama/llama-3.3-70b-instruct,284,20161,DR_k2,chain,3,det-counterfactual,college_salary,anticommonsense,KEEP,no,no,1,1,137,327,,Novita,stop,0,0.000149295,content,0.0,700
meta-llama/llama-3.3-70b-instruct,285,19719,RAW,chain,3,nie,smoking_tar_cancer,anticommonsense,KEEP,yes,no,0,1,108,131,,Novita,stop,0,6.698e-05,content,0.0,700
meta-llama/llama-3.3-70b-instruct,285,19719,ORACLE,chain,3,nie,smoking_tar_cancer,anticommonsense,KEEP,yes,yes,1,1,144,191,,Novita,stop,0,9.584e-05,content,0.0,700
meta-llama/llama-3.3-70b-instruct,285,19719,DR_k1,chain,3,nie,smoking_tar_cancer,anticommonsense,KEEP,yes,no,0,1,137,325,,Novita,stop,0,0.000148495,content,0.0,700
meta-llama/llama-3.3-70b-instruct,285,19719,DR_k2,chain,3,nie,smoking_tar_cancer,anticommonsense,KEEP,yes,no,0,1,145,269,,Novita,stop,0,0.000127175,content,0.0,700
meta-llama/llama-3.3-70b-instruct,286,3396,RAW,chain,3,nie,orange_scurvy,easy,KEEP,yes,yes,1,1,106,188,,Novita,stop,0,8.951e-05,content,0.0,700
meta-llama/llama-3.3-70b-instruct,286,3396,ORACLE,chain,3,nie,orange_scurvy,easy,KEEP,yes,yes,1,1,145,196,,Novita,stop,0,9.7975e-05,content,0.0,700
meta-llama/llama-3.3-70b-instruct,286,3396,DR_k1,chain,3,nie,orange_scurvy,easy,KEEP,yes,yes,1,1,137,196,,Novita,stop,0,9.6895e-05,content,0.0,700
meta-llama/llama-3.3-70b-instruct,286,3396,DR_k2,chain,3,nie,orange_scurvy,easy,KEEP,yes,yes,1,1,144,459,,Novita,stop,0,0.00020304,content,0.0,700
meta-llama/llama-3.3-70b-instruct,287,9772,RAW,chain,3,det-counterfactual,college_salary,commonsense,KEEP,no,no,1,1,105,83,,Novita,stop,0,4.7375e-05,content,0.0,700
meta-llama/llama-3.3-70b-instruct,287,9772,ORACLE,chain,3,det-counterfactual,college_salary,commonsense,KEEP,no,no,1,1,137,133,,Novita,stop,0,7.1695e-05,content,0.0,700
meta-llama/llama-3.3-70b-instruct,287,9772,DR_k1,chain,3,det-counterfactual,college_salary,commonsense,KEEP,no,no,1,1,137,135,,Novita,stop,0,7.2495e-05,content,0.0,700
meta-llama/llama-3.3-70b-instruct,287,9772,DR_k2,chain,3,det-counterfactual,college_salary,commonsense,KEEP,no,yes,0,1,137,293,,Novita,stop,0,0.000135695,content,0.0,700
meta-llama/llama-3.3-70b-instruct,288,16953,RAW,chain,3,nie,college_salary,anticommonsense,KEEP,yes,no,0,1,106,202,,Novita,stop,0,9.511e-05,content,0.0,700
meta-llama/llama-3.3-70b-instruct,288,16953,ORACLE,chain,3,nie,college_salary,anticommonsense,KEEP,yes,yes,1,1,139,236,,Novita,stop,0,0.000113165,content,0.0,700
meta-llama/llama-3.3-70b-instruct,288,16953,DR_k1,chain,3,nie,college_salary,anticommonsense,KEEP,yes,yes,1,1,139,203,,Novita,stop,0,9.9965e-05,content,0.0,700
meta-llama/llama-3.3-70b-instruct,288,16953,DR_k2,chain,3,nie,college_salary,anticommonsense,KEEP,yes,no,0,1,139,406,,Novita,stop,0,0.000181165,content,0.0,700
meta-llama/llama-3.3-70b-instruct,289,8127,RAW,chain,3,ett,orange_scurvy,hard,KEEP,no,yes,0,1,116,147,,Novita,stop,0,7.446e-05,content,0.0,700
meta-llama/llama-3.3-70b-instruct,289,8127,ORACLE,chain,3,ett,orange_scurvy,hard,KEEP,no,yes,0,1,155,230,,Novita,stop,0,0.000112925,content,0.0,700
meta-llama/llama-3.3-70b-instruct,289,8127,DR_k1,chain,3,ett,orange_scurvy,hard,KEEP,no,no,1,1,147,359,,Novita,stop,0,0.000163445,content,0.0,700
meta-llama/llama-3.3-70b-instruct,289,8127,DR_k2,chain,3,ett,orange_scurvy,hard,KEEP,no,no,1,1,154,293,,Novita,stop,0,0.00013799,content,0.0,700
meta-llama/llama-3.3-70b-instruct,290,13825,RAW,chain,3,nie,orange_scurvy,anticommonsense,KEEP,yes,no,0,1,103,167,,Novita,stop,0,8.0705e-05,content,0.0,700
meta-llama/llama-3.3-70b-instruct,290,13825,ORACLE,chain,3,nie,orange_scurvy,anticommonsense,KEEP,yes,yes,1,1,141,200,,Novita,stop,0,9.9035e-05,content,0.0,700
meta-llama/llama-3.3-70b-instruct,290,13825,DR_k1,chain,3,nie,orange_scurvy,anticommonsense,KEEP,yes,yes,1,1,133,249,,Novita,stop,0,0.000117555,content,0.0,700
meta-llama/llama-3.3-70b-instruct,290,13825,DR_k2,chain,3,nie,orange_scurvy,anticommonsense,KEEP,yes,no,0,1,141,295,,Novita,stop,0,0.000137035,content,0.0,700
meta-llama/llama-3.3-70b-instruct,291,9308,RAW,chain,3,nie,smoking_tar_cancer,hard,KEEP,yes,yes,1,1,98,167,,Novita,stop,0,8.003e-05,content,0.0,700
meta-llama/llama-3.3-70b-instruct,291,9308,ORACLE,chain,3,nie,smoking_tar_cancer,hard,KEEP,yes,yes,1,1,133,184,,Novita,stop,0,9.1555e-05,content,0.0,700
meta-llama/llama-3.3-70b-instruct,291,9308,DR_k1,chain,3,nie,smoking_tar_cancer,hard,KEEP,yes,yes,1,1,125,196,,Novita,stop,0,9.5275e-05,content,0.0,700
meta-llama/llama-3.3-70b-instruct,291,9308,DR_k2,chain,3,nie,smoking_tar_cancer,hard,KEEP,yes,no,0,1,133,339,,Novita,stop,0,0.000153555,content,0.0,700
meta-llama/llama-3.3-70b-instruct,292,1795,RAW,chain,3,ett,college_salary,easy,KEEP,yes,yes,1,1,124,158,,Novita,stop,0,7.994e-05,content,0.0,700
meta-llama/llama-3.3-70b-instruct,292,1795,ORACLE,chain,3,ett,college_salary,easy,KEEP,yes,yes,1,1,156,239,,Novita,stop,0,0.00011666,content,0.0,700
meta-llama/llama-3.3-70b-instruct,292,1795,DR_k1,chain,3,ett,college_salary,easy,KEEP,yes,yes,1,1,150,617,,Novita,stop,0,0.00026705,content,0.0,700
meta-llama/llama-3.3-70b-instruct,292,1795,DR_k2,chain,3,ett,college_salary,easy,KEEP,yes,no,0,1,156,500,,Novita,stop,0,0.00022106,content,0.0,700
meta-llama/llama-3.3-70b-instruct,293,6481,RAW,chain,3,nie,college_salary,hard,KEEP,yes,yes,1,1,105,166,,Novita,stop,0,8.0575e-05,content,0.0,700
meta-llama/llama-3.3-70b-instruct,293,6481,ORACLE,chain,3,nie,college_salary,hard,KEEP,yes,yes,1,1,137,197,,Novita,stop,0,9.7295e-05,content,0.0,700
meta-llama/llama-3.3-70b-instruct,293,6481,DR_k1,chain,3,nie,college_salary,hard,KEEP,yes,yes,1,1,137,370,,Novita,stop,0,0.000166495,content,0.0,700
meta-llama/llama-3.3-70b-instruct,293,6481,DR_k2,chain,3,nie,college_salary,hard,KEEP,yes,no,0,1,137,190,,Novita,stop,0,9.4495e-05,content,0.0,700
meta-llama/llama-3.3-70b-instruct,294,3370,RAW,chain,3,nie,orange_scurvy,easy,KEEP,yes,yes,1,1,106,187,,Novita,stop,0,8.911e-05,content,0.0,700
meta-llama/llama-3.3-70b-instruct,294,3370,ORACLE,chain,3,nie,orange_scurvy,easy,KEEP,yes,yes,1,1,145,196,,Novita,stop,0,9.7975e-05,content,0.0,700
meta-llama/llama-3.3-70b-instruct,294,3370,DR_k1,chain,3,nie,orange_scurvy,easy,KEEP,yes,yes,1,1,145,186,,Novita,stop,0,9.3975e-05,content,0.0,700
meta-llama/llama-3.3-70b-instruct,294,3370,DR_k2,chain,3,nie,orange_scurvy,easy,KEEP,yes,yes,1,1,144,392,,Novita,stop,0,0.00017624,content,0.0,700
meta-llama/llama-3.3-70b-instruct,295,12152,RAW,chain,3,ett,college_salary,anticommonsense,KEEP,no,no,1,1,124,217,,Novita,stop,0,0.00010354,content,0.0,700
meta-llama/llama-3.3-70b-instruct,295,12152,ORACLE,chain,3,ett,college_salary,anticommonsense,KEEP,no,no,1,1,157,248,,Novita,stop,0,0.000120395,content,0.0,700
meta-llama/llama-3.3-70b-instruct,295,12152,DR_k1,chain,3,ett,college_salary,anticommonsense,KEEP,no,no,1,1,151,398,,Novita,stop,0,0.000179585,content,0.0,700
meta-llama/llama-3.3-70b-instruct,295,12152,DR_k2,chain,3,ett,college_salary,anticommonsense,KEEP,no,no,1,1,157,393,,Novita,stop,0,0.000178395,content,0.0,700
meta-llama/llama-3.3-70b-instruct,296,10296,RAW,chain,3,det-counterfactual,smoking_tar_cancer,commonsense,KEEP,yes,yes,1,1,98,82,,Novita,stop,0,4.603e-05,content,0.0,700
meta-llama/llama-3.3-70b-instruct,296,10296,ORACLE,chain,3,det-counterfactual,smoking_tar_cancer,commonsense,KEEP,yes,yes,1,1,133,62,,Novita,stop,0,4.2755e-05,content,0.0,700
meta-llama/llama-3.3-70b-instruct,296,10296,DR_k1,chain,3,det-counterfactual,smoking_tar_cancer,commonsense,KEEP,yes,yes,1,1,133,313,,Novita,stop,0,0.000143155,content,0.0,700
meta-llama/llama-3.3-70b-instruct,296,10296,DR_k2,chain,3,det-counterfactual,smoking_tar_cancer,commonsense,KEEP,yes,yes,1,1,133,128,,Novita,stop,0,6.9155e-05,content,0.0,700
meta-llama/llama-3.3-70b-instruct,297,14939,RAW,chain,3,ett,smoking_tar_cancer,anticommonsense,KEEP,no,no,1,1,121,113,,Novita,stop,0,6.1535e-05,content,0.0,700
meta-llama/llama-3.3-70b-instruct,297,14939,ORACLE,chain,3,ett,smoking_tar_cancer,anticommonsense,KEEP,no,no,1,1,157,313,,Novita,stop,0,0.000146395,content,0.0,700
meta-llama/llama-3.3-70b-instruct,297,14939,DR_k1,chain,3,ett,smoking_tar_cancer,anticommonsense,KEEP,no,no,1,1,150,465,,Novita,stop,0,0.00020625,content,0.0,700
meta-llama/llama-3.3-70b-instruct,297,14939,DR_k2,chain,3,ett,smoking_tar_cancer,anticommonsense,KEEP,no,no,1,1,158,342,,Novita,stop,0,0.00015813,content,0.0,700
meta-llama/llama-3.3-70b-instruct,298,20391,RAW,chain,3,det-counterfactual,orange_scurvy,anticommonsense,KEEP,no,no,1,1,98,109,,Novita,stop,0,5.683e-05,content,0.0,700
meta-llama/llama-3.3-70b-instruct,298,20391,ORACLE,chain,3,det-counterfactual,orange_scurvy,anticommonsense,KEEP,no,no,1,1,136,300,,Novita,stop,0,0.00013836,content,0.0,700
meta-llama/llama-3.3-70b-instruct,298,20391,DR_k1,chain,3,det-counterfactual,orange_scurvy,anticommonsense,KEEP,no,no,1,1,128,369,,Novita,stop,0,0.00016488,content,0.0,700
meta-llama/llama-3.3-70b-instruct,298,20391,DR_k2,chain,3,det-counterfactual,orange_scurvy,anticommonsense,KEEP,no,no,1,1,136,329,,Novita,stop,0,0.00014996,content,0.0,700
meta-llama/llama-3.3-70b-instruct,299,14993,RAW,chain,3,ett,smoking_tar_cancer,anticommonsense,KEEP,no,no,1,1,121,114,,Novita,stop,0,6.1935e-05,content,0.0,700
meta-llama/llama-3.3-70b-instruct,299,14993,ORACLE,chain,3,ett,smoking_tar_cancer,anticommonsense,KEEP,no,no,1,1,157,234,,Novita,stop,0,0.000114795,content,0.0,700
meta-llama/llama-3.3-70b-instruct,299,14993,DR_k1,chain,3,ett,smoking_tar_cancer,anticommonsense,KEEP,no,yes,0,1,150,525,,Novita,stop,0,0.00023025,content,0.0,700
meta-llama/llama-3.3-70b-instruct,299,14993,DR_k2,chain,3,ett,smoking_tar_cancer,anticommonsense,KEEP,no,no,1,1,158,354,,Novita,stop,0,0.00016293,content,0.0,700
meta-llama/llama-3.3-70b-instruct,300,6508,RAW,chain,3,nie,college_salary,hard,KEEP,no,no,1,1,105,127,,Novita,stop,0,6.4975e-05,content,0.0,700
meta-llama/llama-3.3-70b-instruct,300,6508,ORACLE,chain,3,nie,college_salary,hard,KEEP,no,no,1,1,137,230,,Novita,stop,0,0.000110495,content,0.0,700
meta-llama/llama-3.3-70b-instruct,300,6508,DR_k1,chain,3,nie,college_salary,hard,KEEP,no,no,1,1,131,263,,Novita,stop,0,0.000122885,content,0.0,700
meta-llama/llama-3.3-70b-instruct,300,6508,DR_k2,chain,3,nie,college_salary,hard,KEEP,no,no,1,1,137,302,,Novita,stop,0,0.000139295,content,0.0,700
meta-llama/llama-3.3-70b-instruct,301,6486,RAW,chain,3,ett,college_salary,hard,KEEP,no,no,1,1,124,150,,Novita,stop,0,7.674e-05,content,0.0,700
meta-llama/llama-3.3-70b-instruct,301,6486,ORACLE,chain,3,ett,college_salary,hard,KEEP,no,no,1,1,156,283,,Novita,stop,0,0.00013426,content,0.0,700
meta-llama/llama-3.3-70b-instruct,301,6486,DR_k1,chain,3,ett,college_salary,hard,KEEP,no,,0,0,150,700,,Novita,length,0,0.00030025,content,0.0,700
meta-llama/llama-3.3-70b-instruct,301,6486,DR_k2,chain,3,ett,college_salary,hard,KEEP,no,no,1,1,156,326,,Novita,stop,0,0.00015146,content,0.0,700
meta-llama/llama-3.3-70b-instruct,302,20159,RAW,chain,3,det-counterfactual,college_salary,anticommonsense,KEEP,yes,yes,1,1,104,288,,Novita,stop,0,0.00012924,content,0.0,700
meta-llama/llama-3.3-70b-instruct,302,20159,ORACLE,chain,3,det-counterfactual,college_salary,anticommonsense,KEEP,yes,yes,1,1,137,161,,Novita,stop,0,8.2895e-05,content,0.0,700
meta-llama/llama-3.3-70b-instruct,302,20159,DR_k1,chain,3,det-counterfactual,college_salary,anticommonsense,KEEP,yes,yes,1,1,137,187,,Novita,stop,0,9.3295e-05,content,0.0,700
meta-llama/llama-3.3-70b-instruct,302,20159,DR_k2,chain,3,det-counterfactual,college_salary,anticommonsense,KEEP,yes,yes,1,1,137,152,,Novita,stop,0,7.9295e-05,content,0.0,700
meta-llama/llama-3.3-70b-instruct,303,4491,RAW,chain,3,nie,smoking_tar_cancer,easy,KEEP,no,no,1,1,98,97,,Novita,stop,0,5.203e-05,content,0.0,700
meta-llama/llama-3.3-70b-instruct,303,4491,ORACLE,chain,3,nie,smoking_tar_cancer,easy,KEEP,no,no,1,1,133,285,,Novita,stop,0,0.000131955,content,0.0,700
meta-llama/llama-3.3-70b-instruct,303,4491,DR_k1,chain,3,nie,smoking_tar_cancer,easy,KEEP,no,no,1,1,125,195,,Novita,stop,0,9.4875e-05,content,0.0,700
meta-llama/llama-3.3-70b-instruct,303,4491,DR_k2,chain,3,nie,smoking_tar_cancer,easy,KEEP,no,no,1,1,133,271,,Novita,stop,0,0.000126355,content,0.0,700
meta-llama/llama-3.3-70b-instruct,304,20153,RAW,chain,3,det-counterfactual,college_salary,anticommonsense,KEEP,yes,yes,1,1,104,408,,Novita,stop,0,0.00017724,content,0.0,700
meta-llama/llama-3.3-70b-instruct,304,20153,ORACLE,chain,3,det-counterfactual,college_salary,anticommonsense,KEEP,yes,yes,1,1,137,115,,Novita,stop,0,6.4495e-05,content,0.0,700
meta-llama/llama-3.3-70b-instruct,304,20153,DR_k1,chain,3,det-counterfactual,college_salary,anticommonsense,KEEP,yes,yes,1,1,137,328,,Novita,stop,0,0.000149695,content,0.0,700
meta-llama/llama-3.3-70b-instruct,304,20153,DR_k2,chain,3,det-counterfactual,college_salary,anticommonsense,KEEP,yes,yes,1,1,137,279,,Novita,stop,0,0.000130095,content,0.0,700
meta-llama/llama-3.3-70b-instruct,305,9237,RAW,chain,3,nie,smoking_tar_cancer,hard,KEEP,no,yes,0,1,98,147,,Novita,stop,0,7.203e-05,content,0.0,700
meta-llama/llama-3.3-70b-instruct,305,9237,ORACLE,chain,3,nie,smoking_tar_cancer,hard,KEEP,no,no,1,1,133,203,,Novita,stop,0,9.9155e-05,content,0.0,700
meta-llama/llama-3.3-70b-instruct,305,9237,DR_k1,chain,3,nie,smoking_tar_cancer,hard,KEEP,no,no,1,1,125,318,,Novita,stop,0,0.000144075,content,0.0,700
meta-llama/llama-3.3-70b-instruct,305,9237,DR_k2,chain,3,nie,smoking_tar_cancer,hard,KEEP,no,no,1,1,133,178,,Novita,stop,0,8.9155e-05,content,0.0,700
meta-llama/llama-3.3-70b-instruct,307,13035,RAW,collision,1,exp_away,hospitalization,anticommonsense,KEEP,no,no,1,1,170,120,,Novita,stop,0,7.095e-05,content,0.0,700
meta-llama/llama-3.3-70b-instruct,307,13035,ORACLE,collision,1,exp_away,hospitalization,anticommonsense,KEEP,no,no,1,1,208,140,,Novita,stop,0,8.408e-05,content,0.0,700
meta-llama/llama-3.3-70b-instruct,307,13035,DR_k1,collision,1,exp_away,hospitalization,anticommonsense,KEEP,no,no,1,1,207,140,,Novita,stop,0,8.3945e-05,content,0.0,700
meta-llama/llama-3.3-70b-instruct,307,13035,DR_k2,collision,1,exp_away,hospitalization,anticommonsense,KEEP,no,no,1,1,199,134,,Novita,stop,0,8.0465e-05,content,0.0,700
meta-llama/llama-3.3-70b-instruct,308,1980,RAW,collision,1,exp_away,elite_students,easy,KEEP,no,no,1,1,178,209,,Novita,stop,0,0.00010763,content,0.0,700
meta-llama/llama-3.3-70b-instruct,308,1980,ORACLE,collision,1,exp_away,elite_students,easy,KEEP,no,no,1,1,216,185,,Novita,stop,0,0.00010316,content,0.0,700
meta-llama/llama-3.3-70b-instruct,308,1980,DR_k1,collision,1,exp_away,elite_students,easy,KEEP,no,no,1,1,216,198,,Novita,stop,0,0.00010836,content,0.0,700
meta-llama/llama-3.3-70b-instruct,308,1980,DR_k2,collision,1,exp_away,elite_students,easy,KEEP,no,no,1,1,206,182,,Novita,stop,0,0.00010061,content,0.0,700
meta-llama/llama-3.3-70b-instruct,309,1939,RAW,collision,1,exp_away,elite_students,easy,KEEP,no,no,1,1,178,132,,Novita,stop,0,7.683e-05,content,0.0,700
meta-llama/llama-3.3-70b-instruct,309,1939,ORACLE,collision,1,exp_away,elite_students,easy,KEEP,no,no,1,1,216,185,,Novita,stop,0,0.00010316,content,0.0,700
meta-llama/llama-3.3-70b-instruct,309,1939,DR_k1,collision,1,exp_away,elite_students,easy,KEEP,no,no,1,1,215,235,,Novita,stop,0,0.000123025,content,0.0,700
meta-llama/llama-3.3-70b-instruct,309,1939,DR_k2,collision,1,exp_away,elite_students,easy,KEEP,no,no,1,1,206,136,,Novita,stop,0,8.221e-05,content,0.0,700
meta-llama/llama-3.3-70b-instruct,310,7425,RAW,collision,1,exp_away,hospitalization,hard,KEEP,yes,yes,1,1,170,99,,Novita,stop,0,6.255e-05,content,0.0,700
meta-llama/llama-3.3-70b-instruct,310,7425,ORACLE,collision,1,exp_away,hospitalization,hard,KEEP,yes,yes,1,1,208,239,,Novita,stop,0,0.00012368,content,0.0,700
meta-llama/llama-3.3-70b-instruct,310,7425,DR_k1,collision,1,exp_away,hospitalization,hard,KEEP,yes,yes,1,1,207,202,,Novita,stop,0,0.000108745,content,0.0,700
meta-llama/llama-3.3-70b-instruct,310,7425,DR_k2,collision,1,exp_away,hospitalization,hard,KEEP,yes,yes,1,1,199,103,,Novita,stop,0,6.8065e-05,content,0.0,700
meta-llama/llama-3.3-70b-instruct,318,11928,RAW,collision,1,exp_away,celebrity,anticommonsense,KEEP,no,no,1,1,166,102,,Novita,stop,0,6.321e-05,content,0.0,700
meta-llama/llama-3.3-70b-instruct,318,11928,ORACLE,collision,1,exp_away,celebrity,anticommonsense,KEEP,no,no,1,1,198,133,,Novita,stop,0,7.993e-05,content,0.0,700
meta-llama/llama-3.3-70b-instruct,318,11928,DR_k1,collision,1,exp_away,celebrity,anticommonsense,KEEP,no,no,1,1,198,123,,Novita,stop,0,7.593e-05,content,0.0,700
meta-llama/llama-3.3-70b-instruct,318,11928,DR_k2,collision,1,exp_away,celebrity,anticommonsense,KEEP,no,no,1,1,193,133,,Novita,stop,0,7.9255e-05,content,0.0,700
meta-llama/llama-3.3-70b-instruct,320,2636,RAW,collision,1,exp_away,hospitalization,easy,KEEP,no,no,1,1,170,111,,Novita,stop,0,6.735e-05,content,0.0,700
meta-llama/llama-3.3-70b-instruct,320,2636,ORACLE,collision,1,exp_away,hospitalization,easy,KEEP,no,no,1,1,208,131,,Novita,stop,0,8.048e-05,content,0.0,700
meta-llama/llama-3.3-70b-instruct,320,2636,DR_k1,collision,1,exp_away,hospitalization,easy,KEEP,no,no,1,1,208,125,,Novita,stop,0,7.808e-05,content,0.0,700
meta-llama/llama-3.3-70b-instruct,320,2636,DR_k2,collision,1,exp_away,hospitalization,easy,KEEP,no,no,1,1,199,117,,Novita,stop,0,7.3665e-05,content,0.0,700
meta-llama/llama-3.3-70b-instruct,321,13100,RAW,collision,1,exp_away,hospitalization,anticommonsense,KEEP,no,no,1,1,170,98,,Novita,stop,0,6.215e-05,content,0.0,700
meta-llama/llama-3.3-70b-instruct,321,13100,ORACLE,collision,1,exp_away,hospitalization,anticommonsense,KEEP,no,no,1,1,208,122,,Novita,stop,0,7.688e-05,content,0.0,700
meta-llama/llama-3.3-70b-instruct,321,13100,DR_k1,collision,1,exp_away,hospitalization,anticommonsense,KEEP,no,no,1,1,208,122,,Novita,stop,0,7.688e-05,content,0.0,700
meta-llama/llama-3.3-70b-instruct,321,13100,DR_k2,collision,1,exp_away,hospitalization,anticommonsense,KEEP,no,no,1,1,199,109,,Novita,stop,0,7.0465e-05,content,0.0,700
meta-llama/llama-3.3-70b-instruct,324,16706,RAW,collision,1,exp_away,celebrity,anticommonsense,KEEP,yes,yes,1,1,165,123,,Novita,stop,0,7.1475e-05,content,0.0,700
meta-llama/llama-3.3-70b-instruct,324,16706,ORACLE,collision,1,exp_away,celebrity,anticommonsense,KEEP,yes,yes,1,1,199,125,,Novita,stop,0,7.6865e-05,content,0.0,700
meta-llama/llama-3.3-70b-instruct,324,16706,DR_k1,collision,1,exp_away,celebrity,anticommonsense,KEEP,yes,yes,1,1,199,126,,Novita,stop,0,7.7265e-05,content,0.0,700
meta-llama/llama-3.3-70b-instruct,324,16706,DR_k2,collision,1,exp_away,celebrity,anticommonsense,KEEP,yes,yes,1,1,194,123,,Novita,stop,0,7.539e-05,content,0.0,700
meta-llama/llama-3.3-70b-instruct,325,7489,RAW,collision,1,exp_away,hospitalization,hard,KEEP,no,no,1,1,170,101,,Novita,stop,0,6.335e-05,content,0.0,700
meta-llama/llama-3.3-70b-instruct,325,7489,ORACLE,collision,1,exp_away,hospitalization,hard,KEEP,no,no,1,1,208,124,,Novita,stop,0,7.768e-05,content,0.0,700
meta-llama/llama-3.3-70b-instruct,325,7489,DR_k1,collision,1,exp_away,hospitalization,hard,KEEP,no,no,1,1,208,124,,Novita,stop,0,7.768e-05,content,0.0,700
meta-llama/llama-3.3-70b-instruct,325,7489,DR_k2,collision,1,exp_away,hospitalization,hard,KEEP,no,no,1,1,199,119,,Novita,stop,0,7.4465e-05,content,0.0,700
meta-llama/llama-3.3-70b-instruct,329,17817,RAW,collision,1,exp_away,hospitalization,anticommonsense,KEEP,yes,yes,1,1,172,105,,Novita,stop,0,6.522e-05,content,0.0,700
meta-llama/llama-3.3-70b-instruct,329,17817,ORACLE,collision,1,exp_away,hospitalization,anticommonsense,KEEP,yes,yes,1,1,209,114,,Novita,stop,0,7.3815e-05,content,0.0,700
meta-llama/llama-3.3-70b-instruct,329,17817,DR_k1,collision,1,exp_away,hospitalization,anticommonsense,KEEP,yes,yes,1,1,209,141,,Novita,stop,0,8.4615e-05,content,0.0,700
meta-llama/llama-3.3-70b-instruct,329,17817,DR_k2,collision,1,exp_away,hospitalization,anticommonsense,KEEP,yes,yes,1,1,201,135,,Novita,stop,0,8.1135e-05,content,0.0,700
meta-llama/llama-3.3-70b-instruct,334,17127,RAW,collision,1,exp_away,elite_students,anticommonsense,KEEP,yes,yes,1,1,173,137,,Novita,stop,0,7.8155e-05,content,0.0,700
meta-llama/llama-3.3-70b-instruct,334,17127,ORACLE,collision,1,exp_away,elite_students,anticommonsense,KEEP,yes,yes,1,1,211,174,,Novita,stop,0,9.8085e-05,content,0.0,700
meta-llama/llama-3.3-70b-instruct,334,17127,DR_k1,collision,1,exp_away,elite_students,anticommonsense,KEEP,yes,yes,1,1,211,160,,Novita,stop,0,9.2485e-05,content,0.0,700
meta-llama/llama-3.3-70b-instruct,334,17127,DR_k2,collision,1,exp_away,elite_students,anticommonsense,KEEP,yes,yes,1,1,202,157,,Novita,stop,0,9.007e-05,content,0.0,700
meta-llama/llama-3.3-70b-instruct,335,6335,RAW,collision,1,exp_away,celebrity,hard,KEEP,yes,yes,1,1,161,128,,Novita,stop,0,7.2935e-05,content,0.0,700
meta-llama/llama-3.3-70b-instruct,335,6335,ORACLE,collision,1,exp_away,celebrity,hard,KEEP,yes,yes,1,1,192,124,,Novita,stop,0,7.552e-05,content,0.0,700
meta-llama/llama-3.3-70b-instruct,335,6335,DR_k1,collision,1,exp_away,celebrity,hard,KEEP,yes,yes,1,1,192,125,,Novita,stop,0,7.592e-05,content,0.0,700
meta-llama/llama-3.3-70b-instruct,335,6335,DR_k2,collision,1,exp_away,celebrity,hard,KEEP,yes,yes,1,1,187,121,,Novita,stop,0,7.3645e-05,content,0.0,700
meta-llama/llama-3.3-70b-instruct,340,1903,RAW,collision,2,collider_bias,elite_students,easy,KEEP,no,no,1,1,103,162,,Novita,stop,0,7.8705e-05,content,0.0,700
meta-llama/llama-3.3-70b-instruct,340,1903,ORACLE,collision,2,collider_bias,elite_students,easy,KEEP,no,no,1,1,141,135,,Novita,stop,0,7.3035e-05,content,0.0,700
meta-llama/llama-3.3-70b-instruct,340,1903,DR_k1,collision,2,collider_bias,elite_students,easy,KEEP,no,no,1,1,140,177,,Novita,stop,0,8.97e-05,content,0.0,700
meta-llama/llama-3.3-70b-instruct,340,1903,DR_k2,collision,2,collider_bias,elite_students,easy,KEEP,no,no,1,1,131,139,,Novita,stop,0,7.3285e-05,content,0.0,700
meta-llama/llama-3.3-70b-instruct,341,17824,RAW,collision,2,collider_bias,hospitalization,anticommonsense,KEEP,yes,no,0,1,99,225,,Novita,stop,0,0.000103365,content,0.0,700
meta-llama/llama-3.3-70b-instruct,341,17824,ORACLE,collision,2,collider_bias,hospitalization,anticommonsense,KEEP,yes,no,0,1,136,258,,Novita,stop,0,0.00012156,content,0.0,700
meta-llama/llama-3.3-70b-instruct,341,17824,DR_k1,collision,2,collider_bias,hospitalization,anticommonsense,KEEP,yes,no,0,1,137,263,,Novita,stop,0,0.000123695,content,0.0,700
meta-llama/llama-3.3-70b-instruct,341,17824,DR_k2,collision,2,collider_bias,hospitalization,anticommonsense,KEEP,yes,yes,1,1,128,302,,Novita,stop,0,0.00013808,content,0.0,700
meta-llama/llama-3.3-70b-instruct,343,11952,RAW,collision,2,collider_bias,celebrity,anticommonsense,KEEP,no,no,1,1,101,140,,Novita,stop,0,6.9635e-05,content,0.0,700
meta-llama/llama-3.3-70b-instruct,343,11952,ORACLE,collision,2,collider_bias,celebrity,anticommonsense,KEEP,no,no,1,1,133,208,,Novita,stop,0,0.000101155,content,0.0,700
meta-llama/llama-3.3-70b-instruct,343,11952,DR_k1,collision,2,collider_bias,celebrity,anticommonsense,KEEP,no,no,1,1,134,224,,Novita,stop,0,0.00010769,content,0.0,700
meta-llama/llama-3.3-70b-instruct,343,11952,DR_k2,collision,2,collider_bias,celebrity,anticommonsense,KEEP,no,no,1,1,128,189,,Novita,stop,0,9.288e-05,content,0.0,700
meta-llama/llama-3.3-70b-instruct,344,16669,RAW,collision,2,collider_bias,celebrity,anticommonsense,KEEP,yes,yes,1,1,101,193,,Novita,stop,0,9.0835e-05,content,0.0,700
meta-llama/llama-3.3-70b-instruct,344,16669,ORACLE,collision,2,collider_bias,celebrity,anticommonsense,KEEP,yes,no,0,1,135,256,,Novita,stop,0,0.000120625,content,0.0,700
meta-llama/llama-3.3-70b-instruct,344,16669,DR_k1,collision,2,collider_bias,celebrity,anticommonsense,KEEP,yes,no,0,1,135,202,,Novita,stop,0,9.9025e-05,content,0.0,700
meta-llama/llama-3.3-70b-instruct,344,16669,DR_k2,collision,2,collider_bias,celebrity,anticommonsense,KEEP,yes,no,0,1,130,271,,Novita,stop,0,0.00012595,content,0.0,700
meta-llama/llama-3.3-70b-instruct,345,2681,RAW,collision,2,collider_bias,hospitalization,easy,KEEP,yes,no,0,1,99,216,,Novita,stop,0,9.9765e-05,content,0.0,700
meta-llama/llama-3.3-70b-instruct,345,2681,ORACLE,collision,2,collider_bias,hospitalization,easy,KEEP,yes,no,0,1,137,272,,Novita,stop,0,0.000127295,content,0.0,700
meta-llama/llama-3.3-70b-instruct,345,2681,DR_k1,collision,2,collider_bias,hospitalization,easy,KEEP,yes,yes,1,1,136,138,,Novita,stop,0,7.356e-05,content,0.0,700
meta-llama/llama-3.3-70b-instruct,345,2681,DR_k2,collision,2,collider_bias,hospitalization,easy,KEEP,yes,no,0,1,128,221,,Novita,stop,0,0.00010568,content,0.0,700
meta-llama/llama-3.3-70b-instruct,346,11953,RAW,collision,2,collider_bias,celebrity,anticommonsense,KEEP,yes,no,0,1,103,101,,Novita,stop,0,5.4305e-05,content,0.0,700
meta-llama/llama-3.3-70b-instruct,346,11953,ORACLE,collision,2,collider_bias,celebrity,anticommonsense,KEEP,yes,no,0,1,135,367,,Novita,stop,0,0.000165025,content,0.0,700
meta-llama/llama-3.3-70b-instruct,346,11953,DR_k1,collision,2,collider_bias,celebrity,anticommonsense,KEEP,yes,yes,1,1,136,186,,Novita,stop,0,9.276e-05,content,0.0,700
meta-llama/llama-3.3-70b-instruct,346,11953,DR_k2,collision,2,collider_bias,celebrity,anticommonsense,KEEP,yes,no,0,1,130,179,,Novita,stop,0,8.915e-05,content,0.0,700
meta-llama/llama-3.3-70b-instruct,353,6720,RAW,collision,2,collider_bias,elite_students,hard,KEEP,no,no,1,1,103,132,,Novita,stop,0,6.6705e-05,content,0.0,700
meta-llama/llama-3.3-70b-instruct,353,6720,ORACLE,collision,2,collider_bias,elite_students,hard,KEEP,no,no,1,1,141,164,,Novita,stop,0,8.4635e-05,content,0.0,700
meta-llama/llama-3.3-70b-instruct,353,6720,DR_k1,collision,2,collider_bias,elite_students,hard,KEEP,no,no,1,1,141,239,,Novita,stop,0,0.000114635,content,0.0,700
meta-llama/llama-3.3-70b-instruct,353,6720,DR_k2,collision,2,collider_bias,elite_students,hard,KEEP,no,no,1,1,131,96,,Novita,stop,0,5.6085e-05,content,0.0,700
meta-llama/llama-3.3-70b-instruct,357,6345,RAW,collision,2,collider_bias,celebrity,hard,KEEP,no,no,1,1,99,115,,Novita,stop,0,5.9365e-05,content,0.0,700
meta-llama/llama-3.3-70b-instruct,357,6345,ORACLE,collision,2,collider_bias,celebrity,hard,KEEP,no,no,1,1,130,183,,Novita,stop,0,9.075e-05,content,0.0,700
meta-llama/llama-3.3-70b-instruct,357,6345,DR_k1,collision,2,collider_bias,celebrity,hard,KEEP,no,yes,0,1,130,206,,Novita,stop,0,9.995e-05,content,0.0,700
meta-llama/llama-3.3-70b-instruct,357,6345,DR_k2,collision,2,collider_bias,celebrity,hard,KEEP,no,no,1,1,125,75,,Novita,stop,0,4.6875e-05,content,0.0,700
meta-llama/llama-3.3-70b-instruct,360,2801,RAW,collision,2,collider_bias,man_in_relationship,easy,KEEP,yes,no,0,1,101,136,,Novita,stop,0,6.8035e-05,content,0.0,700
meta-llama/llama-3.3-70b-instruct,360,2801,ORACLE,collision,2,collider_bias,man_in_relationship,easy,KEEP,yes,no,0,1,134,260,,Novita,stop,0,0.00012209,content,0.0,700
meta-llama/llama-3.3-70b-instruct,360,2801,DR_k1,collision,2,collider_bias,man_in_relationship,easy,KEEP,yes,no,0,1,134,259,,Novita,stop,0,0.00012169,content,0.0,700
meta-llama/llama-3.3-70b-instruct,360,2801,DR_k2,collision,2,collider_bias,man_in_relationship,easy,KEEP,yes,no,0,1,127,221,,Novita,stop,0,0.000105545,content,0.0,700
meta-llama/llama-3.3-70b-instruct,362,12367,RAW,collision,2,collider_bias,elite_students,anticommonsense,KEEP,no,no,1,1,107,91,,Novita,stop,0,5.0845e-05,content,0.0,700
meta-llama/llama-3.3-70b-instruct,362,12367,ORACLE,collision,2,collider_bias,elite_students,anticommonsense,KEEP,no,no,1,1,147,205,,Novita,stop,0,0.000101845,content,0.0,700
meta-llama/llama-3.3-70b-instruct,362,12367,DR_k1,collision,2,collider_bias,elite_students,anticommonsense,KEEP,no,no,1,1,147,128,,Novita,stop,0,7.1045e-05,content,0.0,700
meta-llama/llama-3.3-70b-instruct,362,12367,DR_k2,collision,2,collider_bias,elite_students,anticommonsense,KEEP,no,no,1,1,137,96,,Novita,stop,0,5.6895e-05,content,0.0,700
meta-llama/llama-3.3-70b-instruct,364,16689,RAW,collision,2,collider_bias,celebrity,anticommonsense,KEEP,yes,yes,1,1,101,166,,Novita,stop,0,8.0035e-05,content,0.0,700
meta-llama/llama-3.3-70b-instruct,364,16689,ORACLE,collision,2,collider_bias,celebrity,anticommonsense,KEEP,yes,yes,1,1,135,204,,Novita,stop,0,9.9825e-05,content,0.0,700
meta-llama/llama-3.3-70b-instruct,364,16689,DR_k1,collision,2,collider_bias,celebrity,anticommonsense,KEEP,yes,no,0,1,135,399,,Novita,stop,0,0.000177825,content,0.0,700
meta-llama/llama-3.3-70b-instruct,364,16689,DR_k2,collision,2,collider_bias,celebrity,anticommonsense,KEEP,yes,no,0,1,130,235,,Novita,stop,0,0.00011155,content,0.0,700
meta-llama/llama-3.3-70b-instruct,365,12377,RAW,collision,2,collider_bias,elite_students,anticommonsense,KEEP,yes,no,0,1,109,131,,Novita,stop,0,6.7115e-05,content,0.0,700
meta-llama/llama-3.3-70b-instruct,365,12377,ORACLE,collision,2,collider_bias,elite_students,anticommonsense,KEEP,yes,no,0,1,149,397,,Novita,stop,0,0.000178915,content,0.0,700
meta-llama/llama-3.3-70b-instruct,365,12377,DR_k1,collision,2,collider_bias,elite_students,anticommonsense,KEEP,yes,yes,1,1,148,259,,Novita,stop,0,0.00012358,content,0.0,700
meta-llama/llama-3.3-70b-instruct,365,12377,DR_k2,collision,2,collider_bias,elite_students,anticommonsense,KEEP,yes,no,0,1,139,232,,Novita,stop,0,0.000111565,content,0.0,700
meta-llama/llama-3.3-70b-instruct,367,6264,RAW,collision,2,collider_bias,celebrity,hard,KEEP,yes,yes,1,1,101,309,,Novita,stop,0,0.000137235,content,0.0,700
meta-llama/llama-3.3-70b-instruct,367,6264,ORACLE,collision,2,collider_bias,celebrity,hard,KEEP,yes,no,0,1,132,360,,Novita,stop,0,0.00016182,content,0.0,700
meta-llama/llama-3.3-70b-instruct,367,6264,DR_k1,collision,2,collider_bias,celebrity,hard,KEEP,yes,no,0,1,132,193,,Novita,stop,0,9.502e-05,content,0.0,700
meta-llama/llama-3.3-70b-instruct,367,6264,DR_k2,collision,2,collider_bias,celebrity,hard,KEEP,yes,no,0,1,127,239,,Novita,stop,0,0.000112745,content,0.0,700
meta-llama/llama-3.3-70b-instruct,368,17940,RAW,collision,2,collider_bias,man_in_relationship,anticommonsense,KEEP,yes,no,0,1,105,199,,Novita,stop,0,9.3775e-05,content,0.0,700
meta-llama/llama-3.3-70b-instruct,368,17940,ORACLE,collision,2,collider_bias,man_in_relationship,anticommonsense,KEEP,yes,yes,1,1,141,239,,Novita,stop,0,0.000114635,content,0.0,700
meta-llama/llama-3.3-70b-instruct,368,17940,DR_k1,collision,2,collider_bias,man_in_relationship,anticommonsense,KEEP,yes,yes,1,1,140,178,,Novita,stop,0,9.01e-05,content,0.0,700
meta-llama/llama-3.3-70b-instruct,368,17940,DR_k2,collision,2,collider_bias,man_in_relationship,anticommonsense,KEEP,yes,yes,1,1,133,210,,Novita,stop,0,0.000101955,content,0.0,700
meta-llama/llama-3.3-70b-instruct,371,13037,RAW,collision,2,collider_bias,hospitalization,anticommonsense,KEEP,no,no,1,1,97,148,,Novita,stop,0,7.2295e-05,content,0.0,700
meta-llama/llama-3.3-70b-instruct,371,13037,ORACLE,collision,2,collider_bias,hospitalization,anticommonsense,KEEP,no,no,1,1,135,152,,Novita,stop,0,7.9025e-05,content,0.0,700
meta-llama/llama-3.3-70b-instruct,371,13037,DR_k1,collision,2,collider_bias,hospitalization,anticommonsense,KEEP,no,no,1,1,134,123,,Novita,stop,0,6.729e-05,content,0.0,700
meta-llama/llama-3.3-70b-instruct,371,13037,DR_k2,collision,2,collider_bias,hospitalization,anticommonsense,KEEP,no,no,1,1,126,169,,Novita,stop,0,8.461e-05,content,0.0,700
meta-llama/llama-3.3-70b-instruct,372,16725,RAW,collision,2,collider_bias,celebrity,anticommonsense,KEEP,no,no,1,1,99,140,,Novita,stop,0,6.9365e-05,content,0.0,700
meta-llama/llama-3.3-70b-instruct,372,16725,ORACLE,collision,2,collider_bias,celebrity,anticommonsense,KEEP,no,no,1,1,133,167,,Novita,stop,0,8.4755e-05,content,0.0,700
meta-llama/llama-3.3-70b-instruct,372,16725,DR_k1,collision,2,collider_bias,celebrity,anticommonsense,KEEP,no,no,1,1,134,167,,Novita,stop,0,8.489e-05,content,0.0,700
meta-llama/llama-3.3-70b-instruct,372,16725,DR_k2,collision,2,collider_bias,celebrity,anticommonsense,KEEP,no,no,1,1,128,86,,Novita,stop,0,5.168e-05,content,0.0,700
meta-llama/llama-3.3-70b-instruct,373,1976,RAW,collision,2,collider_bias,elite_students,easy,KEEP,yes,no,0,1,105,158,,Novita,stop,0,7.7375e-05,content,0.0,700
meta-llama/llama-3.3-70b-instruct,373,1976,ORACLE,collision,2,collider_bias,elite_students,easy,KEEP,yes,no,0,1,143,236,,Novita,stop,0,0.000113705,content,0.0,700
meta-llama/llama-3.3-70b-instruct,373,1976,DR_k1,collision,2,collider_bias,elite_students,easy,KEEP,yes,no,0,1,142,328,,Novita,stop,0,0.00015037,content,0.0,700
meta-llama/llama-3.3-70b-instruct,373,1976,DR_k2,collision,2,collider_bias,elite_students,easy,KEEP,yes,no,0,1,133,253,,Novita,stop,0,0.000119155,content,0.0,700
meta-llama/llama-3.3-70b-instruct,408,8611,RAW,confounding,2,ate,simpson_kidneystone,hard,KEEP,no,no,1,1,160,539,,Novita,stop,0,0.0002372,content,0.0,700
meta-llama/llama-3.3-70b-instruct,408,8611,ORACLE,confounding,2,ate,simpson_kidneystone,hard,KEEP,no,no,1,1,196,596,,Novita,stop,0,0.00026486,content,0.0,700
meta-llama/llama-3.3-70b-instruct,408,8611,DR_k1,confounding,2,ate,simpson_kidneystone,hard,KEEP,no,no,1,1,196,634,,Novita,stop,0,0.00028006,content,0.0,700
meta-llama/llama-3.3-70b-instruct,408,8611,DR_k2,confounding,2,ate,simpson_kidneystone,hard,KEEP,no,no,1,1,198,539,,Novita,stop,0,0.00024233,content,0.0,700
meta-llama/llama-3.3-70b-instruct,408,8611,DR_k3,confounding,2,ate,simpson_kidneystone,hard,KEEP,no,no,1,1,198,477,,Novita,stop,0,0.00021753,content,0.0,700
meta-llama/llama-3.3-70b-instruct,409,18730,RAW,confounding,2,ate,simpson_drug,anticommonsense,KEEP,yes,yes,1,1,168,513,,Novita,stop,0,0.00022788,content,0.0,700
meta-llama/llama-3.3-70b-instruct,409,18730,ORACLE,confounding,2,ate,simpson_drug,anticommonsense,KEEP,yes,yes,1,1,203,445,,Novita,stop,0,0.000205405,content,0.0,700
meta-llama/llama-3.3-70b-instruct,409,18730,DR_k1,confounding,2,ate,simpson_drug,anticommonsense,KEEP,yes,yes,1,1,203,390,,Novita,stop,0,0.000183405,content,0.0,700
meta-llama/llama-3.3-70b-instruct,409,18730,DR_k2,confounding,2,ate,simpson_drug,anticommonsense,KEEP,yes,yes,1,1,205,373,,Novita,stop,0,0.000176875,content,0.0,700
meta-llama/llama-3.3-70b-instruct,409,18730,DR_k3,confounding,2,ate,simpson_drug,anticommonsense,KEEP,yes,yes,1,1,204,601,,Novita,stop,0,0.00026794,content,0.0,700
meta-llama/llama-3.3-70b-instruct,413,8510,RAW,confounding,2,ate,simpson_hospital,hard,KEEP,yes,yes,1,1,162,427,,Novita,stop,0,0.00019267,content,0.0,700
meta-llama/llama-3.3-70b-instruct,413,8510,ORACLE,confounding,2,ate,simpson_hospital,hard,KEEP,yes,yes,1,1,197,353,,Novita,stop,0,0.000167795,content,0.0,700
meta-llama/llama-3.3-70b-instruct,413,8510,DR_k1,confounding,2,ate,simpson_hospital,hard,KEEP,yes,yes,1,1,196,290,,Novita,stop,0,0.00014246,content,0.0,700
meta-llama/llama-3.3-70b-instruct,413,8510,DR_k2,confounding,2,ate,simpson_hospital,hard,KEEP,yes,yes,1,1,196,367,,Novita,stop,0,0.00017326,content,0.0,700
meta-llama/llama-3.3-70b-instruct,413,8510,DR_k3,confounding,2,ate,simpson_hospital,hard,KEEP,yes,yes,1,1,197,667,,Novita,stop,0,0.000293395,content,0.0,700
meta-llama/llama-3.3-70b-instruct,414,14216,RAW,confounding,2,ate,simpson_kidneystone,anticommonsense,KEEP,no,no,1,1,165,464,,Novita,stop,0,0.000207875,content,0.0,700
meta-llama/llama-3.3-70b-instruct,414,14216,ORACLE,confounding,2,ate,simpson_kidneystone,anticommonsense,KEEP,no,no,1,1,203,475,,Novita,stop,0,0.000217405,content,0.0,700
meta-llama/llama-3.3-70b-instruct,414,14216,DR_k1,confounding,2,ate,simpson_kidneystone,anticommonsense,KEEP,no,no,1,1,203,700,,Novita,length,0,0.000307405,content,0.0,700
meta-llama/llama-3.3-70b-instruct,414,14216,DR_k2,confounding,2,ate,simpson_kidneystone,anticommonsense,KEEP,no,no,1,1,204,536,,Novita,stop,0,0.00024194,content,0.0,700
meta-llama/llama-3.3-70b-instruct,414,14216,DR_k3,confounding,2,ate,simpson_kidneystone,anticommonsense,KEEP,no,no,1,1,204,409,,Novita,stop,0,0.00019114,content,0.0,700
meta-llama/llama-3.3-70b-instruct,416,3555,RAW,confounding,2,ate,simpson_drug,easy,KEEP,yes,yes,1,1,153,543,,Novita,stop,0,0.000237855,content,0.0,700
meta-llama/llama-3.3-70b-instruct,416,3555,ORACLE,confounding,2,ate,simpson_drug,easy,KEEP,yes,yes,1,1,186,406,,Novita,stop,0,0.00018751,content,0.0,700
meta-llama/llama-3.3-70b-instruct,416,3555,DR_k1,confounding,2,ate,simpson_drug,easy,KEEP,yes,yes,1,1,186,565,,Novita,stop,0,0.00025111,content,0.0,700
meta-llama/llama-3.3-70b-instruct,416,3555,DR_k2,confounding,2,ate,simpson_drug,easy,KEEP,yes,yes,1,1,187,433,,Novita,stop,0,0.000198445,content,0.0,700
meta-llama/llama-3.3-70b-instruct,416,3555,DR_k3,confounding,2,ate,simpson_drug,easy,KEEP,yes,yes,1,1,187,371,,Novita,stop,0,0.000173645,content,0.0,700
meta-llama/llama-3.3-70b-instruct,417,3593,RAW,confounding,2,ate,simpson_drug,easy,KEEP,yes,yes,1,1,153,552,,Novita,stop,0,0.000241455,content,0.0,700
meta-llama/llama-3.3-70b-instruct,417,3593,ORACLE,confounding,2,ate,simpson_drug,easy,KEEP,yes,yes,1,1,186,592,,Novita,stop,0,0.00026191,content,0.0,700
meta-llama/llama-3.3-70b-instruct,417,3593,DR_k1,confounding,2,ate,simpson_drug,easy,KEEP,yes,yes,1,1,186,630,,Novita,stop,0,0.00027711,content,0.0,700
meta-llama/llama-3.3-70b-instruct,417,3593,DR_k2,confounding,2,ate,simpson_drug,easy,KEEP,yes,yes,1,1,187,435,,Novita,stop,0,0.000199245,content,0.0,700
meta-llama/llama-3.3-70b-instruct,417,3593,DR_k3,confounding,2,ate,simpson_drug,easy,KEEP,yes,yes,1,1,187,485,,Novita,stop,0,0.000219245,content,0.0,700
meta-llama/llama-3.3-70b-instruct,418,18974,RAW,confounding,2,ate,simpson_kidneystone,anticommonsense,KEEP,no,no,1,1,162,620,,Novita,stop,0,0.00026987,content,0.0,700
meta-llama/llama-3.3-70b-instruct,418,18974,ORACLE,confounding,2,ate,simpson_kidneystone,anticommonsense,KEEP,no,no,1,1,204,521,,Novita,stop,0,0.00023594,content,0.0,700
meta-llama/llama-3.3-70b-instruct,418,18974,DR_k1,confounding,2,ate,simpson_kidneystone,anticommonsense,KEEP,no,no,1,1,204,357,,Novita,stop,0,0.00017034,content,0.0,700
meta-llama/llama-3.3-70b-instruct,418,18974,DR_k2,confounding,2,ate,simpson_kidneystone,anticommonsense,KEEP,no,no,1,1,202,376,,Novita,stop,0,0.00017767,content,0.0,700
meta-llama/llama-3.3-70b-instruct,418,18974,DR_k3,confounding,2,ate,simpson_kidneystone,anticommonsense,KEEP,no,no,1,1,205,248,,Novita,stop,0,0.000126875,content,0.0,700
meta-llama/llama-3.3-70b-instruct,420,13921,RAW,confounding,2,ate,simpson_drug,anticommonsense,KEEP,yes,yes,1,1,160,643,,Novita,stop,0,0.0002788,content,0.0,700
meta-llama/llama-3.3-70b-instruct,420,13921,ORACLE,confounding,2,ate,simpson_drug,anticommonsense,KEEP,yes,yes,1,1,197,600,,Novita,stop,0,0.000266595,content,0.0,700
meta-llama/llama-3.3-70b-instruct,420,13921,DR_k1,confounding,2,ate,simpson_drug,anticommonsense,KEEP,yes,yes,1,1,197,432,,Novita,stop,0,0.000199395,content,0.0,700
meta-llama/llama-3.3-70b-instruct,420,13921,DR_k2,confounding,2,ate,simpson_drug,anticommonsense,KEEP,yes,yes,1,1,197,311,,Novita,stop,0,0.000150995,content,0.0,700
meta-llama/llama-3.3-70b-instruct,420,13921,DR_k3,confounding,2,ate,simpson_drug,anticommonsense,KEEP,yes,yes,1,1,197,311,,Novita,stop,0,0.000150995,content,0.0,700
meta-llama/llama-3.3-70b-instruct,422,3818,RAW,confounding,2,ate,simpson_kidneystone,easy,KEEP,yes,yes,1,1,160,513,,Novita,stop,0,0.0002268,content,0.0,700
meta-llama/llama-3.3-70b-instruct,422,3818,ORACLE,confounding,2,ate,simpson_kidneystone,easy,KEEP,yes,yes,1,1,196,644,,Novita,stop,0,0.00028406,content,0.0,700
meta-llama/llama-3.3-70b-instruct,422,3818,DR_k1,confounding,2,ate,simpson_kidneystone,easy,KEEP,yes,no,0,1,198,700,,Novita,length,0,0.00030673,content,0.0,700
meta-llama/llama-3.3-70b-instruct,422,3818,DR_k2,confounding,2,ate,simpson_kidneystone,easy,KEEP,yes,yes,1,1,198,320,,Novita,stop,0,0.00015473,content,0.0,700
meta-llama/llama-3.3-70b-instruct,422,3818,DR_k3,confounding,2,ate,simpson_kidneystone,easy,KEEP,yes,yes,1,1,198,700,,Novita,length,0,0.00030673,content,0.0,700
meta-llama/llama-3.3-70b-instruct,424,19138,RAW,confounding,2,ate,simpson_vaccine,anticommonsense,KEEP,yes,yes,1,1,180,585,,Novita,stop,0,0.0002583,content,0.0,700
meta-llama/llama-3.3-70b-instruct,424,19138,ORACLE,confounding,2,ate,simpson_vaccine,anticommonsense,KEEP,yes,yes,1,1,219,467,,Novita,stop,0,0.000216365,content,0.0,700
meta-llama/llama-3.3-70b-instruct,424,19138,DR_k1,confounding,2,ate,simpson_vaccine,anticommonsense,KEEP,yes,yes,1,1,220,571,,Novita,stop,0,0.0002581,content,0.0,700
meta-llama/llama-3.3-70b-instruct,424,19138,DR_k2,confounding,2,ate,simpson_vaccine,anticommonsense,KEEP,yes,yes,1,1,222,496,,Novita,stop,0,0.00022837,content,0.0,700
meta-llama/llama-3.3-70b-instruct,424,19138,DR_k3,confounding,2,ate,simpson_vaccine,anticommonsense,KEEP,yes,yes,1,1,222,276,,Novita,stop,0,0.00014037,content,0.0,700
meta-llama/llama-3.3-70b-instruct,425,14282,RAW,confounding,2,ate,simpson_vaccine,anticommonsense,KEEP,no,no,1,1,181,666,,Novita,stop,0,0.000290835,content,0.0,700
meta-llama/llama-3.3-70b-instruct,425,14282,ORACLE,confounding,2,ate,simpson_vaccine,anticommonsense,KEEP,no,no,1,1,221,668,,Novita,stop,0,0.000297035,content,0.0,700
meta-llama/llama-3.3-70b-instruct,425,14282,DR_k1,confounding,2,ate,simpson_vaccine,anticommonsense,KEEP,no,no,1,1,223,666,,Novita,stop,0,0.000296505,content,0.0,700
meta-llama/llama-3.3-70b-instruct,425,14282,DR_k2,confounding,2,ate,simpson_vaccine,anticommonsense,KEEP,no,no,1,1,224,661,,Novita,stop,0,0.00029464,content,0.0,700
meta-llama/llama-3.3-70b-instruct,425,14282,DR_k3,confounding,2,ate,simpson_vaccine,anticommonsense,KEEP,no,no,1,1,222,655,,Novita,stop,0,0.00029197,content,0.0,700
meta-llama/llama-3.3-70b-instruct,426,3850,RAW,confounding,2,ate,simpson_kidneystone,easy,KEEP,yes,yes,1,1,160,514,,Novita,stop,0,0.0002272,content,0.0,700
meta-llama/llama-3.3-70b-instruct,426,3850,ORACLE,confounding,2,ate,simpson_kidneystone,easy,KEEP,yes,yes,1,1,196,368,,Novita,stop,0,0.00017366,content,0.0,700
meta-llama/llama-3.3-70b-instruct,426,3850,DR_k1,confounding,2,ate,simpson_kidneystone,easy,KEEP,yes,yes,1,1,196,543,,Novita,stop,0,0.00024366,content,0.0,700
meta-llama/llama-3.3-70b-instruct,426,3850,DR_k2,confounding,2,ate,simpson_kidneystone,easy,KEEP,yes,no,0,1,198,700,,Novita,length,0,0.00030673,content,0.0,700
meta-llama/llama-3.3-70b-instruct,426,3850,DR_k3,confounding,2,ate,simpson_kidneystone,easy,KEEP,yes,yes,1,1,198,362,,Novita,stop,0,0.00017153,content,0.0,700
meta-llama/llama-3.3-70b-instruct,427,8628,RAW,confounding,2,ate,simpson_kidneystone,hard,KEEP,no,no,1,1,160,521,,Novita,stop,0,0.00023,content,0.0,700
meta-llama/llama-3.3-70b-instruct,427,8628,ORACLE,confounding,2,ate,simpson_kidneystone,hard,KEEP,no,no,1,1,196,585,,Novita,stop,0,0.00026046,content,0.0,700
meta-llama/llama-3.3-70b-instruct,427,8628,DR_k1,confounding,2,ate,simpson_kidneystone,hard,KEEP,no,no,1,1,198,566,,Novita,stop,0,0.00025313,content,0.0,700
meta-llama/llama-3.3-70b-instruct,427,8628,DR_k2,confounding,2,ate,simpson_kidneystone,hard,KEEP,no,no,1,1,198,628,,Novita,stop,0,0.00027793,content,0.0,700
meta-llama/llama-3.3-70b-instruct,427,8628,DR_k3,confounding,2,ate,simpson_kidneystone,hard,KEEP,no,no,1,1,198,526,,Novita,stop,0,0.00023713,content,0.0,700
meta-llama/llama-3.3-70b-instruct,428,3986,RAW,confounding,2,ate,simpson_vaccine,easy,KEEP,yes,yes,1,1,176,502,,Novita,stop,0,0.00022456,content,0.0,700
meta-llama/llama-3.3-70b-instruct,428,3986,ORACLE,confounding,2,ate,simpson_vaccine,easy,KEEP,yes,yes,1,1,212,498,,Novita,stop,0,0.00022782,content,0.0,700
meta-llama/llama-3.3-70b-instruct,428,3986,DR_k1,confounding,2,ate,simpson_vaccine,easy,KEEP,yes,yes,1,1,214,413,,Novita,stop,0,0.00019409,content,0.0,700
meta-llama/llama-3.3-70b-instruct,428,3986,DR_k2,confounding,2,ate,simpson_vaccine,easy,KEEP,yes,yes,1,1,214,606,,Novita,stop,0,0.00027129,content,0.0,700
meta-llama/llama-3.3-70b-instruct,428,3986,DR_k3,confounding,2,ate,simpson_vaccine,easy,KEEP,yes,yes,1,1,215,639,,Novita,stop,0,0.000284625,content,0.0,700
meta-llama/llama-3.3-70b-instruct,431,8579,RAW,confounding,2,ate,simpson_kidneystone,hard,KEEP,no,no,1,1,160,700,,Novita,length,0,0.0003016,content,0.0,700
meta-llama/llama-3.3-70b-instruct,431,8579,ORACLE,confounding,2,ate,simpson_kidneystone,hard,KEEP,no,no,1,1,196,585,,Novita,stop,0,0.00026046,content,0.0,700
meta-llama/llama-3.3-70b-instruct,431,8579,DR_k1,confounding,2,ate,simpson_kidneystone,hard,KEEP,no,,0,0,198,700,,Novita,length,0,0.00030673,content,0.0,700
meta-llama/llama-3.3-70b-instruct,431,8579,DR_k2,confounding,2,ate,simpson_kidneystone,hard,KEEP,no,no,1,1,198,700,,Novita,length,0,0.00030673,content,0.0,700
meta-llama/llama-3.3-70b-instruct,431,8579,DR_k3,confounding,2,ate,simpson_kidneystone,hard,KEEP,no,no,1,1,198,409,,Novita,stop,0,0.00019033,content,0.0,700
meta-llama/llama-3.3-70b-instruct,432,14322,RAW,confounding,2,ate,simpson_vaccine,anticommonsense,KEEP,yes,no,0,1,181,700,,Novita,length,0,0.000304435,content,0.0,700
meta-llama/llama-3.3-70b-instruct,432,14322,ORACLE,confounding,2,ate,simpson_vaccine,anticommonsense,KEEP,yes,yes,1,1,221,634,,Novita,stop,0,0.000283435,content,0.0,700
meta-llama/llama-3.3-70b-instruct,432,14322,DR_k1,confounding,2,ate,simpson_vaccine,anticommonsense,KEEP,yes,yes,1,1,223,690,,Novita,stop,0,0.000306105,content,0.0,700
meta-llama/llama-3.3-70b-instruct,432,14322,DR_k2,confounding,2,ate,simpson_vaccine,anticommonsense,KEEP,yes,yes,1,1,221,698,,Novita,stop,0,0.000309035,content,0.0,700
meta-llama/llama-3.3-70b-instruct,432,14322,DR_k3,confounding,2,ate,simpson_vaccine,anticommonsense,KEEP,yes,yes,1,1,222,383,,Novita,stop,0,0.00018317,content,0.0,700
meta-llama/llama-3.3-70b-instruct,436,8362,RAW,confounding,2,ate,simpson_drug,hard,KEEP,no,no,1,1,153,616,,Novita,stop,0,0.000267055,content,0.0,700
meta-llama/llama-3.3-70b-instruct,436,8362,ORACLE,confounding,2,ate,simpson_drug,hard,KEEP,no,no,1,1,186,640,,Novita,stop,0,0.00028111,content,0.0,700
meta-llama/llama-3.3-70b-instruct,436,8362,DR_k1,confounding,2,ate,simpson_drug,hard,KEEP,no,no,1,1,186,629,,Novita,stop,0,0.00027671,content,0.0,700
meta-llama/llama-3.3-70b-instruct,436,8362,DR_k2,confounding,2,ate,simpson_drug,hard,KEEP,no,no,1,1,186,452,,Novita,stop,0,0.00020591,content,0.0,700
meta-llama/llama-3.3-70b-instruct,436,8362,DR_k3,confounding,2,ate,simpson_drug,hard,KEEP,no,no,1,1,187,304,,Novita,stop,0,0.000146845,content,0.0,700
meta-llama/llama-3.3-70b-instruct,437,18845,RAW,confounding,2,ate,simpson_hospital,anticommonsense,KEEP,no,no,1,1,167,579,,Novita,stop,0,0.000254145,content,0.0,700
meta-llama/llama-3.3-70b-instruct,437,18845,ORACLE,confounding,2,ate,simpson_hospital,anticommonsense,KEEP,no,no,1,1,204,224,,Novita,stop,0,0.00011714,content,0.0,700
meta-llama/llama-3.3-70b-instruct,437,18845,DR_k1,confounding,2,ate,simpson_hospital,anticommonsense,KEEP,no,no,1,1,204,365,,Novita,stop,0,0.00017354,content,0.0,700
meta-llama/llama-3.3-70b-instruct,437,18845,DR_k2,confounding,2,ate,simpson_hospital,anticommonsense,KEEP,no,no,1,1,203,264,,Novita,stop,0,0.000133005,content,0.0,700
meta-llama/llama-3.3-70b-instruct,437,18845,DR_k3,confounding,2,ate,simpson_hospital,anticommonsense,KEEP,no,no,1,1,203,553,,Novita,stop,0,0.000248605,content,0.0,700
meta-llama/llama-3.3-70b-instruct,438,14165,RAW,confounding,2,ate,simpson_kidneystone,anticommonsense,KEEP,yes,yes,1,1,165,491,,Novita,stop,0,0.000218675,content,0.0,700
meta-llama/llama-3.3-70b-instruct,438,14165,ORACLE,confounding,2,ate,simpson_kidneystone,anticommonsense,KEEP,yes,no,0,1,203,700,,Novita,length,0,0.000307405,content,0.0,700
meta-llama/llama-3.3-70b-instruct,438,14165,DR_k1,confounding,2,ate,simpson_kidneystone,anticommonsense,KEEP,yes,yes,1,1,205,643,,Novita,stop,0,0.000284875,content,0.0,700
meta-llama/llama-3.3-70b-instruct,438,14165,DR_k2,confounding,2,ate,simpson_kidneystone,anticommonsense,KEEP,yes,yes,1,1,204,451,,Novita,stop,0,0.00020794,content,0.0,700
meta-llama/llama-3.3-70b-instruct,438,14165,DR_k3,confounding,2,ate,simpson_kidneystone,anticommonsense,KEEP,yes,yes,1,1,204,409,,Novita,stop,0,0.00019114,content,0.0,700
meta-llama/llama-3.3-70b-instruct,440,8532,RAW,confounding,2,ate,simpson_hospital,hard,KEEP,no,no,1,1,162,519,,Novita,stop,0,0.00022947,content,0.0,700
meta-llama/llama-3.3-70b-instruct,440,8532,ORACLE,confounding,2,ate,simpson_hospital,hard,KEEP,no,no,1,1,197,469,,Novita,stop,0,0.000214195,content,0.0,700
meta-llama/llama-3.3-70b-instruct,440,8532,DR_k1,confounding,2,ate,simpson_hospital,hard,KEEP,no,no,1,1,197,531,,Novita,stop,0,0.000238995,content,0.0,700
meta-llama/llama-3.3-70b-instruct,440,8532,DR_k2,confounding,2,ate,simpson_hospital,hard,KEEP,no,no,1,1,197,266,,Novita,stop,0,0.000132995,content,0.0,700
meta-llama/llama-3.3-70b-instruct,440,8532,DR_k3,confounding,2,ate,simpson_hospital,hard,KEEP,no,no,1,1,197,222,,Novita,stop,0,0.000115395,content,0.0,700
meta-llama/llama-3.3-70b-instruct,441,18881,RAW,confounding,2,ate,simpson_hospital,anticommonsense,KEEP,yes,yes,1,1,167,230,,Novita,stop,0,0.000114545,content,0.0,700
meta-llama/llama-3.3-70b-instruct,441,18881,ORACLE,confounding,2,ate,simpson_hospital,anticommonsense,KEEP,yes,yes,1,1,204,253,,Novita,stop,0,0.00012874,content,0.0,700
meta-llama/llama-3.3-70b-instruct,441,18881,DR_k1,confounding,2,ate,simpson_hospital,anticommonsense,KEEP,yes,yes,1,1,203,349,,Novita,stop,0,0.000167005,content,0.0,700
meta-llama/llama-3.3-70b-instruct,441,18881,DR_k2,confounding,2,ate,simpson_hospital,anticommonsense,KEEP,yes,yes,1,1,203,368,,Novita,stop,0,0.000174605,content,0.0,700
meta-llama/llama-3.3-70b-instruct,441,18881,DR_k3,confounding,2,ate,simpson_hospital,anticommonsense,KEEP,yes,yes,1,1,203,446,,Novita,stop,0,0.000205805,content,0.0,700
meta-llama/llama-3.3-70b-instruct,442,20501,RAW,confounding,3,det-counterfactual,simpson_hospital,anticommonsense,KEEP,yes,no,0,1,108,700,,Novita,length,0,0.00029458,content,0.0,700
meta-llama/llama-3.3-70b-instruct,442,20501,ORACLE,confounding,3,det-counterfactual,simpson_hospital,anticommonsense,KEEP,yes,yes,1,1,147,664,,Novita,stop,0,0.000285445,content,0.0,700
meta-llama/llama-3.3-70b-instruct,442,20501,DR_k1,confounding,3,det-counterfactual,simpson_hospital,anticommonsense,KEEP,yes,yes,1,1,147,258,,Novita,stop,0,0.000123045,content,0.0,700
meta-llama/llama-3.3-70b-instruct,442,20501,DR_k2,confounding,3,det-counterfactual,simpson_hospital,anticommonsense,KEEP,yes,yes,1,1,145,290,,Novita,stop,0,0.000135575,content,0.0,700
meta-llama/llama-3.3-70b-instruct,442,20501,DR_k3,confounding,3,det-counterfactual,simpson_hospital,anticommonsense,KEEP,yes,yes,1,1,145,411,,Novita,stop,0,0.000183975,content,0.0,700
meta-llama/llama-3.3-70b-instruct,443,13944,RAW,confounding,3,ett,simpson_drug,anticommonsense,KEEP,no,no,1,1,174,342,,Novita,stop,0,0.00016029,content,0.0,700
meta-llama/llama-3.3-70b-instruct,443,13944,ORACLE,confounding,3,ett,simpson_drug,anticommonsense,KEEP,no,no,1,1,211,434,,Novita,stop,0,0.000202085,content,0.0,700
meta-llama/llama-3.3-70b-instruct,443,13944,DR_k1,confounding,3,ett,simpson_drug,anticommonsense,KEEP,no,no,1,1,211,343,,Novita,stop,0,0.000165685,content,0.0,700
meta-llama/llama-3.3-70b-instruct,443,13944,DR_k2,confounding,3,ett,simpson_drug,anticommonsense,KEEP,no,no,1,1,211,441,,Novita,stop,0,0.000204885,content,0.0,700
meta-llama/llama-3.3-70b-instruct,443,13944,DR_k3,confounding,3,ett,simpson_drug,anticommonsense,KEEP,no,no,1,1,211,372,,Novita,stop,0,0.000177285,content,0.0,700
meta-llama/llama-3.3-70b-instruct,444,8329,RAW,confounding,3,ett,simpson_drug,hard,KEEP,no,yes,0,1,165,406,,Novita,stop,0,0.000184675,content,0.0,700
meta-llama/llama-3.3-70b-instruct,444,8329,ORACLE,confounding,3,ett,simpson_drug,hard,KEEP,no,yes,0,1,198,516,,Novita,stop,0,0.00023313,content,0.0,700
meta-llama/llama-3.3-70b-instruct,444,8329,DR_k1,confounding,3,ett,simpson_drug,hard,KEEP,no,yes,0,1,198,423,,Novita,stop,0,0.00019593,content,0.0,700
meta-llama/llama-3.3-70b-instruct,444,8329,DR_k2,confounding,3,ett,simpson_drug,hard,KEEP,no,yes,0,1,198,516,,Novita,stop,0,0.00023313,content,0.0,700
meta-llama/llama-3.3-70b-instruct,444,8329,DR_k3,confounding,3,ett,simpson_drug,hard,KEEP,no,yes,0,1,199,414,,Novita,stop,0,0.000192465,content,0.0,700
meta-llama/llama-3.3-70b-instruct,445,8315,RAW,confounding,3,ett,simpson_drug,hard,KEEP,no,yes,0,1,165,435,,Novita,stop,0,0.000196275,content,0.0,700
meta-llama/llama-3.3-70b-instruct,445,8315,ORACLE,confounding,3,ett,simpson_drug,hard,KEEP,no,no,1,1,198,700,,Novita,length,0,0.00030673,content,0.0,700
meta-llama/llama-3.3-70b-instruct,445,8315,DR_k1,confounding,3,ett,simpson_drug,hard,KEEP,no,no,1,1,198,528,,Novita,stop,0,0.00023793,content,0.0,700
meta-llama/llama-3.3-70b-instruct,445,8315,DR_k2,confounding,3,ett,simpson_drug,hard,KEEP,no,no,1,1,198,645,,Novita,stop,0,0.00028473,content,0.0,700
meta-llama/llama-3.3-70b-instruct,445,8315,DR_k3,confounding,3,ett,simpson_drug,hard,KEEP,no,yes,0,1,199,350,,Novita,stop,0,0.000166865,content,0.0,700
meta-llama/llama-3.3-70b-instruct,446,10120,RAW,confounding,3,det-counterfactual,simpson_hospital,commonsense,KEEP,yes,yes,1,1,103,137,,Novita,stop,0,6.8705e-05,content,0.0,700
meta-llama/llama-3.3-70b-instruct,446,10120,ORACLE,confounding,3,det-counterfactual,simpson_hospital,commonsense,KEEP,yes,yes,1,1,138,171,,Novita,stop,0,8.703e-05,content,0.0,700
meta-llama/llama-3.3-70b-instruct,446,10120,DR_k1,confounding,3,det-counterfactual,simpson_hospital,commonsense,KEEP,yes,yes,1,1,138,119,,Novita,stop,0,6.623e-05,content,0.0,700
meta-llama/llama-3.3-70b-instruct,446,10120,DR_k2,confounding,3,det-counterfactual,simpson_hospital,commonsense,KEEP,yes,yes,1,1,138,119,,Novita,stop,0,6.623e-05,content,0.0,700
meta-llama/llama-3.3-70b-instruct,446,10120,DR_k3,confounding,3,det-counterfactual,simpson_hospital,commonsense,KEEP,yes,yes,1,1,138,146,,Novita,stop,0,7.703e-05,content,0.0,700
meta-llama/llama-3.3-70b-instruct,447,8684,RAW,confounding,3,ett,simpson_vaccine,hard,KEEP,no,yes,0,1,189,525,,Novita,stop,0,0.000235515,content,0.0,700
meta-llama/llama-3.3-70b-instruct,447,8684,ORACLE,confounding,3,ett,simpson_vaccine,hard,KEEP,no,no,1,1,225,482,,Novita,stop,0,0.000223175,content,0.0,700
meta-llama/llama-3.3-70b-instruct,447,8684,DR_k1,confounding,3,ett,simpson_vaccine,hard,KEEP,no,yes,0,1,227,613,,Novita,stop,0,0.000275845,content,0.0,700
meta-llama/llama-3.3-70b-instruct,447,8684,DR_k2,confounding,3,ett,simpson_vaccine,hard,KEEP,no,yes,0,1,227,494,,Novita,stop,0,0.000228245,content,0.0,700
meta-llama/llama-3.3-70b-instruct,447,8684,DR_k3,confounding,3,ett,simpson_vaccine,hard,KEEP,no,yes,0,1,228,357,,Novita,stop,0,0.00017358,content,0.0,700
meta-llama/llama-3.3-70b-instruct,448,3668,RAW,confounding,3,ett,simpson_hospital,easy,KEEP,no,no,1,1,179,486,,Novita,stop,0,0.000218565,content,0.0,700
meta-llama/llama-3.3-70b-instruct,448,3668,ORACLE,confounding,3,ett,simpson_hospital,easy,KEEP,no,no,1,1,214,442,,Novita,stop,0,0.00020569,content,0.0,700
meta-llama/llama-3.3-70b-instruct,448,3668,DR_k1,confounding,3,ett,simpson_hospital,easy,KEEP,no,no,1,1,214,452,,Novita,stop,0,0.00020969,content,0.0,700
meta-llama/llama-3.3-70b-instruct,448,3668,DR_k2,confounding,3,ett,simpson_hospital,easy,KEEP,no,no,1,1,213,554,,Novita,stop,0,0.000250355,content,0.0,700
meta-llama/llama-3.3-70b-instruct,448,3668,DR_k3,confounding,3,ett,simpson_hospital,easy,KEEP,no,no,1,1,214,473,,Novita,stop,0,0.00021809,content,0.0,700
meta-llama/llama-3.3-70b-instruct,449,14298,RAW,confounding,3,ett,simpson_vaccine,anticommonsense,KEEP,no,yes,0,1,194,330,,Novita,stop,0,0.00015819,content,0.0,700
meta-llama/llama-3.3-70b-instruct,449,14298,ORACLE,confounding,3,ett,simpson_vaccine,anticommonsense,KEEP,no,no,1,1,234,633,,Novita,stop,0,0.00028479,content,0.0,700
meta-llama/llama-3.3-70b-instruct,449,14298,DR_k1,confounding,3,ett,simpson_vaccine,anticommonsense,KEEP,no,yes,0,1,236,659,,Novita,stop,0,0.00029546,content,0.0,700
meta-llama/llama-3.3-70b-instruct,449,14298,DR_k2,confounding,3,ett,simpson_vaccine,anticommonsense,KEEP,no,no,1,1,237,417,,Novita,stop,0,0.000198795,content,0.0,700
meta-llama/llama-3.3-70b-instruct,449,14298,DR_k3,confounding,3,ett,simpson_vaccine,anticommonsense,KEEP,no,no,1,1,235,398,,Novita,stop,0,0.000190925,content,0.0,700
meta-llama/llama-3.3-70b-instruct,450,18728,RAW,confounding,3,ett,simpson_drug,anticommonsense,KEEP,yes,no,0,1,180,700,,Novita,length,0,0.0003043,content,0.0,700
meta-llama/llama-3.3-70b-instruct,450,18728,ORACLE,confounding,3,ett,simpson_drug,anticommonsense,KEEP,yes,yes,1,1,215,453,,Novita,stop,0,0.000210225,content,0.0,700
meta-llama/llama-3.3-70b-instruct,450,18728,DR_k1,confounding,3,ett,simpson_drug,anticommonsense,KEEP,yes,yes,1,1,215,481,,Novita,stop,0,0.000221425,content,0.0,700
meta-llama/llama-3.3-70b-instruct,450,18728,DR_k2,confounding,3,ett,simpson_drug,anticommonsense,KEEP,yes,yes,1,1,214,696,,Novita,stop,0,0.00030729,content,0.0,700
meta-llama/llama-3.3-70b-instruct,450,18728,DR_k3,confounding,3,ett,simpson_drug,anticommonsense,KEEP,yes,yes,1,1,216,398,,Novita,stop,0,0.00018836,content,0.0,700
meta-llama/llama-3.3-70b-instruct,451,3906,RAW,confounding,3,ett,simpson_vaccine,easy,KEEP,no,yes,0,1,189,700,,Novita,length,0,0.000305515,content,0.0,700
meta-llama/llama-3.3-70b-instruct,451,3906,ORACLE,confounding,3,ett,simpson_vaccine,easy,KEEP,no,yes,0,1,225,493,,Novita,stop,0,0.000227575,content,0.0,700
meta-llama/llama-3.3-70b-instruct,451,3906,DR_k1,confounding,3,ett,simpson_vaccine,easy,KEEP,no,yes,0,1,225,690,,Novita,stop,0,0.000306375,content,0.0,700
meta-llama/llama-3.3-70b-instruct,451,3906,DR_k2,confounding,3,ett,simpson_vaccine,easy,KEEP,no,yes,0,1,228,514,,Novita,stop,0,0.00023638,content,0.0,700
meta-llama/llama-3.3-70b-instruct,451,3906,DR_k3,confounding,3,ett,simpson_vaccine,easy,KEEP,no,yes,0,1,228,336,,Novita,stop,0,0.00016518,content,0.0,700
meta-llama/llama-3.3-70b-instruct,452,3998,RAW,confounding,3,ett,simpson_vaccine,easy,KEEP,no,no,1,1,189,700,,Novita,length,0,0.000305515,content,0.0,700
meta-llama/llama-3.3-70b-instruct,452,3998,ORACLE,confounding,3,ett,simpson_vaccine,easy,KEEP,no,no,1,1,225,700,,Novita,length,0,0.000310375,content,0.0,700
meta-llama/llama-3.3-70b-instruct,452,3998,DR_k1,confounding,3,ett,simpson_vaccine,easy,KEEP,no,no,1,1,225,675,,Novita,stop,0,0.000300375,content,0.0,700
meta-llama/llama-3.3-70b-instruct,452,3998,DR_k2,confounding,3,ett,simpson_vaccine,easy,KEEP,no,no,1,1,228,373,,Novita,stop,0,0.00017998,content,0.0,700
meta-llama/llama-3.3-70b-instruct,452,3998,DR_k3,confounding,3,ett,simpson_vaccine,easy,KEEP,no,no,1,1,228,600,,Novita,stop,0,0.00027078,content,0.0,700
meta-llama/llama-3.3-70b-instruct,453,8747,RAW,confounding,3,ett,simpson_vaccine,hard,KEEP,yes,yes,1,1,189,398,,Novita,stop,0,0.000184715,content,0.0,700
meta-llama/llama-3.3-70b-instruct,453,8747,ORACLE,confounding,3,ett,simpson_vaccine,hard,KEEP,yes,no,0,1,225,700,,Novita,length,0,0.000310375,content,0.0,700
meta-llama/llama-3.3-70b-instruct,453,8747,DR_k1,confounding,3,ett,simpson_vaccine,hard,KEEP,yes,yes,1,1,227,431,,Novita,stop,0,0.000203045,content,0.0,700
meta-llama/llama-3.3-70b-instruct,453,8747,DR_k2,confounding,3,ett,simpson_vaccine,hard,KEEP,yes,no,0,1,227,700,,Novita,length,0,0.000310645,content,0.0,700
meta-llama/llama-3.3-70b-instruct,453,8747,DR_k3,confounding,3,ett,simpson_vaccine,hard,KEEP,yes,yes,1,1,228,406,,Novita,stop,0,0.00019318,content,0.0,700
meta-llama/llama-3.3-70b-instruct,454,18886,RAW,confounding,3,ett,simpson_hospital,anticommonsense,KEEP,yes,yes,1,1,184,319,,Novita,stop,0,0.00015244,content,0.0,700
meta-llama/llama-3.3-70b-instruct,454,18886,ORACLE,confounding,3,ett,simpson_hospital,anticommonsense,KEEP,yes,yes,1,1,221,657,,Novita,stop,0,0.000292635,content,0.0,700
meta-llama/llama-3.3-70b-instruct,454,18886,DR_k1,confounding,3,ett,simpson_hospital,anticommonsense,KEEP,yes,yes,1,1,221,407,,Novita,stop,0,0.000192635,content,0.0,700
meta-llama/llama-3.3-70b-instruct,454,18886,DR_k2,confounding,3,ett,simpson_hospital,anticommonsense,KEEP,yes,yes,1,1,220,605,,Novita,stop,0,0.0002717,content,0.0,700
meta-llama/llama-3.3-70b-instruct,454,18886,DR_k3,confounding,3,ett,simpson_hospital,anticommonsense,KEEP,yes,yes,1,1,220,458,,Novita,stop,0,0.0002129,content,0.0,700
meta-llama/llama-3.3-70b-instruct,455,18819,RAW,confounding,3,ett,simpson_hospital,anticommonsense,KEEP,no,no,1,1,184,523,,Novita,stop,0,0.00023404,content,0.0,700
meta-llama/llama-3.3-70b-instruct,455,18819,ORACLE,confounding,3,ett,simpson_hospital,anticommonsense,KEEP,no,no,1,1,221,391,,Novita,stop,0,0.000186235,content,0.0,700
meta-llama/llama-3.3-70b-instruct,455,18819,DR_k1,confounding,3,ett,simpson_hospital,anticommonsense,KEEP,no,,0,0,221,700,,Novita,length,0,0.000309835,content,0.0,700
meta-llama/llama-3.3-70b-instruct,455,18819,DR_k2,confounding,3,ett,simpson_hospital,anticommonsense,KEEP,no,no,1,1,220,606,,Novita,stop,0,0.0002721,content,0.0,700
meta-llama/llama-3.3-70b-instruct,455,18819,DR_k3,confounding,3,ett,simpson_hospital,anticommonsense,KEEP,no,no,1,1,220,574,,Novita,stop,0,0.0002593,content,0.0,700
meta-llama/llama-3.3-70b-instruct,456,20572,RAW,confounding,3,det-counterfactual,simpson_vaccine,anticommonsense,KEEP,no,no,1,1,113,193,,Novita,stop,0,9.2455e-05,content,0.0,700
meta-llama/llama-3.3-70b-instruct,456,20572,ORACLE,confounding,3,det-counterfactual,simpson_vaccine,anticommonsense,KEEP,no,no,1,1,153,157,,Novita,stop,0,8.3455e-05,content,0.0,700
meta-llama/llama-3.3-70b-instruct,456,20572,DR_k1,confounding,3,det-counterfactual,simpson_vaccine,anticommonsense,KEEP,no,no,1,1,155,311,,Novita,stop,0,0.000145325,content,0.0,700
meta-llama/llama-3.3-70b-instruct,456,20572,DR_k2,confounding,3,det-counterfactual,simpson_vaccine,anticommonsense,KEEP,no,no,1,1,156,151,,Novita,stop,0,8.146e-05,content,0.0,700
meta-llama/llama-3.3-70b-instruct,456,20572,DR_k3,confounding,3,det-counterfactual,simpson_vaccine,anticommonsense,KEEP,no,no,1,1,154,285,,Novita,stop,0,0.00013479,content,0.0,700
meta-llama/llama-3.3-70b-instruct,457,10061,RAW,confounding,3,det-counterfactual,simpson_drug,commonsense,KEEP,yes,yes,1,1,102,259,,Novita,stop,0,0.00011737,content,0.0,700
meta-llama/llama-3.3-70b-instruct,457,10061,ORACLE,confounding,3,det-counterfactual,simpson_drug,commonsense,KEEP,yes,yes,1,1,135,105,,Novita,stop,0,6.0225e-05,content,0.0,700
meta-llama/llama-3.3-70b-instruct,457,10061,DR_k1,confounding,3,det-counterfactual,simpson_drug,commonsense,KEEP,yes,yes,1,1,135,153,,Novita,stop,0,7.9425e-05,content,0.0,700
meta-llama/llama-3.3-70b-instruct,457,10061,DR_k2,confounding,3,det-counterfactual,simpson_drug,commonsense,KEEP,yes,yes,1,1,135,148,,Novita,stop,0,7.7425e-05,content,0.0,700
meta-llama/llama-3.3-70b-instruct,457,10061,DR_k3,confounding,3,det-counterfactual,simpson_drug,commonsense,KEEP,yes,yes,1,1,136,178,,Novita,stop,0,8.956e-05,content,0.0,700
meta-llama/llama-3.3-70b-instruct,458,18776,RAW,confounding,3,ett,simpson_drug,anticommonsense,KEEP,no,yes,0,1,180,493,,Novita,stop,0,0.0002215,content,0.0,700
meta-llama/llama-3.3-70b-instruct,458,18776,ORACLE,confounding,3,ett,simpson_drug,anticommonsense,KEEP,no,no,1,1,215,640,,Novita,stop,0,0.000285025,content,0.0,700
meta-llama/llama-3.3-70b-instruct,458,18776,DR_k1,confounding,3,ett,simpson_drug,anticommonsense,KEEP,no,no,1,1,215,414,,Novita,stop,0,0.000194625,content,0.0,700
meta-llama/llama-3.3-70b-instruct,458,18776,DR_k2,confounding,3,ett,simpson_drug,anticommonsense,KEEP,no,yes,0,1,214,470,,Novita,stop,0,0.00021689,content,0.0,700
meta-llama/llama-3.3-70b-instruct,458,18776,DR_k3,confounding,3,ett,simpson_drug,anticommonsense,KEEP,no,no,1,1,216,401,,Novita,stop,0,0.00018956,content,0.0,700
meta-llama/llama-3.3-70b-instruct,459,8407,RAW,confounding,3,ett,simpson_drug,hard,KEEP,yes,yes,1,1,165,596,,Novita,stop,0,0.000260675,content,0.0,700
meta-llama/llama-3.3-70b-instruct,459,8407,ORACLE,confounding,3,ett,simpson_drug,hard,KEEP,yes,yes,1,1,198,699,,Novita,stop,0,0.00030633,content,0.0,700
meta-llama/llama-3.3-70b-instruct,459,8407,DR_k1,confounding,3,ett,simpson_drug,hard,KEEP,yes,yes,1,1,198,402,,Novita,stop,0,0.00018753,content,0.0,700
meta-llama/llama-3.3-70b-instruct,459,8407,DR_k2,confounding,3,ett,simpson_drug,hard,KEEP,yes,yes,1,1,199,386,,Novita,stop,0,0.000181265,content,0.0,700
meta-llama/llama-3.3-70b-instruct,459,8407,DR_k3,confounding,3,ett,simpson_drug,hard,KEEP,yes,yes,1,1,199,364,,Novita,stop,0,0.000172465,content,0.0,700
meta-llama/llama-3.3-70b-instruct,460,20527,RAW,confounding,3,det-counterfactual,simpson_kidneystone,anticommonsense,KEEP,yes,yes,1,1,108,384,,Novita,stop,0,0.00016818,content,0.0,700
meta-llama/llama-3.3-70b-instruct,460,20527,ORACLE,confounding,3,det-counterfactual,simpson_kidneystone,anticommonsense,KEEP,yes,no,0,1,146,700,,Novita,length,0,0.00029971,content,0.0,700
meta-llama/llama-3.3-70b-instruct,460,20527,DR_k1,confounding,3,det-counterfactual,simpson_kidneystone,anticommonsense,KEEP,yes,no,0,1,148,563,,Novita,stop,0,0.00024518,content,0.0,700
meta-llama/llama-3.3-70b-instruct,460,20527,DR_k2,confounding,3,det-counterfactual,simpson_kidneystone,anticommonsense,KEEP,yes,yes,1,1,147,571,,Novita,stop,0,0.000248245,content,0.0,700
meta-llama/llama-3.3-70b-instruct,460,20527,DR_k3,confounding,3,det-counterfactual,simpson_kidneystone,anticommonsense,KEEP,yes,yes,1,1,147,351,,Novita,stop,0,0.000160245,content,0.0,700
meta-llama/llama-3.3-70b-instruct,461,8725,RAW,confounding,3,ett,simpson_vaccine,hard,KEEP,yes,yes,1,1,189,591,,Novita,stop,0,0.000261915,content,0.0,700
meta-llama/llama-3.3-70b-instruct,461,8725,ORACLE,confounding,3,ett,simpson_vaccine,hard,KEEP,yes,yes,1,1,225,600,,Novita,stop,0,0.000270375,content,0.0,700
meta-llama/llama-3.3-70b-instruct,461,8725,DR_k1,confounding,3,ett,simpson_vaccine,hard,KEEP,yes,yes,1,1,225,543,,Novita,stop,0,0.000247575,content,0.0,700
meta-llama/llama-3.3-70b-instruct,461,8725,DR_k2,confounding,3,ett,simpson_vaccine,hard,KEEP,yes,yes,1,1,228,480,,Novita,stop,0,0.00022278,content,0.0,700
meta-llama/llama-3.3-70b-instruct,461,8725,DR_k3,confounding,3,ett,simpson_vaccine,hard,KEEP,yes,no,0,1,228,700,,Novita,length,0,0.00031078,content,0.0,700
meta-llama/llama-3.3-70b-instruct,462,10180,RAW,confounding,3,det-counterfactual,simpson_vaccine,commonsense,KEEP,no,no,1,1,112,239,,Novita,stop,0,0.00011072,content,0.0,700
meta-llama/llama-3.3-70b-instruct,462,10180,ORACLE,confounding,3,det-counterfactual,simpson_vaccine,commonsense,KEEP,no,no,1,1,148,249,,Novita,stop,0,0.00011958,content,0.0,700
meta-llama/llama-3.3-70b-instruct,462,10180,DR_k1,confounding,3,det-counterfactual,simpson_vaccine,commonsense,KEEP,no,no,1,1,150,206,,Novita,stop,0,0.00010265,content,0.0,700
meta-llama/llama-3.3-70b-instruct,462,10180,DR_k2,confounding,3,det-counterfactual,simpson_vaccine,commonsense,KEEP,no,no,1,1,150,288,,Novita,stop,0,0.00013545,content,0.0,700
meta-llama/llama-3.3-70b-instruct,462,10180,DR_k3,confounding,3,det-counterfactual,simpson_vaccine,commonsense,KEEP,no,no,1,1,151,223,,Novita,stop,0,0.000109585,content,0.0,700
meta-llama/llama-3.3-70b-instruct,463,3722,RAW,confounding,3,ett,simpson_hospital,easy,KEEP,no,no,1,1,179,547,,Novita,stop,0,0.000242965,content,0.0,700
meta-llama/llama-3.3-70b-instruct,463,3722,ORACLE,confounding,3,ett,simpson_hospital,easy,KEEP,no,no,1,1,214,355,,Novita,stop,0,0.00017089,content,0.0,700
meta-llama/llama-3.3-70b-instruct,463,3722,DR_k1,confounding,3,ett,simpson_hospital,easy,KEEP,no,no,1,1,213,449,,Novita,stop,0,0.000208355,content,0.0,700
meta-llama/llama-3.3-70b-instruct,463,3722,DR_k2,confounding,3,ett,simpson_hospital,easy,KEEP,no,no,1,1,214,512,,Novita,stop,0,0.00023369,content,0.0,700
meta-llama/llama-3.3-70b-instruct,463,3722,DR_k3,confounding,3,ett,simpson_hospital,easy,KEEP,no,no,1,1,214,498,,Novita,stop,0,0.00022809,content,0.0,700
meta-llama/llama-3.3-70b-instruct,464,14028,RAW,confounding,3,ett,simpson_drug,anticommonsense,KEEP,no,no,1,1,174,247,,Novita,stop,0,0.00012229,content,0.0,700
meta-llama/llama-3.3-70b-instruct,464,14028,ORACLE,confounding,3,ett,simpson_drug,anticommonsense,KEEP,no,no,1,1,211,273,,Novita,stop,0,0.000137685,content,0.0,700
meta-llama/llama-3.3-70b-instruct,464,14028,DR_k1,confounding,3,ett,simpson_drug,anticommonsense,KEEP,no,no,1,1,209,387,,Novita,stop,0,0.000183015,content,0.0,700
meta-llama/llama-3.3-70b-instruct,464,14028,DR_k2,confounding,3,ett,simpson_drug,anticommonsense,KEEP,no,no,1,1,211,402,,Novita,stop,0,0.000189285,content,0.0,700
meta-llama/llama-3.3-70b-instruct,464,14028,DR_k3,confounding,3,ett,simpson_drug,anticommonsense,KEEP,no,,0,0,211,700,,Novita,length,0,0.000308485,content,0.0,700
meta-llama/llama-3.3-70b-instruct,465,20566,RAW,confounding,3,det-counterfactual,simpson_vaccine,anticommonsense,KEEP,yes,yes,1,1,114,93,,Novita,stop,0,5.259e-05,content,0.0,700
meta-llama/llama-3.3-70b-instruct,465,20566,ORACLE,confounding,3,det-counterfactual,simpson_vaccine,anticommonsense,KEEP,yes,yes,1,1,154,225,,Novita,stop,0,0.00011079,content,0.0,700
meta-llama/llama-3.3-70b-instruct,465,20566,DR_k1,confounding,3,det-counterfactual,simpson_vaccine,anticommonsense,KEEP,yes,no,0,1,154,263,,Novita,stop,0,0.00012599,content,0.0,700
meta-llama/llama-3.3-70b-instruct,465,20566,DR_k2,confounding,3,det-counterfactual,simpson_vaccine,anticommonsense,KEEP,yes,yes,1,1,154,115,,Novita,stop,0,6.679e-05,content,0.0,700
meta-llama/llama-3.3-70b-instruct,465,20566,DR_k3,confounding,3,det-counterfactual,simpson_vaccine,anticommonsense,KEEP,yes,yes,1,1,155,144,,Novita,stop,0,7.8525e-05,content,0.0,700
meta-llama/llama-3.3-70b-instruct,466,3705,RAW,confounding,3,ett,simpson_hospital,easy,KEEP,no,no,1,1,179,256,,Novita,stop,0,0.000126565,content,0.0,700
meta-llama/llama-3.3-70b-instruct,466,3705,ORACLE,confounding,3,ett,simpson_hospital,easy,KEEP,no,no,1,1,214,361,,Novita,stop,0,0.00017329,content,0.0,700
meta-llama/llama-3.3-70b-instruct,466,3705,DR_k1,confounding,3,ett,simpson_hospital,easy,KEEP,no,no,1,1,214,526,,Novita,stop,0,0.00023929,content,0.0,700
meta-llama/llama-3.3-70b-instruct,466,3705,DR_k2,confounding,3,ett,simpson_hospital,easy,KEEP,no,no,1,1,213,432,,Novita,stop,0,0.000201555,content,0.0,700
meta-llama/llama-3.3-70b-instruct,466,3705,DR_k3,confounding,3,ett,simpson_hospital,easy,KEEP,no,no,1,1,214,560,,Novita,stop,0,0.00025289,content,0.0,700
meta-llama/llama-3.3-70b-instruct,467,19110,RAW,confounding,3,ett,simpson_vaccine,anticommonsense,KEEP,no,yes,0,1,194,395,,Novita,stop,0,0.00018419,content,0.0,700
meta-llama/llama-3.3-70b-instruct,467,19110,ORACLE,confounding,3,ett,simpson_vaccine,anticommonsense,KEEP,no,no,1,1,233,521,,Novita,stop,0,0.000239855,content,0.0,700
meta-llama/llama-3.3-70b-instruct,467,19110,DR_k1,confounding,3,ett,simpson_vaccine,anticommonsense,KEEP,no,no,1,1,234,511,,Novita,stop,0,0.00023599,content,0.0,700
meta-llama/llama-3.3-70b-instruct,467,19110,DR_k2,confounding,3,ett,simpson_vaccine,anticommonsense,KEEP,no,no,1,1,236,296,,Novita,stop,0,0.00015026,content,0.0,700
meta-llama/llama-3.3-70b-instruct,467,19110,DR_k3,confounding,3,ett,simpson_vaccine,anticommonsense,KEEP,no,yes,0,1,236,415,,Novita,stop,0,0.00019786,content,0.0,700
meta-llama/llama-3.3-70b-instruct,468,8617,RAW,confounding,3,ett,simpson_kidneystone,hard,KEEP,yes,yes,1,1,172,421,,Novita,stop,0,0.00019162,content,0.0,700
meta-llama/llama-3.3-70b-instruct,468,8617,ORACLE,confounding,3,ett,simpson_kidneystone,hard,KEEP,yes,no,0,1,208,700,,Novita,length,0,0.00030808,content,0.0,700
meta-llama/llama-3.3-70b-instruct,468,8617,DR_k1,confounding,3,ett,simpson_kidneystone,hard,KEEP,yes,yes,1,1,208,564,,Novita,stop,0,0.00025368,content,0.0,700
meta-llama/llama-3.3-70b-instruct,468,8617,DR_k2,confounding,3,ett,simpson_kidneystone,hard,KEEP,yes,no,0,1,210,700,,Novita,length,0,0.00030835,content,0.0,700
meta-llama/llama-3.3-70b-instruct,468,8617,DR_k3,confounding,3,ett,simpson_kidneystone,hard,KEEP,yes,no,0,1,210,700,,Novita,length,0,0.00030835,content,0.0,700
meta-llama/llama-3.3-70b-instruct,469,18918,RAW,confounding,3,ett,simpson_hospital,anticommonsense,KEEP,no,no,1,1,184,556,,Novita,stop,0,0.00024724,content,0.0,700
meta-llama/llama-3.3-70b-instruct,469,18918,ORACLE,confounding,3,ett,simpson_hospital,anticommonsense,KEEP,no,yes,0,1,221,288,,Novita,stop,0,0.000145035,content,0.0,700
meta-llama/llama-3.3-70b-instruct,469,18918,DR_k1,confounding,3,ett,simpson_hospital,anticommonsense,KEEP,no,yes,0,1,221,516,,Novita,stop,0,0.000236235,content,0.0,700
meta-llama/llama-3.3-70b-instruct,469,18918,DR_k2,confounding,3,ett,simpson_hospital,anticommonsense,KEEP,no,yes,0,1,220,450,,Novita,stop,0,0.0002097,content,0.0,700
meta-llama/llama-3.3-70b-instruct,469,18918,DR_k3,confounding,3,ett,simpson_hospital,anticommonsense,KEEP,no,no,1,1,220,476,,Novita,stop,0,0.0002201,content,0.0,700
meta-llama/llama-3.3-70b-instruct,470,19054,RAW,confounding,3,ett,simpson_vaccine,anticommonsense,KEEP,yes,yes,1,1,194,281,,Novita,stop,0,0.00013859,content,0.0,700
meta-llama/llama-3.3-70b-instruct,470,19054,ORACLE,confounding,3,ett,simpson_vaccine,anticommonsense,KEEP,yes,no,0,1,233,700,,Novita,length,0,0.000311455,content,0.0,700
meta-llama/llama-3.3-70b-instruct,470,19054,DR_k1,confounding,3,ett,simpson_vaccine,anticommonsense,KEEP,yes,yes,1,1,234,605,,Novita,stop,0,0.00027359,content,0.0,700
meta-llama/llama-3.3-70b-instruct,470,19054,DR_k2,confounding,3,ett,simpson_vaccine,anticommonsense,KEEP,yes,no,0,1,234,700,,Novita,length,0,0.00031159,content,0.0,700
meta-llama/llama-3.3-70b-instruct,470,19054,DR_k3,confounding,3,ett,simpson_vaccine,anticommonsense,KEEP,yes,yes,1,1,236,622,,Novita,stop,0,0.00028066,content,0.0,700
meta-llama/llama-3.3-70b-instruct,471,10072,RAW,confounding,3,det-counterfactual,simpson_drug,commonsense,KEEP,no,no,1,1,100,195,,Novita,stop,0,9.15e-05,content,0.0,700
meta-llama/llama-3.3-70b-instruct,471,10072,ORACLE,confounding,3,det-counterfactual,simpson_drug,commonsense,KEEP,no,yes,0,1,133,233,,Novita,stop,0,0.000111155,content,0.0,700
meta-llama/llama-3.3-70b-instruct,471,10072,DR_k1,confounding,3,det-counterfactual,simpson_drug,commonsense,KEEP,no,yes,0,1,133,142,,Novita,stop,0,7.4755e-05,content,0.0,700
meta-llama/llama-3.3-70b-instruct,471,10072,DR_k2,confounding,3,det-counterfactual,simpson_drug,commonsense,KEEP,no,no,1,1,134,194,,Novita,stop,0,9.569e-05,content,0.0,700
meta-llama/llama-3.3-70b-instruct,471,10072,DR_k3,confounding,3,det-counterfactual,simpson_drug,commonsense,KEEP,no,no,1,1,134,269,,Novita,stop,0,0.00012569,content,0.0,700
meta-llama/llama-3.3-70b-instruct,472,8648,RAW,confounding,3,ett,simpson_vaccine,hard,KEEP,yes,yes,1,1,189,422,,Novita,stop,0,0.000194315,content,0.0,700
meta-llama/llama-3.3-70b-instruct,472,8648,ORACLE,confounding,3,ett,simpson_vaccine,hard,KEEP,yes,no,0,1,225,700,,Novita,length,0,0.000310375,content,0.0,700
meta-llama/llama-3.3-70b-instruct,472,8648,DR_k1,confounding,3,ett,simpson_vaccine,hard,KEEP,yes,yes,1,1,227,506,,Novita,stop,0,0.000233045,content,0.0,700
meta-llama/llama-3.3-70b-instruct,472,8648,DR_k2,confounding,3,ett,simpson_vaccine,hard,KEEP,yes,no,0,1,227,693,,Novita,stop,0,0.000307845,content,0.0,700
meta-llama/llama-3.3-70b-instruct,472,8648,DR_k3,confounding,3,ett,simpson_vaccine,hard,KEEP,yes,no,0,1,228,590,,Novita,stop,0,0.00026678,content,0.0,700
meta-llama/llama-3.3-70b-instruct,473,20474,RAW,confounding,3,det-counterfactual,simpson_drug,anticommonsense,KEEP,yes,yes,1,1,105,124,,Novita,stop,0,6.3775e-05,content,0.0,700
meta-llama/llama-3.3-70b-instruct,473,20474,ORACLE,confounding,3,det-counterfactual,simpson_drug,anticommonsense,KEEP,yes,yes,1,1,142,142,,Novita,stop,0,7.597e-05,content,0.0,700
meta-llama/llama-3.3-70b-instruct,473,20474,DR_k1,confounding,3,det-counterfactual,simpson_drug,anticommonsense,KEEP,yes,yes,1,1,142,115,,Novita,stop,0,6.517e-05,content,0.0,700
meta-llama/llama-3.3-70b-instruct,473,20474,DR_k2,confounding,3,det-counterfactual,simpson_drug,anticommonsense,KEEP,yes,yes,1,1,140,198,,Novita,stop,0,9.81e-05,content,0.0,700
meta-llama/llama-3.3-70b-instruct,473,20474,DR_k3,confounding,3,det-counterfactual,simpson_drug,anticommonsense,KEEP,yes,yes,1,1,142,220,,Novita,stop,0,0.00010717,content,0.0,700
meta-llama/llama-3.3-70b-instruct,474,10096,RAW,confounding,3,det-counterfactual,simpson_hospital,commonsense,KEEP,no,no,1,1,103,125,,Novita,stop,0,6.3905e-05,content,0.0,700
meta-llama/llama-3.3-70b-instruct,474,10096,ORACLE,confounding,3,det-counterfactual,simpson_hospital,commonsense,KEEP,no,yes,0,1,138,213,,Novita,stop,0,0.00010383,content,0.0,700
meta-llama/llama-3.3-70b-instruct,474,10096,DR_k1,confounding,3,det-counterfactual,simpson_hospital,commonsense,KEEP,no,yes,0,1,138,410,,Novita,stop,0,0.00018263,content,0.0,700
meta-llama/llama-3.3-70b-instruct,474,10096,DR_k2,confounding,3,det-counterfactual,simpson_hospital,commonsense,KEEP,no,no,1,1,138,240,,Novita,stop,0,0.00011463,content,0.0,700
meta-llama/llama-3.3-70b-instruct,474,10096,DR_k3,confounding,3,det-counterfactual,simpson_hospital,commonsense,KEEP,no,no,1,1,138,682,,Novita,stop,0,0.00029143,content,0.0,700
meta-llama/llama-3.3-70b-instruct,475,14060,RAW,confounding,3,ett,simpson_hospital,anticommonsense,KEEP,no,no,1,1,189,375,,Novita,stop,0,0.000175515,content,0.0,700
meta-llama/llama-3.3-70b-instruct,475,14060,ORACLE,confounding,3,ett,simpson_hospital,anticommonsense,KEEP,no,no,1,1,228,421,,Novita,stop,0,0.00019918,content,0.0,700
meta-llama/llama-3.3-70b-instruct,475,14060,DR_k1,confounding,3,ett,simpson_hospital,anticommonsense,KEEP,no,no,1,1,228,625,,Novita,stop,0,0.00028078,content,0.0,700
meta-llama/llama-3.3-70b-instruct,475,14060,DR_k2,confounding,3,ett,simpson_hospital,anticommonsense,KEEP,no,,0,0,227,700,,Novita,length,0,0.000310645,content,0.0,700
meta-llama/llama-3.3-70b-instruct,475,14060,DR_k3,confounding,3,ett,simpson_hospital,anticommonsense,KEEP,no,,0,0,226,700,,Novita,length,0,0.00031051,content,0.0,700
meta-llama/llama-3.3-70b-instruct,512,1203,RAW,diamond,2,ate,vaccine_kills,easy,KEEP,yes,yes,1,1,106,77,,Novita,stop,0,4.511e-05,content,0.0,700
meta-llama/llama-3.3-70b-instruct,512,1203,ORACLE,diamond,2,ate,vaccine_kills,easy,KEEP,yes,yes,1,1,164,178,,Novita,stop,0,9.334e-05,content,0.0,700
meta-llama/llama-3.3-70b-instruct,512,1203,DR_k1,diamond,2,ate,vaccine_kills,easy,KEEP,yes,yes,1,1,164,189,,Novita,stop,0,9.774e-05,content,0.0,700
meta-llama/llama-3.3-70b-instruct,512,1203,DR_k2,diamond,2,ate,vaccine_kills,easy,KEEP,yes,yes,1,1,154,156,,Novita,stop,0,8.319e-05,content,0.0,700
meta-llama/llama-3.3-70b-instruct,512,1203,DR_k3,diamond,2,ate,vaccine_kills,easy,KEEP,yes,yes,1,1,161,177,,Novita,stop,0,9.2535e-05,content,0.0,700
meta-llama/llama-3.3-70b-instruct,513,599,RAW,diamond,2,ate,floor_wet,easy,KEEP,no,no,1,1,103,86,,Novita,stop,0,4.8305e-05,content,0.0,700
meta-llama/llama-3.3-70b-instruct,513,599,ORACLE,diamond,2,ate,floor_wet,easy,KEEP,no,no,1,1,147,204,,Novita,stop,0,0.000101445,content,0.0,700
meta-llama/llama-3.3-70b-instruct,513,599,DR_k1,diamond,2,ate,floor_wet,easy,KEEP,no,no,1,1,146,250,,Novita,stop,0,0.00011971,content,0.0,700
meta-llama/llama-3.3-70b-instruct,513,599,DR_k2,diamond,2,ate,floor_wet,easy,KEEP,no,no,1,1,146,188,,Novita,stop,0,9.491e-05,content,0.0,700
meta-llama/llama-3.3-70b-instruct,513,599,DR_k3,diamond,2,ate,floor_wet,easy,KEEP,no,no,1,1,147,206,,Novita,stop,0,0.000102245,content,0.0,700
meta-llama/llama-3.3-70b-instruct,514,16426,RAW,diamond,2,ate,vaccine_kills,anticommonsense,KEEP,yes,yes,1,1,100,80,,Novita,stop,0,4.55e-05,content,0.0,700
meta-llama/llama-3.3-70b-instruct,514,16426,ORACLE,diamond,2,ate,vaccine_kills,anticommonsense,KEEP,yes,yes,1,1,154,216,,Novita,stop,0,0.00010719,content,0.0,700
meta-llama/llama-3.3-70b-instruct,514,16426,DR_k1,diamond,2,ate,vaccine_kills,anticommonsense,KEEP,yes,yes,1,1,153,175,,Novita,stop,0,9.0655e-05,content,0.0,700
meta-llama/llama-3.3-70b-instruct,514,16426,DR_k2,diamond,2,ate,vaccine_kills,anticommonsense,KEEP,yes,yes,1,1,154,217,,Novita,stop,0,0.00010759,content,0.0,700
meta-llama/llama-3.3-70b-instruct,514,16426,DR_k3,diamond,2,ate,vaccine_kills,anticommonsense,KEEP,yes,yes,1,1,153,347,,Novita,stop,0,0.000159455,content,0.0,700
meta-llama/llama-3.3-70b-instruct,515,6038,RAW,diamond,2,ate,vaccine_kills,hard,KEEP,yes,yes,1,1,106,77,,Novita,stop,0,4.511e-05,content,0.0,700
meta-llama/llama-3.3-70b-instruct,515,6038,ORACLE,diamond,2,ate,vaccine_kills,hard,KEEP,yes,yes,1,1,164,208,,Novita,stop,0,0.00010534,content,0.0,700
meta-llama/llama-3.3-70b-instruct,515,6038,DR_k1,diamond,2,ate,vaccine_kills,hard,KEEP,yes,yes,1,1,164,147,,Novita,stop,0,8.094e-05,content,0.0,700
meta-llama/llama-3.3-70b-instruct,515,6038,DR_k2,diamond,2,ate,vaccine_kills,hard,KEEP,yes,yes,1,1,161,181,,Novita,stop,0,9.4135e-05,content,0.0,700
meta-llama/llama-3.3-70b-instruct,515,6038,DR_k3,diamond,2,ate,vaccine_kills,hard,KEEP,yes,yes,1,1,162,171,,Novita,stop,0,9.027e-05,content,0.0,700
meta-llama/llama-3.3-70b-instruct,516,10967,RAW,diamond,2,ate,floor_wet,anticommonsense,KEEP,no,no,1,1,108,95,,Novita,stop,0,5.258e-05,content,0.0,700
meta-llama/llama-3.3-70b-instruct,516,10967,ORACLE,diamond,2,ate,floor_wet,anticommonsense,KEEP,no,no,1,1,153,223,,Novita,stop,0,0.000109855,content,0.0,700
meta-llama/llama-3.3-70b-instruct,516,10967,DR_k1,diamond,2,ate,floor_wet,anticommonsense,KEEP,no,no,1,1,153,243,,Novita,stop,0,0.000117855,content,0.0,700
meta-llama/llama-3.3-70b-instruct,516,10967,DR_k2,diamond,2,ate,floor_wet,anticommonsense,KEEP,no,no,1,1,153,176,,Novita,stop,0,9.1055e-05,content,0.0,700
meta-llama/llama-3.3-70b-instruct,516,10967,DR_k3,diamond,2,ate,floor_wet,anticommonsense,KEEP,no,no,1,1,153,403,,Novita,stop,0,0.000181855,content,0.0,700
meta-llama/llama-3.3-70b-instruct,517,5314,RAW,diamond,2,ate,firing_squad,hard,KEEP,no,no,1,1,114,138,,Novita,stop,0,7.059e-05,content,0.0,700
meta-llama/llama-3.3-70b-instruct,517,5314,ORACLE,diamond,2,ate,firing_squad,hard,KEEP,no,no,1,1,162,259,,Novita,stop,0,0.00012547,content,0.0,700
meta-llama/llama-3.3-70b-instruct,517,5314,DR_k1,diamond,2,ate,firing_squad,hard,KEEP,no,no,1,1,161,263,,Novita,stop,0,0.000126935,content,0.0,700
meta-llama/llama-3.3-70b-instruct,517,5314,DR_k2,diamond,2,ate,firing_squad,hard,KEEP,no,no,1,1,162,151,,Novita,stop,0,8.227e-05,content,0.0,700
meta-llama/llama-3.3-70b-instruct,517,5314,DR_k3,diamond,2,ate,firing_squad,hard,KEEP,no,no,1,1,164,268,,Novita,stop,0,0.00012934,content,0.0,700
meta-llama/llama-3.3-70b-instruct,519,5278,RAW,diamond,2,ate,firing_squad,hard,KEEP,no,no,1,1,114,87,,Novita,stop,0,5.019e-05,content,0.0,700
meta-llama/llama-3.3-70b-instruct,519,5278,ORACLE,diamond,2,ate,firing_squad,hard,KEEP,no,no,1,1,162,251,,Novita,stop,0,0.00012227,content,0.0,700
meta-llama/llama-3.3-70b-instruct,519,5278,DR_k1,diamond,2,ate,firing_squad,hard,KEEP,no,no,1,1,161,273,,Novita,stop,0,0.000130935,content,0.0,700
meta-llama/llama-3.3-70b-instruct,519,5278,DR_k2,diamond,2,ate,firing_squad,hard,KEEP,no,no,1,1,157,142,,Novita,stop,0,7.7995e-05,content,0.0,700
meta-llama/llama-3.3-70b-instruct,519,5278,DR_k3,diamond,2,ate,firing_squad,hard,KEEP,no,no,1,1,164,303,,Novita,stop,0,0.00014334,content,0.0,700
meta-llama/llama-3.3-70b-instruct,520,5440,RAW,diamond,2,ate,floor_wet,hard,KEEP,yes,yes,1,1,103,84,,Novita,stop,0,4.7505e-05,content,0.0,700
meta-llama/llama-3.3-70b-instruct,520,5440,ORACLE,diamond,2,ate,floor_wet,hard,KEEP,yes,yes,1,1,147,324,,Novita,stop,0,0.000149445,content,0.0,700
meta-llama/llama-3.3-70b-instruct,520,5440,DR_k1,diamond,2,ate,floor_wet,hard,KEEP,yes,yes,1,1,146,116,,Novita,stop,0,6.611e-05,content,0.0,700
meta-llama/llama-3.3-70b-instruct,520,5440,DR_k2,diamond,2,ate,floor_wet,hard,KEEP,yes,yes,1,1,140,178,,Novita,stop,0,9.01e-05,content,0.0,700
meta-llama/llama-3.3-70b-instruct,520,5440,DR_k3,diamond,2,ate,floor_wet,hard,KEEP,yes,yes,1,1,147,245,,Novita,stop,0,0.000117845,content,0.0,700
meta-llama/llama-3.3-70b-instruct,521,5455,RAW,diamond,2,ate,floor_wet,hard,KEEP,no,no,1,1,103,45,,Novita,stop,0,3.1905e-05,content,0.0,700
meta-llama/llama-3.3-70b-instruct,521,5455,ORACLE,diamond,2,ate,floor_wet,hard,KEEP,no,no,1,1,147,132,,Novita,stop,0,7.2645e-05,content,0.0,700
meta-llama/llama-3.3-70b-instruct,521,5455,DR_k1,diamond,2,ate,floor_wet,hard,KEEP,no,no,1,1,146,130,,Novita,stop,0,7.171e-05,content,0.0,700
meta-llama/llama-3.3-70b-instruct,521,5455,DR_k2,diamond,2,ate,floor_wet,hard,KEEP,no,no,1,1,140,104,,Novita,stop,0,6.05e-05,content,0.0,700
meta-llama/llama-3.3-70b-instruct,521,5455,DR_k3,diamond,2,ate,floor_wet,hard,KEEP,no,no,1,1,146,93,,Novita,stop,0,5.691e-05,content,0.0,700
meta-llama/llama-3.3-70b-instruct,522,447,RAW,diamond,2,ate,firing_squad,easy,KEEP,no,no,1,1,114,87,,Novita,stop,0,5.019e-05,content,0.0,700
meta-llama/llama-3.3-70b-instruct,522,447,ORACLE,diamond,2,ate,firing_squad,easy,KEEP,no,no,1,1,162,211,,Novita,stop,0,0.00010627,content,0.0,700
meta-llama/llama-3.3-70b-instruct,522,447,DR_k1,diamond,2,ate,firing_squad,easy,KEEP,no,no,1,1,163,237,,Novita,stop,0,0.000116805,content,0.0,700
meta-llama/llama-3.3-70b-instruct,522,447,DR_k2,diamond,2,ate,firing_squad,easy,KEEP,no,no,1,1,163,212,,Novita,stop,0,0.000106805,content,0.0,700
meta-llama/llama-3.3-70b-instruct,522,447,DR_k3,diamond,2,ate,firing_squad,easy,KEEP,no,no,1,1,164,218,,Novita,stop,0,0.00010934,content,0.0,700
meta-llama/llama-3.3-70b-instruct,524,1274,RAW,diamond,2,ate,vaccine_kills,easy,KEEP,yes,yes,1,1,106,77,,Novita,stop,0,4.511e-05,content,0.0,700
meta-llama/llama-3.3-70b-instruct,524,1274,ORACLE,diamond,2,ate,vaccine_kills,easy,KEEP,yes,yes,1,1,164,216,,Novita,stop,0,0.00010854,content,0.0,700
meta-llama/llama-3.3-70b-instruct,524,1274,DR_k1,diamond,2,ate,vaccine_kills,easy,KEEP,yes,yes,1,1,164,241,,Novita,stop,0,0.00011854,content,0.0,700
meta-llama/llama-3.3-70b-instruct,524,1274,DR_k2,diamond,2,ate,vaccine_kills,easy,KEEP,yes,yes,1,1,164,204,,Novita,stop,0,0.00010374,content,0.0,700
meta-llama/llama-3.3-70b-instruct,524,1274,DR_k3,diamond,2,ate,vaccine_kills,easy,KEEP,yes,yes,1,1,161,179,,Novita,stop,0,9.3335e-05,content,0.0,700
meta-llama/llama-3.3-70b-instruct,527,11011,RAW,diamond,2,ate,floor_wet,anticommonsense,KEEP,yes,yes,1,1,108,92,,Novita,stop,0,5.138e-05,content,0.0,700
meta-llama/llama-3.3-70b-instruct,527,11011,ORACLE,diamond,2,ate,floor_wet,anticommonsense,KEEP,yes,yes,1,1,153,219,,Novita,stop,0,0.000108255,content,0.0,700
meta-llama/llama-3.3-70b-instruct,527,11011,DR_k1,diamond,2,ate,floor_wet,anticommonsense,KEEP,yes,yes,1,1,153,299,,Novita,stop,0,0.000140255,content,0.0,700
meta-llama/llama-3.3-70b-instruct,527,11011,DR_k2,diamond,2,ate,floor_wet,anticommonsense,KEEP,yes,yes,1,1,146,223,,Novita,stop,0,0.00010891,content,0.0,700
meta-llama/llama-3.3-70b-instruct,527,11011,DR_k3,diamond,2,ate,floor_wet,anticommonsense,KEEP,yes,yes,1,1,154,211,,Novita,stop,0,0.00010519,content,0.0,700
meta-llama/llama-3.3-70b-instruct,529,5210,RAW,diamond,2,ate,firing_squad,hard,KEEP,no,no,1,1,114,96,,Novita,stop,0,5.379e-05,content,0.0,700
meta-llama/llama-3.3-70b-instruct,529,5210,ORACLE,diamond,2,ate,firing_squad,hard,KEEP,no,no,1,1,162,302,,Novita,stop,0,0.00014267,content,0.0,700
meta-llama/llama-3.3-70b-instruct,529,5210,DR_k1,diamond,2,ate,firing_squad,hard,KEEP,no,no,1,1,163,248,,Novita,stop,0,0.000121205,content,0.0,700
meta-llama/llama-3.3-70b-instruct,529,5210,DR_k2,diamond,2,ate,firing_squad,hard,KEEP,no,no,1,1,163,225,,Novita,stop,0,0.000112005,content,0.0,700
meta-llama/llama-3.3-70b-instruct,529,5210,DR_k3,diamond,2,ate,firing_squad,hard,KEEP,no,no,1,1,164,237,,Novita,stop,0,0.00011694,content,0.0,700
meta-llama/llama-3.3-70b-instruct,532,1278,RAW,diamond,2,ate,vaccine_kills,easy,KEEP,yes,yes,1,1,106,76,,Novita,stop,0,4.471e-05,content,0.0,700
meta-llama/llama-3.3-70b-instruct,532,1278,ORACLE,diamond,2,ate,vaccine_kills,easy,KEEP,yes,yes,1,1,164,251,,Novita,stop,0,0.00012254,content,0.0,700
meta-llama/llama-3.3-70b-instruct,532,1278,DR_k1,diamond,2,ate,vaccine_kills,easy,KEEP,yes,yes,1,1,163,199,,Novita,stop,0,0.000101605,content,0.0,700
meta-llama/llama-3.3-70b-instruct,532,1278,DR_k2,diamond,2,ate,vaccine_kills,easy,KEEP,yes,yes,1,1,161,147,,Novita,stop,0,8.0535e-05,content,0.0,700
meta-llama/llama-3.3-70b-instruct,532,1278,DR_k3,diamond,2,ate,vaccine_kills,easy,KEEP,yes,yes,1,1,161,389,,Novita,stop,0,0.000177335,content,0.0,700
meta-llama/llama-3.3-70b-instruct,535,6000,RAW,diamond,2,ate,vaccine_kills,hard,KEEP,no,no,1,1,106,67,,Novita,stop,0,4.111e-05,content,0.0,700
meta-llama/llama-3.3-70b-instruct,535,6000,ORACLE,diamond,2,ate,vaccine_kills,hard,KEEP,no,no,1,1,164,153,,Novita,stop,0,8.334e-05,content,0.0,700
meta-llama/llama-3.3-70b-instruct,535,6000,DR_k1,diamond,2,ate,vaccine_kills,hard,KEEP,no,no,1,1,164,99,,Novita,stop,0,6.174e-05,content,0.0,700
meta-llama/llama-3.3-70b-instruct,535,6000,DR_k2,diamond,2,ate,vaccine_kills,hard,KEEP,no,no,1,1,161,114,,Novita,stop,0,6.7335e-05,content,0.0,700
meta-llama/llama-3.3-70b-instruct,535,6000,DR_k3,diamond,2,ate,vaccine_kills,hard,KEEP,no,no,1,1,162,114,,Novita,stop,0,6.747e-05,content,0.0,700
meta-llama/llama-3.3-70b-instruct,536,10921,RAW,diamond,2,ate,firing_squad,anticommonsense,KEEP,yes,yes,1,1,113,102,,Novita,stop,0,5.6055e-05,content,0.0,700
meta-llama/llama-3.3-70b-instruct,536,10921,ORACLE,diamond,2,ate,firing_squad,anticommonsense,KEEP,yes,yes,1,1,162,230,,Novita,stop,0,0.00011387,content,0.0,700
meta-llama/llama-3.3-70b-instruct,536,10921,DR_k1,diamond,2,ate,firing_squad,anticommonsense,KEEP,yes,yes,1,1,163,217,,Novita,stop,0,0.000108805,content,0.0,700
meta-llama/llama-3.3-70b-instruct,536,10921,DR_k2,diamond,2,ate,firing_squad,anticommonsense,KEEP,yes,yes,1,1,155,193,,Novita,stop,0,9.8125e-05,content,0.0,700
meta-llama/llama-3.3-70b-instruct,536,10921,DR_k3,diamond,2,ate,firing_squad,anticommonsense,KEEP,yes,yes,1,1,165,243,,Novita,stop,0,0.000119475,content,0.0,700
meta-llama/llama-3.3-70b-instruct,537,15670,RAW,diamond,2,ate,firing_squad,anticommonsense,KEEP,no,no,1,1,112,97,,Novita,stop,0,5.392e-05,content,0.0,700
meta-llama/llama-3.3-70b-instruct,537,15670,ORACLE,diamond,2,ate,firing_squad,anticommonsense,KEEP,no,no,1,1,162,208,,Novita,stop,0,0.00010507,content,0.0,700
meta-llama/llama-3.3-70b-instruct,537,15670,DR_k1,diamond,2,ate,firing_squad,anticommonsense,KEEP,no,no,1,1,164,225,,Novita,stop,0,0.00011214,content,0.0,700
meta-llama/llama-3.3-70b-instruct,537,15670,DR_k2,diamond,2,ate,firing_squad,anticommonsense,KEEP,no,no,1,1,164,200,,Novita,stop,0,0.00010214,content,0.0,700
meta-llama/llama-3.3-70b-instruct,537,15670,DR_k3,diamond,2,ate,firing_squad,anticommonsense,KEEP,no,no,1,1,164,390,,Novita,stop,0,0.00017814,content,0.0,700
meta-llama/llama-3.3-70b-instruct,538,11619,RAW,diamond,2,ate,vaccine_kills,anticommonsense,KEEP,no,no,1,1,113,85,,Novita,stop,0,4.9255e-05,content,0.0,700
meta-llama/llama-3.3-70b-instruct,538,11619,ORACLE,diamond,2,ate,vaccine_kills,anticommonsense,KEEP,no,no,1,1,171,216,,Novita,stop,0,0.000109485,content,0.0,700
meta-llama/llama-3.3-70b-instruct,538,11619,DR_k1,diamond,2,ate,vaccine_kills,anticommonsense,KEEP,no,no,1,1,170,189,,Novita,stop,0,9.855e-05,content,0.0,700
meta-llama/llama-3.3-70b-instruct,538,11619,DR_k2,diamond,2,ate,vaccine_kills,anticommonsense,KEEP,no,no,1,1,163,247,,Novita,stop,0,0.000120805,content,0.0,700
meta-llama/llama-3.3-70b-instruct,538,11619,DR_k3,diamond,2,ate,vaccine_kills,anticommonsense,KEEP,no,no,1,1,170,226,,Novita,stop,0,0.00011335,content,0.0,700
meta-llama/llama-3.3-70b-instruct,540,5246,RAW,diamond,2,ate,firing_squad,hard,KEEP,no,no,1,1,114,87,,Novita,stop,0,5.019e-05,content,0.0,700
meta-llama/llama-3.3-70b-instruct,540,5246,ORACLE,diamond,2,ate,firing_squad,hard,KEEP,no,no,1,1,162,303,,Novita,stop,0,0.00014307,content,0.0,700
meta-llama/llama-3.3-70b-instruct,540,5246,DR_k1,diamond,2,ate,firing_squad,hard,KEEP,no,no,1,1,161,207,,Novita,stop,0,0.000104535,content,0.0,700
meta-llama/llama-3.3-70b-instruct,540,5246,DR_k2,diamond,2,ate,firing_squad,hard,KEEP,no,no,1,1,154,237,,Novita,stop,0,0.00011559,content,0.0,700
meta-llama/llama-3.3-70b-instruct,540,5246,DR_k3,diamond,2,ate,firing_squad,hard,KEEP,no,no,1,1,163,209,,Novita,stop,0,0.000105605,content,0.0,700
meta-llama/llama-3.3-70b-instruct,541,5435,RAW,diamond,2,ate,floor_wet,hard,KEEP,no,no,1,1,103,87,,Novita,stop,0,4.8705e-05,content,0.0,700
meta-llama/llama-3.3-70b-instruct,541,5435,ORACLE,diamond,2,ate,floor_wet,hard,KEEP,no,no,1,1,147,201,,Novita,stop,0,0.000100245,content,0.0,700
meta-llama/llama-3.3-70b-instruct,541,5435,DR_k1,diamond,2,ate,floor_wet,hard,KEEP,no,no,1,1,147,241,,Novita,stop,0,0.000116245,content,0.0,700
meta-llama/llama-3.3-70b-instruct,541,5435,DR_k2,diamond,2,ate,floor_wet,hard,KEEP,no,no,1,1,146,130,,Novita,stop,0,7.171e-05,content,0.0,700
meta-llama/llama-3.3-70b-instruct,541,5435,DR_k3,diamond,2,ate,floor_wet,hard,KEEP,no,no,1,1,147,199,,Novita,stop,0,9.9445e-05,content,0.0,700
meta-llama/llama-3.3-70b-instruct,543,1311,RAW,diamond,2,ate,vaccine_kills,easy,KEEP,yes,yes,1,1,106,76,,Novita,stop,0,4.471e-05,content,0.0,700
meta-llama/llama-3.3-70b-instruct,543,1311,ORACLE,diamond,2,ate,vaccine_kills,easy,KEEP,yes,yes,1,1,164,281,,Novita,stop,0,0.00013454,content,0.0,700
meta-llama/llama-3.3-70b-instruct,543,1311,DR_k1,diamond,2,ate,vaccine_kills,easy,KEEP,yes,yes,1,1,163,342,,Novita,stop,0,0.000158805,content,0.0,700
meta-llama/llama-3.3-70b-instruct,543,1311,DR_k2,diamond,2,ate,vaccine_kills,easy,KEEP,yes,yes,1,1,161,206,,Novita,stop,0,0.000104135,content,0.0,700
meta-llama/llama-3.3-70b-instruct,543,1311,DR_k3,diamond,2,ate,vaccine_kills,easy,KEEP,yes,yes,1,1,161,424,,Novita,stop,0,0.000191335,content,0.0,700
meta-llama/llama-3.3-70b-instruct,544,10842,RAW,diamond,3,nie,firing_squad,anticommonsense,KEEP,no,yes,0,1,115,95,,Novita,stop,0,5.3525e-05,content,0.0,700
meta-llama/llama-3.3-70b-instruct,544,10842,ORACLE,diamond,3,nie,firing_squad,anticommonsense,KEEP,no,yes,0,1,164,187,,Novita,stop,0,9.694e-05,content,0.0,700
meta-llama/llama-3.3-70b-instruct,544,10842,DR_k1,diamond,3,nie,firing_squad,anticommonsense,KEEP,no,yes,0,1,165,373,,Novita,stop,0,0.000171475,content,0.0,700
meta-llama/llama-3.3-70b-instruct,544,10842,DR_k2,diamond,3,nie,firing_squad,anticommonsense,KEEP,no,yes,0,1,157,393,,Novita,stop,0,0.000178395,content,0.0,700
meta-llama/llama-3.3-70b-instruct,544,10842,DR_k3,diamond,3,nie,firing_squad,anticommonsense,KEEP,no,no,1,1,167,382,,Novita,stop,0,0.000175345,content,0.0,700
meta-llama/llama-3.3-70b-instruct,545,20004,RAW,diamond,3,det-counterfactual,floor_wet,anticommonsense,KEEP,yes,yes,1,1,97,66,,Novita,stop,0,3.9495e-05,content,0.0,700
meta-llama/llama-3.3-70b-instruct,545,20004,ORACLE,diamond,3,det-counterfactual,floor_wet,anticommonsense,KEEP,yes,yes,1,1,142,133,,Novita,stop,0,7.237e-05,content,0.0,700
meta-llama/llama-3.3-70b-instruct,545,20004,DR_k1,diamond,3,det-counterfactual,floor_wet,anticommonsense,KEEP,yes,yes,1,1,142,163,,Novita,stop,0,8.437e-05,content,0.0,700
meta-llama/llama-3.3-70b-instruct,545,20004,DR_k2,diamond,3,det-counterfactual,floor_wet,anticommonsense,KEEP,yes,yes,1,1,142,100,,Novita,stop,0,5.917e-05,content,0.0,700
meta-llama/llama-3.3-70b-instruct,545,20004,DR_k3,diamond,3,det-counterfactual,floor_wet,anticommonsense,KEEP,yes,yes,1,1,142,194,,Novita,stop,0,9.677e-05,content,0.0,700
meta-llama/llama-3.3-70b-instruct,546,20089,RAW,diamond,3,det-counterfactual,vaccine_kills,anticommonsense,KEEP,no,no,1,1,111,140,,Novita,stop,0,7.0985e-05,content,0.0,700
meta-llama/llama-3.3-70b-instruct,546,20089,ORACLE,diamond,3,det-counterfactual,vaccine_kills,anticommonsense,KEEP,no,no,1,1,169,238,,Novita,stop,0,0.000118015,content,0.0,700
meta-llama/llama-3.3-70b-instruct,546,20089,DR_k1,diamond,3,det-counterfactual,vaccine_kills,anticommonsense,KEEP,no,no,1,1,168,273,,Novita,stop,0,0.00013188,content,0.0,700
meta-llama/llama-3.3-70b-instruct,546,20089,DR_k2,diamond,3,det-counterfactual,vaccine_kills,anticommonsense,KEEP,no,no,1,1,161,205,,Novita,stop,0,0.000103735,content,0.0,700
meta-llama/llama-3.3-70b-instruct,546,20089,DR_k3,diamond,3,det-counterfactual,vaccine_kills,anticommonsense,KEEP,no,no,1,1,170,270,,Novita,stop,0,0.00013095,content,0.0,700
meta-llama/llama-3.3-70b-instruct,547,1199,RAW,diamond,3,ett,vaccine_kills,easy,KEEP,no,yes,0,1,117,101,,Novita,stop,0,5.6195e-05,content,0.0,700
meta-llama/llama-3.3-70b-instruct,547,1199,ORACLE,diamond,3,ett,vaccine_kills,easy,KEEP,no,yes,0,1,175,282,,Novita,stop,0,0.000136425,content,0.0,700
meta-llama/llama-3.3-70b-instruct,547,1199,DR_k1,diamond,3,ett,vaccine_kills,easy,KEEP,no,yes,0,1,174,350,,Novita,stop,0,0.00016349,content,0.0,700
meta-llama/llama-3.3-70b-instruct,547,1199,DR_k2,diamond,3,ett,vaccine_kills,easy,KEEP,no,yes,0,1,165,169,,Novita,stop,0,8.9875e-05,content,0.0,700
meta-llama/llama-3.3-70b-instruct,547,1199,DR_k3,diamond,3,ett,vaccine_kills,easy,KEEP,no,yes,0,1,174,208,,Novita,stop,0,0.00010669,content,0.0,700
meta-llama/llama-3.3-70b-instruct,548,9590,RAW,diamond,3,det-counterfactual,firing_squad,commonsense,KEEP,no,no,1,1,122,128,,Novita,stop,0,6.767e-05,content,0.0,700
meta-llama/llama-3.3-70b-instruct,548,9590,ORACLE,diamond,3,det-counterfactual,firing_squad,commonsense,KEEP,no,no,1,1,170,247,,Novita,stop,0,0.00012175,content,0.0,700
meta-llama/llama-3.3-70b-instruct,548,9590,DR_k1,diamond,3,det-counterfactual,firing_squad,commonsense,KEEP,no,no,1,1,170,292,,Novita,stop,0,0.00013975,content,0.0,700
meta-llama/llama-3.3-70b-instruct,548,9590,DR_k2,diamond,3,det-counterfactual,firing_squad,commonsense,KEEP,no,no,1,1,170,315,,Novita,stop,0,0.00014895,content,0.0,700
meta-llama/llama-3.3-70b-instruct,548,9590,DR_k3,diamond,3,det-counterfactual,firing_squad,commonsense,KEEP,no,no,1,1,172,375,,Novita,stop,0,0.00017322,content,0.0,700
meta-llama/llama-3.3-70b-instruct,549,5260,RAW,diamond,3,ett,firing_squad,hard,KEEP,no,no,1,1,124,112,,Novita,stop,0,6.154e-05,content,0.0,700
meta-llama/llama-3.3-70b-instruct,549,5260,ORACLE,diamond,3,ett,firing_squad,hard,KEEP,no,no,1,1,172,323,,Novita,stop,0,0.00015242,content,0.0,700
meta-llama/llama-3.3-70b-instruct,549,5260,DR_k1,diamond,3,ett,firing_squad,hard,KEEP,no,no,1,1,173,332,,Novita,stop,0,0.000156155,content,0.0,700
meta-llama/llama-3.3-70b-instruct,549,5260,DR_k2,diamond,3,ett,firing_squad,hard,KEEP,no,no,1,1,172,274,,Novita,stop,0,0.00013282,content,0.0,700
meta-llama/llama-3.3-70b-instruct,549,5260,DR_k3,diamond,3,ett,firing_squad,hard,KEEP,no,no,1,1,174,250,,Novita,stop,0,0.00012349,content,0.0,700
meta-llama/llama-3.3-70b-instruct,550,11690,RAW,diamond,3,ett,vaccine_kills,anticommonsense,KEEP,yes,yes,1,1,127,101,,Novita,stop,0,5.7545e-05,content,0.0,700
meta-llama/llama-3.3-70b-instruct,550,11690,ORACLE,diamond,3,ett,vaccine_kills,anticommonsense,KEEP,yes,yes,1,1,185,496,,Novita,stop,0,0.000223375,content,0.0,700
meta-llama/llama-3.3-70b-instruct,550,11690,DR_k1,diamond,3,ett,vaccine_kills,anticommonsense,KEEP,yes,yes,1,1,186,261,,Novita,stop,0,0.00012951,content,0.0,700
meta-llama/llama-3.3-70b-instruct,550,11690,DR_k2,diamond,3,ett,vaccine_kills,anticommonsense,KEEP,yes,yes,1,1,186,315,,Novita,stop,0,0.00015111,content,0.0,700
meta-llama/llama-3.3-70b-instruct,550,11690,DR_k3,diamond,3,ett,vaccine_kills,anticommonsense,KEEP,yes,yes,1,1,186,361,,Novita,stop,0,0.00016951,content,0.0,700
meta-llama/llama-3.3-70b-instruct,551,19999,RAW,diamond,3,det-counterfactual,floor_wet,anticommonsense,KEEP,yes,yes,1,1,97,280,,Novita,stop,0,0.000125095,content,0.0,700
meta-llama/llama-3.3-70b-instruct,551,19999,ORACLE,diamond,3,det-counterfactual,floor_wet,anticommonsense,KEEP,yes,yes,1,1,142,613,,Novita,stop,0,0.00026437,content,0.0,700
meta-llama/llama-3.3-70b-instruct,551,19999,DR_k1,diamond,3,det-counterfactual,floor_wet,anticommonsense,KEEP,yes,yes,1,1,141,563,,Novita,stop,0,0.000244235,content,0.0,700
meta-llama/llama-3.3-70b-instruct,551,19999,DR_k2,diamond,3,det-counterfactual,floor_wet,anticommonsense,KEEP,yes,yes,1,1,135,312,,Novita,stop,0,0.000143025,content,0.0,700
meta-llama/llama-3.3-70b-instruct,551,19999,DR_k3,diamond,3,det-counterfactual,floor_wet,anticommonsense,KEEP,yes,yes,1,1,143,186,,Novita,stop,0,9.3705e-05,content,0.0,700
meta-llama/llama-3.3-70b-instruct,552,1305,RAW,diamond,3,ett,vaccine_kills,easy,KEEP,no,yes,0,1,117,83,,Novita,stop,0,4.8995e-05,content,0.0,700
meta-llama/llama-3.3-70b-instruct,552,1305,ORACLE,diamond,3,ett,vaccine_kills,easy,KEEP,no,yes,0,1,175,127,,Novita,stop,0,7.4425e-05,content,0.0,700
meta-llama/llama-3.3-70b-instruct,552,1305,DR_k1,diamond,3,ett,vaccine_kills,easy,KEEP,no,yes,0,1,174,201,,Novita,stop,0,0.00010389,content,0.0,700
meta-llama/llama-3.3-70b-instruct,552,1305,DR_k2,diamond,3,ett,vaccine_kills,easy,KEEP,no,yes,0,1,172,191,,Novita,stop,0,9.962e-05,content,0.0,700
meta-llama/llama-3.3-70b-instruct,552,1305,DR_k3,diamond,3,ett,vaccine_kills,easy,KEEP,no,yes,0,1,173,177,,Novita,stop,0,9.4155e-05,content,0.0,700
meta-llama/llama-3.3-70b-instruct,553,498,RAW,diamond,3,nie,firing_squad,easy,KEEP,yes,no,0,1,110,250,,Novita,stop,0,0.00011485,content,0.0,700
meta-llama/llama-3.3-70b-instruct,553,498,ORACLE,diamond,3,nie,firing_squad,easy,KEEP,yes,yes,1,1,158,459,,Novita,stop,0,0.00020493,content,0.0,700
meta-llama/llama-3.3-70b-instruct,553,498,DR_k1,diamond,3,nie,firing_squad,easy,KEEP,yes,no,0,1,158,449,,Novita,stop,0,0.00020093,content,0.0,700
meta-llama/llama-3.3-70b-instruct,553,498,DR_k2,diamond,3,nie,firing_squad,easy,KEEP,yes,no,0,1,158,338,,Novita,stop,0,0.00015653,content,0.0,700
meta-llama/llama-3.3-70b-instruct,553,498,DR_k3,diamond,3,nie,firing_squad,easy,KEEP,yes,no,0,1,158,589,,Novita,stop,0,0.00025693,content,0.0,700
meta-llama/llama-3.3-70b-instruct,554,406,RAW,diamond,3,ett,firing_squad,easy,KEEP,no,no,1,1,124,312,,Novita,stop,0,0.00014154,content,0.0,700
meta-llama/llama-3.3-70b-instruct,554,406,ORACLE,diamond,3,ett,firing_squad,easy,KEEP,no,no,1,1,172,351,,Novita,stop,0,0.00016362,content,0.0,700
meta-llama/llama-3.3-70b-instruct,554,406,DR_k1,diamond,3,ett,firing_squad,easy,KEEP,no,no,1,1,173,311,,Novita,stop,0,0.000147755,content,0.0,700
meta-llama/llama-3.3-70b-instruct,554,406,DR_k2,diamond,3,ett,firing_squad,easy,KEEP,no,no,1,1,167,195,,Novita,stop,0,0.000100545,content,0.0,700
meta-llama/llama-3.3-70b-instruct,554,406,DR_k3,diamond,3,ett,firing_squad,easy,KEEP,no,no,1,1,172,299,,Novita,stop,0,0.00014282,content,0.0,700
meta-llama/llama-3.3-70b-instruct,555,5991,RAW,diamond,3,nie,vaccine_kills,hard,KEEP,yes,yes,1,1,113,87,,Novita,stop,0,5.0055e-05,content,0.0,700
meta-llama/llama-3.3-70b-instruct,555,5991,ORACLE,diamond,3,nie,vaccine_kills,hard,KEEP,yes,yes,1,1,171,359,,Novita,stop,0,0.000166685,content,0.0,700
meta-llama/llama-3.3-70b-instruct,555,5991,DR_k1,diamond,3,nie,vaccine_kills,hard,KEEP,yes,yes,1,1,170,319,,Novita,stop,0,0.00015055,content,0.0,700
meta-llama/llama-3.3-70b-instruct,555,5991,DR_k2,diamond,3,nie,vaccine_kills,hard,KEEP,yes,yes,1,1,161,436,,Novita,stop,0,0.000196135,content,0.0,700
meta-llama/llama-3.3-70b-instruct,555,5991,DR_k3,diamond,3,nie,vaccine_kills,hard,KEEP,yes,yes,1,1,169,406,,Novita,stop,0,0.000185215,content,0.0,700
meta-llama/llama-3.3-70b-instruct,556,11627,RAW,diamond,3,nie,vaccine_kills,anticommonsense,KEEP,no,yes,0,1,119,193,,Novita,stop,0,9.3265e-05,content,0.0,700
meta-llama/llama-3.3-70b-instruct,556,11627,ORACLE,diamond,3,nie,vaccine_kills,anticommonsense,KEEP,no,yes,0,1,177,245,,Novita,stop,0,0.000121895,content,0.0,700
meta-llama/llama-3.3-70b-instruct,556,11627,DR_k1,diamond,3,nie,vaccine_kills,anticommonsense,KEEP,no,yes,0,1,177,386,,Novita,stop,0,0.000178295,content,0.0,700
meta-llama/llama-3.3-70b-instruct,556,11627,DR_k2,diamond,3,nie,vaccine_kills,anticommonsense,KEEP,no,no,1,1,169,324,,Novita,stop,0,0.000152415,content,0.0,700
meta-llama/llama-3.3-70b-instruct,556,11627,DR_k3,diamond,3,nie,vaccine_kills,anticommonsense,KEEP,no,yes,0,1,176,436,,Novita,stop,0,0.00019816,content,0.0,700
meta-llama/llama-3.3-70b-instruct,557,15777,RAW,diamond,3,nie,floor_wet,anticommonsense,KEEP,yes,no,0,1,104,212,,Novita,stop,0,9.884e-05,content,0.0,700
meta-llama/llama-3.3-70b-instruct,557,15777,ORACLE,diamond,3,nie,floor_wet,anticommonsense,KEEP,yes,no,0,1,148,329,,Novita,stop,0,0.00015158,content,0.0,700
meta-llama/llama-3.3-70b-instruct,557,15777,DR_k1,diamond,3,nie,floor_wet,anticommonsense,KEEP,yes,no,0,1,148,428,,Novita,stop,0,0.00019118,content,0.0,700
meta-llama/llama-3.3-70b-instruct,557,15777,DR_k2,diamond,3,nie,floor_wet,anticommonsense,KEEP,yes,no,0,1,148,487,,Novita,stop,0,0.00021478,content,0.0,700
meta-llama/llama-3.3-70b-instruct,557,15777,DR_k3,diamond,3,nie,floor_wet,anticommonsense,KEEP,yes,no,0,1,148,504,,Novita,stop,0,0.00022158,content,0.0,700
meta-llama/llama-3.3-70b-instruct,558,16406,RAW,diamond,3,nie,vaccine_kills,anticommonsense,KEEP,no,no,1,1,107,120,,Novita,stop,0,6.2445e-05,content,0.0,700
meta-llama/llama-3.3-70b-instruct,558,16406,ORACLE,diamond,3,nie,vaccine_kills,anticommonsense,KEEP,no,no,1,1,161,482,,Novita,stop,0,0.000214535,content,0.0,700
meta-llama/llama-3.3-70b-instruct,558,16406,DR_k1,diamond,3,nie,vaccine_kills,anticommonsense,KEEP,no,no,1,1,160,393,,Novita,stop,0,0.0001788,content,0.0,700
meta-llama/llama-3.3-70b-instruct,558,16406,DR_k2,diamond,3,nie,vaccine_kills,anticommonsense,KEEP,no,no,1,1,153,258,,Novita,stop,0,0.000123855,content,0.0,700
meta-llama/llama-3.3-70b-instruct,558,16406,DR_k3,diamond,3,nie,vaccine_kills,anticommonsense,KEEP,no,no,1,1,158,416,,Novita,stop,0,0.00018773,content,0.0,700
meta-llama/llama-3.3-70b-instruct,559,5288,RAW,diamond,3,ett,firing_squad,hard,KEEP,no,no,1,1,124,244,,Novita,stop,0,0.00011434,content,0.0,700
meta-llama/llama-3.3-70b-instruct,559,5288,ORACLE,diamond,3,ett,firing_squad,hard,KEEP,no,no,1,1,172,345,,Novita,stop,0,0.00016122,content,0.0,700
meta-llama/llama-3.3-70b-instruct,559,5288,DR_k1,diamond,3,ett,firing_squad,hard,KEEP,no,no,1,1,173,237,,Novita,stop,0,0.000118155,content,0.0,700
meta-llama/llama-3.3-70b-instruct,559,5288,DR_k2,diamond,3,ett,firing_squad,hard,KEEP,no,no,1,1,164,205,,Novita,stop,0,0.00010414,content,0.0,700
meta-llama/llama-3.3-70b-instruct,559,5288,DR_k3,diamond,3,ett,firing_squad,hard,KEEP,no,no,1,1,173,239,,Novita,stop,0,0.000118955,content,0.0,700
meta-llama/llama-3.3-70b-instruct,560,19998,RAW,diamond,3,det-counterfactual,floor_wet,anticommonsense,KEEP,no,no,1,1,97,484,,Novita,stop,0,0.000206695,content,0.0,700
meta-llama/llama-3.3-70b-instruct,560,19998,ORACLE,diamond,3,det-counterfactual,floor_wet,anticommonsense,KEEP,no,no,1,1,142,238,,Novita,stop,0,0.00011437,content,0.0,700
meta-llama/llama-3.3-70b-instruct,560,19998,DR_k1,diamond,3,det-counterfactual,floor_wet,anticommonsense,KEEP,no,no,1,1,141,295,,Novita,stop,0,0.000137035,content,0.0,700
meta-llama/llama-3.3-70b-instruct,560,19998,DR_k2,diamond,3,det-counterfactual,floor_wet,anticommonsense,KEEP,no,no,1,1,142,234,,Novita,stop,0,0.00011277,content,0.0,700
meta-llama/llama-3.3-70b-instruct,560,19998,DR_k3,diamond,3,det-counterfactual,floor_wet,anticommonsense,KEEP,no,no,1,1,142,205,,Novita,stop,0,0.00010117,content,0.0,700
meta-llama/llama-3.3-70b-instruct,561,19981,RAW,diamond,3,det-counterfactual,firing_squad,anticommonsense,KEEP,no,no,1,1,109,236,,Novita,stop,0,0.000109115,content,0.0,700
meta-llama/llama-3.3-70b-instruct,561,19981,ORACLE,diamond,3,det-counterfactual,firing_squad,anticommonsense,KEEP,no,no,1,1,158,163,,Novita,stop,0,8.653e-05,content,0.0,700
meta-llama/llama-3.3-70b-instruct,561,19981,DR_k1,diamond,3,det-counterfactual,firing_squad,anticommonsense,KEEP,no,no,1,1,159,236,,Novita,stop,0,0.000115865,content,0.0,700
meta-llama/llama-3.3-70b-instruct,561,19981,DR_k2,diamond,3,det-counterfactual,firing_squad,anticommonsense,KEEP,no,no,1,1,153,211,,Novita,stop,0,0.000105055,content,0.0,700
meta-llama/llama-3.3-70b-instruct,561,19981,DR_k3,diamond,3,det-counterfactual,firing_squad,anticommonsense,KEEP,no,no,1,1,161,227,,Novita,stop,0,0.000112535,content,0.0,700
meta-llama/llama-3.3-70b-instruct,562,462,RAW,diamond,3,ett,firing_squad,easy,KEEP,no,no,1,1,124,92,,Novita,stop,0,5.354e-05,content,0.0,700
meta-llama/llama-3.3-70b-instruct,562,462,ORACLE,diamond,3,ett,firing_squad,easy,KEEP,no,no,1,1,172,264,,Novita,stop,0,0.00012882,content,0.0,700
meta-llama/llama-3.3-70b-instruct,562,462,DR_k1,diamond,3,ett,firing_squad,easy,KEEP,no,no,1,1,173,297,,Novita,stop,0,0.000142155,content,0.0,700
meta-llama/llama-3.3-70b-instruct,562,462,DR_k2,diamond,3,ett,firing_squad,easy,KEEP,no,,0,0,172,700,,Novita,length,0,0.00030322,content,0.0,700
meta-llama/llama-3.3-70b-instruct,562,462,DR_k3,diamond,3,ett,firing_squad,easy,KEEP,no,no,1,1,174,345,,Novita,stop,0,0.00016149,content,0.0,700
meta-llama/llama-3.3-70b-instruct,563,9607,RAW,diamond,3,det-counterfactual,floor_wet,commonsense,KEEP,yes,yes,1,1,96,249,,Novita,stop,0,0.00011256,content,0.0,700
meta-llama/llama-3.3-70b-instruct,563,9607,ORACLE,diamond,3,det-counterfactual,floor_wet,commonsense,KEEP,yes,yes,1,1,140,326,,Novita,stop,0,0.0001493,content,0.0,700
meta-llama/llama-3.3-70b-instruct,563,9607,DR_k1,diamond,3,det-counterfactual,floor_wet,commonsense,KEEP,yes,yes,1,1,139,446,,Novita,stop,0,0.000197165,content,0.0,700
meta-llama/llama-3.3-70b-instruct,563,9607,DR_k2,diamond,3,det-counterfactual,floor_wet,commonsense,KEEP,yes,yes,1,1,139,340,,Novita,stop,0,0.000154765,content,0.0,700
meta-llama/llama-3.3-70b-instruct,563,9607,DR_k3,diamond,3,det-counterfactual,floor_wet,commonsense,KEEP,yes,yes,1,1,139,570,,Novita,stop,0,0.000246765,content,0.0,700
meta-llama/llama-3.3-70b-instruct,564,1221,RAW,diamond,3,ett,vaccine_kills,easy,KEEP,yes,no,0,1,117,80,,Novita,stop,0,4.7795e-05,content,0.0,700
meta-llama/llama-3.3-70b-instruct,564,1221,ORACLE,diamond,3,ett,vaccine_kills,easy,KEEP,yes,no,0,1,175,126,,Novita,stop,0,7.4025e-05,content,0.0,700
meta-llama/llama-3.3-70b-instruct,564,1221,DR_k1,diamond,3,ett,vaccine_kills,easy,KEEP,yes,no,0,1,174,229,,Novita,stop,0,0.00011509,content,0.0,700
meta-llama/llama-3.3-70b-instruct,564,1221,DR_k2,diamond,3,ett,vaccine_kills,easy,KEEP,yes,no,0,1,175,195,,Novita,stop,0,0.000101625,content,0.0,700
meta-llama/llama-3.3-70b-instruct,564,1221,DR_k3,diamond,3,ett,vaccine_kills,easy,KEEP,yes,no,0,1,172,228,,Novita,stop,0,0.00011442,content,0.0,700
meta-llama/llama-3.3-70b-instruct,565,19984,RAW,diamond,3,det-counterfactual,firing_squad,anticommonsense,KEEP,yes,yes,1,1,108,116,,Novita,stop,0,6.098e-05,content,0.0,700
meta-llama/llama-3.3-70b-instruct,565,19984,ORACLE,diamond,3,det-counterfactual,firing_squad,anticommonsense,KEEP,yes,yes,1,1,157,123,,Novita,stop,0,7.0395e-05,content,0.0,700
meta-llama/llama-3.3-70b-instruct,565,19984,DR_k1,diamond,3,det-counterfactual,firing_squad,anticommonsense,KEEP,yes,yes,1,1,157,150,,Novita,stop,0,8.1195e-05,content,0.0,700
meta-llama/llama-3.3-70b-instruct,565,19984,DR_k2,diamond,3,det-counterfactual,firing_squad,anticommonsense,KEEP,yes,yes,1,1,159,200,,Novita,stop,0,0.000101465,content,0.0,700
meta-llama/llama-3.3-70b-instruct,565,19984,DR_k3,diamond,3,det-counterfactual,firing_squad,anticommonsense,KEEP,yes,yes,1,1,159,283,,Novita,stop,0,0.000134665,content,0.0,700
meta-llama/llama-3.3-70b-instruct,566,15632,RAW,diamond,3,ett,firing_squad,anticommonsense,KEEP,yes,yes,1,1,125,133,,Novita,stop,0,7.0075e-05,content,0.0,700
meta-llama/llama-3.3-70b-instruct,566,15632,ORACLE,diamond,3,ett,firing_squad,anticommonsense,KEEP,yes,yes,1,1,175,202,,Novita,stop,0,0.000104425,content,0.0,700
meta-llama/llama-3.3-70b-instruct,566,15632,DR_k1,diamond,3,ett,firing_squad,anticommonsense,KEEP,yes,yes,1,1,176,304,,Novita,stop,0,0.00014536,content,0.0,700
meta-llama/llama-3.3-70b-instruct,566,15632,DR_k2,diamond,3,ett,firing_squad,anticommonsense,KEEP,yes,yes,1,1,169,295,,Novita,stop,0,0.000140815,content,0.0,700
meta-llama/llama-3.3-70b-instruct,566,15632,DR_k3,diamond,3,ett,firing_squad,anticommonsense,KEEP,yes,yes,1,1,177,379,,Novita,stop,0,0.000175495,content,0.0,700
meta-llama/llama-3.3-70b-instruct,567,9594,RAW,diamond,3,det-counterfactual,firing_squad,commonsense,KEEP,no,no,1,1,122,118,,Novita,stop,0,6.367e-05,content,0.0,700
meta-llama/llama-3.3-70b-instruct,567,9594,ORACLE,diamond,3,det-counterfactual,firing_squad,commonsense,KEEP,no,no,1,1,170,207,,Novita,stop,0,0.00010575,content,0.0,700
meta-llama/llama-3.3-70b-instruct,567,9594,DR_k1,diamond,3,det-counterfactual,firing_squad,commonsense,KEEP,no,no,1,1,170,193,,Novita,stop,0,0.00010015,content,0.0,700
meta-llama/llama-3.3-70b-instruct,567,9594,DR_k2,diamond,3,det-counterfactual,firing_squad,commonsense,KEEP,no,no,1,1,171,340,,Novita,stop,0,0.000159085,content,0.0,700
meta-llama/llama-3.3-70b-instruct,567,9594,DR_k3,diamond,3,det-counterfactual,firing_squad,commonsense,KEEP,no,no,1,1,170,252,,Novita,stop,0,0.00012375,content,0.0,700
meta-llama/llama-3.3-70b-instruct,568,10798,RAW,diamond,3,ett,firing_squad,anticommonsense,KEEP,no,no,1,1,127,137,,Novita,stop,0,7.1945e-05,content,0.0,700
meta-llama/llama-3.3-70b-instruct,568,10798,ORACLE,diamond,3,ett,firing_squad,anticommonsense,KEEP,no,no,1,1,176,260,,Novita,stop,0,0.00012776,content,0.0,700
meta-llama/llama-3.3-70b-instruct,568,10798,DR_k1,diamond,3,ett,firing_squad,anticommonsense,KEEP,no,no,1,1,176,322,,Novita,stop,0,0.00015256,content,0.0,700
meta-llama/llama-3.3-70b-instruct,568,10798,DR_k2,diamond,3,ett,firing_squad,anticommonsense,KEEP,no,no,1,1,171,339,,Novita,stop,0,0.000158685,content,0.0,700
meta-llama/llama-3.3-70b-instruct,568,10798,DR_k3,diamond,3,ett,firing_squad,anticommonsense,KEEP,no,no,1,1,179,503,,Novita,stop,0,0.000225365,content,0.0,700
meta-llama/llama-3.3-70b-instruct,569,5450,RAW,diamond,3,ett,floor_wet,hard,KEEP,yes,yes,1,1,115,130,,Novita,stop,0,6.7525e-05,content,0.0,700
meta-llama/llama-3.3-70b-instruct,569,5450,ORACLE,diamond,3,ett,floor_wet,hard,KEEP,yes,no,0,1,159,630,,Novita,stop,0,0.000273465,content,0.0,700
meta-llama/llama-3.3-70b-instruct,569,5450,DR_k1,diamond,3,ett,floor_wet,hard,KEEP,yes,yes,1,1,158,349,,Novita,stop,0,0.00016093,content,0.0,700
meta-llama/llama-3.3-70b-instruct,569,5450,DR_k2,diamond,3,ett,floor_wet,hard,KEEP,yes,no,0,1,158,453,,Novita,stop,0,0.00020253,content,0.0,700
meta-llama/llama-3.3-70b-instruct,569,5450,DR_k3,diamond,3,ett,floor_wet,hard,KEEP,yes,no,0,1,159,590,,Novita,stop,0,0.000257465,content,0.0,700
meta-llama/llama-3.3-70b-instruct,570,503,RAW,diamond,3,ett,firing_squad,easy,KEEP,yes,yes,1,1,124,97,,Novita,stop,0,5.554e-05,content,0.0,700
meta-llama/llama-3.3-70b-instruct,570,503,ORACLE,diamond,3,ett,firing_squad,easy,KEEP,yes,yes,1,1,172,126,,Novita,stop,0,7.362e-05,content,0.0,700
meta-llama/llama-3.3-70b-instruct,570,503,DR_k1,diamond,3,ett,firing_squad,easy,KEEP,yes,yes,1,1,173,112,,Novita,stop,0,6.8155e-05,content,0.0,700
meta-llama/llama-3.3-70b-instruct,570,503,DR_k2,diamond,3,ett,firing_squad,easy,KEEP,yes,yes,1,1,164,98,,Novita,stop,0,6.134e-05,content,0.0,700
meta-llama/llama-3.3-70b-instruct,570,503,DR_k3,diamond,3,ett,firing_squad,easy,KEEP,yes,yes,1,1,173,98,,Novita,stop,0,6.2555e-05,content,0.0,700
meta-llama/llama-3.3-70b-instruct,571,19995,RAW,diamond,3,det-counterfactual,floor_wet,anticommonsense,KEEP,yes,yes,1,1,97,112,,Novita,stop,0,5.7895e-05,content,0.0,700
meta-llama/llama-3.3-70b-instruct,571,19995,ORACLE,diamond,3,det-counterfactual,floor_wet,anticommonsense,KEEP,yes,yes,1,1,142,246,,Novita,stop,0,0.00011757,content,0.0,700
meta-llama/llama-3.3-70b-instruct,571,19995,DR_k1,diamond,3,det-counterfactual,floor_wet,anticommonsense,KEEP,yes,yes,1,1,141,316,,Novita,stop,0,0.000145435,content,0.0,700
meta-llama/llama-3.3-70b-instruct,571,19995,DR_k2,diamond,3,det-counterfactual,floor_wet,anticommonsense,KEEP,yes,yes,1,1,135,287,,Novita,stop,0,0.000133025,content,0.0,700
meta-llama/llama-3.3-70b-instruct,571,19995,DR_k3,diamond,3,det-counterfactual,floor_wet,anticommonsense,KEEP,yes,yes,1,1,142,167,,Novita,stop,0,8.597e-05,content,0.0,700
meta-llama/llama-3.3-70b-instruct,572,418,RAW,diamond,3,nie,firing_squad,easy,KEEP,no,yes,0,1,110,298,,Novita,stop,0,0.00013405,content,0.0,700
meta-llama/llama-3.3-70b-instruct,572,418,ORACLE,diamond,3,nie,firing_squad,easy,KEEP,no,yes,0,1,158,264,,Novita,stop,0,0.00012693,content,0.0,700
meta-llama/llama-3.3-70b-instruct,572,418,DR_k1,diamond,3,nie,firing_squad,easy,KEEP,no,yes,0,1,159,303,,Novita,stop,0,0.000142665,content,0.0,700
meta-llama/llama-3.3-70b-instruct,572,418,DR_k2,diamond,3,nie,firing_squad,easy,KEEP,no,no,1,1,150,288,,Novita,stop,0,0.00013545,content,0.0,700
meta-llama/llama-3.3-70b-instruct,572,418,DR_k3,diamond,3,nie,firing_squad,easy,KEEP,no,no,1,1,159,455,,Novita,stop,0,0.000203465,content,0.0,700
meta-llama/llama-3.3-70b-instruct,573,15842,RAW,diamond,3,ett,floor_wet,anticommonsense,KEEP,yes,no,0,1,115,335,,Novita,stop,0,0.000149525,content,0.0,700
meta-llama/llama-3.3-70b-instruct,573,15842,ORACLE,diamond,3,ett,floor_wet,anticommonsense,KEEP,yes,no,0,1,159,547,,Novita,stop,0,0.000240265,content,0.0,700
meta-llama/llama-3.3-70b-instruct,573,15842,DR_k1,diamond,3,ett,floor_wet,anticommonsense,KEEP,yes,no,0,1,158,398,,Novita,stop,0,0.00018053,content,0.0,700
meta-llama/llama-3.3-70b-instruct,573,15842,DR_k2,diamond,3,ett,floor_wet,anticommonsense,KEEP,yes,no,0,1,152,463,,Novita,stop,0,0.00020572,content,0.0,700
meta-llama/llama-3.3-70b-instruct,573,15842,DR_k3,diamond,3,ett,floor_wet,anticommonsense,KEEP,yes,no,0,1,160,250,,Novita,stop,0,0.0001216,content,0.0,700
meta-llama/llama-3.3-70b-instruct,574,9600,RAW,diamond,3,det-counterfactual,firing_squad,commonsense,KEEP,no,no,1,1,123,160,,Novita,stop,0,8.0605e-05,content,0.0,700
meta-llama/llama-3.3-70b-instruct,574,9600,ORACLE,diamond,3,det-counterfactual,firing_squad,commonsense,KEEP,no,yes,0,1,171,186,,Novita,stop,0,9.7485e-05,content,0.0,700
meta-llama/llama-3.3-70b-instruct,574,9600,DR_k1,diamond,3,det-counterfactual,firing_squad,commonsense,KEEP,no,yes,0,1,172,328,,Novita,stop,0,0.00015442,content,0.0,700
meta-llama/llama-3.3-70b-instruct,574,9600,DR_k2,diamond,3,det-counterfactual,firing_squad,commonsense,KEEP,no,yes,0,1,172,442,,Novita,stop,0,0.00020002,content,0.0,700
meta-llama/llama-3.3-70b-instruct,574,9600,DR_k3,diamond,3,det-counterfactual,firing_squad,commonsense,KEEP,no,yes,0,1,172,327,,Novita,stop,0,0.00015402,content,0.0,700
meta-llama/llama-3.3-70b-instruct,575,10833,RAW,diamond,3,nie,firing_squad,anticommonsense,KEEP,yes,no,0,1,115,108,,Novita,stop,0,5.8725e-05,content,0.0,700
meta-llama/llama-3.3-70b-instruct,575,10833,ORACLE,diamond,3,nie,firing_squad,anticommonsense,KEEP,yes,no,0,1,164,179,,Novita,stop,0,9.374e-05,content,0.0,700
meta-llama/llama-3.3-70b-instruct,575,10833,DR_k1,diamond,3,nie,firing_squad,anticommonsense,KEEP,yes,no,0,1,165,303,,Novita,stop,0,0.000143475,content,0.0,700
meta-llama/llama-3.3-70b-instruct,575,10833,DR_k2,diamond,3,nie,firing_squad,anticommonsense,KEEP,yes,no,0,1,159,298,,Novita,stop,0,0.000140665,content,0.0,700
meta-llama/llama-3.3-70b-instruct,575,10833,DR_k3,diamond,3,nie,firing_squad,anticommonsense,KEEP,yes,no,0,1,167,456,,Novita,stop,0,0.000204945,content,0.0,700
meta-llama/llama-3.3-70b-instruct,576,11652,RAW,diamond,3,nie,vaccine_kills,anticommonsense,KEEP,no,no,1,1,119,110,,Novita,stop,0,6.0065e-05,content,0.0,700
meta-llama/llama-3.3-70b-instruct,576,11652,ORACLE,diamond,3,nie,vaccine_kills,anticommonsense,KEEP,no,no,1,1,177,196,,Novita,stop,0,0.000102295,content,0.0,700
meta-llama/llama-3.3-70b-instruct,576,11652,DR_k1,diamond,3,nie,vaccine_kills,anticommonsense,KEEP,no,no,1,1,177,198,,Novita,stop,0,0.000103095,content,0.0,700
meta-llama/llama-3.3-70b-instruct,576,11652,DR_k2,diamond,3,nie,vaccine_kills,anticommonsense,KEEP,no,no,1,1,169,272,,Novita,stop,0,0.000131615,content,0.0,700
meta-llama/llama-3.3-70b-instruct,576,11652,DR_k3,diamond,3,nie,vaccine_kills,anticommonsense,KEEP,no,no,1,1,178,350,,Novita,stop,0,0.00016403,content,0.0,700
meta-llama/llama-3.3-70b-instruct,577,10980,RAW,diamond,3,nie,floor_wet,anticommonsense,KEEP,yes,yes,1,1,110,172,,Novita,stop,0,8.365e-05,content,0.0,700
meta-llama/llama-3.3-70b-instruct,577,10980,ORACLE,diamond,3,nie,floor_wet,anticommonsense,KEEP,yes,yes,1,1,155,189,,Novita,stop,0,9.6525e-05,content,0.0,700
meta-llama/llama-3.3-70b-instruct,577,10980,DR_k1,diamond,3,nie,floor_wet,anticommonsense,KEEP,yes,yes,1,1,154,234,,Novita,stop,0,0.00011439,content,0.0,700
meta-llama/llama-3.3-70b-instruct,577,10980,DR_k2,diamond,3,nie,floor_wet,anticommonsense,KEEP,yes,yes,1,1,155,289,,Novita,stop,0,0.000136525,content,0.0,700
meta-llama/llama-3.3-70b-instruct,577,10980,DR_k3,diamond,3,nie,floor_wet,anticommonsense,KEEP,yes,no,0,1,155,439,,Novita,stop,0,0.000196525,content,0.0,700
meta-llama/llama-3.3-70b-instruct,612,10777,RAW,diamondcut,2,ate,firing_employee,anticommonsense,KEEP,yes,yes,1,1,171,297,,Novita,stop,0,0.000141885,content,0.0,700
meta-llama/llama-3.3-70b-instruct,612,10777,ORACLE,diamondcut,2,ate,firing_employee,anticommonsense,KEEP,yes,yes,1,1,219,441,,Novita,stop,0,0.000205965,content,0.0,700
meta-llama/llama-3.3-70b-instruct,612,10777,DR_k1,diamondcut,2,ate,firing_employee,anticommonsense,KEEP,yes,yes,1,1,219,433,,Novita,stop,0,0.000202765,content,0.0,700
meta-llama/llama-3.3-70b-instruct,612,10777,DR_k2,diamondcut,2,ate,firing_employee,anticommonsense,KEEP,yes,yes,1,1,220,438,,Novita,stop,0,0.0002049,content,0.0,700
meta-llama/llama-3.3-70b-instruct,612,10777,DR_k3,diamondcut,2,ate,firing_employee,anticommonsense,KEEP,yes,yes,1,1,220,465,,Novita,stop,0,0.0002157,content,0.0,700
meta-llama/llama-3.3-70b-instruct,613,10731,RAW,diamondcut,2,ate,firing_employee,anticommonsense,KEEP,yes,yes,1,1,171,329,,Novita,stop,0,0.000154685,content,0.0,700
meta-llama/llama-3.3-70b-instruct,613,10731,ORACLE,diamondcut,2,ate,firing_employee,anticommonsense,KEEP,yes,yes,1,1,219,523,,Novita,stop,0,0.000238765,content,0.0,700
meta-llama/llama-3.3-70b-instruct,613,10731,DR_k1,diamondcut,2,ate,firing_employee,anticommonsense,KEEP,yes,yes,1,1,219,476,,Novita,stop,0,0.000219965,content,0.0,700
meta-llama/llama-3.3-70b-instruct,613,10731,DR_k2,diamondcut,2,ate,firing_employee,anticommonsense,KEEP,yes,yes,1,1,213,532,,Novita,stop,0,0.000241555,content,0.0,700
meta-llama/llama-3.3-70b-instruct,613,10731,DR_k3,diamondcut,2,ate,firing_employee,anticommonsense,KEEP,yes,yes,1,1,220,466,,Novita,stop,0,0.0002161,content,0.0,700
meta-llama/llama-3.3-70b-instruct,614,10741,RAW,diamondcut,2,ate,firing_employee,anticommonsense,KEEP,yes,yes,1,1,171,279,,Novita,stop,0,0.000134685,content,0.0,700
meta-llama/llama-3.3-70b-instruct,614,10741,ORACLE,diamondcut,2,ate,firing_employee,anticommonsense,KEEP,yes,yes,1,1,219,372,,Novita,stop,0,0.000178365,content,0.0,700
meta-llama/llama-3.3-70b-instruct,614,10741,DR_k1,diamondcut,2,ate,firing_employee,anticommonsense,KEEP,yes,yes,1,1,219,392,,Novita,stop,0,0.000186365,content,0.0,700
meta-llama/llama-3.3-70b-instruct,614,10741,DR_k2,diamondcut,2,ate,firing_employee,anticommonsense,KEEP,yes,yes,1,1,211,428,,Novita,stop,0,0.000199685,content,0.0,700
meta-llama/llama-3.3-70b-instruct,614,10741,DR_k3,diamondcut,2,ate,firing_employee,anticommonsense,KEEP,yes,yes,1,1,220,435,,Novita,stop,0,0.0002037,content,0.0,700
meta-llama/llama-3.3-70b-instruct,616,5117,RAW,diamondcut,2,ate,firing_employee,hard,KEEP,yes,yes,1,1,183,354,,Novita,stop,0,0.000166305,content,0.0,700
meta-llama/llama-3.3-70b-instruct,616,5117,ORACLE,diamondcut,2,ate,firing_employee,hard,KEEP,yes,yes,1,1,225,324,,Novita,stop,0,0.000159975,content,0.0,700
meta-llama/llama-3.3-70b-instruct,616,5117,DR_k1,diamondcut,2,ate,firing_employee,hard,KEEP,yes,yes,1,1,226,688,,Novita,stop,0,0.00030571,content,0.0,700
meta-llama/llama-3.3-70b-instruct,616,5117,DR_k2,diamondcut,2,ate,firing_employee,hard,KEEP,yes,yes,1,1,226,536,,Novita,stop,0,0.00024491,content,0.0,700
meta-llama/llama-3.3-70b-instruct,616,5117,DR_k3,diamondcut,2,ate,firing_employee,hard,KEEP,yes,yes,1,1,226,347,,Novita,stop,0,0.00016931,content,0.0,700
meta-llama/llama-3.3-70b-instruct,618,334,RAW,diamondcut,2,ate,firing_employee,easy,KEEP,yes,yes,1,1,183,353,,Novita,stop,0,0.000165905,content,0.0,700
meta-llama/llama-3.3-70b-instruct,618,334,ORACLE,diamondcut,2,ate,firing_employee,easy,KEEP,yes,yes,1,1,225,472,,Novita,stop,0,0.000219175,content,0.0,700
meta-llama/llama-3.3-70b-instruct,618,334,DR_k1,diamondcut,2,ate,firing_employee,easy,KEEP,yes,yes,1,1,225,402,,Novita,stop,0,0.000191175,content,0.0,700
meta-llama/llama-3.3-70b-instruct,618,334,DR_k2,diamondcut,2,ate,firing_employee,easy,KEEP,yes,yes,1,1,219,435,,Novita,stop,0,0.000203565,content,0.0,700
meta-llama/llama-3.3-70b-instruct,618,334,DR_k3,diamondcut,2,ate,firing_employee,easy,KEEP,yes,yes,1,1,226,429,,Novita,stop,0,0.00020211,content,0.0,700
meta-llama/llama-3.3-70b-instruct,622,10746,RAW,diamondcut,2,ate,firing_employee,anticommonsense,KEEP,yes,yes,1,1,171,277,,Novita,stop,0,0.000133885,content,0.0,700
meta-llama/llama-3.3-70b-instruct,622,10746,ORACLE,diamondcut,2,ate,firing_employee,anticommonsense,KEEP,yes,yes,1,1,219,407,,Novita,stop,0,0.000192365,content,0.0,700
meta-llama/llama-3.3-70b-instruct,622,10746,DR_k1,diamondcut,2,ate,firing_employee,anticommonsense,KEEP,yes,yes,1,1,217,431,,Novita,stop,0,0.000201695,content,0.0,700
meta-llama/llama-3.3-70b-instruct,622,10746,DR_k2,diamondcut,2,ate,firing_employee,anticommonsense,KEEP,yes,yes,1,1,220,424,,Novita,stop,0,0.0001993,content,0.0,700
meta-llama/llama-3.3-70b-instruct,622,10746,DR_k3,diamondcut,2,ate,firing_employee,anticommonsense,KEEP,yes,yes,1,1,220,381,,Novita,stop,0,0.0001821,content,0.0,700
meta-llama/llama-3.3-70b-instruct,624,15578,RAW,diamondcut,2,ate,firing_employee,anticommonsense,KEEP,no,no,1,1,178,355,,Novita,stop,0,0.00016603,content,0.0,700
meta-llama/llama-3.3-70b-instruct,624,15578,ORACLE,diamondcut,2,ate,firing_employee,anticommonsense,KEEP,no,no,1,1,222,355,,Novita,stop,0,0.00017197,content,0.0,700
meta-llama/llama-3.3-70b-instruct,624,15578,DR_k1,diamondcut,2,ate,firing_employee,anticommonsense,KEEP,no,no,1,1,222,464,,Novita,stop,0,0.00021557,content,0.0,700
meta-llama/llama-3.3-70b-instruct,624,15578,DR_k2,diamondcut,2,ate,firing_employee,anticommonsense,KEEP,no,no,1,1,215,427,,Novita,stop,0,0.000199825,content,0.0,700
meta-llama/llama-3.3-70b-instruct,624,15578,DR_k3,diamondcut,2,ate,firing_employee,anticommonsense,KEEP,no,no,1,1,223,403,,Novita,stop,0,0.000191305,content,0.0,700
meta-llama/llama-3.3-70b-instruct,625,10704,RAW,diamondcut,2,ate,firing_employee,anticommonsense,KEEP,no,no,1,1,171,330,,Novita,stop,0,0.000155085,content,0.0,700
meta-llama/llama-3.3-70b-instruct,625,10704,ORACLE,diamondcut,2,ate,firing_employee,anticommonsense,KEEP,no,no,1,1,219,594,,Novita,stop,0,0.000267165,content,0.0,700
meta-llama/llama-3.3-70b-instruct,625,10704,DR_k1,diamondcut,2,ate,firing_employee,anticommonsense,KEEP,no,no,1,1,219,403,,Novita,stop,0,0.000190765,content,0.0,700
meta-llama/llama-3.3-70b-instruct,625,10704,DR_k2,diamondcut,2,ate,firing_employee,anticommonsense,KEEP,no,no,1,1,213,336,,Novita,stop,0,0.000163155,content,0.0,700
meta-llama/llama-3.3-70b-instruct,625,10704,DR_k3,diamondcut,2,ate,firing_employee,anticommonsense,KEEP,no,no,1,1,220,497,,Novita,stop,0,0.0002285,content,0.0,700
meta-llama/llama-3.3-70b-instruct,626,15498,RAW,diamondcut,2,ate,firing_employee,anticommonsense,KEEP,yes,yes,1,1,178,211,,Novita,stop,0,0.00010843,content,0.0,700
meta-llama/llama-3.3-70b-instruct,626,15498,ORACLE,diamondcut,2,ate,firing_employee,anticommonsense,KEEP,yes,yes,1,1,222,442,,Novita,stop,0,0.00020677,content,0.0,700
meta-llama/llama-3.3-70b-instruct,626,15498,DR_k1,diamondcut,2,ate,firing_employee,anticommonsense,KEEP,yes,yes,1,1,222,327,,Novita,stop,0,0.00016077,content,0.0,700
meta-llama/llama-3.3-70b-instruct,626,15498,DR_k2,diamondcut,2,ate,firing_employee,anticommonsense,KEEP,yes,yes,1,1,217,433,,Novita,stop,0,0.000202495,content,0.0,700
meta-llama/llama-3.3-70b-instruct,626,15498,DR_k3,diamondcut,2,ate,firing_employee,anticommonsense,KEEP,yes,yes,1,1,223,464,,Novita,stop,0,0.000215705,content,0.0,700
meta-llama/llama-3.3-70b-instruct,627,10699,RAW,diamondcut,2,ate,firing_employee,anticommonsense,KEEP,yes,yes,1,1,171,273,,Novita,stop,0,0.000132285,content,0.0,700
meta-llama/llama-3.3-70b-instruct,627,10699,ORACLE,diamondcut,2,ate,firing_employee,anticommonsense,KEEP,yes,yes,1,1,219,398,,Novita,stop,0,0.000188765,content,0.0,700
meta-llama/llama-3.3-70b-instruct,627,10699,DR_k1,diamondcut,2,ate,firing_employee,anticommonsense,KEEP,yes,yes,1,1,219,352,,Novita,stop,0,0.000170365,content,0.0,700
meta-llama/llama-3.3-70b-instruct,627,10699,DR_k2,diamondcut,2,ate,firing_employee,anticommonsense,KEEP,yes,yes,1,1,217,449,,Novita,stop,0,0.000208895,content,0.0,700
meta-llama/llama-3.3-70b-instruct,627,10699,DR_k3,diamondcut,2,ate,firing_employee,anticommonsense,KEEP,yes,yes,1,1,220,385,,Novita,stop,0,0.0001837,content,0.0,700
meta-llama/llama-3.3-70b-instruct,631,5153,RAW,diamondcut,2,ate,firing_employee,hard,KEEP,yes,yes,1,1,183,348,,Novita,stop,0,0.000163905,content,0.0,700
meta-llama/llama-3.3-70b-instruct,631,5153,ORACLE,diamondcut,2,ate,firing_employee,hard,KEEP,yes,yes,1,1,225,525,,Novita,stop,0,0.000240375,content,0.0,700
meta-llama/llama-3.3-70b-instruct,631,5153,DR_k1,diamondcut,2,ate,firing_employee,hard,KEEP,yes,yes,1,1,226,597,,Novita,stop,0,0.00026931,content,0.0,700
meta-llama/llama-3.3-70b-instruct,631,5153,DR_k2,diamondcut,2,ate,firing_employee,hard,KEEP,yes,yes,1,1,220,576,,Novita,stop,0,0.0002601,content,0.0,700
meta-llama/llama-3.3-70b-instruct,631,5153,DR_k3,diamondcut,2,ate,firing_employee,hard,KEEP,yes,yes,1,1,226,414,,Novita,stop,0,0.00019611,content,0.0,700
meta-llama/llama-3.3-70b-instruct,633,5170,RAW,diamondcut,2,ate,firing_employee,hard,KEEP,no,no,1,1,183,385,,Novita,stop,0,0.000178705,content,0.0,700
meta-llama/llama-3.3-70b-instruct,633,5170,ORACLE,diamondcut,2,ate,firing_employee,hard,KEEP,no,no,1,1,225,437,,Novita,stop,0,0.000205175,content,0.0,700
meta-llama/llama-3.3-70b-instruct,633,5170,DR_k1,diamondcut,2,ate,firing_employee,hard,KEEP,no,no,1,1,225,474,,Novita,stop,0,0.000219975,content,0.0,700
meta-llama/llama-3.3-70b-instruct,633,5170,DR_k2,diamondcut,2,ate,firing_employee,hard,KEEP,no,no,1,1,226,464,,Novita,stop,0,0.00021611,content,0.0,700
meta-llama/llama-3.3-70b-instruct,633,5170,DR_k3,diamondcut,2,ate,firing_employee,hard,KEEP,no,no,1,1,226,420,,Novita,stop,0,0.00019851,content,0.0,700
meta-llama/llama-3.3-70b-instruct,635,300,RAW,diamondcut,2,ate,firing_employee,easy,KEEP,no,no,1,1,183,393,,Novita,stop,0,0.000181905,content,0.0,700
meta-llama/llama-3.3-70b-instruct,635,300,ORACLE,diamondcut,2,ate,firing_employee,easy,KEEP,no,no,1,1,225,471,,Novita,stop,0,0.000218775,content,0.0,700
meta-llama/llama-3.3-70b-instruct,635,300,DR_k1,diamondcut,2,ate,firing_employee,easy,KEEP,no,no,1,1,226,666,,Novita,stop,0,0.00029691,content,0.0,700
meta-llama/llama-3.3-70b-instruct,635,300,DR_k2,diamondcut,2,ate,firing_employee,easy,KEEP,no,no,1,1,226,334,,Novita,stop,0,0.00016411,content,0.0,700
meta-llama/llama-3.3-70b-instruct,635,300,DR_k3,diamondcut,2,ate,firing_employee,easy,KEEP,no,no,1,1,226,386,,Novita,stop,0,0.00018491,content,0.0,700
meta-llama/llama-3.3-70b-instruct,636,5092,RAW,diamondcut,2,ate,firing_employee,hard,KEEP,yes,yes,1,1,183,407,,Novita,stop,0,0.000187505,content,0.0,700
meta-llama/llama-3.3-70b-instruct,636,5092,ORACLE,diamondcut,2,ate,firing_employee,hard,KEEP,yes,yes,1,1,225,396,,Novita,stop,0,0.000188775,content,0.0,700
meta-llama/llama-3.3-70b-instruct,636,5092,DR_k1,diamondcut,2,ate,firing_employee,hard,KEEP,yes,yes,1,1,225,464,,Novita,stop,0,0.000215975,content,0.0,700
meta-llama/llama-3.3-70b-instruct,636,5092,DR_k2,diamondcut,2,ate,firing_employee,hard,KEEP,yes,yes,1,1,220,466,,Novita,stop,0,0.0002161,content,0.0,700
meta-llama/llama-3.3-70b-instruct,636,5092,DR_k3,diamondcut,2,ate,firing_employee,hard,KEEP,yes,yes,1,1,226,358,,Novita,stop,0,0.00017371,content,0.0,700
meta-llama/llama-3.3-70b-instruct,639,307,RAW,diamondcut,2,ate,firing_employee,easy,KEEP,yes,yes,1,1,183,321,,Novita,stop,0,0.000153105,content,0.0,700
meta-llama/llama-3.3-70b-instruct,639,307,ORACLE,diamondcut,2,ate,firing_employee,easy,KEEP,yes,yes,1,1,225,380,,Novita,stop,0,0.000182375,content,0.0,700
meta-llama/llama-3.3-70b-instruct,639,307,DR_k1,diamondcut,2,ate,firing_employee,easy,KEEP,yes,yes,1,1,226,401,,Novita,stop,0,0.00019091,content,0.0,700
meta-llama/llama-3.3-70b-instruct,639,307,DR_k2,diamondcut,2,ate,firing_employee,easy,KEEP,yes,yes,1,1,219,437,,Novita,stop,0,0.000204365,content,0.0,700
meta-llama/llama-3.3-70b-instruct,639,307,DR_k3,diamondcut,2,ate,firing_employee,easy,KEEP,yes,yes,1,1,226,359,,Novita,stop,0,0.00017411,content,0.0,700
meta-llama/llama-3.3-70b-instruct,645,15508,RAW,diamondcut,2,ate,firing_employee,anticommonsense,KEEP,no,no,1,1,178,338,,Novita,stop,0,0.00015923,content,0.0,700
meta-llama/llama-3.3-70b-instruct,645,15508,ORACLE,diamondcut,2,ate,firing_employee,anticommonsense,KEEP,no,no,1,1,222,226,,Novita,stop,0,0.00012037,content,0.0,700
meta-llama/llama-3.3-70b-instruct,645,15508,DR_k1,diamondcut,2,ate,firing_employee,anticommonsense,KEEP,no,no,1,1,222,384,,Novita,stop,0,0.00018357,content,0.0,700
meta-llama/llama-3.3-70b-instruct,645,15508,DR_k2,diamondcut,2,ate,firing_employee,anticommonsense,KEEP,no,no,1,1,217,425,,Novita,stop,0,0.000199295,content,0.0,700
meta-llama/llama-3.3-70b-instruct,645,15508,DR_k3,diamondcut,2,ate,firing_employee,anticommonsense,KEEP,no,no,1,1,223,514,,Novita,stop,0,0.000235705,content,0.0,700
meta-llama/llama-3.3-70b-instruct,646,5138,RAW,diamondcut,3,ett,firing_employee,hard,KEEP,yes,,0,0,228,700,,Novita,length,0,0.00031078,content,0.0,700
meta-llama/llama-3.3-70b-instruct,646,5138,ORACLE,diamondcut,3,ett,firing_employee,hard,KEEP,yes,,0,0,270,700,,Novita,length,0,0.00031645,content,0.0,700
meta-llama/llama-3.3-70b-instruct,646,5138,DR_k1,diamondcut,3,ett,firing_employee,hard,KEEP,yes,,0,0,270,700,,Novita,length,0,0.00031645,content,0.0,700
meta-llama/llama-3.3-70b-instruct,646,5138,DR_k2,diamondcut,3,ett,firing_employee,hard,KEEP,yes,no,0,1,271,531,,Novita,stop,0,0.000248985,content,0.0,700
meta-llama/llama-3.3-70b-instruct,646,5138,DR_k3,diamondcut,3,ett,firing_employee,hard,KEEP,yes,no,0,1,271,658,,Novita,stop,0,0.000299785,content,0.0,700
meta-llama/llama-3.3-70b-instruct,647,355,RAW,diamondcut,3,ett,firing_employee,easy,KEEP,no,yes,0,1,228,499,,Novita,stop,0,0.00023038,content,0.0,700
meta-llama/llama-3.3-70b-instruct,647,355,ORACLE,diamondcut,3,ett,firing_employee,easy,KEEP,no,yes,0,1,270,627,,Novita,stop,0,0.00028725,content,0.0,700
meta-llama/llama-3.3-70b-instruct,647,355,DR_k1,diamondcut,3,ett,firing_employee,easy,KEEP,no,,0,0,271,700,,Novita,length,0,0.000316585,content,0.0,700
meta-llama/llama-3.3-70b-instruct,647,355,DR_k2,diamondcut,3,ett,firing_employee,easy,KEEP,no,yes,0,1,264,458,,Novita,stop,0,0.00021884,content,0.0,700
meta-llama/llama-3.3-70b-instruct,647,355,DR_k3,diamondcut,3,ett,firing_employee,easy,KEEP,no,yes,0,1,271,557,,Novita,stop,0,0.000259385,content,0.0,700
meta-llama/llama-3.3-70b-instruct,648,9555,RAW,diamondcut,3,det-counterfactual,firing_employee,commonsense,KEEP,yes,yes,1,1,132,157,,Novita,stop,0,8.062e-05,content,0.0,700
meta-llama/llama-3.3-70b-instruct,648,9555,ORACLE,diamondcut,3,det-counterfactual,firing_employee,commonsense,KEEP,yes,yes,1,1,174,138,,Novita,stop,0,7.869e-05,content,0.0,700
meta-llama/llama-3.3-70b-instruct,648,9555,DR_k1,diamondcut,3,det-counterfactual,firing_employee,commonsense,KEEP,yes,yes,1,1,174,121,,Novita,stop,0,7.189e-05,content,0.0,700
meta-llama/llama-3.3-70b-instruct,648,9555,DR_k2,diamondcut,3,det-counterfactual,firing_employee,commonsense,KEEP,yes,yes,1,1,169,266,,Novita,stop,0,0.000129215,content,0.0,700
meta-llama/llama-3.3-70b-instruct,648,9555,DR_k3,diamondcut,3,det-counterfactual,firing_employee,commonsense,KEEP,yes,yes,1,1,175,411,,Novita,stop,0,0.000188025,content,0.0,700
meta-llama/llama-3.3-70b-instruct,649,19970,RAW,diamondcut,3,det-counterfactual,firing_employee,anticommonsense,KEEP,no,no,1,1,124,289,,Novita,stop,0,0.00013234,content,0.0,700
meta-llama/llama-3.3-70b-instruct,649,19970,ORACLE,diamondcut,3,det-counterfactual,firing_employee,anticommonsense,KEEP,no,no,1,1,172,306,,Novita,stop,0,0.00014562,content,0.0,700
meta-llama/llama-3.3-70b-instruct,649,19970,DR_k1,diamondcut,3,det-counterfactual,firing_employee,anticommonsense,KEEP,no,no,1,1,173,480,,Novita,stop,0,0.000215355,content,0.0,700
meta-llama/llama-3.3-70b-instruct,649,19970,DR_k2,diamondcut,3,det-counterfactual,firing_employee,anticommonsense,KEEP,no,no,1,1,164,319,,Novita,stop,0,0.00014974,content,0.0,700
meta-llama/llama-3.3-70b-instruct,649,19970,DR_k3,diamondcut,3,det-counterfactual,firing_employee,anticommonsense,KEEP,no,no,1,1,173,412,,Novita,stop,0,0.000188155,content,0.0,700
meta-llama/llama-3.3-70b-instruct,650,9558,RAW,diamondcut,3,det-counterfactual,firing_employee,commonsense,KEEP,yes,yes,1,1,131,106,,Novita,stop,0,6.0085e-05,content,0.0,700
meta-llama/llama-3.3-70b-instruct,650,9558,ORACLE,diamondcut,3,det-counterfactual,firing_employee,commonsense,KEEP,yes,yes,1,1,173,261,,Novita,stop,0,0.000127755,content,0.0,700
meta-llama/llama-3.3-70b-instruct,650,9558,DR_k1,diamondcut,3,det-counterfactual,firing_employee,commonsense,KEEP,yes,yes,1,1,174,321,,Novita,stop,0,0.00015189,content,0.0,700
meta-llama/llama-3.3-70b-instruct,650,9558,DR_k2,diamondcut,3,det-counterfactual,firing_employee,commonsense,KEEP,yes,yes,1,1,168,94,,Novita,stop,0,6.028e-05,content,0.0,700
meta-llama/llama-3.3-70b-instruct,650,9558,DR_k3,diamondcut,3,det-counterfactual,firing_employee,commonsense,KEEP,yes,yes,1,1,174,113,,Novita,stop,0,6.869e-05,content,0.0,700
meta-llama/llama-3.3-70b-instruct,651,10773,RAW,diamondcut,3,ett,firing_employee,anticommonsense,KEEP,no,no,1,1,224,305,,Novita,stop,0,0.00015224,content,0.0,700
meta-llama/llama-3.3-70b-instruct,651,10773,ORACLE,diamondcut,3,ett,firing_employee,anticommonsense,KEEP,no,,0,0,272,700,,Novita,length,0,0.00031672,content,0.0,700
meta-llama/llama-3.3-70b-instruct,651,10773,DR_k1,diamondcut,3,ett,firing_employee,anticommonsense,KEEP,no,no,1,1,272,543,,Novita,stop,0,0.00025392,content,0.0,700
meta-llama/llama-3.3-70b-instruct,651,10773,DR_k2,diamondcut,3,ett,firing_employee,anticommonsense,KEEP,no,no,1,1,270,610,,Novita,stop,0,0.00028045,content,0.0,700
meta-llama/llama-3.3-70b-instruct,651,10773,DR_k3,diamondcut,3,ett,firing_employee,anticommonsense,KEEP,no,no,1,1,273,657,,Novita,stop,0,0.000299655,content,0.0,700
meta-llama/llama-3.3-70b-instruct,652,19966,RAW,diamondcut,3,det-counterfactual,firing_employee,anticommonsense,KEEP,no,yes,0,1,124,273,,Novita,stop,0,0.00012594,content,0.0,700
meta-llama/llama-3.3-70b-instruct,652,19966,ORACLE,diamondcut,3,det-counterfactual,firing_employee,anticommonsense,KEEP,no,yes,0,1,172,319,,Novita,stop,0,0.00015082,content,0.0,700
meta-llama/llama-3.3-70b-instruct,652,19966,DR_k1,diamondcut,3,det-counterfactual,firing_employee,anticommonsense,KEEP,no,yes,0,1,172,325,,Novita,stop,0,0.00015322,content,0.0,700
meta-llama/llama-3.3-70b-instruct,652,19966,DR_k2,diamondcut,3,det-counterfactual,firing_employee,anticommonsense,KEEP,no,yes,0,1,170,319,,Novita,stop,0,0.00015055,content,0.0,700
meta-llama/llama-3.3-70b-instruct,652,19966,DR_k3,diamondcut,3,det-counterfactual,firing_employee,anticommonsense,KEEP,no,yes,0,1,170,301,,Novita,stop,0,0.00014335,content,0.0,700
meta-llama/llama-3.3-70b-instruct,653,9575,RAW,diamondcut,3,det-counterfactual,firing_employee,commonsense,KEEP,yes,no,0,1,133,126,,Novita,stop,0,6.8355e-05,content,0.0,700
meta-llama/llama-3.3-70b-instruct,653,9575,ORACLE,diamondcut,3,det-counterfactual,firing_employee,commonsense,KEEP,yes,no,0,1,175,142,,Novita,stop,0,8.0425e-05,content,0.0,700
meta-llama/llama-3.3-70b-instruct,653,9575,DR_k1,diamondcut,3,det-counterfactual,firing_employee,commonsense,KEEP,yes,no,0,1,175,117,,Novita,stop,0,7.0425e-05,content,0.0,700
meta-llama/llama-3.3-70b-instruct,653,9575,DR_k2,diamondcut,3,det-counterfactual,firing_employee,commonsense,KEEP,yes,no,0,1,169,147,,Novita,stop,0,8.1615e-05,content,0.0,700
meta-llama/llama-3.3-70b-instruct,653,9575,DR_k3,diamondcut,3,det-counterfactual,firing_employee,commonsense,KEEP,yes,no,0,1,176,111,,Novita,stop,0,6.816e-05,content,0.0,700
meta-llama/llama-3.3-70b-instruct,654,15494,RAW,diamondcut,3,ett,firing_employee,anticommonsense,KEEP,no,,0,0,223,700,,Novita,length,0,0.000310105,content,0.0,700
meta-llama/llama-3.3-70b-instruct,654,15494,ORACLE,diamondcut,3,ett,firing_employee,anticommonsense,KEEP,no,yes,0,1,267,505,,Novita,stop,0,0.000238045,content,0.0,700
meta-llama/llama-3.3-70b-instruct,654,15494,DR_k1,diamondcut,3,ett,firing_employee,anticommonsense,KEEP,no,yes,0,1,267,605,,Novita,stop,0,0.000278045,content,0.0,700
meta-llama/llama-3.3-70b-instruct,654,15494,DR_k2,diamondcut,3,ett,firing_employee,anticommonsense,KEEP,no,yes,0,1,260,600,,Novita,stop,0,0.0002751,content,0.0,700
meta-llama/llama-3.3-70b-instruct,654,15494,DR_k3,diamondcut,3,ett,firing_employee,anticommonsense,KEEP,no,yes,0,1,268,481,,Novita,stop,0,0.00022858,content,0.0,700
meta-llama/llama-3.3-70b-instruct,655,5183,RAW,diamondcut,3,ett,firing_employee,hard,KEEP,no,,0,0,228,700,,Novita,length,0,0.00031078,content,0.0,700
meta-llama/llama-3.3-70b-instruct,655,5183,ORACLE,diamondcut,3,ett,firing_employee,hard,KEEP,no,,0,0,270,700,,Novita,length,0,0.00031645,content,0.0,700
meta-llama/llama-3.3-70b-instruct,655,5183,DR_k1,diamondcut,3,ett,firing_employee,hard,KEEP,no,yes,0,1,270,630,,Novita,stop,0,0.00028845,content,0.0,700
meta-llama/llama-3.3-70b-instruct,655,5183,DR_k2,diamondcut,3,ett,firing_employee,hard,KEEP,no,yes,0,1,271,583,,Novita,stop,0,0.000269785,content,0.0,700
meta-llama/llama-3.3-70b-instruct,655,5183,DR_k3,diamondcut,3,ett,firing_employee,hard,KEEP,no,yes,0,1,271,526,,Novita,stop,0,0.000246985,content,0.0,700
meta-llama/llama-3.3-70b-instruct,656,292,RAW,diamondcut,3,ett,firing_employee,easy,KEEP,no,yes,0,1,228,530,,Novita,stop,0,0.00024278,content,0.0,700
meta-llama/llama-3.3-70b-instruct,656,292,ORACLE,diamondcut,3,ett,firing_employee,easy,KEEP,no,,0,0,270,700,,Novita,length,0,0.00031645,content,0.0,700
meta-llama/llama-3.3-70b-instruct,656,292,DR_k1,diamondcut,3,ett,firing_employee,easy,KEEP,no,yes,0,1,271,569,,Novita,stop,0,0.000264185,content,0.0,700
meta-llama/llama-3.3-70b-instruct,656,292,DR_k2,diamondcut,3,ett,firing_employee,easy,KEEP,no,yes,0,1,271,664,,Novita,stop,0,0.000302185,content,0.0,700
meta-llama/llama-3.3-70b-instruct,656,292,DR_k3,diamondcut,3,ett,firing_employee,easy,KEEP,no,yes,0,1,271,393,,Novita,stop,0,0.000193785,content,0.0,700
meta-llama/llama-3.3-70b-instruct,657,10727,RAW,diamondcut,3,ett,firing_employee,anticommonsense,KEEP,no,no,1,1,224,283,,Novita,stop,0,0.00014344,content,0.0,700
meta-llama/llama-3.3-70b-instruct,657,10727,ORACLE,diamondcut,3,ett,firing_employee,anticommonsense,KEEP,no,,0,0,272,700,,Novita,length,0,0.00031672,content,0.0,700
meta-llama/llama-3.3-70b-instruct,657,10727,DR_k1,diamondcut,3,ett,firing_employee,anticommonsense,KEEP,no,no,1,1,272,642,,Novita,stop,0,0.00029352,content,0.0,700
meta-llama/llama-3.3-70b-instruct,657,10727,DR_k2,diamondcut,3,ett,firing_employee,anticommonsense,KEEP,no,no,1,1,266,674,,Novita,stop,0,0.00030551,content,0.0,700
meta-llama/llama-3.3-70b-instruct,657,10727,DR_k3,diamondcut,3,ett,firing_employee,anticommonsense,KEEP,no,no,1,1,273,678,,Novita,stop,0,0.000308055,content,0.0,700
meta-llama/llama-3.3-70b-instruct,658,9573,RAW,diamondcut,3,det-counterfactual,firing_employee,commonsense,KEEP,no,no,1,1,133,219,,Novita,stop,0,0.000105555,content,0.0,700
meta-llama/llama-3.3-70b-instruct,658,9573,ORACLE,diamondcut,3,det-counterfactual,firing_employee,commonsense,KEEP,no,no,1,1,175,206,,Novita,stop,0,0.000106025,content,0.0,700
meta-llama/llama-3.3-70b-instruct,658,9573,DR_k1,diamondcut,3,det-counterfactual,firing_employee,commonsense,KEEP,no,no,1,1,176,258,,Novita,stop,0,0.00012696,content,0.0,700
meta-llama/llama-3.3-70b-instruct,658,9573,DR_k2,diamondcut,3,det-counterfactual,firing_employee,commonsense,KEEP,no,yes,0,1,176,515,,Novita,stop,0,0.00022976,content,0.0,700
meta-llama/llama-3.3-70b-instruct,658,9573,DR_k3,diamondcut,3,det-counterfactual,firing_employee,commonsense,KEEP,no,yes,0,1,176,444,,Novita,stop,0,0.00020136,content,0.0,700
meta-llama/llama-3.3-70b-instruct,659,9557,RAW,diamondcut,3,det-counterfactual,firing_employee,commonsense,KEEP,no,no,1,1,132,340,,Novita,stop,0,0.00015382,content,0.0,700
meta-llama/llama-3.3-70b-instruct,659,9557,ORACLE,diamondcut,3,det-counterfactual,firing_employee,commonsense,KEEP,no,no,1,1,174,193,,Novita,stop,0,0.00010069,content,0.0,700
meta-llama/llama-3.3-70b-instruct,659,9557,DR_k1,diamondcut,3,det-counterfactual,firing_employee,commonsense,KEEP,no,no,1,1,175,255,,Novita,stop,0,0.000125625,content,0.0,700
meta-llama/llama-3.3-70b-instruct,659,9557,DR_k2,diamondcut,3,det-counterfactual,firing_employee,commonsense,KEEP,no,no,1,1,175,405,,Novita,stop,0,0.000185625,content,0.0,700
meta-llama/llama-3.3-70b-instruct,659,9557,DR_k3,diamondcut,3,det-counterfactual,firing_employee,commonsense,KEEP,no,no,1,1,175,520,,Novita,stop,0,0.000231625,content,0.0,700
meta-llama/llama-3.3-70b-instruct,660,15485,RAW,diamondcut,3,ett,firing_employee,anticommonsense,KEEP,no,,0,0,223,700,,Novita,length,0,0.000310105,content,0.0,700
meta-llama/llama-3.3-70b-instruct,660,15485,ORACLE,diamondcut,3,ett,firing_employee,anticommonsense,KEEP,no,yes,0,1,267,550,,Novita,stop,0,0.000256045,content,0.0,700
meta-llama/llama-3.3-70b-instruct,660,15485,DR_k1,diamondcut,3,ett,firing_employee,anticommonsense,KEEP,no,,0,0,268,700,,Novita,length,0,0.00031618,content,0.0,700
meta-llama/llama-3.3-70b-instruct,660,15485,DR_k2,diamondcut,3,ett,firing_employee,anticommonsense,KEEP,no,,0,0,260,700,,Novita,length,0,0.0003151,content,0.0,700
meta-llama/llama-3.3-70b-instruct,660,15485,DR_k3,diamondcut,3,ett,firing_employee,anticommonsense,KEEP,no,yes,0,1,268,551,,Novita,stop,0,0.00025658,content,0.0,700
meta-llama/llama-3.3-70b-instruct,661,381,RAW,diamondcut,3,ett,firing_employee,easy,KEEP,no,yes,0,1,228,450,,Novita,stop,0,0.00021078,content,0.0,700
meta-llama/llama-3.3-70b-instruct,661,381,ORACLE,diamondcut,3,ett,firing_employee,easy,KEEP,no,yes,0,1,270,624,,Novita,stop,0,0.00028605,content,0.0,700
meta-llama/llama-3.3-70b-instruct,661,381,DR_k1,diamondcut,3,ett,firing_employee,easy,KEEP,no,,0,0,270,700,,Novita,length,0,0.00031645,content,0.0,700
meta-llama/llama-3.3-70b-instruct,661,381,DR_k2,diamondcut,3,ett,firing_employee,easy,KEEP,no,yes,0,1,264,528,,Novita,stop,0,0.00024684,content,0.0,700
meta-llama/llama-3.3-70b-instruct,661,381,DR_k3,diamondcut,3,ett,firing_employee,easy,KEEP,no,yes,0,1,271,415,,Novita,stop,0,0.000202585,content,0.0,700
meta-llama/llama-3.3-70b-instruct,662,327,RAW,diamondcut,3,ett,firing_employee,easy,KEEP,yes,no,0,1,228,535,,Novita,stop,0,0.00024478,content,0.0,700
meta-llama/llama-3.3-70b-instruct,662,327,ORACLE,diamondcut,3,ett,firing_employee,easy,KEEP,yes,,0,0,270,700,,Novita,length,0,0.00031645,content,0.0,700
meta-llama/llama-3.3-70b-instruct,662,327,DR_k1,diamondcut,3,ett,firing_employee,easy,KEEP,yes,no,0,1,271,627,,Novita,stop,0,0.000287385,content,0.0,700
meta-llama/llama-3.3-70b-instruct,662,327,DR_k2,diamondcut,3,ett,firing_employee,easy,KEEP,yes,no,0,1,271,452,,Novita,stop,0,0.000217385,content,0.0,700
meta-llama/llama-3.3-70b-instruct,662,327,DR_k3,diamondcut,3,ett,firing_employee,easy,KEEP,yes,no,0,1,271,578,,Novita,stop,0,0.000267785,content,0.0,700
meta-llama/llama-3.3-70b-instruct,663,19958,RAW,diamondcut,3,det-counterfactual,firing_employee,anticommonsense,KEEP,no,yes,0,1,123,472,,Novita,stop,0,0.000205405,content,0.0,700
meta-llama/llama-3.3-70b-instruct,663,19958,ORACLE,diamondcut,3,det-counterfactual,firing_employee,anticommonsense,KEEP,no,yes,0,1,171,262,,Novita,stop,0,0.000127885,content,0.0,700
meta-llama/llama-3.3-70b-instruct,663,19958,DR_k1,diamondcut,3,det-counterfactual,firing_employee,anticommonsense,KEEP,no,yes,0,1,171,433,,Novita,stop,0,0.000196285,content,0.0,700
meta-llama/llama-3.3-70b-instruct,663,19958,DR_k2,diamondcut,3,det-counterfactual,firing_employee,anticommonsense,KEEP,no,yes,0,1,169,365,,Novita,stop,0,0.000168815,content,0.0,700
meta-llama/llama-3.3-70b-instruct,663,19958,DR_k3,diamondcut,3,det-counterfactual,firing_employee,anticommonsense,KEEP,no,yes,0,1,169,393,,Novita,stop,0,0.000180015,content,0.0,700
meta-llama/llama-3.3-70b-instruct,664,10670,RAW,diamondcut,3,ett,firing_employee,anticommonsense,KEEP,yes,yes,1,1,224,527,,Novita,stop,0,0.00024104,content,0.0,700
meta-llama/llama-3.3-70b-instruct,664,10670,ORACLE,diamondcut,3,ett,firing_employee,anticommonsense,KEEP,yes,yes,1,1,272,457,,Novita,stop,0,0.00021952,content,0.0,700
meta-llama/llama-3.3-70b-instruct,664,10670,DR_k1,diamondcut,3,ett,firing_employee,anticommonsense,KEEP,yes,yes,1,1,272,462,,Novita,stop,0,0.00022152,content,0.0,700
meta-llama/llama-3.3-70b-instruct,664,10670,DR_k2,diamondcut,3,ett,firing_employee,anticommonsense,KEEP,yes,yes,1,1,273,451,,Novita,stop,0,0.000217255,content,0.0,700
meta-llama/llama-3.3-70b-instruct,664,10670,DR_k3,diamondcut,3,ett,firing_employee,anticommonsense,KEEP,yes,yes,1,1,273,453,,Novita,stop,0,0.000218055,content,0.0,700
meta-llama/llama-3.3-70b-instruct,665,9554,RAW,diamondcut,3,det-counterfactual,firing_employee,commonsense,KEEP,no,no,1,1,131,169,,Novita,stop,0,8.5285e-05,content,0.0,700
meta-llama/llama-3.3-70b-instruct,665,9554,ORACLE,diamondcut,3,det-counterfactual,firing_employee,commonsense,KEEP,no,no,1,1,173,269,,Novita,stop,0,0.000130955,content,0.0,700
meta-llama/llama-3.3-70b-instruct,665,9554,DR_k1,diamondcut,3,det-counterfactual,firing_employee,commonsense,KEEP,no,no,1,1,174,209,,Novita,stop,0,0.00010709,content,0.0,700
meta-llama/llama-3.3-70b-instruct,665,9554,DR_k2,diamondcut,3,det-counterfactual,firing_employee,commonsense,KEEP,no,no,1,1,174,217,,Novita,stop,0,0.00011029,content,0.0,700
meta-llama/llama-3.3-70b-instruct,665,9554,DR_k3,diamondcut,3,det-counterfactual,firing_employee,commonsense,KEEP,no,no,1,1,174,288,,Novita,stop,0,0.00013869,content,0.0,700
meta-llama/llama-3.3-70b-instruct,666,19950,RAW,diamondcut,3,det-counterfactual,firing_employee,anticommonsense,KEEP,yes,yes,1,1,123,247,,Novita,stop,0,0.000115405,content,0.0,700
meta-llama/llama-3.3-70b-instruct,666,19950,ORACLE,diamondcut,3,det-counterfactual,firing_employee,anticommonsense,KEEP,yes,yes,1,1,171,210,,Novita,stop,0,0.000107085,content,0.0,700
meta-llama/llama-3.3-70b-instruct,666,19950,DR_k1,diamondcut,3,det-counterfactual,firing_employee,anticommonsense,KEEP,yes,yes,1,1,171,238,,Novita,stop,0,0.000118285,content,0.0,700
meta-llama/llama-3.3-70b-instruct,666,19950,DR_k2,diamondcut,3,det-counterfactual,firing_employee,anticommonsense,KEEP,yes,yes,1,1,169,391,,Novita,stop,0,0.000179215,content,0.0,700
meta-llama/llama-3.3-70b-instruct,666,19950,DR_k3,diamondcut,3,det-counterfactual,firing_employee,anticommonsense,KEEP,yes,yes,1,1,172,306,,Novita,stop,0,0.00014562,content,0.0,700
meta-llama/llama-3.3-70b-instruct,667,372,RAW,diamondcut,3,ett,firing_employee,easy,KEEP,no,yes,0,1,228,510,,Novita,stop,0,0.00023478,content,0.0,700
meta-llama/llama-3.3-70b-instruct,667,372,ORACLE,diamondcut,3,ett,firing_employee,easy,KEEP,no,yes,0,1,270,522,,Novita,stop,0,0.00024525,content,0.0,700
meta-llama/llama-3.3-70b-instruct,667,372,DR_k1,diamondcut,3,ett,firing_employee,easy,KEEP,no,yes,0,1,270,536,,Novita,stop,0,0.00025085,content,0.0,700
meta-llama/llama-3.3-70b-instruct,667,372,DR_k2,diamondcut,3,ett,firing_employee,easy,KEEP,no,,0,0,264,700,,Novita,length,0,0.00031564,content,0.0,700
meta-llama/llama-3.3-70b-instruct,667,372,DR_k3,diamondcut,3,ett,firing_employee,easy,KEEP,no,,0,0,271,700,,Novita,length,0,0.000316585,content,0.0,700
meta-llama/llama-3.3-70b-instruct,668,19946,RAW,diamondcut,3,det-counterfactual,firing_employee,anticommonsense,KEEP,no,no,1,1,123,405,,Novita,stop,0,0.000178605,content,0.0,700
meta-llama/llama-3.3-70b-instruct,668,19946,ORACLE,diamondcut,3,det-counterfactual,firing_employee,anticommonsense,KEEP,no,no,1,1,171,452,,Novita,stop,0,0.000203885,content,0.0,700
meta-llama/llama-3.3-70b-instruct,668,19946,DR_k1,diamondcut,3,det-counterfactual,firing_employee,anticommonsense,KEEP,no,no,1,1,172,355,,Novita,stop,0,0.00016522,content,0.0,700
meta-llama/llama-3.3-70b-instruct,668,19946,DR_k2,diamondcut,3,det-counterfactual,firing_employee,anticommonsense,KEEP,no,no,1,1,169,369,,Novita,stop,0,0.000170415,content,0.0,700
meta-llama/llama-3.3-70b-instruct,668,19946,DR_k3,diamondcut,3,det-counterfactual,firing_employee,anticommonsense,KEEP,no,no,1,1,169,319,,Novita,stop,0,0.000150415,content,0.0,700
meta-llama/llama-3.3-70b-instruct,669,19964,RAW,diamondcut,3,det-counterfactual,firing_employee,anticommonsense,KEEP,yes,yes,1,1,124,336,,Novita,stop,0,0.00015114,content,0.0,700
meta-llama/llama-3.3-70b-instruct,669,19964,ORACLE,diamondcut,3,det-counterfactual,firing_employee,anticommonsense,KEEP,yes,no,0,1,172,208,,Novita,stop,0,0.00010642,content,0.0,700
meta-llama/llama-3.3-70b-instruct,669,19964,DR_k1,diamondcut,3,det-counterfactual,firing_employee,anticommonsense,KEEP,yes,no,0,1,170,404,,Novita,stop,0,0.00018455,content,0.0,700
meta-llama/llama-3.3-70b-instruct,669,19964,DR_k2,diamondcut,3,det-counterfactual,firing_employee,anticommonsense,KEEP,yes,no,0,1,173,332,,Novita,stop,0,0.000156155,content,0.0,700
meta-llama/llama-3.3-70b-instruct,669,19964,DR_k3,diamondcut,3,det-counterfactual,firing_employee,anticommonsense,KEEP,yes,no,0,1,170,302,,Novita,stop,0,0.00014375,content,0.0,700
meta-llama/llama-3.3-70b-instruct,670,9571,RAW,diamondcut,3,det-counterfactual,firing_employee,commonsense,KEEP,no,yes,0,1,133,146,,Novita,stop,0,7.6355e-05,content,0.0,700
meta-llama/llama-3.3-70b-instruct,670,9571,ORACLE,diamondcut,3,det-counterfactual,firing_employee,commonsense,KEEP,no,yes,0,1,175,407,,Novita,stop,0,0.000186425,content,0.0,700
meta-llama/llama-3.3-70b-instruct,670,9571,DR_k1,diamondcut,3,det-counterfactual,firing_employee,commonsense,KEEP,no,yes,0,1,176,190,,Novita,stop,0,9.976e-05,content,0.0,700
meta-llama/llama-3.3-70b-instruct,670,9571,DR_k2,diamondcut,3,det-counterfactual,firing_employee,commonsense,KEEP,no,yes,0,1,170,203,,Novita,stop,0,0.00010415,content,0.0,700
meta-llama/llama-3.3-70b-instruct,670,9571,DR_k3,diamondcut,3,det-counterfactual,firing_employee,commonsense,KEEP,no,yes,0,1,176,411,,Novita,stop,0,0.00018816,content,0.0,700
meta-llama/llama-3.3-70b-instruct,671,370,RAW,diamondcut,3,ett,firing_employee,easy,KEEP,yes,no,0,1,228,314,,Novita,stop,0,0.00015638,content,0.0,700
meta-llama/llama-3.3-70b-instruct,671,370,ORACLE,diamondcut,3,ett,firing_employee,easy,KEEP,yes,yes,1,1,270,659,,Novita,stop,0,0.00030005,content,0.0,700
meta-llama/llama-3.3-70b-instruct,671,370,DR_k1,diamondcut,3,ett,firing_employee,easy,KEEP,yes,no,0,1,270,564,,Novita,stop,0,0.00026205,content,0.0,700
meta-llama/llama-3.3-70b-instruct,671,370,DR_k2,diamondcut,3,ett,firing_employee,easy,KEEP,yes,no,0,1,264,599,,Novita,stop,0,0.00027524,content,0.0,700
meta-llama/llama-3.3-70b-instruct,671,370,DR_k3,diamondcut,3,ett,firing_employee,easy,KEEP,yes,no,0,1,271,518,,Novita,stop,0,0.000243785,content,0.0,700
meta-llama/llama-3.3-70b-instruct,672,19973,RAW,diamondcut,3,det-counterfactual,firing_employee,anticommonsense,KEEP,no,yes,0,1,125,378,,Novita,stop,0,0.000168075,content,0.0,700
meta-llama/llama-3.3-70b-instruct,672,19973,ORACLE,diamondcut,3,det-counterfactual,firing_employee,anticommonsense,KEEP,no,yes,0,1,173,290,,Novita,stop,0,0.000139355,content,0.0,700
meta-llama/llama-3.3-70b-instruct,672,19973,DR_k1,diamondcut,3,det-counterfactual,firing_employee,anticommonsense,KEEP,no,yes,0,1,174,458,,Novita,stop,0,0.00020669,content,0.0,700
meta-llama/llama-3.3-70b-instruct,672,19973,DR_k2,diamondcut,3,det-counterfactual,firing_employee,anticommonsense,KEEP,no,yes,0,1,174,505,,Novita,stop,0,0.00022549,content,0.0,700
meta-llama/llama-3.3-70b-instruct,672,19973,DR_k3,diamondcut,3,det-counterfactual,firing_employee,anticommonsense,KEEP,no,yes,0,1,174,464,,Novita,stop,0,0.00020909,content,0.0,700
meta-llama/llama-3.3-70b-instruct,673,9567,RAW,diamondcut,3,det-counterfactual,firing_employee,commonsense,KEEP,yes,yes,1,1,132,225,,Novita,stop,0,0.00010782,content,0.0,700
meta-llama/llama-3.3-70b-instruct,673,9567,ORACLE,diamondcut,3,det-counterfactual,firing_employee,commonsense,KEEP,yes,no,0,1,174,228,,Novita,stop,0,0.00011469,content,0.0,700
meta-llama/llama-3.3-70b-instruct,673,9567,DR_k1,diamondcut,3,det-counterfactual,firing_employee,commonsense,KEEP,yes,no,0,1,175,324,,Novita,stop,0,0.000153225,content,0.0,700
meta-llama/llama-3.3-70b-instruct,673,9567,DR_k2,diamondcut,3,det-counterfactual,firing_employee,commonsense,KEEP,yes,yes,1,1,175,156,,Novita,stop,0,8.6025e-05,content,0.0,700
meta-llama/llama-3.3-70b-instruct,673,9567,DR_k3,diamondcut,3,det-counterfactual,firing_employee,commonsense,KEEP,yes,no,0,1,175,156,,Novita,stop,0,8.6025e-05,content,0.0,700
meta-llama/llama-3.3-70b-instruct,674,10705,RAW,diamondcut,3,ett,firing_employee,anticommonsense,KEEP,no,no,1,1,224,498,,Novita,stop,0,0.00022944,content,0.0,700
meta-llama/llama-3.3-70b-instruct,674,10705,ORACLE,diamondcut,3,ett,firing_employee,anticommonsense,KEEP,no,,0,0,272,700,,Novita,length,0,0.00031672,content,0.0,700
meta-llama/llama-3.3-70b-instruct,674,10705,DR_k1,diamondcut,3,ett,firing_employee,anticommonsense,KEEP,no,no,1,1,273,688,,Novita,stop,0,0.000312055,content,0.0,700
meta-llama/llama-3.3-70b-instruct,674,10705,DR_k2,diamondcut,3,ett,firing_employee,anticommonsense,KEEP,no,no,1,1,264,518,,Novita,stop,0,0.00024284,content,0.0,700
meta-llama/llama-3.3-70b-instruct,674,10705,DR_k3,diamondcut,3,ett,firing_employee,anticommonsense,KEEP,no,,0,0,273,700,,Novita,length,0,0.000316855,content,0.0,700
meta-llama/llama-3.3-70b-instruct,675,9577,RAW,diamondcut,3,det-counterfactual,firing_employee,commonsense,KEEP,no,no,1,1,133,138,,Novita,stop,0,7.3155e-05,content,0.0,700
meta-llama/llama-3.3-70b-instruct,675,9577,ORACLE,diamondcut,3,det-counterfactual,firing_employee,commonsense,KEEP,no,no,1,1,175,192,,Novita,stop,0,0.000100425,content,0.0,700
meta-llama/llama-3.3-70b-instruct,675,9577,DR_k1,diamondcut,3,det-counterfactual,firing_employee,commonsense,KEEP,no,no,1,1,176,311,,Novita,stop,0,0.00014816,content,0.0,700
meta-llama/llama-3.3-70b-instruct,675,9577,DR_k2,diamondcut,3,det-counterfactual,firing_employee,commonsense,KEEP,no,no,1,1,176,220,,Novita,stop,0,0.00011176,content,0.0,700
meta-llama/llama-3.3-70b-instruct,675,9577,DR_k3,diamondcut,3,det-counterfactual,firing_employee,commonsense,KEEP,no,no,1,1,176,328,,Novita,stop,0,0.00015496,content,0.0,700
meta-llama/llama-3.3-70b-instruct,676,15473,RAW,diamondcut,3,ett,firing_employee,anticommonsense,KEEP,yes,no,0,1,223,528,,Novita,stop,0,0.000241305,content,0.0,700
meta-llama/llama-3.3-70b-instruct,676,15473,ORACLE,diamondcut,3,ett,firing_employee,anticommonsense,KEEP,yes,,0,0,267,700,,Novita,length,0,0.000316045,content,0.0,700
meta-llama/llama-3.3-70b-instruct,676,15473,DR_k1,diamondcut,3,ett,firing_employee,anticommonsense,KEEP,yes,no,0,1,268,654,,Novita,stop,0,0.00029778,content,0.0,700
meta-llama/llama-3.3-70b-instruct,676,15473,DR_k2,diamondcut,3,ett,firing_employee,anticommonsense,KEEP,yes,no,0,1,260,578,,Novita,stop,0,0.0002663,content,0.0,700
meta-llama/llama-3.3-70b-instruct,676,15473,DR_k3,diamondcut,3,ett,firing_employee,anticommonsense,KEEP,yes,,0,0,267,700,,Novita,length,0,0.000316045,content,0.0,700
meta-llama/llama-3.3-70b-instruct,677,19975,RAW,diamondcut,3,det-counterfactual,firing_employee,anticommonsense,KEEP,yes,no,0,1,125,569,,Novita,stop,0,0.000244475,content,0.0,700
meta-llama/llama-3.3-70b-instruct,677,19975,ORACLE,diamondcut,3,det-counterfactual,firing_employee,anticommonsense,KEEP,yes,no,0,1,173,357,,Novita,stop,0,0.000166155,content,0.0,700
meta-llama/llama-3.3-70b-instruct,677,19975,DR_k1,diamondcut,3,det-counterfactual,firing_employee,anticommonsense,KEEP,yes,no,0,1,173,417,,Novita,stop,0,0.000190155,content,0.0,700
meta-llama/llama-3.3-70b-instruct,677,19975,DR_k2,diamondcut,3,det-counterfactual,firing_employee,anticommonsense,KEEP,yes,yes,1,1,174,370,,Novita,stop,0,0.00017149,content,0.0,700
meta-llama/llama-3.3-70b-instruct,677,19975,DR_k3,diamondcut,3,det-counterfactual,firing_employee,anticommonsense,KEEP,yes,no,0,1,174,522,,Novita,stop,0,0.00023229,content,0.0,700
meta-llama/llama-3.3-70b-instruct,678,19976,RAW,diamondcut,3,det-counterfactual,firing_employee,anticommonsense,KEEP,no,yes,0,1,124,305,,Novita,stop,0,0.00013874,content,0.0,700
meta-llama/llama-3.3-70b-instruct,678,19976,ORACLE,diamondcut,3,det-counterfactual,firing_employee,anticommonsense,KEEP,no,yes,0,1,172,500,,Novita,stop,0,0.00022322,content,0.0,700
meta-llama/llama-3.3-70b-instruct,678,19976,DR_k1,diamondcut,3,det-counterfactual,firing_employee,anticommonsense,KEEP,no,yes,0,1,173,378,,Novita,stop,0,0.000174555,content,0.0,700
meta-llama/llama-3.3-70b-instruct,678,19976,DR_k2,diamondcut,3,det-counterfactual,firing_employee,anticommonsense,KEEP,no,yes,0,1,164,399,,Novita,stop,0,0.00018174,content,0.0,700
meta-llama/llama-3.3-70b-instruct,678,19976,DR_k3,diamondcut,3,det-counterfactual,firing_employee,anticommonsense,KEEP,no,yes,0,1,170,552,,Novita,stop,0,0.00024375,content,0.0,700
meta-llama/llama-3.3-70b-instruct,679,19963,RAW,diamondcut,3,det-counterfactual,firing_employee,anticommonsense,KEEP,no,yes,0,1,125,355,,Novita,stop,0,0.000158875,content,0.0,700
meta-llama/llama-3.3-70b-instruct,679,19963,ORACLE,diamondcut,3,det-counterfactual,firing_employee,anticommonsense,KEEP,no,yes,0,1,173,380,,Novita,stop,0,0.000175355,content,0.0,700
meta-llama/llama-3.3-70b-instruct,679,19963,DR_k1,diamondcut,3,det-counterfactual,firing_employee,anticommonsense,KEEP,no,yes,0,1,174,311,,Novita,stop,0,0.00014789,content,0.0,700
meta-llama/llama-3.3-70b-instruct,679,19963,DR_k2,diamondcut,3,det-counterfactual,firing_employee,anticommonsense,KEEP,no,yes,0,1,171,504,,Novita,stop,0,0.000224685,content,0.0,700
meta-llama/llama-3.3-70b-instruct,679,19963,DR_k3,diamondcut,3,det-counterfactual,firing_employee,anticommonsense,KEEP,no,yes,0,1,174,369,,Novita,stop,0,0.00017109,content,0.0,700
meta-llama/llama-3.3-70b-instruct,714,16176,RAW,fork,2,ate,getting_tanned,anticommonsense,KEEP,no,no,1,1,111,110,,Novita,stop,0,5.8985e-05,content,0.0,700
meta-llama/llama-3.3-70b-instruct,714,16176,ORACLE,fork,2,ate,getting_tanned,anticommonsense,KEEP,no,no,1,1,150,82,,Novita,stop,0,5.305e-05,content,0.0,700
meta-llama/llama-3.3-70b-instruct,714,16176,DR_k1,fork,2,ate,getting_tanned,anticommonsense,KEEP,no,no,1,1,150,168,,Novita,stop,0,8.745e-05,content,0.0,700
meta-llama/llama-3.3-70b-instruct,714,16176,DR_k2,fork,2,ate,getting_tanned,anticommonsense,KEEP,no,no,1,1,143,241,,Novita,stop,0,0.000115705,content,0.0,700
meta-llama/llama-3.3-70b-instruct,717,4986,RAW,fork,2,ate,candle,hard,KEEP,yes,yes,1,1,106,93,,Novita,stop,0,5.151e-05,content,0.0,700
meta-llama/llama-3.3-70b-instruct,717,4986,ORACLE,fork,2,ate,candle,hard,KEEP,yes,yes,1,1,142,107,,Novita,stop,0,6.197e-05,content,0.0,700
meta-llama/llama-3.3-70b-instruct,717,4986,DR_k1,fork,2,ate,candle,hard,KEEP,yes,yes,1,1,142,237,,Novita,stop,0,0.00011397,content,0.0,700
meta-llama/llama-3.3-70b-instruct,717,4986,DR_k2,fork,2,ate,candle,hard,KEEP,yes,no,0,1,136,320,,Novita,stop,0,0.00014636,content,0.0,700
meta-llama/llama-3.3-70b-instruct,721,5555,RAW,fork,2,ate,forest_fire,hard,KEEP,no,no,1,1,117,75,,Novita,stop,0,4.5795e-05,content,0.0,700
meta-llama/llama-3.3-70b-instruct,721,5555,ORACLE,fork,2,ate,forest_fire,hard,KEEP,no,no,1,1,152,94,,Novita,stop,0,5.812e-05,content,0.0,700
meta-llama/llama-3.3-70b-instruct,721,5555,DR_k1,fork,2,ate,forest_fire,hard,KEEP,no,no,1,1,152,213,,Novita,stop,0,0.00010572,content,0.0,700
meta-llama/llama-3.3-70b-instruct,721,5555,DR_k2,fork,2,ate,forest_fire,hard,KEEP,no,no,1,1,145,358,,Novita,stop,0,0.000162775,content,0.0,700
meta-llama/llama-3.3-70b-instruct,722,1003,RAW,fork,2,ate,getting_tanned,easy,KEEP,yes,yes,1,1,114,107,,Novita,stop,0,5.819e-05,content,0.0,700
meta-llama/llama-3.3-70b-instruct,722,1003,ORACLE,fork,2,ate,getting_tanned,easy,KEEP,yes,yes,1,1,151,151,,Novita,stop,0,8.0785e-05,content,0.0,700
meta-llama/llama-3.3-70b-instruct,722,1003,DR_k1,fork,2,ate,getting_tanned,easy,KEEP,yes,yes,1,1,151,175,,Novita,stop,0,9.0385e-05,content,0.0,700
meta-llama/llama-3.3-70b-instruct,722,1003,DR_k2,fork,2,ate,getting_tanned,easy,KEEP,yes,no,0,1,145,299,,Novita,stop,0,0.000139175,content,0.0,700
meta-llama/llama-3.3-70b-instruct,723,967,RAW,fork,2,ate,getting_tanned,easy,KEEP,yes,yes,1,1,114,104,,Novita,stop,0,5.699e-05,content,0.0,700
meta-llama/llama-3.3-70b-instruct,723,967,ORACLE,fork,2,ate,getting_tanned,easy,KEEP,yes,yes,1,1,151,217,,Novita,stop,0,0.000107185,content,0.0,700
meta-llama/llama-3.3-70b-instruct,723,967,DR_k1,fork,2,ate,getting_tanned,easy,KEEP,yes,yes,1,1,151,103,,Novita,stop,0,6.1585e-05,content,0.0,700
meta-llama/llama-3.3-70b-instruct,723,967,DR_k2,fork,2,ate,getting_tanned,easy,KEEP,yes,yes,1,1,145,281,,Novita,stop,0,0.000131975,content,0.0,700
meta-llama/llama-3.3-70b-instruct,726,16012,RAW,fork,2,ate,getting_late,anticommonsense,KEEP,yes,yes,1,1,108,88,,Novita,stop,0,4.978e-05,content,0.0,700
meta-llama/llama-3.3-70b-instruct,726,16012,ORACLE,fork,2,ate,getting_late,anticommonsense,KEEP,yes,yes,1,1,141,229,,Novita,stop,0,0.000110635,content,0.0,700
meta-llama/llama-3.3-70b-instruct,726,16012,DR_k1,fork,2,ate,getting_late,anticommonsense,KEEP,yes,yes,1,1,142,204,,Novita,stop,0,0.00010077,content,0.0,700
meta-llama/llama-3.3-70b-instruct,726,16012,DR_k2,fork,2,ate,getting_late,anticommonsense,KEEP,yes,no,0,1,136,177,,Novita,stop,0,8.916e-05,content,0.0,700
meta-llama/llama-3.3-70b-instruct,728,11348,RAW,fork,2,ate,getting_tanned,anticommonsense,KEEP,yes,yes,1,1,111,105,,Novita,stop,0,5.6985e-05,content,0.0,700
meta-llama/llama-3.3-70b-instruct,728,11348,ORACLE,fork,2,ate,getting_tanned,anticommonsense,KEEP,yes,yes,1,1,150,267,,Novita,stop,0,0.00012705,content,0.0,700
meta-llama/llama-3.3-70b-instruct,728,11348,DR_k1,fork,2,ate,getting_tanned,anticommonsense,KEEP,yes,no,0,1,150,249,,Novita,stop,0,0.00011985,content,0.0,700
meta-llama/llama-3.3-70b-instruct,728,11348,DR_k2,fork,2,ate,getting_tanned,anticommonsense,KEEP,yes,no,0,1,143,162,,Novita,stop,0,8.4105e-05,content,0.0,700
meta-llama/llama-3.3-70b-instruct,729,10608,RAW,fork,2,ate,candle,anticommonsense,KEEP,no,no,1,1,107,93,,Novita,stop,0,5.1645e-05,content,0.0,700
meta-llama/llama-3.3-70b-instruct,729,10608,ORACLE,fork,2,ate,candle,anticommonsense,KEEP,no,no,1,1,142,142,,Novita,stop,0,7.597e-05,content,0.0,700
meta-llama/llama-3.3-70b-instruct,729,10608,DR_k1,fork,2,ate,candle,anticommonsense,KEEP,no,no,1,1,141,314,,Novita,stop,0,0.000144635,content,0.0,700
meta-llama/llama-3.3-70b-instruct,729,10608,DR_k2,fork,2,ate,candle,anticommonsense,KEEP,no,no,1,1,135,339,,Novita,stop,0,0.000153825,content,0.0,700
meta-llama/llama-3.3-70b-instruct,730,939,RAW,fork,2,ate,getting_tanned,easy,KEEP,yes,yes,1,1,114,110,,Novita,stop,0,5.939e-05,content,0.0,700
meta-llama/llama-3.3-70b-instruct,730,939,ORACLE,fork,2,ate,getting_tanned,easy,KEEP,yes,yes,1,1,151,152,,Novita,stop,0,8.1185e-05,content,0.0,700
meta-llama/llama-3.3-70b-instruct,730,939,DR_k1,fork,2,ate,getting_tanned,easy,KEEP,yes,yes,1,1,151,103,,Novita,stop,0,6.1585e-05,content,0.0,700
meta-llama/llama-3.3-70b-instruct,730,939,DR_k2,fork,2,ate,getting_tanned,easy,KEEP,yes,no,0,1,145,344,,Novita,stop,0,0.000157175,content,0.0,700
meta-llama/llama-3.3-70b-instruct,732,15903,RAW,fork,2,ate,forest_fire,anticommonsense,KEEP,no,no,1,1,110,92,,Novita,stop,0,5.165e-05,content,0.0,700
meta-llama/llama-3.3-70b-instruct,732,15903,ORACLE,fork,2,ate,forest_fire,anticommonsense,KEEP,no,no,1,1,147,342,,Novita,stop,0,0.000156645,content,0.0,700
meta-llama/llama-3.3-70b-instruct,732,15903,DR_k1,fork,2,ate,forest_fire,anticommonsense,KEEP,no,no,1,1,147,364,,Novita,stop,0,0.000165445,content,0.0,700
meta-llama/llama-3.3-70b-instruct,732,15903,DR_k2,fork,2,ate,forest_fire,anticommonsense,KEEP,no,no,1,1,140,241,,Novita,stop,0,0.0001153,content,0.0,700
meta-llama/llama-3.3-70b-instruct,733,976,RAW,fork,2,ate,getting_tanned,easy,KEEP,no,no,1,1,114,84,,Novita,stop,0,4.899e-05,content,0.0,700
meta-llama/llama-3.3-70b-instruct,733,976,ORACLE,fork,2,ate,getting_tanned,easy,KEEP,no,no,1,1,151,88,,Novita,stop,0,5.5585e-05,content,0.0,700
meta-llama/llama-3.3-70b-instruct,733,976,DR_k1,fork,2,ate,getting_tanned,easy,KEEP,no,no,1,1,151,129,,Novita,stop,0,7.1985e-05,content,0.0,700
meta-llama/llama-3.3-70b-instruct,733,976,DR_k2,fork,2,ate,getting_tanned,easy,KEEP,no,no,1,1,145,243,,Novita,stop,0,0.000116775,content,0.0,700
meta-llama/llama-3.3-70b-instruct,739,689,RAW,fork,2,ate,forest_fire,easy,KEEP,yes,yes,1,1,117,121,,Novita,stop,0,6.4195e-05,content,0.0,700
meta-llama/llama-3.3-70b-instruct,739,689,ORACLE,fork,2,ate,forest_fire,easy,KEEP,yes,yes,1,1,152,149,,Novita,stop,0,8.012e-05,content,0.0,700
meta-llama/llama-3.3-70b-instruct,739,689,DR_k1,fork,2,ate,forest_fire,easy,KEEP,yes,yes,1,1,152,334,,Novita,stop,0,0.00015412,content,0.0,700
meta-llama/llama-3.3-70b-instruct,739,689,DR_k2,fork,2,ate,forest_fire,easy,KEEP,yes,yes,1,1,145,193,,Novita,stop,0,9.6775e-05,content,0.0,700
meta-llama/llama-3.3-70b-instruct,744,785,RAW,fork,2,ate,forest_fire,easy,KEEP,yes,yes,1,1,117,134,,Novita,stop,0,6.9395e-05,content,0.0,700
meta-llama/llama-3.3-70b-instruct,744,785,ORACLE,fork,2,ate,forest_fire,easy,KEEP,yes,yes,1,1,152,99,,Novita,stop,0,6.012e-05,content,0.0,700
meta-llama/llama-3.3-70b-instruct,744,785,DR_k1,fork,2,ate,forest_fire,easy,KEEP,yes,yes,1,1,152,165,,Novita,stop,0,8.652e-05,content,0.0,700
meta-llama/llama-3.3-70b-instruct,744,785,DR_k2,fork,2,ate,forest_fire,easy,KEEP,yes,yes,1,1,145,281,,Novita,stop,0,0.000131975,content,0.0,700
meta-llama/llama-3.3-70b-instruct,745,5717,RAW,fork,2,ate,getting_tanned,hard,KEEP,yes,yes,1,1,114,109,,Novita,stop,0,5.899e-05,content,0.0,700
meta-llama/llama-3.3-70b-instruct,745,5717,ORACLE,fork,2,ate,getting_tanned,hard,KEEP,yes,yes,1,1,151,137,,Novita,stop,0,7.5185e-05,content,0.0,700
meta-llama/llama-3.3-70b-instruct,745,5717,DR_k1,fork,2,ate,getting_tanned,hard,KEEP,yes,yes,1,1,151,340,,Novita,stop,0,0.000156385,content,0.0,700
meta-llama/llama-3.3-70b-instruct,745,5717,DR_k2,fork,2,ate,getting_tanned,hard,KEEP,yes,yes,1,1,145,266,,Novita,stop,0,0.000125975,content,0.0,700
meta-llama/llama-3.3-70b-instruct,746,16006,RAW,fork,2,ate,getting_late,anticommonsense,KEEP,no,no,1,1,108,90,,Novita,stop,0,5.058e-05,content,0.0,700
meta-llama/llama-3.3-70b-instruct,746,16006,ORACLE,fork,2,ate,getting_late,anticommonsense,KEEP,no,no,1,1,141,220,,Novita,stop,0,0.000107035,content,0.0,700
meta-llama/llama-3.3-70b-instruct,746,16006,DR_k1,fork,2,ate,getting_late,anticommonsense,KEEP,no,no,1,1,142,123,,Novita,stop,0,6.837e-05,content,0.0,700
meta-llama/llama-3.3-70b-instruct,746,16006,DR_k2,fork,2,ate,getting_late,anticommonsense,KEEP,no,no,1,1,136,168,,Novita,stop,0,8.556e-05,content,0.0,700
meta-llama/llama-3.3-70b-instruct,748,20054,RAW,fork,3,det-counterfactual,getting_tanned,anticommonsense,KEEP,no,yes,0,1,106,71,,Novita,stop,0,4.271e-05,content,0.0,700
meta-llama/llama-3.3-70b-instruct,748,20054,ORACLE,fork,3,det-counterfactual,getting_tanned,anticommonsense,KEEP,no,yes,0,1,145,85,,Novita,stop,0,5.3575e-05,content,0.0,700
meta-llama/llama-3.3-70b-instruct,748,20054,DR_k1,fork,3,det-counterfactual,getting_tanned,anticommonsense,KEEP,no,yes,0,1,145,98,,Novita,stop,0,5.8775e-05,content,0.0,700
meta-llama/llama-3.3-70b-instruct,748,20054,DR_k2,fork,3,det-counterfactual,getting_tanned,anticommonsense,KEEP,no,yes,0,1,138,223,,Novita,stop,0,0.00010783,content,0.0,700
meta-llama/llama-3.3-70b-instruct,749,16003,RAW,fork,3,ett,getting_late,anticommonsense,KEEP,yes,yes,1,1,122,109,,Novita,stop,0,6.007e-05,content,0.0,700
meta-llama/llama-3.3-70b-instruct,749,16003,ORACLE,fork,3,ett,getting_late,anticommonsense,KEEP,yes,yes,1,1,155,232,,Novita,stop,0,0.000113725,content,0.0,700
meta-llama/llama-3.3-70b-instruct,749,16003,DR_k1,fork,3,ett,getting_late,anticommonsense,KEEP,yes,yes,1,1,156,382,,Novita,stop,0,0.00017386,content,0.0,700
meta-llama/llama-3.3-70b-instruct,749,16003,DR_k2,fork,3,ett,getting_late,anticommonsense,KEEP,yes,yes,1,1,150,509,,Novita,stop,0,0.00022385,content,0.0,700
meta-llama/llama-3.3-70b-instruct,750,9621,RAW,fork,3,det-counterfactual,forest_fire,commonsense,KEEP,yes,no,0,1,118,118,,Novita,stop,0,6.313e-05,content,0.0,700
meta-llama/llama-3.3-70b-instruct,750,9621,ORACLE,fork,3,det-counterfactual,forest_fire,commonsense,KEEP,yes,no,0,1,153,189,,Novita,stop,0,9.6255e-05,content,0.0,700
meta-llama/llama-3.3-70b-instruct,750,9621,DR_k1,fork,3,det-counterfactual,forest_fire,commonsense,KEEP,yes,no,0,1,153,203,,Novita,stop,0,0.000101855,content,0.0,700
meta-llama/llama-3.3-70b-instruct,750,9621,DR_k2,fork,3,det-counterfactual,forest_fire,commonsense,KEEP,yes,yes,1,1,146,146,,Novita,stop,0,7.811e-05,content,0.0,700
meta-llama/llama-3.3-70b-instruct,751,16096,RAW,fork,3,ett,getting_tanned,anticommonsense,KEEP,yes,yes,1,1,130,117,,Novita,stop,0,6.435e-05,content,0.0,700
meta-llama/llama-3.3-70b-instruct,751,16096,ORACLE,fork,3,ett,getting_tanned,anticommonsense,KEEP,yes,yes,1,1,169,194,,Novita,stop,0,0.000100415,content,0.0,700
meta-llama/llama-3.3-70b-instruct,751,16096,DR_k1,fork,3,ett,getting_tanned,anticommonsense,KEEP,yes,yes,1,1,169,289,,Novita,stop,0,0.000138415,content,0.0,700
meta-llama/llama-3.3-70b-instruct,751,16096,DR_k2,fork,3,ett,getting_tanned,anticommonsense,KEEP,yes,yes,1,1,162,501,,Novita,stop,0,0.00022227,content,0.0,700
meta-llama/llama-3.3-70b-instruct,752,723,RAW,fork,3,ett,forest_fire,easy,KEEP,no,no,1,1,130,555,,Novita,stop,0,0.00023955,content,0.0,700
meta-llama/llama-3.3-70b-instruct,752,723,ORACLE,fork,3,ett,forest_fire,easy,KEEP,no,no,1,1,165,511,,Novita,stop,0,0.000226675,content,0.0,700
meta-llama/llama-3.3-70b-instruct,752,723,DR_k1,fork,3,ett,forest_fire,easy,KEEP,no,no,1,1,165,684,,Novita,stop,0,0.000295875,content,0.0,700
meta-llama/llama-3.3-70b-instruct,752,723,DR_k2,fork,3,ett,forest_fire,easy,KEEP,no,no,1,1,158,262,,Novita,stop,0,0.00012613,content,0.0,700
meta-llama/llama-3.3-70b-instruct,753,5007,RAW,fork,3,ett,candle,hard,KEEP,no,no,1,1,123,177,,Novita,stop,0,8.7405e-05,content,0.0,700
meta-llama/llama-3.3-70b-instruct,753,5007,ORACLE,fork,3,ett,candle,hard,KEEP,no,no,1,1,159,346,,Novita,stop,0,0.000159865,content,0.0,700
meta-llama/llama-3.3-70b-instruct,753,5007,DR_k1,fork,3,ett,candle,hard,KEEP,no,no,1,1,159,271,,Novita,stop,0,0.000129865,content,0.0,700
meta-llama/llama-3.3-70b-instruct,753,5007,DR_k2,fork,3,ett,candle,hard,KEEP,no,no,1,1,153,264,,Novita,stop,0,0.000126255,content,0.0,700
meta-llama/llama-3.3-70b-instruct,754,5550,RAW,fork,3,ett,forest_fire,hard,KEEP,no,yes,0,1,130,132,,Novita,stop,0,7.035e-05,content,0.0,700
meta-llama/llama-3.3-70b-instruct,754,5550,ORACLE,fork,3,ett,forest_fire,hard,KEEP,no,no,1,1,165,181,,Novita,stop,0,9.4675e-05,content,0.0,700
meta-llama/llama-3.3-70b-instruct,754,5550,DR_k1,fork,3,ett,forest_fire,hard,KEEP,no,no,1,1,165,189,,Novita,stop,0,9.7875e-05,content,0.0,700
meta-llama/llama-3.3-70b-instruct,754,5550,DR_k2,fork,3,ett,forest_fire,hard,KEEP,no,no,1,1,158,268,,Novita,stop,0,0.00012853,content,0.0,700
meta-llama/llama-3.3-70b-instruct,755,5482,RAW,fork,3,ett,forest_fire,hard,KEEP,no,yes,0,1,130,136,,Novita,stop,0,7.195e-05,content,0.0,700
meta-llama/llama-3.3-70b-instruct,755,5482,ORACLE,fork,3,ett,forest_fire,hard,KEEP,no,no,1,1,165,189,,Novita,stop,0,9.7875e-05,content,0.0,700
meta-llama/llama-3.3-70b-instruct,755,5482,DR_k1,fork,3,ett,forest_fire,hard,KEEP,no,no,1,1,165,189,,Novita,stop,0,9.7875e-05,content,0.0,700
meta-llama/llama-3.3-70b-instruct,755,5482,DR_k2,fork,3,ett,forest_fire,hard,KEEP,no,no,1,1,158,301,,Novita,stop,0,0.00014173,content,0.0,700
meta-llama/llama-3.3-70b-instruct,756,9654,RAW,fork,3,det-counterfactual,getting_tanned,commonsense,KEEP,yes,yes,1,1,108,69,,Novita,stop,0,4.218e-05,content,0.0,700
meta-llama/llama-3.3-70b-instruct,756,9654,ORACLE,fork,3,det-counterfactual,getting_tanned,commonsense,KEEP,yes,yes,1,1,145,89,,Novita,stop,0,5.5175e-05,content,0.0,700
meta-llama/llama-3.3-70b-instruct,756,9654,DR_k1,fork,3,det-counterfactual,getting_tanned,commonsense,KEEP,yes,yes,1,1,145,98,,Novita,stop,0,5.8775e-05,content,0.0,700
meta-llama/llama-3.3-70b-instruct,756,9654,DR_k2,fork,3,det-counterfactual,getting_tanned,commonsense,KEEP,yes,yes,1,1,139,222,,Novita,stop,0,0.000107565,content,0.0,700
meta-llama/llama-3.3-70b-instruct,757,11318,RAW,fork,3,ett,getting_tanned,anticommonsense,KEEP,yes,yes,1,1,130,215,,Novita,stop,0,0.00010355,content,0.0,700
meta-llama/llama-3.3-70b-instruct,757,11318,ORACLE,fork,3,ett,getting_tanned,anticommonsense,KEEP,yes,yes,1,1,169,279,,Novita,stop,0,0.000134415,content,0.0,700
meta-llama/llama-3.3-70b-instruct,757,11318,DR_k1,fork,3,ett,getting_tanned,anticommonsense,KEEP,yes,yes,1,1,169,350,,Novita,stop,0,0.000162815,content,0.0,700
meta-llama/llama-3.3-70b-instruct,757,11318,DR_k2,fork,3,ett,getting_tanned,anticommonsense,KEEP,yes,no,0,1,162,324,,Novita,stop,0,0.00015147,content,0.0,700
meta-llama/llama-3.3-70b-instruct,758,9626,RAW,fork,3,det-counterfactual,forest_fire,commonsense,KEEP,no,no,1,1,116,67,,Novita,stop,0,4.246e-05,content,0.0,700
meta-llama/llama-3.3-70b-instruct,758,9626,ORACLE,fork,3,det-counterfactual,forest_fire,commonsense,KEEP,no,no,1,1,151,98,,Novita,stop,0,5.9585e-05,content,0.0,700
meta-llama/llama-3.3-70b-instruct,758,9626,DR_k1,fork,3,det-counterfactual,forest_fire,commonsense,KEEP,no,no,1,1,151,260,,Novita,stop,0,0.000124385,content,0.0,700
meta-llama/llama-3.3-70b-instruct,758,9626,DR_k2,fork,3,det-counterfactual,forest_fire,commonsense,KEEP,no,no,1,1,144,229,,Novita,stop,0,0.00011104,content,0.0,700
meta-llama/llama-3.3-70b-instruct,759,4978,RAW,fork,3,ett,candle,hard,KEEP,no,no,1,1,123,176,,Novita,stop,0,8.7005e-05,content,0.0,700
meta-llama/llama-3.3-70b-instruct,759,4978,ORACLE,fork,3,ett,candle,hard,KEEP,no,no,1,1,159,379,,Novita,stop,0,0.000173065,content,0.0,700
meta-llama/llama-3.3-70b-instruct,759,4978,DR_k1,fork,3,ett,candle,hard,KEEP,no,no,1,1,159,299,,Novita,stop,0,0.000141065,content,0.0,700
meta-llama/llama-3.3-70b-instruct,759,4978,DR_k2,fork,3,ett,candle,hard,KEEP,no,yes,0,1,153,285,,Novita,stop,0,0.000134655,content,0.0,700
meta-llama/llama-3.3-70b-instruct,760,5559,RAW,fork,3,ett,forest_fire,hard,KEEP,no,no,1,1,130,214,,Novita,stop,0,0.00010315,content,0.0,700
meta-llama/llama-3.3-70b-instruct,760,5559,ORACLE,fork,3,ett,forest_fire,hard,KEEP,no,no,1,1,165,317,,Novita,stop,0,0.000149075,content,0.0,700
meta-llama/llama-3.3-70b-instruct,760,5559,DR_k1,fork,3,ett,forest_fire,hard,KEEP,no,no,1,1,165,238,,Novita,stop,0,0.000117475,content,0.0,700
meta-llama/llama-3.3-70b-instruct,760,5559,DR_k2,fork,3,ett,forest_fire,hard,KEEP,no,yes,0,1,158,345,,Novita,stop,0,0.00015933,content,0.0,700
meta-llama/llama-3.3-70b-instruct,761,162,RAW,fork,3,ett,candle,easy,KEEP,no,no,1,1,123,179,,Novita,stop,0,8.8205e-05,content,0.0,700
meta-llama/llama-3.3-70b-instruct,761,162,ORACLE,fork,3,ett,candle,easy,KEEP,no,no,1,1,159,456,,Novita,stop,0,0.000203865,content,0.0,700
meta-llama/llama-3.3-70b-instruct,761,162,DR_k1,fork,3,ett,candle,easy,KEEP,no,no,1,1,159,348,,Novita,stop,0,0.000160665,content,0.0,700
meta-llama/llama-3.3-70b-instruct,761,162,DR_k2,fork,3,ett,candle,easy,KEEP,no,no,1,1,153,273,,Novita,stop,0,0.000129855,content,0.0,700
meta-llama/llama-3.3-70b-instruct,762,16128,RAW,fork,3,ett,getting_tanned,anticommonsense,KEEP,yes,yes,1,1,130,113,,Novita,stop,0,6.275e-05,content,0.0,700
meta-llama/llama-3.3-70b-instruct,762,16128,ORACLE,fork,3,ett,getting_tanned,anticommonsense,KEEP,yes,yes,1,1,169,331,,Novita,stop,0,0.000155215,content,0.0,700
meta-llama/llama-3.3-70b-instruct,762,16128,DR_k1,fork,3,ett,getting_tanned,anticommonsense,KEEP,yes,yes,1,1,169,200,,Novita,stop,0,0.000102815,content,0.0,700
meta-llama/llama-3.3-70b-instruct,762,16128,DR_k2,fork,3,ett,getting_tanned,anticommonsense,KEEP,yes,yes,1,1,162,350,,Novita,stop,0,0.00016187,content,0.0,700
meta-llama/llama-3.3-70b-instruct,763,5646,RAW,fork,3,ett,getting_late,hard,KEEP,no,no,1,1,131,180,,Novita,stop,0,8.9685e-05,content,0.0,700
meta-llama/llama-3.3-70b-instruct,763,5646,ORACLE,fork,3,ett,getting_late,hard,KEEP,no,no,1,1,170,337,,Novita,stop,0,0.00015775,content,0.0,700
meta-llama/llama-3.3-70b-instruct,763,5646,DR_k1,fork,3,ett,getting_late,hard,KEEP,no,no,1,1,170,376,,Novita,stop,0,0.00017335,content,0.0,700
meta-llama/llama-3.3-70b-instruct,763,5646,DR_k2,fork,3,ett,getting_late,hard,KEEP,no,no,1,1,161,331,,Novita,stop,0,0.000154135,content,0.0,700
meta-llama/llama-3.3-70b-instruct,764,5474,RAW,fork,3,ett,forest_fire,hard,KEEP,yes,yes,1,1,130,101,,Novita,stop,0,5.795e-05,content,0.0,700
meta-llama/llama-3.3-70b-instruct,764,5474,ORACLE,fork,3,ett,forest_fire,hard,KEEP,yes,yes,1,1,165,158,,Novita,stop,0,8.5475e-05,content,0.0,700
meta-llama/llama-3.3-70b-instruct,764,5474,DR_k1,fork,3,ett,forest_fire,hard,KEEP,yes,yes,1,1,165,510,,Novita,stop,0,0.000226275,content,0.0,700
meta-llama/llama-3.3-70b-instruct,764,5474,DR_k2,fork,3,ett,forest_fire,hard,KEEP,yes,yes,1,1,158,399,,Novita,stop,0,0.00018093,content,0.0,700
meta-llama/llama-3.3-70b-instruct,765,16191,RAW,fork,3,ett,getting_tanned,anticommonsense,KEEP,no,no,1,1,130,189,,Novita,stop,0,9.315e-05,content,0.0,700
meta-llama/llama-3.3-70b-instruct,765,16191,ORACLE,fork,3,ett,getting_tanned,anticommonsense,KEEP,no,yes,0,1,169,234,,Novita,stop,0,0.000116415,content,0.0,700
meta-llama/llama-3.3-70b-instruct,765,16191,DR_k1,fork,3,ett,getting_tanned,anticommonsense,KEEP,no,no,1,1,169,488,,Novita,stop,0,0.000218015,content,0.0,700
meta-llama/llama-3.3-70b-instruct,765,16191,DR_k2,fork,3,ett,getting_tanned,anticommonsense,KEEP,no,no,1,1,162,368,,Novita,stop,0,0.00016907,content,0.0,700
meta-llama/llama-3.3-70b-instruct,766,11147,RAW,fork,3,ett,forest_fire,anticommonsense,KEEP,yes,yes,1,1,127,337,,Novita,stop,0,0.000151945,content,0.0,700
meta-llama/llama-3.3-70b-instruct,766,11147,ORACLE,fork,3,ett,forest_fire,anticommonsense,KEEP,yes,yes,1,1,164,253,,Novita,stop,0,0.00012334,content,0.0,700
meta-llama/llama-3.3-70b-instruct,766,11147,DR_k1,fork,3,ett,forest_fire,anticommonsense,KEEP,yes,yes,1,1,164,339,,Novita,stop,0,0.00015774,content,0.0,700
meta-llama/llama-3.3-70b-instruct,766,11147,DR_k2,fork,3,ett,forest_fire,anticommonsense,KEEP,yes,yes,1,1,156,187,,Novita,stop,0,9.586e-05,content,0.0,700
meta-llama/llama-3.3-70b-instruct,767,15855,RAW,fork,3,ett,forest_fire,anticommonsense,KEEP,yes,yes,1,1,123,312,,Novita,stop,0,0.000141405,content,0.0,700
meta-llama/llama-3.3-70b-instruct,767,15855,ORACLE,fork,3,ett,forest_fire,anticommonsense,KEEP,yes,no,0,1,160,499,,Novita,stop,0,0.0002212,content,0.0,700
meta-llama/llama-3.3-70b-instruct,767,15855,DR_k1,fork,3,ett,forest_fire,anticommonsense,KEEP,yes,yes,1,1,160,194,,Novita,stop,0,9.92e-05,content,0.0,700
meta-llama/llama-3.3-70b-instruct,767,15855,DR_k2,fork,3,ett,forest_fire,anticommonsense,KEEP,yes,no,0,1,153,382,,Novita,stop,0,0.000173455,content,0.0,700
meta-llama/llama-3.3-70b-instruct,768,880,RAW,fork,3,ett,getting_late,easy,KEEP,yes,yes,1,1,131,70,,Novita,stop,0,4.5685e-05,content,0.0,700
meta-llama/llama-3.3-70b-instruct,768,880,ORACLE,fork,3,ett,getting_late,easy,KEEP,yes,yes,1,1,170,205,,Novita,stop,0,0.00010495,content,0.0,700
meta-llama/llama-3.3-70b-instruct,768,880,DR_k1,fork,3,ett,getting_late,easy,KEEP,yes,yes,1,1,170,221,,Novita,stop,0,0.00011135,content,0.0,700
meta-llama/llama-3.3-70b-instruct,768,880,DR_k2,fork,3,ett,getting_late,easy,KEEP,yes,yes,1,1,161,186,,Novita,stop,0,9.6135e-05,content,0.0,700
meta-llama/llama-3.3-70b-instruct,769,20042,RAW,fork,3,det-counterfactual,getting_tanned,anticommonsense,KEEP,no,no,1,1,108,71,,Novita,stop,0,4.298e-05,content,0.0,700
meta-llama/llama-3.3-70b-instruct,769,20042,ORACLE,fork,3,det-counterfactual,getting_tanned,anticommonsense,KEEP,no,no,1,1,147,110,,Novita,stop,0,6.3845e-05,content,0.0,700
meta-llama/llama-3.3-70b-instruct,769,20042,DR_k1,fork,3,det-counterfactual,getting_tanned,anticommonsense,KEEP,no,no,1,1,147,168,,Novita,stop,0,8.7045e-05,content,0.0,700
meta-llama/llama-3.3-70b-instruct,769,20042,DR_k2,fork,3,det-counterfactual,getting_tanned,anticommonsense,KEEP,no,no,1,1,140,159,,Novita,stop,0,8.25e-05,content,0.0,700
meta-llama/llama-3.3-70b-instruct,770,5065,RAW,fork,3,ett,candle,hard,KEEP,yes,yes,1,1,123,122,,Novita,stop,0,6.5405e-05,content,0.0,700
meta-llama/llama-3.3-70b-instruct,770,5065,ORACLE,fork,3,ett,candle,hard,KEEP,yes,yes,1,1,159,220,,Novita,stop,0,0.000109465,content,0.0,700
meta-llama/llama-3.3-70b-instruct,770,5065,DR_k1,fork,3,ett,candle,hard,KEEP,yes,yes,1,1,159,257,,Novita,stop,0,0.000124265,content,0.0,700
meta-llama/llama-3.3-70b-instruct,770,5065,DR_k2,fork,3,ett,candle,hard,KEEP,yes,yes,1,1,153,337,,Novita,stop,0,0.000155455,content,0.0,700
meta-llama/llama-3.3-70b-instruct,771,949,RAW,fork,3,ett,getting_tanned,easy,KEEP,no,no,1,1,133,246,,Novita,stop,0,0.000116355,content,0.0,700
meta-llama/llama-3.3-70b-instruct,771,949,ORACLE,fork,3,ett,getting_tanned,easy,KEEP,no,no,1,1,170,318,,Novita,stop,0,0.00015015,content,0.0,700
meta-llama/llama-3.3-70b-instruct,771,949,DR_k1,fork,3,ett,getting_tanned,easy,KEEP,no,no,1,1,170,456,,Novita,stop,0,0.00020535,content,0.0,700
meta-llama/llama-3.3-70b-instruct,771,949,DR_k2,fork,3,ett,getting_tanned,easy,KEEP,no,no,1,1,164,528,,Novita,stop,0,0.00023334,content,0.0,700
meta-llama/llama-3.3-70b-instruct,772,16050,RAW,fork,3,ett,getting_late,anticommonsense,KEEP,no,no,1,1,122,101,,Novita,stop,0,5.687e-05,content,0.0,700
meta-llama/llama-3.3-70b-instruct,772,16050,ORACLE,fork,3,ett,getting_late,anticommonsense,KEEP,no,no,1,1,155,315,,Novita,stop,0,0.000146925,content,0.0,700
meta-llama/llama-3.3-70b-instruct,772,16050,DR_k1,fork,3,ett,getting_late,anticommonsense,KEEP,no,no,1,1,156,218,,Novita,stop,0,0.00010826,content,0.0,700
meta-llama/llama-3.3-70b-instruct,772,16050,DR_k2,fork,3,ett,getting_late,anticommonsense,KEEP,no,,0,0,150,700,,Novita,length,0,0.00030025,content,0.0,700
meta-llama/llama-3.3-70b-instruct,773,20032,RAW,fork,3,det-counterfactual,getting_late,anticommonsense,KEEP,yes,yes,1,1,103,85,,Novita,stop,0,4.7905e-05,content,0.0,700
meta-llama/llama-3.3-70b-instruct,773,20032,ORACLE,fork,3,det-counterfactual,getting_late,anticommonsense,KEEP,yes,yes,1,1,141,84,,Novita,stop,0,5.2635e-05,content,0.0,700
meta-llama/llama-3.3-70b-instruct,773,20032,DR_k1,fork,3,det-counterfactual,getting_late,anticommonsense,KEEP,yes,yes,1,1,141,86,,Novita,stop,0,5.3435e-05,content,0.0,700
meta-llama/llama-3.3-70b-instruct,773,20032,DR_k2,fork,3,det-counterfactual,getting_late,anticommonsense,KEEP,yes,yes,1,1,132,252,,Novita,stop,0,0.00011862,content,0.0,700
meta-llama/llama-3.3-70b-instruct,774,5463,RAW,fork,3,ett,forest_fire,hard,KEEP,yes,yes,1,1,130,387,,Novita,stop,0,0.00017235,content,0.0,700
meta-llama/llama-3.3-70b-instruct,774,5463,ORACLE,fork,3,ett,forest_fire,hard,KEEP,yes,yes,1,1,165,314,,Novita,stop,0,0.000147875,content,0.0,700
meta-llama/llama-3.3-70b-instruct,774,5463,DR_k1,fork,3,ett,forest_fire,hard,KEEP,yes,yes,1,1,165,395,,Novita,stop,0,0.000180275,content,0.0,700
meta-llama/llama-3.3-70b-instruct,774,5463,DR_k2,fork,3,ett,forest_fire,hard,KEEP,yes,yes,1,1,158,450,,Novita,stop,0,0.00020133,content,0.0,700
meta-llama/llama-3.3-70b-instruct,775,16099,RAW,fork,3,ett,getting_tanned,anticommonsense,KEEP,yes,yes,1,1,130,133,,Novita,stop,0,7.075e-05,content,0.0,700
meta-llama/llama-3.3-70b-instruct,775,16099,ORACLE,fork,3,ett,getting_tanned,anticommonsense,KEEP,yes,yes,1,1,169,231,,Novita,stop,0,0.000115215,content,0.0,700
meta-llama/llama-3.3-70b-instruct,775,16099,DR_k1,fork,3,ett,getting_tanned,anticommonsense,KEEP,yes,yes,1,1,169,383,,Novita,stop,0,0.000176015,content,0.0,700
meta-llama/llama-3.3-70b-instruct,775,16099,DR_k2,fork,3,ett,getting_tanned,anticommonsense,KEEP,yes,yes,1,1,162,380,,Novita,stop,0,0.00017387,content,0.0,700
meta-llama/llama-3.3-70b-instruct,776,918,RAW,fork,3,ett,getting_tanned,easy,KEEP,no,no,1,1,133,282,,Novita,stop,0,0.000130755,content,0.0,700
meta-llama/llama-3.3-70b-instruct,776,918,ORACLE,fork,3,ett,getting_tanned,easy,KEEP,no,no,1,1,170,511,,Novita,stop,0,0.00022735,content,0.0,700
meta-llama/llama-3.3-70b-instruct,776,918,DR_k1,fork,3,ett,getting_tanned,easy,KEEP,no,no,1,1,170,418,,Novita,stop,0,0.00019015,content,0.0,700
meta-llama/llama-3.3-70b-instruct,776,918,DR_k2,fork,3,ett,getting_tanned,easy,KEEP,no,no,1,1,164,375,,Novita,stop,0,0.00017214,content,0.0,700
meta-llama/llama-3.3-70b-instruct,777,237,RAW,fork,3,ett,candle,easy,KEEP,yes,yes,1,1,123,136,,Novita,stop,0,7.1005e-05,content,0.0,700
meta-llama/llama-3.3-70b-instruct,777,237,ORACLE,fork,3,ett,candle,easy,KEEP,yes,yes,1,1,159,403,,Novita,stop,0,0.000182665,content,0.0,700
meta-llama/llama-3.3-70b-instruct,777,237,DR_k1,fork,3,ett,candle,easy,KEEP,yes,yes,1,1,159,310,,Novita,stop,0,0.000145465,content,0.0,700
meta-llama/llama-3.3-70b-instruct,777,237,DR_k2,fork,3,ett,candle,easy,KEEP,yes,yes,1,1,153,232,,Novita,stop,0,0.000113455,content,0.0,700
meta-llama/llama-3.3-70b-instruct,778,20027,RAW,fork,3,det-counterfactual,getting_late,anticommonsense,KEEP,yes,yes,1,1,102,114,,Novita,stop,0,5.937e-05,content,0.0,700
meta-llama/llama-3.3-70b-instruct,778,20027,ORACLE,fork,3,det-counterfactual,getting_late,anticommonsense,KEEP,yes,yes,1,1,140,123,,Novita,stop,0,6.81e-05,content,0.0,700
meta-llama/llama-3.3-70b-instruct,778,20027,DR_k1,fork,3,det-counterfactual,getting_late,anticommonsense,KEEP,yes,yes,1,1,140,117,,Novita,stop,0,6.57e-05,content,0.0,700
meta-llama/llama-3.3-70b-instruct,778,20027,DR_k2,fork,3,det-counterfactual,getting_late,anticommonsense,KEEP,yes,yes,1,1,131,166,,Novita,stop,0,8.4085e-05,content,0.0,700
meta-llama/llama-3.3-70b-instruct,779,5704,RAW,fork,3,ett,getting_tanned,hard,KEEP,yes,yes,1,1,133,98,,Novita,stop,0,5.7155e-05,content,0.0,700
meta-llama/llama-3.3-70b-instruct,779,5704,ORACLE,fork,3,ett,getting_tanned,hard,KEEP,yes,yes,1,1,170,224,,Novita,stop,0,0.00011255,content,0.0,700
meta-llama/llama-3.3-70b-instruct,779,5704,DR_k1,fork,3,ett,getting_tanned,hard,KEEP,yes,yes,1,1,170,233,,Novita,stop,0,0.00011615,content,0.0,700
meta-llama/llama-3.3-70b-instruct,779,5704,DR_k2,fork,3,ett,getting_tanned,hard,KEEP,yes,yes,1,1,164,294,,Novita,stop,0,0.00013974,content,0.0,700
meta-llama/llama-3.3-70b-instruct,780,9620,RAW,fork,3,det-counterfactual,forest_fire,commonsense,KEEP,no,yes,0,1,116,83,,Novita,stop,0,4.886e-05,content,0.0,700
meta-llama/llama-3.3-70b-instruct,780,9620,ORACLE,fork,3,det-counterfactual,forest_fire,commonsense,KEEP,no,yes,0,1,151,89,,Novita,stop,0,5.5985e-05,content,0.0,700
meta-llama/llama-3.3-70b-instruct,780,9620,DR_k1,fork,3,det-counterfactual,forest_fire,commonsense,KEEP,no,yes,0,1,151,115,,Novita,stop,0,6.6385e-05,content,0.0,700
meta-llama/llama-3.3-70b-instruct,780,9620,DR_k2,fork,3,det-counterfactual,forest_fire,commonsense,KEEP,no,yes,0,1,144,208,,Novita,stop,0,0.00010264,content,0.0,700
meta-llama/llama-3.3-70b-instruct,781,5534,RAW,fork,3,ett,forest_fire,hard,KEEP,yes,yes,1,1,130,101,,Novita,stop,0,5.795e-05,content,0.0,700
meta-llama/llama-3.3-70b-instruct,781,5534,ORACLE,fork,3,ett,forest_fire,hard,KEEP,yes,yes,1,1,165,199,,Novita,stop,0,0.000101875,content,0.0,700
meta-llama/llama-3.3-70b-instruct,781,5534,DR_k1,fork,3,ett,forest_fire,hard,KEEP,yes,yes,1,1,165,472,,Novita,stop,0,0.000211075,content,0.0,700
meta-llama/llama-3.3-70b-instruct,781,5534,DR_k2,fork,3,ett,forest_fire,hard,KEEP,yes,yes,1,1,158,358,,Novita,stop,0,0.00016453,content,0.0,700
meta-llama/llama-3.3-70b-instruct,816,8992,RAW,frontdoor,2,ate,smoking_frontdoor,hard,KEEP,no,no,1,1,186,418,,Novita,stop,0,0.00019231,content,0.0,700
meta-llama/llama-3.3-70b-instruct,816,8992,ORACLE,frontdoor,2,ate,smoking_frontdoor,hard,KEEP,no,no,1,1,231,677,,Novita,stop,0,0.000301985,content,0.0,700
meta-llama/llama-3.3-70b-instruct,816,8992,DR_k1,frontdoor,2,ate,smoking_frontdoor,hard,KEEP,no,no,1,1,224,356,,Novita,stop,0,0.00017264,content,0.0,700
meta-llama/llama-3.3-70b-instruct,816,8992,DR_k2,frontdoor,2,ate,smoking_frontdoor,hard,KEEP,no,no,1,1,232,443,,Novita,stop,0,0.00020852,content,0.0,700
meta-llama/llama-3.3-70b-instruct,816,8992,DR_k3,frontdoor,2,ate,smoking_frontdoor,hard,KEEP,no,no,1,1,230,440,,Novita,stop,0,0.00020705,content,0.0,700
meta-llama/llama-3.3-70b-instruct,817,19372,RAW,frontdoor,2,ate,smoking_frontdoor,anticommonsense,KEEP,yes,no,0,1,191,700,,Novita,length,0,0.000305785,content,0.0,700
meta-llama/llama-3.3-70b-instruct,817,19372,ORACLE,frontdoor,2,ate,smoking_frontdoor,anticommonsense,KEEP,yes,yes,1,1,238,502,,Novita,stop,0,0.00023293,content,0.0,700
meta-llama/llama-3.3-70b-instruct,817,19372,DR_k1,frontdoor,2,ate,smoking_frontdoor,anticommonsense,KEEP,yes,yes,1,1,231,375,,Novita,stop,0,0.000181185,content,0.0,700
meta-llama/llama-3.3-70b-instruct,817,19372,DR_k2,frontdoor,2,ate,smoking_frontdoor,anticommonsense,KEEP,yes,yes,1,1,238,464,,Novita,stop,0,0.00021773,content,0.0,700
meta-llama/llama-3.3-70b-instruct,817,19372,DR_k3,frontdoor,2,ate,smoking_frontdoor,anticommonsense,KEEP,yes,yes,1,1,237,287,,Novita,stop,0,0.000146795,content,0.0,700
meta-llama/llama-3.3-70b-instruct,821,4284,RAW,frontdoor,2,ate,smoking_frontdoor,easy,KEEP,no,yes,0,1,186,421,,Novita,stop,0,0.00019351,content,0.0,700
meta-llama/llama-3.3-70b-instruct,821,4284,ORACLE,frontdoor,2,ate,smoking_frontdoor,easy,KEEP,no,yes,0,1,231,353,,Novita,stop,0,0.000172385,content,0.0,700
meta-llama/llama-3.3-70b-instruct,821,4284,DR_k1,frontdoor,2,ate,smoking_frontdoor,easy,KEEP,no,yes,0,1,231,394,,Novita,stop,0,0.000188785,content,0.0,700
meta-llama/llama-3.3-70b-instruct,821,4284,DR_k2,frontdoor,2,ate,smoking_frontdoor,easy,KEEP,no,yes,0,1,231,383,,Novita,stop,0,0.000184385,content,0.0,700
meta-llama/llama-3.3-70b-instruct,821,4284,DR_k3,frontdoor,2,ate,smoking_frontdoor,easy,KEEP,no,yes,0,1,231,434,,Novita,stop,0,0.000204785,content,0.0,700
meta-llama/llama-3.3-70b-instruct,824,19437,RAW,frontdoor,2,ate,smoking_frontdoor,anticommonsense,KEEP,yes,no,0,1,191,700,,Novita,length,0,0.000305785,content,0.0,700
meta-llama/llama-3.3-70b-instruct,824,19437,ORACLE,frontdoor,2,ate,smoking_frontdoor,anticommonsense,KEEP,yes,yes,1,1,238,446,,Novita,stop,0,0.00021053,content,0.0,700
meta-llama/llama-3.3-70b-instruct,824,19437,DR_k1,frontdoor,2,ate,smoking_frontdoor,anticommonsense,KEEP,yes,yes,1,1,238,431,,Novita,stop,0,0.00020453,content,0.0,700
meta-llama/llama-3.3-70b-instruct,824,19437,DR_k2,frontdoor,2,ate,smoking_frontdoor,anticommonsense,KEEP,yes,yes,1,1,238,443,,Novita,stop,0,0.00020933,content,0.0,700
meta-llama/llama-3.3-70b-instruct,824,19437,DR_k3,frontdoor,2,ate,smoking_frontdoor,anticommonsense,KEEP,yes,no,0,1,230,700,,Novita,length,0,0.00031105,content,0.0,700
meta-llama/llama-3.3-70b-instruct,828,9045,RAW,frontdoor,2,ate,smoking_frontdoor,hard,KEEP,yes,yes,1,1,186,366,,Novita,stop,0,0.00017151,content,0.0,700
meta-llama/llama-3.3-70b-instruct,828,9045,ORACLE,frontdoor,2,ate,smoking_frontdoor,hard,KEEP,yes,yes,1,1,231,682,,Novita,stop,0,0.000303985,content,0.0,700
meta-llama/llama-3.3-70b-instruct,828,9045,DR_k1,frontdoor,2,ate,smoking_frontdoor,hard,KEEP,yes,no,0,1,231,469,,Novita,stop,0,0.000218785,content,0.0,700
meta-llama/llama-3.3-70b-instruct,828,9045,DR_k2,frontdoor,2,ate,smoking_frontdoor,hard,KEEP,yes,yes,1,1,230,662,,Novita,stop,0,0.00029585,content,0.0,700
meta-llama/llama-3.3-70b-instruct,828,9045,DR_k3,frontdoor,2,ate,smoking_frontdoor,hard,KEEP,yes,yes,1,1,231,565,,Novita,stop,0,0.000257185,content,0.0,700
meta-llama/llama-3.3-70b-instruct,830,19420,RAW,frontdoor,2,ate,smoking_frontdoor,anticommonsense,KEEP,yes,yes,1,1,191,552,,Novita,stop,0,0.000246585,content,0.0,700
meta-llama/llama-3.3-70b-instruct,830,19420,ORACLE,frontdoor,2,ate,smoking_frontdoor,anticommonsense,KEEP,yes,yes,1,1,238,481,,Novita,stop,0,0.00022453,content,0.0,700
meta-llama/llama-3.3-70b-instruct,830,19420,DR_k1,frontdoor,2,ate,smoking_frontdoor,anticommonsense,KEEP,yes,no,0,1,238,533,,Novita,stop,0,0.00024533,content,0.0,700
meta-llama/llama-3.3-70b-instruct,830,19420,DR_k2,frontdoor,2,ate,smoking_frontdoor,anticommonsense,KEEP,yes,no,0,1,238,440,,Novita,stop,0,0.00020813,content,0.0,700
meta-llama/llama-3.3-70b-instruct,830,19420,DR_k3,frontdoor,2,ate,smoking_frontdoor,anticommonsense,KEEP,yes,no,0,1,236,361,,Novita,stop,0,0.00017626,content,0.0,700
meta-llama/llama-3.3-70b-instruct,831,14563,RAW,frontdoor,2,ate,smoking_frontdoor,anticommonsense,KEEP,yes,no,0,1,196,700,,Novita,length,0,0.00030646,content,0.0,700
meta-llama/llama-3.3-70b-instruct,831,14563,ORACLE,frontdoor,2,ate,smoking_frontdoor,anticommonsense,KEEP,yes,yes,1,1,241,412,,Novita,stop,0,0.000197335,content,0.0,700
meta-llama/llama-3.3-70b-instruct,831,14563,DR_k1,frontdoor,2,ate,smoking_frontdoor,anticommonsense,KEEP,yes,yes,1,1,234,513,,Novita,stop,0,0.00023679,content,0.0,700
meta-llama/llama-3.3-70b-instruct,831,14563,DR_k2,frontdoor,2,ate,smoking_frontdoor,anticommonsense,KEEP,yes,yes,1,1,240,499,,Novita,stop,0,0.000232,content,0.0,700
meta-llama/llama-3.3-70b-instruct,831,14563,DR_k3,frontdoor,2,ate,smoking_frontdoor,anticommonsense,KEEP,yes,yes,1,1,240,675,,Novita,stop,0,0.0003024,content,0.0,700
meta-llama/llama-3.3-70b-instruct,832,8934,RAW,frontdoor,2,ate,smoking_frontdoor,hard,KEEP,no,no,1,1,186,700,,Novita,length,0,0.00030511,content,0.0,700
meta-llama/llama-3.3-70b-instruct,832,8934,ORACLE,frontdoor,2,ate,smoking_frontdoor,hard,KEEP,no,no,1,1,231,700,,Novita,length,0,0.000311185,content,0.0,700
meta-llama/llama-3.3-70b-instruct,832,8934,DR_k1,frontdoor,2,ate,smoking_frontdoor,hard,KEEP,no,no,1,1,224,485,,Novita,stop,0,0.00022424,content,0.0,700
meta-llama/llama-3.3-70b-instruct,832,8934,DR_k2,frontdoor,2,ate,smoking_frontdoor,hard,KEEP,no,no,1,1,231,527,,Novita,stop,0,0.000241985,content,0.0,700
meta-llama/llama-3.3-70b-instruct,832,8934,DR_k3,frontdoor,2,ate,smoking_frontdoor,hard,KEEP,no,no,1,1,231,575,,Novita,stop,0,0.000261185,content,0.0,700
meta-llama/llama-3.3-70b-instruct,833,14675,RAW,frontdoor,2,ate,smoking_frontdoor,anticommonsense,KEEP,yes,no,0,1,196,617,,Novita,stop,0,0.00027326,content,0.0,700
meta-llama/llama-3.3-70b-instruct,833,14675,ORACLE,frontdoor,2,ate,smoking_frontdoor,anticommonsense,KEEP,yes,no,0,1,241,539,,Novita,stop,0,0.000248135,content,0.0,700
meta-llama/llama-3.3-70b-instruct,833,14675,DR_k1,frontdoor,2,ate,smoking_frontdoor,anticommonsense,KEEP,yes,no,0,1,234,590,,Novita,stop,0,0.00026759,content,0.0,700
meta-llama/llama-3.3-70b-instruct,833,14675,DR_k2,frontdoor,2,ate,smoking_frontdoor,anticommonsense,KEEP,yes,no,0,1,241,447,,Novita,stop,0,0.000211335,content,0.0,700
meta-llama/llama-3.3-70b-instruct,833,14675,DR_k3,frontdoor,2,ate,smoking_frontdoor,anticommonsense,KEEP,yes,no,0,1,242,700,,Novita,length,0,0.00031267,content,0.0,700
meta-llama/llama-3.3-70b-instruct,834,8963,RAW,frontdoor,2,ate,smoking_frontdoor,hard,KEEP,no,yes,0,1,186,395,,Novita,stop,0,0.00018311,content,0.0,700
meta-llama/llama-3.3-70b-instruct,834,8963,ORACLE,frontdoor,2,ate,smoking_frontdoor,hard,KEEP,no,yes,0,1,231,331,,Novita,stop,0,0.000163585,content,0.0,700
meta-llama/llama-3.3-70b-instruct,834,8963,DR_k1,frontdoor,2,ate,smoking_frontdoor,hard,KEEP,no,no,1,1,231,700,,Novita,length,0,0.000311185,content,0.0,700
meta-llama/llama-3.3-70b-instruct,834,8963,DR_k2,frontdoor,2,ate,smoking_frontdoor,hard,KEEP,no,yes,0,1,231,477,,Novita,stop,0,0.000221985,content,0.0,700
meta-llama/llama-3.3-70b-instruct,834,8963,DR_k3,frontdoor,2,ate,smoking_frontdoor,hard,KEEP,no,yes,0,1,225,656,,Novita,stop,0,0.000292775,content,0.0,700
meta-llama/llama-3.3-70b-instruct,835,9001,RAW,frontdoor,2,ate,smoking_frontdoor,hard,KEEP,yes,yes,1,1,186,370,,Novita,stop,0,0.00017311,content,0.0,700
meta-llama/llama-3.3-70b-instruct,835,9001,ORACLE,frontdoor,2,ate,smoking_frontdoor,hard,KEEP,yes,yes,1,1,231,607,,Novita,stop,0,0.000273985,content,0.0,700
meta-llama/llama-3.3-70b-instruct,835,9001,DR_k1,frontdoor,2,ate,smoking_frontdoor,hard,KEEP,yes,no,0,1,231,633,,Novita,stop,0,0.000284385,content,0.0,700
meta-llama/llama-3.3-70b-instruct,835,9001,DR_k2,frontdoor,2,ate,smoking_frontdoor,hard,KEEP,yes,yes,1,1,230,535,,Novita,stop,0,0.00024505,content,0.0,700
meta-llama/llama-3.3-70b-instruct,835,9001,DR_k3,frontdoor,2,ate,smoking_frontdoor,hard,KEEP,yes,yes,1,1,231,340,,Novita,stop,0,0.000167185,content,0.0,700
meta-llama/llama-3.3-70b-instruct,838,4181,RAW,frontdoor,2,ate,smoking_frontdoor,easy,KEEP,no,no,1,1,186,406,,Novita,stop,0,0.00018751,content,0.0,700
meta-llama/llama-3.3-70b-instruct,838,4181,ORACLE,frontdoor,2,ate,smoking_frontdoor,easy,KEEP,no,no,1,1,231,415,,Novita,stop,0,0.000197185,content,0.0,700
meta-llama/llama-3.3-70b-instruct,838,4181,DR_k1,frontdoor,2,ate,smoking_frontdoor,easy,KEEP,no,no,1,1,231,475,,Novita,stop,0,0.000221185,content,0.0,700
meta-llama/llama-3.3-70b-instruct,838,4181,DR_k2,frontdoor,2,ate,smoking_frontdoor,easy,KEEP,no,no,1,1,231,371,,Novita,stop,0,0.000179585,content,0.0,700
meta-llama/llama-3.3-70b-instruct,838,4181,DR_k3,frontdoor,2,ate,smoking_frontdoor,easy,KEEP,no,no,1,1,230,645,,Novita,stop,0,0.00028905,content,0.0,700
meta-llama/llama-3.3-70b-instruct,840,4204,RAW,frontdoor,2,ate,smoking_frontdoor,easy,KEEP,no,no,1,1,186,462,,Novita,stop,0,0.00020991,content,0.0,700
meta-llama/llama-3.3-70b-instruct,840,4204,ORACLE,frontdoor,2,ate,smoking_frontdoor,easy,KEEP,no,no,1,1,231,422,,Novita,stop,0,0.000199985,content,0.0,700
meta-llama/llama-3.3-70b-instruct,840,4204,DR_k1,frontdoor,2,ate,smoking_frontdoor,easy,KEEP,no,no,1,1,231,700,,Novita,length,0,0.000311185,content,0.0,700
meta-llama/llama-3.3-70b-instruct,840,4204,DR_k2,frontdoor,2,ate,smoking_frontdoor,easy,KEEP,no,no,1,1,231,282,,Novita,stop,0,0.000143985,content,0.0,700
meta-llama/llama-3.3-70b-instruct,840,4204,DR_k3,frontdoor,2,ate,smoking_frontdoor,easy,KEEP,no,no,1,1,225,483,,Novita,stop,0,0.000223575,content,0.0,700
meta-llama/llama-3.3-70b-instruct,841,14632,RAW,frontdoor,2,ate,smoking_frontdoor,anticommonsense,KEEP,yes,yes,1,1,196,566,,Novita,stop,0,0.00025286,content,0.0,700
meta-llama/llama-3.3-70b-instruct,841,14632,ORACLE,frontdoor,2,ate,smoking_frontdoor,anticommonsense,KEEP,yes,yes,1,1,241,405,,Novita,stop,0,0.000194535,content,0.0,700
meta-llama/llama-3.3-70b-instruct,841,14632,DR_k1,frontdoor,2,ate,smoking_frontdoor,anticommonsense,KEEP,yes,yes,1,1,234,700,,Novita,length,0,0.00031159,content,0.0,700
meta-llama/llama-3.3-70b-instruct,841,14632,DR_k2,frontdoor,2,ate,smoking_frontdoor,anticommonsense,KEEP,yes,yes,1,1,241,495,,Novita,stop,0,0.000230535,content,0.0,700
meta-llama/llama-3.3-70b-instruct,841,14632,DR_k3,frontdoor,2,ate,smoking_frontdoor,anticommonsense,KEEP,yes,yes,1,1,240,693,,Novita,stop,0,0.0003096,content,0.0,700
meta-llama/llama-3.3-70b-instruct,842,4199,RAW,frontdoor,2,ate,smoking_frontdoor,easy,KEEP,yes,no,0,1,186,553,,Novita,stop,0,0.00024631,content,0.0,700
meta-llama/llama-3.3-70b-instruct,842,4199,ORACLE,frontdoor,2,ate,smoking_frontdoor,easy,KEEP,yes,no,0,1,231,595,,Novita,stop,0,0.000269185,content,0.0,700
meta-llama/llama-3.3-70b-instruct,842,4199,DR_k1,frontdoor,2,ate,smoking_frontdoor,easy,KEEP,yes,no,0,1,231,479,,Novita,stop,0,0.000222785,content,0.0,700
meta-llama/llama-3.3-70b-instruct,842,4199,DR_k2,frontdoor,2,ate,smoking_frontdoor,easy,KEEP,yes,no,0,1,231,349,,Novita,stop,0,0.000170785,content,0.0,700
meta-llama/llama-3.3-70b-instruct,842,4199,DR_k3,frontdoor,2,ate,smoking_frontdoor,easy,KEEP,yes,no,0,1,225,301,,Novita,stop,0,0.000150775,content,0.0,700
meta-llama/llama-3.3-70b-instruct,846,19355,RAW,frontdoor,2,ate,smoking_frontdoor,anticommonsense,KEEP,no,yes,0,1,191,481,,Novita,stop,0,0.000218185,content,0.0,700
meta-llama/llama-3.3-70b-instruct,846,19355,ORACLE,frontdoor,2,ate,smoking_frontdoor,anticommonsense,KEEP,no,yes,0,1,238,454,,Novita,stop,0,0.00021373,content,0.0,700
meta-llama/llama-3.3-70b-instruct,846,19355,DR_k1,frontdoor,2,ate,smoking_frontdoor,anticommonsense,KEEP,no,yes,0,1,231,691,,Novita,stop,0,0.000307585,content,0.0,700
meta-llama/llama-3.3-70b-instruct,846,19355,DR_k2,frontdoor,2,ate,smoking_frontdoor,anticommonsense,KEEP,no,yes,0,1,236,628,,Novita,stop,0,0.00028306,content,0.0,700
meta-llama/llama-3.3-70b-instruct,846,19355,DR_k3,frontdoor,2,ate,smoking_frontdoor,anticommonsense,KEEP,no,yes,0,1,230,691,,Novita,stop,0,0.00030745,content,0.0,700
meta-llama/llama-3.3-70b-instruct,847,4246,RAW,frontdoor,2,ate,smoking_frontdoor,easy,KEEP,yes,yes,1,1,186,356,,Novita,stop,0,0.00016751,content,0.0,700
meta-llama/llama-3.3-70b-instruct,847,4246,ORACLE,frontdoor,2,ate,smoking_frontdoor,easy,KEEP,yes,yes,1,1,231,474,,Novita,stop,0,0.000220785,content,0.0,700
meta-llama/llama-3.3-70b-instruct,847,4246,DR_k1,frontdoor,2,ate,smoking_frontdoor,easy,KEEP,yes,yes,1,1,231,552,,Novita,stop,0,0.000251985,content,0.0,700
meta-llama/llama-3.3-70b-instruct,847,4246,DR_k2,frontdoor,2,ate,smoking_frontdoor,easy,KEEP,yes,yes,1,1,232,433,,Novita,stop,0,0.00020452,content,0.0,700
meta-llama/llama-3.3-70b-instruct,847,4246,DR_k3,frontdoor,2,ate,smoking_frontdoor,easy,KEEP,yes,yes,1,1,231,390,,Novita,stop,0,0.000187185,content,0.0,700
meta-llama/llama-3.3-70b-instruct,849,19315,RAW,frontdoor,2,ate,smoking_frontdoor,anticommonsense,KEEP,no,no,1,1,191,612,,Novita,stop,0,0.000270585,content,0.0,700
meta-llama/llama-3.3-70b-instruct,849,19315,ORACLE,frontdoor,2,ate,smoking_frontdoor,anticommonsense,KEEP,no,no,1,1,238,700,,Novita,length,0,0.00031213,content,0.0,700
meta-llama/llama-3.3-70b-instruct,849,19315,DR_k1,frontdoor,2,ate,smoking_frontdoor,anticommonsense,KEEP,no,no,1,1,231,700,,Novita,length,0,0.000311185,content,0.0,700
meta-llama/llama-3.3-70b-instruct,849,19315,DR_k2,frontdoor,2,ate,smoking_frontdoor,anticommonsense,KEEP,no,no,1,1,236,586,,Novita,stop,0,0.00026626,content,0.0,700
meta-llama/llama-3.3-70b-instruct,849,19315,DR_k3,frontdoor,2,ate,smoking_frontdoor,anticommonsense,KEEP,no,no,1,1,236,700,,Novita,length,0,0.00031186,content,0.0,700
meta-llama/llama-3.3-70b-instruct,850,4287,RAW,frontdoor,3,nie,smoking_frontdoor,easy,KEEP,yes,yes,1,1,187,653,,Novita,stop,0,0.000286445,content,0.0,700
meta-llama/llama-3.3-70b-instruct,850,4287,ORACLE,frontdoor,3,nie,smoking_frontdoor,easy,KEEP,yes,yes,1,1,232,271,,Novita,stop,0,0.00013972,content,0.0,700
meta-llama/llama-3.3-70b-instruct,850,4287,DR_k1,frontdoor,3,nie,smoking_frontdoor,easy,KEEP,yes,yes,1,1,225,327,,Novita,stop,0,0.000161175,content,0.0,700
meta-llama/llama-3.3-70b-instruct,850,4287,DR_k2,frontdoor,3,nie,smoking_frontdoor,easy,KEEP,yes,yes,1,1,232,532,,Novita,stop,0,0.00024412,content,0.0,700
meta-llama/llama-3.3-70b-instruct,850,4287,DR_k3,frontdoor,3,nie,smoking_frontdoor,easy,KEEP,yes,yes,1,1,226,372,,Novita,stop,0,0.00017931,content,0.0,700
meta-llama/llama-3.3-70b-instruct,851,10226,RAW,frontdoor,3,det-counterfactual,smoking_frontdoor,commonsense,KEEP,yes,yes,1,1,111,214,,Novita,stop,0,0.000100585,content,0.0,700
meta-llama/llama-3.3-70b-instruct,851,10226,ORACLE,frontdoor,3,det-counterfactual,smoking_frontdoor,commonsense,KEEP,yes,yes,1,1,156,209,,Novita,stop,0,0.00010466,content,0.0,700
meta-llama/llama-3.3-70b-instruct,851,10226,DR_k1,frontdoor,3,det-counterfactual,smoking_frontdoor,commonsense,KEEP,yes,yes,1,1,149,92,,Novita,stop,0,5.6915e-05,content,0.0,700
meta-llama/llama-3.3-70b-instruct,851,10226,DR_k2,frontdoor,3,det-counterfactual,smoking_frontdoor,commonsense,KEEP,yes,yes,1,1,156,302,,Novita,stop,0,0.00014186,content,0.0,700
meta-llama/llama-3.3-70b-instruct,851,10226,DR_k3,frontdoor,3,det-counterfactual,smoking_frontdoor,commonsense,KEEP,yes,yes,1,1,156,214,,Novita,stop,0,0.00010666,content,0.0,700
meta-llama/llama-3.3-70b-instruct,852,10236,RAW,frontdoor,3,det-counterfactual,smoking_frontdoor,commonsense,KEEP,no,no,1,1,114,150,,Novita,stop,0,7.539e-05,content,0.0,700
meta-llama/llama-3.3-70b-instruct,852,10236,ORACLE,frontdoor,3,det-counterfactual,smoking_frontdoor,commonsense,KEEP,no,no,1,1,159,244,,Novita,stop,0,0.000119065,content,0.0,700
meta-llama/llama-3.3-70b-instruct,852,10236,DR_k1,frontdoor,3,det-counterfactual,smoking_frontdoor,commonsense,KEEP,no,no,1,1,159,263,,Novita,stop,0,0.000126665,content,0.0,700
meta-llama/llama-3.3-70b-instruct,852,10236,DR_k2,frontdoor,3,det-counterfactual,smoking_frontdoor,commonsense,KEEP,no,no,1,1,160,263,,Novita,stop,0,0.0001268,content,0.0,700
meta-llama/llama-3.3-70b-instruct,852,10236,DR_k3,frontdoor,3,det-counterfactual,smoking_frontdoor,commonsense,KEEP,no,no,1,1,153,148,,Novita,stop,0,7.9855e-05,content,0.0,700
meta-llama/llama-3.3-70b-instruct,853,4236,RAW,frontdoor,3,nie,smoking_frontdoor,easy,KEEP,yes,no,0,1,187,696,,Novita,stop,0,0.000303645,content,0.0,700
meta-llama/llama-3.3-70b-instruct,853,4236,ORACLE,frontdoor,3,nie,smoking_frontdoor,easy,KEEP,yes,yes,1,1,232,240,,Novita,stop,0,0.00012732,content,0.0,700
meta-llama/llama-3.3-70b-instruct,853,4236,DR_k1,frontdoor,3,nie,smoking_frontdoor,easy,KEEP,yes,yes,1,1,225,364,,Novita,stop,0,0.000175975,content,0.0,700
meta-llama/llama-3.3-70b-instruct,853,4236,DR_k2,frontdoor,3,nie,smoking_frontdoor,easy,KEEP,yes,no,0,1,232,573,,Novita,stop,0,0.00026052,content,0.0,700
meta-llama/llama-3.3-70b-instruct,853,4236,DR_k3,frontdoor,3,nie,smoking_frontdoor,easy,KEEP,yes,yes,1,1,232,296,,Novita,stop,0,0.00014972,content,0.0,700
meta-llama/llama-3.3-70b-instruct,854,10249,RAW,frontdoor,3,det-counterfactual,smoking_frontdoor,commonsense,KEEP,yes,yes,1,1,112,118,,Novita,stop,0,6.232e-05,content,0.0,700
meta-llama/llama-3.3-70b-instruct,854,10249,ORACLE,frontdoor,3,det-counterfactual,smoking_frontdoor,commonsense,KEEP,yes,yes,1,1,157,263,,Novita,stop,0,0.000126395,content,0.0,700
meta-llama/llama-3.3-70b-instruct,854,10249,DR_k1,frontdoor,3,det-counterfactual,smoking_frontdoor,commonsense,KEEP,yes,yes,1,1,157,284,,Novita,stop,0,0.000134795,content,0.0,700
meta-llama/llama-3.3-70b-instruct,854,10249,DR_k2,frontdoor,3,det-counterfactual,smoking_frontdoor,commonsense,KEEP,yes,yes,1,1,157,286,,Novita,stop,0,0.000135595,content,0.0,700
meta-llama/llama-3.3-70b-instruct,854,10249,DR_k3,frontdoor,3,det-counterfactual,smoking_frontdoor,commonsense,KEEP,yes,yes,1,1,156,296,,Novita,stop,0,0.00013946,content,0.0,700
meta-llama/llama-3.3-70b-instruct,855,20630,RAW,frontdoor,3,det-counterfactual,smoking_frontdoor,anticommonsense,KEEP,no,no,1,1,117,217,,Novita,stop,0,0.000102595,content,0.0,700
meta-llama/llama-3.3-70b-instruct,855,20630,ORACLE,frontdoor,3,det-counterfactual,smoking_frontdoor,anticommonsense,KEEP,no,no,1,1,162,190,,Novita,stop,0,9.787e-05,content,0.0,700
meta-llama/llama-3.3-70b-instruct,855,20630,DR_k1,frontdoor,3,det-counterfactual,smoking_frontdoor,anticommonsense,KEEP,no,no,1,1,162,172,,Novita,stop,0,9.067e-05,content,0.0,700
meta-llama/llama-3.3-70b-instruct,855,20630,DR_k2,frontdoor,3,det-counterfactual,smoking_frontdoor,anticommonsense,KEEP,no,no,1,1,162,247,,Novita,stop,0,0.00012067,content,0.0,700
meta-llama/llama-3.3-70b-instruct,855,20630,DR_k3,frontdoor,3,det-counterfactual,smoking_frontdoor,anticommonsense,KEEP,no,no,1,1,163,156,,Novita,stop,0,8.4405e-05,content,0.0,700
meta-llama/llama-3.3-70b-instruct,856,10222,RAW,frontdoor,3,det-counterfactual,smoking_frontdoor,commonsense,KEEP,yes,yes,1,1,113,122,,Novita,stop,0,6.4055e-05,content,0.0,700
meta-llama/llama-3.3-70b-instruct,856,10222,ORACLE,frontdoor,3,det-counterfactual,smoking_frontdoor,commonsense,KEEP,yes,yes,1,1,158,180,,Novita,stop,0,9.333e-05,content,0.0,700
meta-llama/llama-3.3-70b-instruct,856,10222,DR_k1,frontdoor,3,det-counterfactual,smoking_frontdoor,commonsense,KEEP,yes,yes,1,1,158,185,,Novita,stop,0,9.533e-05,content,0.0,700
meta-llama/llama-3.3-70b-instruct,856,10222,DR_k2,frontdoor,3,det-counterfactual,smoking_frontdoor,commonsense,KEEP,yes,yes,1,1,157,182,,Novita,stop,0,9.3995e-05,content,0.0,700
meta-llama/llama-3.3-70b-instruct,856,10222,DR_k3,frontdoor,3,det-counterfactual,smoking_frontdoor,commonsense,KEEP,yes,yes,1,1,157,178,,Novita,stop,0,9.2395e-05,content,0.0,700
meta-llama/llama-3.3-70b-instruct,857,19360,RAW,frontdoor,3,nie,smoking_frontdoor,anticommonsense,KEEP,no,no,1,1,192,700,,Novita,length,0,0.00030592,content,0.0,700
meta-llama/llama-3.3-70b-instruct,857,19360,ORACLE,frontdoor,3,nie,smoking_frontdoor,anticommonsense,KEEP,no,no,1,1,239,522,,Novita,stop,0,0.000241065,content,0.0,700
meta-llama/llama-3.3-70b-instruct,857,19360,DR_k1,frontdoor,3,nie,smoking_frontdoor,anticommonsense,KEEP,no,no,1,1,239,622,,Novita,stop,0,0.000281065,content,0.0,700
meta-llama/llama-3.3-70b-instruct,857,19360,DR_k2,frontdoor,3,nie,smoking_frontdoor,anticommonsense,KEEP,no,no,1,1,238,611,,Novita,stop,0,0.00027653,content,0.0,700
meta-llama/llama-3.3-70b-instruct,857,19360,DR_k3,frontdoor,3,nie,smoking_frontdoor,anticommonsense,KEEP,no,no,1,1,237,545,,Novita,stop,0,0.000249995,content,0.0,700
meta-llama/llama-3.3-70b-instruct,858,20617,RAW,frontdoor,3,det-counterfactual,smoking_frontdoor,anticommonsense,KEEP,no,no,1,1,115,100,,Novita,stop,0,5.5525e-05,content,0.0,700
meta-llama/llama-3.3-70b-instruct,858,20617,ORACLE,frontdoor,3,det-counterfactual,smoking_frontdoor,anticommonsense,KEEP,no,no,1,1,160,314,,Novita,stop,0,0.0001472,content,0.0,700
meta-llama/llama-3.3-70b-instruct,858,20617,DR_k1,frontdoor,3,det-counterfactual,smoking_frontdoor,anticommonsense,KEEP,no,no,1,1,160,257,,Novita,stop,0,0.0001244,content,0.0,700
meta-llama/llama-3.3-70b-instruct,858,20617,DR_k2,frontdoor,3,det-counterfactual,smoking_frontdoor,anticommonsense,KEEP,no,no,1,1,159,296,,Novita,stop,0,0.000139865,content,0.0,700
meta-llama/llama-3.3-70b-instruct,858,20617,DR_k3,frontdoor,3,det-counterfactual,smoking_frontdoor,anticommonsense,KEEP,no,no,1,1,159,368,,Novita,stop,0,0.000168665,content,0.0,700
meta-llama/llama-3.3-70b-instruct,859,4285,RAW,frontdoor,3,ett,smoking_frontdoor,easy,KEEP,no,yes,0,1,190,396,,Novita,stop,0,0.00018405,content,0.0,700
meta-llama/llama-3.3-70b-instruct,859,4285,ORACLE,frontdoor,3,ett,smoking_frontdoor,easy,KEEP,no,yes,0,1,235,545,,Novita,stop,0,0.000249725,content,0.0,700
meta-llama/llama-3.3-70b-instruct,859,4285,DR_k1,frontdoor,3,ett,smoking_frontdoor,easy,KEEP,no,yes,0,1,228,326,,Novita,stop,0,0.00016118,content,0.0,700
meta-llama/llama-3.3-70b-instruct,859,4285,DR_k2,frontdoor,3,ett,smoking_frontdoor,easy,KEEP,no,no,1,1,234,700,,Novita,length,0,0.00031159,content,0.0,700
meta-llama/llama-3.3-70b-instruct,859,4285,DR_k3,frontdoor,3,ett,smoking_frontdoor,easy,KEEP,no,no,1,1,229,543,,Novita,stop,0,0.000248115,content,0.0,700
meta-llama/llama-3.3-70b-instruct,860,19418,RAW,frontdoor,3,nie,smoking_frontdoor,anticommonsense,KEEP,yes,no,0,1,192,700,,Novita,length,0,0.00030592,content,0.0,700
meta-llama/llama-3.3-70b-instruct,860,19418,ORACLE,frontdoor,3,nie,smoking_frontdoor,anticommonsense,KEEP,yes,yes,1,1,239,322,,Novita,stop,0,0.000161065,content,0.0,700
meta-llama/llama-3.3-70b-instruct,860,19418,DR_k1,frontdoor,3,nie,smoking_frontdoor,anticommonsense,KEEP,yes,yes,1,1,239,274,,Novita,stop,0,0.000141865,content,0.0,700
meta-llama/llama-3.3-70b-instruct,860,19418,DR_k2,frontdoor,3,nie,smoking_frontdoor,anticommonsense,KEEP,yes,no,0,1,239,621,,Novita,stop,0,0.000280665,content,0.0,700
meta-llama/llama-3.3-70b-instruct,860,19418,DR_k3,frontdoor,3,nie,smoking_frontdoor,anticommonsense,KEEP,yes,yes,1,1,231,629,,Novita,stop,0,0.000282785,content,0.0,700
meta-llama/llama-3.3-70b-instruct,861,9016,RAW,frontdoor,3,nie,smoking_frontdoor,hard,KEEP,yes,no,0,1,187,404,,Novita,stop,0,0.000186845,content,0.0,700
meta-llama/llama-3.3-70b-instruct,861,9016,ORACLE,frontdoor,3,nie,smoking_frontdoor,hard,KEEP,yes,no,0,1,232,399,,Novita,stop,0,0.00019092,content,0.0,700
meta-llama/llama-3.3-70b-instruct,861,9016,DR_k1,frontdoor,3,nie,smoking_frontdoor,hard,KEEP,yes,no,0,1,225,448,,Novita,stop,0,0.000209575,content,0.0,700
meta-llama/llama-3.3-70b-instruct,861,9016,DR_k2,frontdoor,3,nie,smoking_frontdoor,hard,KEEP,yes,no,0,1,232,418,,Novita,stop,0,0.00019852,content,0.0,700
meta-llama/llama-3.3-70b-instruct,861,9016,DR_k3,frontdoor,3,nie,smoking_frontdoor,hard,KEEP,yes,no,0,1,231,427,,Novita,stop,0,0.000201985,content,0.0,700
meta-llama/llama-3.3-70b-instruct,862,14688,RAW,frontdoor,3,ett,smoking_frontdoor,anticommonsense,KEEP,no,yes,0,1,200,363,,Novita,stop,0,0.0001722,content,0.0,700
meta-llama/llama-3.3-70b-instruct,862,14688,ORACLE,frontdoor,3,ett,smoking_frontdoor,anticommonsense,KEEP,no,no,1,1,245,700,,Novita,length,0,0.000313075,content,0.0,700
meta-llama/llama-3.3-70b-instruct,862,14688,DR_k1,frontdoor,3,ett,smoking_frontdoor,anticommonsense,KEEP,no,no,1,1,245,700,,Novita,length,0,0.000313075,content,0.0,700
meta-llama/llama-3.3-70b-instruct,862,14688,DR_k2,frontdoor,3,ett,smoking_frontdoor,anticommonsense,KEEP,no,yes,0,1,244,483,,Novita,stop,0,0.00022614,content,0.0,700
meta-llama/llama-3.3-70b-instruct,862,14688,DR_k3,frontdoor,3,ett,smoking_frontdoor,anticommonsense,KEEP,no,yes,0,1,244,648,,Novita,stop,0,0.00029214,content,0.0,700
meta-llama/llama-3.3-70b-instruct,863,9008,RAW,frontdoor,3,ett,smoking_frontdoor,hard,KEEP,yes,yes,1,1,190,314,,Novita,stop,0,0.00015125,content,0.0,700
meta-llama/llama-3.3-70b-instruct,863,9008,ORACLE,frontdoor,3,ett,smoking_frontdoor,hard,KEEP,yes,yes,1,1,235,537,,Novita,stop,0,0.000246525,content,0.0,700
meta-llama/llama-3.3-70b-instruct,863,9008,DR_k1,frontdoor,3,ett,smoking_frontdoor,hard,KEEP,yes,yes,1,1,235,643,,Novita,stop,0,0.000288925,content,0.0,700
meta-llama/llama-3.3-70b-instruct,863,9008,DR_k2,frontdoor,3,ett,smoking_frontdoor,hard,KEEP,yes,no,0,1,235,700,,Novita,length,0,0.000311725,content,0.0,700
meta-llama/llama-3.3-70b-instruct,863,9008,DR_k3,frontdoor,3,ett,smoking_frontdoor,hard,KEEP,yes,yes,1,1,235,604,,Novita,stop,0,0.000273325,content,0.0,700
meta-llama/llama-3.3-70b-instruct,864,8954,RAW,frontdoor,3,nie,smoking_frontdoor,hard,KEEP,yes,no,0,1,187,468,,Novita,stop,0,0.000212445,content,0.0,700
meta-llama/llama-3.3-70b-instruct,864,8954,ORACLE,frontdoor,3,nie,smoking_frontdoor,hard,KEEP,yes,no,0,1,232,624,,Novita,stop,0,0.00028092,content,0.0,700
meta-llama/llama-3.3-70b-instruct,864,8954,DR_k1,frontdoor,3,nie,smoking_frontdoor,hard,KEEP,yes,no,0,1,232,276,,Novita,stop,0,0.00014172,content,0.0,700
meta-llama/llama-3.3-70b-instruct,864,8954,DR_k2,frontdoor,3,nie,smoking_frontdoor,hard,KEEP,yes,no,0,1,231,346,,Novita,stop,0,0.000169585,content,0.0,700
meta-llama/llama-3.3-70b-instruct,864,8954,DR_k3,frontdoor,3,nie,smoking_frontdoor,hard,KEEP,yes,no,0,1,226,463,,Novita,stop,0,0.00021571,content,0.0,700
meta-llama/llama-3.3-70b-instruct,865,14695,RAW,frontdoor,3,ett,smoking_frontdoor,anticommonsense,KEEP,no,no,1,1,200,683,,Novita,stop,0,0.0003002,content,0.0,700
meta-llama/llama-3.3-70b-instruct,865,14695,ORACLE,frontdoor,3,ett,smoking_frontdoor,anticommonsense,KEEP,no,no,1,1,245,505,,Novita,stop,0,0.000235075,content,0.0,700
meta-llama/llama-3.3-70b-instruct,865,14695,DR_k1,frontdoor,3,ett,smoking_frontdoor,anticommonsense,KEEP,no,no,1,1,238,525,,Novita,stop,0,0.00024213,content,0.0,700
meta-llama/llama-3.3-70b-instruct,865,14695,DR_k2,frontdoor,3,ett,smoking_frontdoor,anticommonsense,KEEP,no,no,1,1,245,700,,Novita,length,0,0.000313075,content,0.0,700
meta-llama/llama-3.3-70b-instruct,865,14695,DR_k3,frontdoor,3,ett,smoking_frontdoor,anticommonsense,KEEP,no,no,1,1,240,537,,Novita,stop,0,0.0002472,content,0.0,700
meta-llama/llama-3.3-70b-instruct,866,8999,RAW,frontdoor,3,nie,smoking_frontdoor,hard,KEEP,yes,no,0,1,187,326,,Novita,stop,0,0.000155645,content,0.0,700
meta-llama/llama-3.3-70b-instruct,866,8999,ORACLE,frontdoor,3,nie,smoking_frontdoor,hard,KEEP,yes,no,0,1,232,623,,Novita,stop,0,0.00028052,content,0.0,700
meta-llama/llama-3.3-70b-instruct,866,8999,DR_k1,frontdoor,3,nie,smoking_frontdoor,hard,KEEP,yes,no,0,1,225,433,,Novita,stop,0,0.000203575,content,0.0,700
meta-llama/llama-3.3-70b-instruct,866,8999,DR_k2,frontdoor,3,nie,smoking_frontdoor,hard,KEEP,yes,no,0,1,231,439,,Novita,stop,0,0.000206785,content,0.0,700
meta-llama/llama-3.3-70b-instruct,866,8999,DR_k3,frontdoor,3,nie,smoking_frontdoor,hard,KEEP,yes,no,0,1,231,365,,Novita,stop,0,0.000177185,content,0.0,700
meta-llama/llama-3.3-70b-instruct,867,20636,RAW,frontdoor,3,det-counterfactual,smoking_frontdoor,anticommonsense,KEEP,no,no,1,1,116,80,,Novita,stop,0,4.766e-05,content,0.0,700
meta-llama/llama-3.3-70b-instruct,867,20636,ORACLE,frontdoor,3,det-counterfactual,smoking_frontdoor,anticommonsense,KEEP,no,no,1,1,161,312,,Novita,stop,0,0.000146535,content,0.0,700
meta-llama/llama-3.3-70b-instruct,867,20636,DR_k1,frontdoor,3,det-counterfactual,smoking_frontdoor,anticommonsense,KEEP,no,no,1,1,161,233,,Novita,stop,0,0.000114935,content,0.0,700
meta-llama/llama-3.3-70b-instruct,867,20636,DR_k2,frontdoor,3,det-counterfactual,smoking_frontdoor,anticommonsense,KEEP,no,no,1,1,160,218,,Novita,stop,0,0.0001088,content,0.0,700
meta-llama/llama-3.3-70b-instruct,867,20636,DR_k3,frontdoor,3,det-counterfactual,smoking_frontdoor,anticommonsense,KEEP,no,no,1,1,162,315,,Novita,stop,0,0.00014787,content,0.0,700
meta-llama/llama-3.3-70b-instruct,868,9047,RAW,frontdoor,3,ett,smoking_frontdoor,hard,KEEP,no,no,1,1,190,644,,Novita,stop,0,0.00028325,content,0.0,700
meta-llama/llama-3.3-70b-instruct,868,9047,ORACLE,frontdoor,3,ett,smoking_frontdoor,hard,KEEP,no,no,1,1,235,700,,Novita,length,0,0.000311725,content,0.0,700
meta-llama/llama-3.3-70b-instruct,868,9047,DR_k1,frontdoor,3,ett,smoking_frontdoor,hard,KEEP,no,no,1,1,235,561,,Novita,stop,0,0.000256125,content,0.0,700
meta-llama/llama-3.3-70b-instruct,868,9047,DR_k2,frontdoor,3,ett,smoking_frontdoor,hard,KEEP,no,no,1,1,235,700,,Novita,length,0,0.000311725,content,0.0,700
meta-llama/llama-3.3-70b-instruct,868,9047,DR_k3,frontdoor,3,ett,smoking_frontdoor,hard,KEEP,no,no,1,1,229,700,,Novita,length,0,0.000310915,content,0.0,700
meta-llama/llama-3.3-70b-instruct,869,4261,RAW,frontdoor,3,nie,smoking_frontdoor,easy,KEEP,no,yes,0,1,187,504,,Novita,stop,0,0.000226845,content,0.0,700
meta-llama/llama-3.3-70b-instruct,869,4261,ORACLE,frontdoor,3,nie,smoking_frontdoor,easy,KEEP,no,yes,0,1,232,503,,Novita,stop,0,0.00023252,content,0.0,700
meta-llama/llama-3.3-70b-instruct,869,4261,DR_k1,frontdoor,3,nie,smoking_frontdoor,easy,KEEP,no,no,1,1,225,544,,Novita,stop,0,0.000247975,content,0.0,700
meta-llama/llama-3.3-70b-instruct,869,4261,DR_k2,frontdoor,3,nie,smoking_frontdoor,easy,KEEP,no,no,1,1,231,692,,Novita,stop,0,0.000307985,content,0.0,700
meta-llama/llama-3.3-70b-instruct,869,4261,DR_k3,frontdoor,3,nie,smoking_frontdoor,easy,KEEP,no,no,1,1,226,529,,Novita,stop,0,0.00024211,content,0.0,700
meta-llama/llama-3.3-70b-instruct,870,4278,RAW,frontdoor,3,ett,smoking_frontdoor,easy,KEEP,no,no,1,1,190,383,,Novita,stop,0,0.00017885,content,0.0,700
meta-llama/llama-3.3-70b-instruct,870,4278,ORACLE,frontdoor,3,ett,smoking_frontdoor,easy,KEEP,no,no,1,1,235,502,,Novita,stop,0,0.000232525,content,0.0,700
meta-llama/llama-3.3-70b-instruct,870,4278,DR_k1,frontdoor,3,ett,smoking_frontdoor,easy,KEEP,no,no,1,1,235,680,,Novita,stop,0,0.000303725,content,0.0,700
meta-llama/llama-3.3-70b-instruct,870,4278,DR_k2,frontdoor,3,ett,smoking_frontdoor,easy,KEEP,no,no,1,1,234,700,,Novita,length,0,0.00031159,content,0.0,700
meta-llama/llama-3.3-70b-instruct,870,4278,DR_k3,frontdoor,3,ett,smoking_frontdoor,easy,KEEP,no,no,1,1,235,653,,Novita,stop,0,0.000292925,content,0.0,700
meta-llama/llama-3.3-70b-instruct,871,10234,RAW,frontdoor,3,det-counterfactual,smoking_frontdoor,commonsense,KEEP,yes,no,0,1,112,96,,Novita,stop,0,5.352e-05,content,0.0,700
meta-llama/llama-3.3-70b-instruct,871,10234,ORACLE,frontdoor,3,det-counterfactual,smoking_frontdoor,commonsense,KEEP,yes,no,0,1,157,485,,Novita,stop,0,0.000215195,content,0.0,700
meta-llama/llama-3.3-70b-instruct,871,10234,DR_k1,frontdoor,3,det-counterfactual,smoking_frontdoor,commonsense,KEEP,yes,yes,1,1,157,110,,Novita,stop,0,6.5195e-05,content,0.0,700
meta-llama/llama-3.3-70b-instruct,871,10234,DR_k2,frontdoor,3,det-counterfactual,smoking_frontdoor,commonsense,KEEP,yes,no,0,1,158,159,,Novita,stop,0,8.493e-05,content,0.0,700
meta-llama/llama-3.3-70b-instruct,871,10234,DR_k3,frontdoor,3,det-counterfactual,smoking_frontdoor,commonsense,KEEP,yes,yes,1,1,157,125,,Novita,stop,0,7.1195e-05,content,0.0,700
meta-llama/llama-3.3-70b-instruct,872,14647,RAW,frontdoor,3,ett,smoking_frontdoor,anticommonsense,KEEP,yes,yes,1,1,200,366,,Novita,stop,0,0.0001734,content,0.0,700
meta-llama/llama-3.3-70b-instruct,872,14647,ORACLE,frontdoor,3,ett,smoking_frontdoor,anticommonsense,KEEP,yes,yes,1,1,245,384,,Novita,stop,0,0.000186675,content,0.0,700
meta-llama/llama-3.3-70b-instruct,872,14647,DR_k1,frontdoor,3,ett,smoking_frontdoor,anticommonsense,KEEP,yes,yes,1,1,238,535,,Novita,stop,0,0.00024613,content,0.0,700
meta-llama/llama-3.3-70b-instruct,872,14647,DR_k2,frontdoor,3,ett,smoking_frontdoor,anticommonsense,KEEP,yes,yes,1,1,245,396,,Novita,stop,0,0.000191475,content,0.0,700
meta-llama/llama-3.3-70b-instruct,872,14647,DR_k3,frontdoor,3,ett,smoking_frontdoor,anticommonsense,KEEP,yes,yes,1,1,240,462,,Novita,stop,0,0.0002172,content,0.0,700
meta-llama/llama-3.3-70b-instruct,873,14670,RAW,frontdoor,3,ett,smoking_frontdoor,anticommonsense,KEEP,no,no,1,1,200,343,,Novita,stop,0,0.0001642,content,0.0,700
meta-llama/llama-3.3-70b-instruct,873,14670,ORACLE,frontdoor,3,ett,smoking_frontdoor,anticommonsense,KEEP,no,no,1,1,245,700,,Novita,length,0,0.000313075,content,0.0,700
meta-llama/llama-3.3-70b-instruct,873,14670,DR_k1,frontdoor,3,ett,smoking_frontdoor,anticommonsense,KEEP,no,no,1,1,238,700,,Novita,length,0,0.00031213,content,0.0,700
meta-llama/llama-3.3-70b-instruct,873,14670,DR_k2,frontdoor,3,ett,smoking_frontdoor,anticommonsense,KEEP,no,no,1,1,245,700,,Novita,length,0,0.000313075,content,0.0,700
meta-llama/llama-3.3-70b-instruct,873,14670,DR_k3,frontdoor,3,ett,smoking_frontdoor,anticommonsense,KEEP,no,yes,0,1,240,689,,Novita,stop,0,0.000308,content,0.0,700
meta-llama/llama-3.3-70b-instruct,874,14633,RAW,frontdoor,3,ett,smoking_frontdoor,anticommonsense,KEEP,yes,yes,1,1,200,416,,Novita,stop,0,0.0001934,content,0.0,700
meta-llama/llama-3.3-70b-instruct,874,14633,ORACLE,frontdoor,3,ett,smoking_frontdoor,anticommonsense,KEEP,yes,yes,1,1,245,567,,Novita,stop,0,0.000259875,content,0.0,700
meta-llama/llama-3.3-70b-instruct,874,14633,DR_k1,frontdoor,3,ett,smoking_frontdoor,anticommonsense,KEEP,yes,no,0,1,245,686,,Novita,stop,0,0.000307475,content,0.0,700
meta-llama/llama-3.3-70b-instruct,874,14633,DR_k2,frontdoor,3,ett,smoking_frontdoor,anticommonsense,KEEP,yes,yes,1,1,245,537,,Novita,stop,0,0.000247875,content,0.0,700
meta-llama/llama-3.3-70b-instruct,874,14633,DR_k3,frontdoor,3,ett,smoking_frontdoor,anticommonsense,KEEP,yes,no,0,1,244,700,,Novita,length,0,0.00031294,content,0.0,700
meta-llama/llama-3.3-70b-instruct,875,8953,RAW,frontdoor,3,ett,smoking_frontdoor,hard,KEEP,no,no,1,1,190,386,,Novita,stop,0,0.00018005,content,0.0,700
meta-llama/llama-3.3-70b-instruct,875,8953,ORACLE,frontdoor,3,ett,smoking_frontdoor,hard,KEEP,no,no,1,1,235,700,,Novita,length,0,0.000311725,content,0.0,700
meta-llama/llama-3.3-70b-instruct,875,8953,DR_k1,frontdoor,3,ett,smoking_frontdoor,hard,KEEP,no,yes,0,1,235,580,,Novita,stop,0,0.000263725,content,0.0,700
meta-llama/llama-3.3-70b-instruct,875,8953,DR_k2,frontdoor,3,ett,smoking_frontdoor,hard,KEEP,no,yes,0,1,234,659,,Novita,stop,0,0.00029519,content,0.0,700
meta-llama/llama-3.3-70b-instruct,875,8953,DR_k3,frontdoor,3,ett,smoking_frontdoor,hard,KEEP,no,no,1,1,234,526,,Novita,stop,0,0.00024199,content,0.0,700
meta-llama/llama-3.3-70b-instruct,876,9018,RAW,frontdoor,3,ett,smoking_frontdoor,hard,KEEP,yes,yes,1,1,190,435,,Novita,stop,0,0.00019965,content,0.0,700
meta-llama/llama-3.3-70b-instruct,876,9018,ORACLE,frontdoor,3,ett,smoking_frontdoor,hard,KEEP,yes,yes,1,1,235,520,,Novita,stop,0,0.000239725,content,0.0,700
meta-llama/llama-3.3-70b-instruct,876,9018,DR_k1,frontdoor,3,ett,smoking_frontdoor,hard,KEEP,yes,no,0,1,235,700,,Novita,length,0,0.000311725,content,0.0,700
meta-llama/llama-3.3-70b-instruct,876,9018,DR_k2,frontdoor,3,ett,smoking_frontdoor,hard,KEEP,yes,yes,1,1,236,670,,Novita,stop,0,0.00029986,content,0.0,700
meta-llama/llama-3.3-70b-instruct,876,9018,DR_k3,frontdoor,3,ett,smoking_frontdoor,hard,KEEP,yes,no,0,1,234,700,,Novita,length,0,0.00031159,content,0.0,700
meta-llama/llama-3.3-70b-instruct,877,10228,RAW,frontdoor,3,det-counterfactual,smoking_frontdoor,commonsense,KEEP,yes,yes,1,1,114,265,,Novita,stop,0,0.00012139,content,0.0,700
meta-llama/llama-3.3-70b-instruct,877,10228,ORACLE,frontdoor,3,det-counterfactual,smoking_frontdoor,commonsense,KEEP,yes,yes,1,1,159,321,,Novita,stop,0,0.000149865,content,0.0,700
meta-llama/llama-3.3-70b-instruct,877,10228,DR_k1,frontdoor,3,det-counterfactual,smoking_frontdoor,commonsense,KEEP,yes,yes,1,1,152,342,,Novita,stop,0,0.00015732,content,0.0,700
meta-llama/llama-3.3-70b-instruct,877,10228,DR_k2,frontdoor,3,det-counterfactual,smoking_frontdoor,commonsense,KEEP,yes,yes,1,1,160,424,,Novita,stop,0,0.0001912,content,0.0,700
meta-llama/llama-3.3-70b-instruct,877,10228,DR_k3,frontdoor,3,det-counterfactual,smoking_frontdoor,commonsense,KEEP,yes,yes,1,1,159,345,,Novita,stop,0,0.000159465,content,0.0,700
meta-llama/llama-3.3-70b-instruct,878,10223,RAW,frontdoor,3,det-counterfactual,smoking_frontdoor,commonsense,KEEP,no,no,1,1,114,171,,Novita,stop,0,8.379e-05,content,0.0,700
meta-llama/llama-3.3-70b-instruct,878,10223,ORACLE,frontdoor,3,det-counterfactual,smoking_frontdoor,commonsense,KEEP,no,no,1,1,159,218,,Novita,stop,0,0.000108665,content,0.0,700
meta-llama/llama-3.3-70b-instruct,878,10223,DR_k1,frontdoor,3,det-counterfactual,smoking_frontdoor,commonsense,KEEP,no,no,1,1,159,161,,Novita,stop,0,8.5865e-05,content,0.0,700
meta-llama/llama-3.3-70b-instruct,878,10223,DR_k2,frontdoor,3,det-counterfactual,smoking_frontdoor,commonsense,KEEP,no,no,1,1,159,158,,Novita,stop,0,8.4665e-05,content,0.0,700
meta-llama/llama-3.3-70b-instruct,878,10223,DR_k3,frontdoor,3,det-counterfactual,smoking_frontdoor,commonsense,KEEP,no,no,1,1,159,357,,Novita,stop,0,0.000164265,content,0.0,700
meta-llama/llama-3.3-70b-instruct,879,19423,RAW,frontdoor,3,nie,smoking_frontdoor,anticommonsense,KEEP,no,yes,0,1,192,317,,Novita,stop,0,0.00015272,content,0.0,700
meta-llama/llama-3.3-70b-instruct,879,19423,ORACLE,frontdoor,3,nie,smoking_frontdoor,anticommonsense,KEEP,no,no,1,1,239,582,,Novita,stop,0,0.000265065,content,0.0,700
meta-llama/llama-3.3-70b-instruct,879,19423,DR_k1,frontdoor,3,nie,smoking_frontdoor,anticommonsense,KEEP,no,no,1,1,239,700,,Novita,length,0,0.000312265,content,0.0,700
meta-llama/llama-3.3-70b-instruct,879,19423,DR_k2,frontdoor,3,nie,smoking_frontdoor,anticommonsense,KEEP,no,no,1,1,239,478,,Novita,stop,0,0.000223465,content,0.0,700
meta-llama/llama-3.3-70b-instruct,879,19423,DR_k3,frontdoor,3,nie,smoking_frontdoor,anticommonsense,KEEP,no,no,1,1,238,700,,Novita,length,0,0.00031213,content,0.0,700
meta-llama/llama-3.3-70b-instruct,880,14634,RAW,frontdoor,3,nie,smoking_frontdoor,anticommonsense,KEEP,yes,yes,1,1,195,311,,Novita,stop,0,0.000150725,content,0.0,700
meta-llama/llama-3.3-70b-instruct,880,14634,ORACLE,frontdoor,3,nie,smoking_frontdoor,anticommonsense,KEEP,yes,yes,1,1,240,259,,Novita,stop,0,0.000136,content,0.0,700
meta-llama/llama-3.3-70b-instruct,880,14634,DR_k1,frontdoor,3,nie,smoking_frontdoor,anticommonsense,KEEP,yes,yes,1,1,233,247,,Novita,stop,0,0.000130255,content,0.0,700
meta-llama/llama-3.3-70b-instruct,880,14634,DR_k2,frontdoor,3,nie,smoking_frontdoor,anticommonsense,KEEP,yes,no,0,1,240,302,,Novita,stop,0,0.0001532,content,0.0,700
meta-llama/llama-3.3-70b-instruct,880,14634,DR_k3,frontdoor,3,nie,smoking_frontdoor,anticommonsense,KEEP,yes,yes,1,1,241,316,,Novita,stop,0,0.000158935,content,0.0,700
meta-llama/llama-3.3-70b-instruct,881,4187,RAW,frontdoor,3,nie,smoking_frontdoor,easy,KEEP,no,no,1,1,187,462,,Novita,stop,0,0.000210045,content,0.0,700
meta-llama/llama-3.3-70b-instruct,881,4187,ORACLE,frontdoor,3,nie,smoking_frontdoor,easy,KEEP,no,no,1,1,232,469,,Novita,stop,0,0.00021892,content,0.0,700
meta-llama/llama-3.3-70b-instruct,881,4187,DR_k1,frontdoor,3,nie,smoking_frontdoor,easy,KEEP,no,no,1,1,232,476,,Novita,stop,0,0.00022172,content,0.0,700
meta-llama/llama-3.3-70b-instruct,881,4187,DR_k2,frontdoor,3,nie,smoking_frontdoor,easy,KEEP,no,no,1,1,232,443,,Novita,stop,0,0.00020852,content,0.0,700
meta-llama/llama-3.3-70b-instruct,881,4187,DR_k3,frontdoor,3,nie,smoking_frontdoor,easy,KEEP,no,yes,0,1,226,379,,Novita,stop,0,0.00018211,content,0.0,700
meta-llama/llama-3.3-70b-instruct,882,10251,RAW,frontdoor,3,det-counterfactual,smoking_frontdoor,commonsense,KEEP,no,no,1,1,112,163,,Novita,stop,0,8.032e-05,content,0.0,700
meta-llama/llama-3.3-70b-instruct,882,10251,ORACLE,frontdoor,3,det-counterfactual,smoking_frontdoor,commonsense,KEEP,no,no,1,1,157,381,,Novita,stop,0,0.000173595,content,0.0,700
meta-llama/llama-3.3-70b-instruct,882,10251,DR_k1,frontdoor,3,det-counterfactual,smoking_frontdoor,commonsense,KEEP,no,no,1,1,157,241,,Novita,stop,0,0.000117595,content,0.0,700
meta-llama/llama-3.3-70b-instruct,882,10251,DR_k2,frontdoor,3,det-counterfactual,smoking_frontdoor,commonsense,KEEP,no,no,1,1,156,468,,Novita,stop,0,0.00020826,content,0.0,700
meta-llama/llama-3.3-70b-instruct,882,10251,DR_k3,frontdoor,3,det-counterfactual,smoking_frontdoor,commonsense,KEEP,no,no,1,1,156,296,,Novita,stop,0,0.00013946,content,0.0,700
meta-llama/llama-3.3-70b-instruct,883,19373,RAW,frontdoor,3,nie,smoking_frontdoor,anticommonsense,KEEP,yes,no,0,1,192,550,,Novita,stop,0,0.00024592,content,0.0,700
meta-llama/llama-3.3-70b-instruct,883,19373,ORACLE,frontdoor,3,nie,smoking_frontdoor,anticommonsense,KEEP,yes,yes,1,1,239,406,,Novita,stop,0,0.000194665,content,0.0,700
meta-llama/llama-3.3-70b-instruct,883,19373,DR_k1,frontdoor,3,nie,smoking_frontdoor,anticommonsense,KEEP,yes,no,0,1,232,560,,Novita,stop,0,0.00025532,content,0.0,700
meta-llama/llama-3.3-70b-instruct,883,19373,DR_k2,frontdoor,3,nie,smoking_frontdoor,anticommonsense,KEEP,yes,yes,1,1,238,282,,Novita,stop,0,0.00014493,content,0.0,700
meta-llama/llama-3.3-70b-instruct,883,19373,DR_k3,frontdoor,3,nie,smoking_frontdoor,anticommonsense,KEEP,yes,yes,1,1,238,350,,Novita,stop,0,0.00017213,content,0.0,700
meta-llama/llama-3.3-70b-instruct,918,7063,RAW,mediation,2,ate,gender_admission,hard,KEEP,yes,yes,1,1,103,78,,Novita,stop,0,4.5105e-05,content,0.0,700
meta-llama/llama-3.3-70b-instruct,918,7063,ORACLE,mediation,2,ate,gender_admission,hard,KEEP,yes,yes,1,1,140,143,,Novita,stop,0,7.61e-05,content,0.0,700
meta-llama/llama-3.3-70b-instruct,918,7063,DR_k1,mediation,2,ate,gender_admission,hard,KEEP,yes,yes,1,1,139,126,,Novita,stop,0,6.9165e-05,content,0.0,700
meta-llama/llama-3.3-70b-instruct,918,7063,DR_k2,mediation,2,ate,gender_admission,hard,KEEP,yes,yes,1,1,140,208,,Novita,stop,0,0.0001021,content,0.0,700
meta-llama/llama-3.3-70b-instruct,918,7063,DR_k3,mediation,2,ate,gender_admission,hard,KEEP,yes,yes,1,1,140,223,,Novita,stop,0,0.0001081,content,0.0,700
meta-llama/llama-3.3-70b-instruct,919,3117,RAW,mediation,2,ate,neg_mediation,easy,KEEP,yes,yes,1,1,97,73,,Novita,stop,0,4.2295e-05,content,0.0,700
meta-llama/llama-3.3-70b-instruct,919,3117,ORACLE,mediation,2,ate,neg_mediation,easy,KEEP,yes,yes,1,1,133,271,,Novita,stop,0,0.000126355,content,0.0,700
meta-llama/llama-3.3-70b-instruct,919,3117,DR_k1,mediation,2,ate,neg_mediation,easy,KEEP,yes,yes,1,1,133,287,,Novita,stop,0,0.000132755,content,0.0,700
meta-llama/llama-3.3-70b-instruct,919,3117,DR_k2,mediation,2,ate,neg_mediation,easy,KEEP,yes,no,0,1,133,297,,Novita,stop,0,0.000136755,content,0.0,700
meta-llama/llama-3.3-70b-instruct,919,3117,DR_k3,mediation,2,ate,neg_mediation,easy,KEEP,yes,yes,1,1,132,298,,Novita,stop,0,0.00013702,content,0.0,700
meta-llama/llama-3.3-70b-instruct,925,1129,RAW,mediation,2,ate,penguin,easy,KEEP,yes,yes,1,1,112,89,,Novita,stop,0,5.072e-05,content,0.0,700
meta-llama/llama-3.3-70b-instruct,925,1129,ORACLE,mediation,2,ate,penguin,easy,KEEP,yes,yes,1,1,153,232,,Novita,stop,0,0.000113455,content,0.0,700
meta-llama/llama-3.3-70b-instruct,925,1129,DR_k1,mediation,2,ate,penguin,easy,KEEP,yes,yes,1,1,152,196,,Novita,stop,0,9.892e-05,content,0.0,700
meta-llama/llama-3.3-70b-instruct,925,1129,DR_k2,mediation,2,ate,penguin,easy,KEEP,yes,yes,1,1,152,251,,Novita,stop,0,0.00012092,content,0.0,700
meta-llama/llama-3.3-70b-instruct,925,1129,DR_k3,mediation,2,ate,penguin,easy,KEEP,yes,yes,1,1,152,315,,Novita,stop,0,0.00014652,content,0.0,700
meta-llama/llama-3.3-70b-instruct,926,13483,RAW,mediation,2,ate,neg_mediation,anticommonsense,KEEP,yes,yes,1,1,106,86,,Novita,stop,0,4.871e-05,content,0.0,700
meta-llama/llama-3.3-70b-instruct,926,13483,ORACLE,mediation,2,ate,neg_mediation,anticommonsense,KEEP,yes,yes,1,1,144,181,,Novita,stop,0,9.184e-05,content,0.0,700
meta-llama/llama-3.3-70b-instruct,926,13483,DR_k1,mediation,2,ate,neg_mediation,anticommonsense,KEEP,yes,yes,1,1,144,163,,Novita,stop,0,8.464e-05,content,0.0,700
meta-llama/llama-3.3-70b-instruct,926,13483,DR_k2,mediation,2,ate,neg_mediation,anticommonsense,KEEP,yes,yes,1,1,145,162,,Novita,stop,0,8.4375e-05,content,0.0,700
meta-llama/llama-3.3-70b-instruct,926,13483,DR_k3,mediation,2,ate,neg_mediation,anticommonsense,KEEP,yes,no,0,1,143,337,,Novita,stop,0,0.000154105,content,0.0,700
meta-llama/llama-3.3-70b-instruct,928,16509,RAW,mediation,2,ate,blood_pressure,anticommonsense,KEEP,yes,yes,1,1,107,104,,Novita,stop,0,5.6045e-05,content,0.0,700
meta-llama/llama-3.3-70b-instruct,928,16509,ORACLE,mediation,2,ate,blood_pressure,anticommonsense,KEEP,yes,yes,1,1,146,193,,Novita,stop,0,9.691e-05,content,0.0,700
meta-llama/llama-3.3-70b-instruct,928,16509,DR_k1,mediation,2,ate,blood_pressure,anticommonsense,KEEP,yes,yes,1,1,147,218,,Novita,stop,0,0.000107045,content,0.0,700
meta-llama/llama-3.3-70b-instruct,928,16509,DR_k2,mediation,2,ate,blood_pressure,anticommonsense,KEEP,yes,yes,1,1,147,202,,Novita,stop,0,0.000100645,content,0.0,700
meta-llama/llama-3.3-70b-instruct,928,16509,DR_k3,mediation,2,ate,blood_pressure,anticommonsense,KEEP,yes,yes,1,1,147,467,,Novita,stop,0,0.000206645,content,0.0,700
meta-llama/llama-3.3-70b-instruct,929,15335,RAW,mediation,2,ate,alarm,anticommonsense,KEEP,no,no,1,1,107,84,,Novita,stop,0,4.8045e-05,content,0.0,700
meta-llama/llama-3.3-70b-instruct,929,15335,ORACLE,mediation,2,ate,alarm,anticommonsense,KEEP,no,no,1,1,144,110,,Novita,stop,0,6.344e-05,content,0.0,700
meta-llama/llama-3.3-70b-instruct,929,15335,DR_k1,mediation,2,ate,alarm,anticommonsense,KEEP,no,no,1,1,144,127,,Novita,stop,0,7.024e-05,content,0.0,700
meta-llama/llama-3.3-70b-instruct,929,15335,DR_k2,mediation,2,ate,alarm,anticommonsense,KEEP,no,no,1,1,145,135,,Novita,stop,0,7.3575e-05,content,0.0,700
meta-llama/llama-3.3-70b-instruct,929,15335,DR_k3,mediation,2,ate,alarm,anticommonsense,KEEP,no,no,1,1,145,200,,Novita,stop,0,9.9575e-05,content,0.0,700
meta-llama/llama-3.3-70b-instruct,932,17243,RAW,mediation,2,ate,encouagement_program,anticommonsense,KEEP,yes,yes,1,1,102,96,,Novita,stop,0,5.217e-05,content,0.0,700
meta-llama/llama-3.3-70b-instruct,932,17243,ORACLE,mediation,2,ate,encouagement_program,anticommonsense,KEEP,yes,yes,1,1,143,110,,Novita,stop,0,6.3305e-05,content,0.0,700
meta-llama/llama-3.3-70b-instruct,932,17243,DR_k1,mediation,2,ate,encouagement_program,anticommonsense,KEEP,yes,yes,1,1,143,161,,Novita,stop,0,8.3705e-05,content,0.0,700
meta-llama/llama-3.3-70b-instruct,932,17243,DR_k2,mediation,2,ate,encouagement_program,anticommonsense,KEEP,yes,yes,1,1,141,329,,Novita,stop,0,0.000150635,content,0.0,700
meta-llama/llama-3.3-70b-instruct,932,17243,DR_k3,mediation,2,ate,encouagement_program,anticommonsense,KEEP,yes,no,0,1,141,225,,Novita,stop,0,0.000109035,content,0.0,700
meta-llama/llama-3.3-70b-instruct,934,11513,RAW,mediation,2,ate,penguin,anticommonsense,KEEP,yes,no,0,1,109,74,,Novita,stop,0,4.4315e-05,content,0.0,700
meta-llama/llama-3.3-70b-instruct,934,11513,ORACLE,mediation,2,ate,penguin,anticommonsense,KEEP,yes,no,0,1,148,143,,Novita,stop,0,7.718e-05,content,0.0,700
meta-llama/llama-3.3-70b-instruct,934,11513,DR_k1,mediation,2,ate,penguin,anticommonsense,KEEP,yes,no,0,1,149,141,,Novita,stop,0,7.6515e-05,content,0.0,700
meta-llama/llama-3.3-70b-instruct,934,11513,DR_k2,mediation,2,ate,penguin,anticommonsense,KEEP,yes,no,0,1,147,127,,Novita,stop,0,7.0645e-05,content,0.0,700
meta-llama/llama-3.3-70b-instruct,934,11513,DR_k3,mediation,2,ate,penguin,anticommonsense,KEEP,yes,no,0,1,148,197,,Novita,stop,0,9.878e-05,content,0.0,700
meta-llama/llama-3.3-70b-instruct,935,1994,RAW,mediation,2,ate,encouagement_program,easy,KEEP,yes,yes,1,1,105,85,,Novita,stop,0,4.8175e-05,content,0.0,700
meta-llama/llama-3.3-70b-instruct,935,1994,ORACLE,mediation,2,ate,encouagement_program,easy,KEEP,yes,yes,1,1,146,222,,Novita,stop,0,0.00010851,content,0.0,700
meta-llama/llama-3.3-70b-instruct,935,1994,DR_k1,mediation,2,ate,encouagement_program,easy,KEEP,yes,yes,1,1,145,158,,Novita,stop,0,8.2775e-05,content,0.0,700
meta-llama/llama-3.3-70b-instruct,935,1994,DR_k2,mediation,2,ate,encouagement_program,easy,KEEP,yes,yes,1,1,144,304,,Novita,stop,0,0.00014104,content,0.0,700
meta-llama/llama-3.3-70b-instruct,935,1994,DR_k3,mediation,2,ate,encouagement_program,easy,KEEP,yes,yes,1,1,144,284,,Novita,stop,0,0.00013304,content,0.0,700
meta-llama/llama-3.3-70b-instruct,937,16643,RAW,mediation,2,ate,blood_pressure,anticommonsense,KEEP,no,no,1,1,107,82,,Novita,stop,0,4.7245e-05,content,0.0,700
meta-llama/llama-3.3-70b-instruct,937,16643,ORACLE,mediation,2,ate,blood_pressure,anticommonsense,KEEP,no,no,1,1,146,269,,Novita,stop,0,0.00012731,content,0.0,700
meta-llama/llama-3.3-70b-instruct,937,16643,DR_k1,mediation,2,ate,blood_pressure,anticommonsense,KEEP,no,no,1,1,147,392,,Novita,stop,0,0.000176645,content,0.0,700
meta-llama/llama-3.3-70b-instruct,937,16643,DR_k2,mediation,2,ate,blood_pressure,anticommonsense,KEEP,no,no,1,1,147,271,,Novita,stop,0,0.000128245,content,0.0,700
meta-llama/llama-3.3-70b-instruct,937,16643,DR_k3,mediation,2,ate,blood_pressure,anticommonsense,KEEP,no,no,1,1,147,308,,Novita,stop,0,0.000143045,content,0.0,700
meta-llama/llama-3.3-70b-instruct,943,6966,RAW,mediation,2,ate,gender_admission,hard,KEEP,no,no,1,1,103,73,,Novita,stop,0,4.3105e-05,content,0.0,700
meta-llama/llama-3.3-70b-instruct,943,6966,ORACLE,mediation,2,ate,gender_admission,hard,KEEP,no,no,1,1,140,167,,Novita,stop,0,8.57e-05,content,0.0,700
meta-llama/llama-3.3-70b-instruct,943,6966,DR_k1,mediation,2,ate,gender_admission,hard,KEEP,no,no,1,1,141,126,,Novita,stop,0,6.9435e-05,content,0.0,700
meta-llama/llama-3.3-70b-instruct,943,6966,DR_k2,mediation,2,ate,gender_admission,hard,KEEP,no,no,1,1,140,405,,Novita,stop,0,0.0001809,content,0.0,700
meta-llama/llama-3.3-70b-instruct,943,6966,DR_k3,mediation,2,ate,gender_admission,hard,KEEP,no,no,1,1,140,234,,Novita,stop,0,0.0001125,content,0.0,700
meta-llama/llama-3.3-70b-instruct,946,2023,RAW,mediation,2,ate,encouagement_program,easy,KEEP,no,no,1,1,105,76,,Novita,stop,0,4.4575e-05,content,0.0,700
meta-llama/llama-3.3-70b-instruct,946,2023,ORACLE,mediation,2,ate,encouagement_program,easy,KEEP,no,no,1,1,146,151,,Novita,stop,0,8.011e-05,content,0.0,700
meta-llama/llama-3.3-70b-instruct,946,2023,DR_k1,mediation,2,ate,encouagement_program,easy,KEEP,no,no,1,1,145,172,,Novita,stop,0,8.8375e-05,content,0.0,700
meta-llama/llama-3.3-70b-instruct,946,2023,DR_k2,mediation,2,ate,encouagement_program,easy,KEEP,no,no,1,1,144,323,,Novita,stop,0,0.00014864,content,0.0,700
meta-llama/llama-3.3-70b-instruct,946,2023,DR_k3,mediation,2,ate,encouagement_program,easy,KEEP,no,no,1,1,144,249,,Novita,stop,0,0.00011904,content,0.0,700
meta-llama/llama-3.3-70b-instruct,948,17461,RAW,mediation,2,ate,gender_admission,anticommonsense,KEEP,no,no,1,1,112,89,,Novita,stop,0,5.072e-05,content,0.0,700
meta-llama/llama-3.3-70b-instruct,948,17461,ORACLE,mediation,2,ate,gender_admission,anticommonsense,KEEP,no,no,1,1,151,162,,Novita,stop,0,8.5185e-05,content,0.0,700
meta-llama/llama-3.3-70b-instruct,948,17461,DR_k1,mediation,2,ate,gender_admission,anticommonsense,KEEP,no,no,1,1,152,114,,Novita,stop,0,6.612e-05,content,0.0,700
meta-llama/llama-3.3-70b-instruct,948,17461,DR_k2,mediation,2,ate,gender_admission,anticommonsense,KEEP,no,no,1,1,151,194,,Novita,stop,0,9.7985e-05,content,0.0,700
meta-llama/llama-3.3-70b-instruct,948,17461,DR_k3,mediation,2,ate,gender_admission,anticommonsense,KEEP,no,no,1,1,150,234,,Novita,stop,0,0.00011385,content,0.0,700
meta-llama/llama-3.3-70b-instruct,951,2059,RAW,mediation,2,ate,encouagement_program,easy,KEEP,no,no,1,1,105,77,,Novita,stop,0,4.4975e-05,content,0.0,700
meta-llama/llama-3.3-70b-instruct,951,2059,ORACLE,mediation,2,ate,encouagement_program,easy,KEEP,no,no,1,1,146,157,,Novita,stop,0,8.251e-05,content,0.0,700
meta-llama/llama-3.3-70b-instruct,951,2059,DR_k1,mediation,2,ate,encouagement_program,easy,KEEP,no,no,1,1,146,199,,Novita,stop,0,9.931e-05,content,0.0,700
meta-llama/llama-3.3-70b-instruct,951,2059,DR_k2,mediation,2,ate,encouagement_program,easy,KEEP,no,no,1,1,144,258,,Novita,stop,0,0.00012264,content,0.0,700
meta-llama/llama-3.3-70b-instruct,951,2059,DR_k3,mediation,2,ate,encouagement_program,easy,KEEP,no,no,1,1,144,247,,Novita,stop,0,0.00011824,content,0.0,700
meta-llama/llama-3.3-70b-instruct,952,7795,RAW,mediation,3,nie,neg_mediation,hard,KEEP,no,no,1,1,165,425,,Novita,stop,0,0.000192275,content,0.0,700
meta-llama/llama-3.3-70b-instruct,952,7795,ORACLE,mediation,3,nie,neg_mediation,hard,KEEP,no,no,1,1,201,367,,Novita,stop,0,0.000173935,content,0.0,700
meta-llama/llama-3.3-70b-instruct,952,7795,DR_k1,mediation,3,nie,neg_mediation,hard,KEEP,no,no,1,1,201,446,,Novita,stop,0,0.000205535,content,0.0,700
meta-llama/llama-3.3-70b-instruct,952,7795,DR_k2,mediation,3,nie,neg_mediation,hard,KEEP,no,no,1,1,199,378,,Novita,stop,0,0.000178065,content,0.0,700
meta-llama/llama-3.3-70b-instruct,952,7795,DR_k3,mediation,3,nie,neg_mediation,hard,KEEP,no,no,1,1,200,460,,Novita,stop,0,0.000211,content,0.0,700
meta-llama/llama-3.3-70b-instruct,953,12418,RAW,mediation,3,nie,encouagement_program,anticommonsense,KEEP,no,no,1,1,184,333,,Novita,stop,0,0.00015804,content,0.0,700
meta-llama/llama-3.3-70b-instruct,953,12418,ORACLE,mediation,3,nie,encouagement_program,anticommonsense,KEEP,no,no,1,1,224,301,,Novita,stop,0,0.00015064,content,0.0,700
meta-llama/llama-3.3-70b-instruct,953,12418,DR_k1,mediation,3,nie,encouagement_program,anticommonsense,KEEP,no,no,1,1,225,351,,Novita,stop,0,0.000170775,content,0.0,700
meta-llama/llama-3.3-70b-instruct,953,12418,DR_k2,mediation,3,nie,encouagement_program,anticommonsense,KEEP,no,no,1,1,224,471,,Novita,stop,0,0.00021864,content,0.0,700
meta-llama/llama-3.3-70b-instruct,953,12418,DR_k3,mediation,3,nie,encouagement_program,anticommonsense,KEEP,no,no,1,1,225,661,,Novita,stop,0,0.000294775,content,0.0,700
meta-llama/llama-3.3-70b-instruct,954,1345,RAW,mediation,3,nde,blood_pressure,easy,KEEP,no,no,1,1,191,390,,Novita,stop,0,0.000181785,content,0.0,700
meta-llama/llama-3.3-70b-instruct,954,1345,ORACLE,mediation,3,nde,blood_pressure,easy,KEEP,no,no,1,1,229,170,,Novita,stop,0,9.8915e-05,content,0.0,700
meta-llama/llama-3.3-70b-instruct,954,1345,DR_k1,mediation,3,nde,blood_pressure,easy,KEEP,no,no,1,1,228,183,,Novita,stop,0,0.00010398,content,0.0,700
meta-llama/llama-3.3-70b-instruct,954,1345,DR_k2,mediation,3,nde,blood_pressure,easy,KEEP,no,no,1,1,227,523,,Novita,stop,0,0.000239845,content,0.0,700
meta-llama/llama-3.3-70b-instruct,954,1345,DR_k3,mediation,3,nde,blood_pressure,easy,KEEP,no,no,1,1,227,646,,Novita,stop,0,0.000289045,content,0.0,700
meta-llama/llama-3.3-70b-instruct,955,7804,RAW,mediation,3,nde,neg_mediation,hard,KEEP,no,no,1,1,172,489,,Novita,stop,0,0.00021882,content,0.0,700
meta-llama/llama-3.3-70b-instruct,955,7804,ORACLE,mediation,3,nde,neg_mediation,hard,KEEP,no,no,1,1,208,173,,Novita,stop,0,9.728e-05,content,0.0,700
meta-llama/llama-3.3-70b-instruct,955,7804,DR_k1,mediation,3,nde,neg_mediation,hard,KEEP,no,no,1,1,208,431,,Novita,stop,0,0.00020048,content,0.0,700
meta-llama/llama-3.3-70b-instruct,955,7804,DR_k2,mediation,3,nde,neg_mediation,hard,KEEP,no,no,1,1,206,410,,Novita,stop,0,0.00019181,content,0.0,700
meta-llama/llama-3.3-70b-instruct,955,7804,DR_k3,mediation,3,nde,neg_mediation,hard,KEEP,no,no,1,1,207,449,,Novita,stop,0,0.000207545,content,0.0,700
meta-llama/llama-3.3-70b-instruct,956,17333,RAW,mediation,3,ett,gender_admission,anticommonsense,KEEP,no,yes,0,1,125,168,,Novita,stop,0,8.4075e-05,content,0.0,700
meta-llama/llama-3.3-70b-instruct,956,17333,ORACLE,mediation,3,ett,gender_admission,anticommonsense,KEEP,no,no,1,1,164,226,,Novita,stop,0,0.00011254,content,0.0,700
meta-llama/llama-3.3-70b-instruct,956,17333,DR_k1,mediation,3,ett,gender_admission,anticommonsense,KEEP,no,no,1,1,163,218,,Novita,stop,0,0.000109205,content,0.0,700
meta-llama/llama-3.3-70b-instruct,956,17333,DR_k2,mediation,3,ett,gender_admission,anticommonsense,KEEP,no,yes,0,1,163,253,,Novita,stop,0,0.000123205,content,0.0,700
meta-llama/llama-3.3-70b-instruct,956,17333,DR_k3,mediation,3,ett,gender_admission,anticommonsense,KEEP,no,no,1,1,163,446,,Novita,stop,0,0.000200405,content,0.0,700
meta-llama/llama-3.3-70b-instruct,957,1047,RAW,mediation,3,nde,penguin,easy,KEEP,no,yes,0,1,220,392,,Novita,stop,0,0.0001865,content,0.0,700
meta-llama/llama-3.3-70b-instruct,957,1047,ORACLE,mediation,3,nde,penguin,easy,KEEP,no,yes,0,1,261,545,,Novita,stop,0,0.000253235,content,0.0,700
meta-llama/llama-3.3-70b-instruct,957,1047,DR_k1,mediation,3,nde,penguin,easy,KEEP,no,yes,0,1,260,668,,Novita,stop,0,0.0003023,content,0.0,700
meta-llama/llama-3.3-70b-instruct,957,1047,DR_k2,mediation,3,nde,penguin,easy,KEEP,no,,0,0,260,700,,Novita,length,0,0.0003151,content,0.0,700
meta-llama/llama-3.3-70b-instruct,957,1047,DR_k3,mediation,3,nde,penguin,easy,KEEP,no,,0,0,260,700,,Novita,length,0,0.0003151,content,0.0,700
meta-llama/llama-3.3-70b-instruct,958,2237,RAW,mediation,3,nde,gender_admission,easy,KEEP,yes,,0,0,200,700,,Novita,length,0,0.000307,content,0.0,700
meta-llama/llama-3.3-70b-instruct,958,2237,ORACLE,mediation,3,nde,gender_admission,easy,KEEP,yes,yes,1,1,237,398,,Novita,stop,0,0.000191195,content,0.0,700
meta-llama/llama-3.3-70b-instruct,958,2237,DR_k1,mediation,3,nde,gender_admission,easy,KEEP,yes,yes,1,1,238,422,,Novita,stop,0,0.00020093,content,0.0,700
meta-llama/llama-3.3-70b-instruct,958,2237,DR_k2,mediation,3,nde,gender_admission,easy,KEEP,yes,yes,1,1,237,309,,Novita,stop,0,0.000155595,content,0.0,700
meta-llama/llama-3.3-70b-instruct,958,2237,DR_k3,mediation,3,nde,gender_admission,easy,KEEP,yes,yes,1,1,237,517,,Novita,stop,0,0.000238795,content,0.0,700
meta-llama/llama-3.3-70b-instruct,959,1037,RAW,mediation,3,ett,penguin,easy,KEEP,no,no,1,1,126,197,,Novita,stop,0,9.581e-05,content,0.0,700
meta-llama/llama-3.3-70b-instruct,959,1037,ORACLE,mediation,3,ett,penguin,easy,KEEP,no,no,1,1,167,213,,Novita,stop,0,0.000107745,content,0.0,700
meta-llama/llama-3.3-70b-instruct,959,1037,DR_k1,mediation,3,ett,penguin,easy,KEEP,no,yes,0,1,166,224,,Novita,stop,0,0.00011201,content,0.0,700
meta-llama/llama-3.3-70b-instruct,959,1037,DR_k2,mediation,3,ett,penguin,easy,KEEP,no,no,1,1,166,363,,Novita,stop,0,0.00016761,content,0.0,700
meta-llama/llama-3.3-70b-instruct,959,1037,DR_k3,mediation,3,ett,penguin,easy,KEEP,no,no,1,1,166,359,,Novita,stop,0,0.00016601,content,0.0,700
meta-llama/llama-3.3-70b-instruct,960,17440,RAW,mediation,3,ett,gender_admission,anticommonsense,KEEP,yes,yes,1,1,125,83,,Novita,stop,0,5.0075e-05,content,0.0,700
meta-llama/llama-3.3-70b-instruct,960,17440,ORACLE,mediation,3,ett,gender_admission,anticommonsense,KEEP,yes,yes,1,1,164,209,,Novita,stop,0,0.00010574,content,0.0,700
meta-llama/llama-3.3-70b-instruct,960,17440,DR_k1,mediation,3,ett,gender_admission,anticommonsense,KEEP,yes,yes,1,1,165,206,,Novita,stop,0,0.000104675,content,0.0,700
meta-llama/llama-3.3-70b-instruct,960,17440,DR_k2,mediation,3,ett,gender_admission,anticommonsense,KEEP,yes,yes,1,1,163,189,,Novita,stop,0,9.7605e-05,content,0.0,700
meta-llama/llama-3.3-70b-instruct,960,17440,DR_k3,mediation,3,ett,gender_admission,anticommonsense,KEEP,yes,yes,1,1,163,230,,Novita,stop,0,0.000114005,content,0.0,700
meta-llama/llama-3.3-70b-instruct,961,4826,RAW,mediation,3,ett,alarm,hard,KEEP,no,yes,0,1,121,172,,Novita,stop,0,8.5135e-05,content,0.0,700
meta-llama/llama-3.3-70b-instruct,961,4826,ORACLE,mediation,3,ett,alarm,hard,KEEP,no,no,1,1,157,369,,Novita,stop,0,0.000168795,content,0.0,700
meta-llama/llama-3.3-70b-instruct,961,4826,DR_k1,mediation,3,ett,alarm,hard,KEEP,no,no,1,1,156,684,,Novita,stop,0,0.00029466,content,0.0,700
meta-llama/llama-3.3-70b-instruct,961,4826,DR_k2,mediation,3,ett,alarm,hard,KEEP,no,no,1,1,155,483,,Novita,stop,0,0.000214125,content,0.0,700
meta-llama/llama-3.3-70b-instruct,961,4826,DR_k3,mediation,3,ett,alarm,hard,KEEP,no,no,1,1,155,344,,Novita,stop,0,0.000158525,content,0.0,700
meta-llama/llama-3.3-70b-instruct,962,18294,RAW,mediation,3,nde,neg_mediation,anticommonsense,KEEP,yes,no,0,1,177,379,,Novita,stop,0,0.000175495,content,0.0,700
meta-llama/llama-3.3-70b-instruct,962,18294,ORACLE,mediation,3,nde,neg_mediation,anticommonsense,KEEP,yes,yes,1,1,215,594,,Novita,stop,0,0.000266625,content,0.0,700
meta-llama/llama-3.3-70b-instruct,962,18294,DR_k1,mediation,3,nde,neg_mediation,anticommonsense,KEEP,yes,no,0,1,214,549,,Novita,stop,0,0.00024849,content,0.0,700
meta-llama/llama-3.3-70b-instruct,962,18294,DR_k2,mediation,3,nde,neg_mediation,anticommonsense,KEEP,yes,no,0,1,215,663,,Novita,stop,0,0.000294225,content,0.0,700
meta-llama/llama-3.3-70b-instruct,962,18294,DR_k3,mediation,3,nde,neg_mediation,anticommonsense,KEEP,yes,no,0,1,213,480,,Novita,stop,0,0.000220755,content,0.0,700
meta-llama/llama-3.3-70b-instruct,963,3122,RAW,mediation,3,nde,neg_mediation,easy,KEEP,no,yes,0,1,172,476,,Novita,stop,0,0.00021362,content,0.0,700
meta-llama/llama-3.3-70b-instruct,963,3122,ORACLE,mediation,3,nde,neg_mediation,easy,KEEP,no,no,1,1,208,302,,Novita,stop,0,0.00014888,content,0.0,700
meta-llama/llama-3.3-70b-instruct,963,3122,DR_k1,mediation,3,nde,neg_mediation,easy,KEEP,no,no,1,1,207,162,,Novita,stop,0,9.2745e-05,content,0.0,700
meta-llama/llama-3.3-70b-instruct,963,3122,DR_k2,mediation,3,nde,neg_mediation,easy,KEEP,no,yes,0,1,206,462,,Novita,stop,0,0.00021261,content,0.0,700
meta-llama/llama-3.3-70b-instruct,963,3122,DR_k3,mediation,3,nde,neg_mediation,easy,KEEP,no,no,1,1,207,191,,Novita,stop,0,0.000104345,content,0.0,700
meta-llama/llama-3.3-70b-instruct,964,6838,RAW,mediation,3,nie,encouagement_program,hard,KEEP,no,no,1,1,186,446,,Novita,stop,0,0.00020351,content,0.0,700
meta-llama/llama-3.3-70b-instruct,964,6838,ORACLE,mediation,3,nie,encouagement_program,hard,KEEP,no,yes,0,1,227,325,,Novita,stop,0,0.000160645,content,0.0,700
meta-llama/llama-3.3-70b-instruct,964,6838,DR_k1,mediation,3,nie,encouagement_program,hard,KEEP,no,yes,0,1,227,520,,Novita,stop,0,0.000238645,content,0.0,700
meta-llama/llama-3.3-70b-instruct,964,6838,DR_k2,mediation,3,nie,encouagement_program,hard,KEEP,no,no,1,1,225,448,,Novita,stop,0,0.000209575,content,0.0,700
meta-llama/llama-3.3-70b-instruct,964,6838,DR_k3,mediation,3,nie,encouagement_program,hard,KEEP,no,yes,0,1,225,575,,Novita,stop,0,0.000260375,content,0.0,700
meta-llama/llama-3.3-70b-instruct,965,19914,RAW,mediation,3,det-counterfactual,alarm,anticommonsense,KEEP,yes,yes,1,1,101,151,,Novita,stop,0,7.4035e-05,content,0.0,700
meta-llama/llama-3.3-70b-instruct,965,19914,ORACLE,mediation,3,det-counterfactual,alarm,anticommonsense,KEEP,yes,yes,1,1,138,159,,Novita,stop,0,8.223e-05,content,0.0,700
meta-llama/llama-3.3-70b-instruct,965,19914,DR_k1,mediation,3,det-counterfactual,alarm,anticommonsense,KEEP,yes,yes,1,1,139,213,,Novita,stop,0,0.000103965,content,0.0,700
meta-llama/llama-3.3-70b-instruct,965,19914,DR_k2,mediation,3,det-counterfactual,alarm,anticommonsense,KEEP,yes,yes,1,1,138,221,,Novita,stop,0,0.00010703,content,0.0,700
meta-llama/llama-3.3-70b-instruct,965,19914,DR_k3,mediation,3,det-counterfactual,alarm,anticommonsense,KEEP,yes,yes,1,1,137,202,,Novita,stop,0,9.9295e-05,content,0.0,700
meta-llama/llama-3.3-70b-instruct,966,2140,RAW,mediation,3,nie,encouagement_program,easy,KEEP,no,no,1,1,186,415,,Novita,stop,0,0.00019111,content,0.0,700
meta-llama/llama-3.3-70b-instruct,966,2140,ORACLE,mediation,3,nie,encouagement_program,easy,KEEP,no,no,1,1,227,317,,Novita,stop,0,0.000157445,content,0.0,700
meta-llama/llama-3.3-70b-instruct,966,2140,DR_k1,mediation,3,nie,encouagement_program,easy,KEEP,no,no,1,1,226,404,,Novita,stop,0,0.00019211,content,0.0,700
meta-llama/llama-3.3-70b-instruct,966,2140,DR_k2,mediation,3,nie,encouagement_program,easy,KEEP,no,no,1,1,226,369,,Novita,stop,0,0.00017811,content,0.0,700
meta-llama/llama-3.3-70b-instruct,966,2140,DR_k3,mediation,3,nie,encouagement_program,easy,KEEP,no,no,1,1,225,378,,Novita,stop,0,0.000181575,content,0.0,700
meta-llama/llama-3.3-70b-instruct,967,17319,RAW,mediation,3,ett,encouagement_program,anticommonsense,KEEP,yes,yes,1,1,116,80,,Novita,stop,0,4.766e-05,content,0.0,700
meta-llama/llama-3.3-70b-instruct,967,17319,ORACLE,mediation,3,ett,encouagement_program,anticommonsense,KEEP,yes,yes,1,1,157,256,,Novita,stop,0,0.000123595,content,0.0,700
meta-llama/llama-3.3-70b-instruct,967,17319,DR_k1,mediation,3,ett,encouagement_program,anticommonsense,KEEP,yes,yes,1,1,156,225,,Novita,stop,0,0.00011106,content,0.0,700
meta-llama/llama-3.3-70b-instruct,967,17319,DR_k2,mediation,3,ett,encouagement_program,anticommonsense,KEEP,yes,yes,1,1,156,360,,Novita,stop,0,0.00016506,content,0.0,700
meta-llama/llama-3.3-70b-instruct,967,17319,DR_k3,mediation,3,ett,encouagement_program,anticommonsense,KEEP,yes,yes,1,1,155,280,,Novita,stop,0,0.000132925,content,0.0,700
meta-llama/llama-3.3-70b-instruct,968,9713,RAW,mediation,3,det-counterfactual,blood_pressure,commonsense,KEEP,no,no,1,1,98,102,,Novita,stop,0,5.403e-05,content,0.0,700
meta-llama/llama-3.3-70b-instruct,968,9713,ORACLE,mediation,3,det-counterfactual,blood_pressure,commonsense,KEEP,no,no,1,1,136,100,,Novita,stop,0,5.836e-05,content,0.0,700
meta-llama/llama-3.3-70b-instruct,968,9713,DR_k1,mediation,3,det-counterfactual,blood_pressure,commonsense,KEEP,no,no,1,1,135,96,,Novita,stop,0,5.6625e-05,content,0.0,700
meta-llama/llama-3.3-70b-instruct,968,9713,DR_k2,mediation,3,det-counterfactual,blood_pressure,commonsense,KEEP,no,no,1,1,135,155,,Novita,stop,0,8.0225e-05,content,0.0,700
meta-llama/llama-3.3-70b-instruct,968,9713,DR_k3,mediation,3,det-counterfactual,blood_pressure,commonsense,KEEP,no,no,1,1,134,164,,Novita,stop,0,8.369e-05,content,0.0,700
meta-llama/llama-3.3-70b-instruct,969,18280,RAW,mediation,3,ett,neg_mediation,anticommonsense,KEEP,yes,yes,1,1,113,101,,Novita,stop,0,5.5655e-05,content,0.0,700
meta-llama/llama-3.3-70b-instruct,969,18280,ORACLE,mediation,3,ett,neg_mediation,anticommonsense,KEEP,yes,yes,1,1,151,297,,Novita,stop,0,0.000139185,content,0.0,700
meta-llama/llama-3.3-70b-instruct,969,18280,DR_k1,mediation,3,ett,neg_mediation,anticommonsense,KEEP,yes,yes,1,1,151,233,,Novita,stop,0,0.000113585,content,0.0,700
meta-llama/llama-3.3-70b-instruct,969,18280,DR_k2,mediation,3,ett,neg_mediation,anticommonsense,KEEP,yes,yes,1,1,148,369,,Novita,stop,0,0.00016758,content,0.0,700
meta-llama/llama-3.3-70b-instruct,969,18280,DR_k3,mediation,3,ett,neg_mediation,anticommonsense,KEEP,yes,yes,1,1,149,323,,Novita,stop,0,0.000149315,content,0.0,700
meta-llama/llama-3.3-70b-instruct,970,18263,RAW,mediation,3,ett,neg_mediation,anticommonsense,KEEP,yes,yes,1,1,113,108,,Novita,stop,0,5.8455e-05,content,0.0,700
meta-llama/llama-3.3-70b-instruct,970,18263,ORACLE,mediation,3,ett,neg_mediation,anticommonsense,KEEP,yes,yes,1,1,151,217,,Novita,stop,0,0.000107185,content,0.0,700
meta-llama/llama-3.3-70b-instruct,970,18263,DR_k1,mediation,3,ett,neg_mediation,anticommonsense,KEEP,yes,yes,1,1,150,221,,Novita,stop,0,0.00010865,content,0.0,700
meta-llama/llama-3.3-70b-instruct,970,18263,DR_k2,mediation,3,ett,neg_mediation,anticommonsense,KEEP,yes,yes,1,1,151,204,,Novita,stop,0,0.000101985,content,0.0,700
meta-llama/llama-3.3-70b-instruct,970,18263,DR_k3,mediation,3,ett,neg_mediation,anticommonsense,KEEP,yes,yes,1,1,149,258,,Novita,stop,0,0.000123315,content,0.0,700
meta-llama/llama-3.3-70b-instruct,971,11817,RAW,mediation,3,nde,blood_pressure,anticommonsense,KEEP,yes,yes,1,1,205,394,,Novita,stop,0,0.000185275,content,0.0,700
meta-llama/llama-3.3-70b-instruct,971,11817,ORACLE,mediation,3,nde,blood_pressure,anticommonsense,KEEP,yes,yes,1,1,244,174,,Novita,stop,0,0.00010254,content,0.0,700
meta-llama/llama-3.3-70b-instruct,971,11817,DR_k1,mediation,3,nde,blood_pressure,anticommonsense,KEEP,yes,yes,1,1,244,418,,Novita,stop,0,0.00020014,content,0.0,700
meta-llama/llama-3.3-70b-instruct,971,11817,DR_k2,mediation,3,nde,blood_pressure,anticommonsense,KEEP,yes,yes,1,1,245,458,,Novita,stop,0,0.000216275,content,0.0,700
meta-llama/llama-3.3-70b-instruct,971,11817,DR_k3,mediation,3,nde,blood_pressure,anticommonsense,KEEP,yes,yes,1,1,245,375,,Novita,stop,0,0.000183075,content,0.0,700
meta-llama/llama-3.3-70b-instruct,972,3025,RAW,mediation,3,ett,neg_mediation,easy,KEEP,no,yes,0,1,110,120,,Novita,stop,0,6.285e-05,content,0.0,700
meta-llama/llama-3.3-70b-instruct,972,3025,ORACLE,mediation,3,ett,neg_mediation,easy,KEEP,no,yes,0,1,146,264,,Novita,stop,0,0.00012531,content,0.0,700
meta-llama/llama-3.3-70b-instruct,972,3025,DR_k1,mediation,3,ett,neg_mediation,easy,KEEP,no,yes,0,1,145,213,,Novita,stop,0,0.000104775,content,0.0,700
meta-llama/llama-3.3-70b-instruct,972,3025,DR_k2,mediation,3,ett,neg_mediation,easy,KEEP,no,no,1,1,144,642,,Novita,stop,0,0.00027624,content,0.0,700
meta-llama/llama-3.3-70b-instruct,972,3025,DR_k3,mediation,3,ett,neg_mediation,easy,KEEP,no,no,1,1,145,402,,Novita,stop,0,0.000180375,content,0.0,700
meta-llama/llama-3.3-70b-instruct,973,11517,RAW,mediation,3,nde,penguin,anticommonsense,KEEP,yes,no,0,1,215,380,,Novita,stop,0,0.000181025,content,0.0,700
meta-llama/llama-3.3-70b-instruct,973,11517,ORACLE,mediation,3,nde,penguin,anticommonsense,KEEP,yes,no,0,1,254,341,,Novita,stop,0,0.00017069,content,0.0,700
meta-llama/llama-3.3-70b-instruct,973,11517,DR_k1,mediation,3,nde,penguin,anticommonsense,KEEP,yes,yes,1,1,253,610,,Novita,stop,0,0.000278155,content,0.0,700
meta-llama/llama-3.3-70b-instruct,973,11517,DR_k2,mediation,3,nde,penguin,anticommonsense,KEEP,yes,no,0,1,253,468,,Novita,stop,0,0.000221355,content,0.0,700
meta-llama/llama-3.3-70b-instruct,973,11517,DR_k3,mediation,3,nde,penguin,anticommonsense,KEEP,yes,no,0,1,254,300,,Novita,stop,0,0.00015429,content,0.0,700
meta-llama/llama-3.3-70b-instruct,974,20245,RAW,mediation,3,det-counterfactual,gender_admission,anticommonsense,KEEP,no,no,1,1,100,245,,Novita,stop,0,0.0001115,content,0.0,700
meta-llama/llama-3.3-70b-instruct,974,20245,ORACLE,mediation,3,det-counterfactual,gender_admission,anticommonsense,KEEP,no,no,1,1,137,165,,Novita,stop,0,8.4495e-05,content,0.0,700
meta-llama/llama-3.3-70b-instruct,974,20245,DR_k1,mediation,3,det-counterfactual,gender_admission,anticommonsense,KEEP,no,no,1,1,136,236,,Novita,stop,0,0.00011276,content,0.0,700
meta-llama/llama-3.3-70b-instruct,974,20245,DR_k2,mediation,3,det-counterfactual,gender_admission,anticommonsense,KEEP,no,no,1,1,136,336,,Novita,stop,0,0.00015276,content,0.0,700
meta-llama/llama-3.3-70b-instruct,974,20245,DR_k3,mediation,3,det-counterfactual,gender_admission,anticommonsense,KEEP,no,yes,0,1,136,289,,Novita,stop,0,0.00013396,content,0.0,700
meta-llama/llama-3.3-70b-instruct,975,12640,RAW,mediation,3,ett,gender_admission,anticommonsense,KEEP,yes,yes,1,1,122,96,,Novita,stop,0,5.487e-05,content,0.0,700
meta-llama/llama-3.3-70b-instruct,975,12640,ORACLE,mediation,3,ett,gender_admission,anticommonsense,KEEP,yes,yes,1,1,159,191,,Novita,stop,0,9.7865e-05,content,0.0,700
meta-llama/llama-3.3-70b-instruct,975,12640,DR_k1,mediation,3,ett,gender_admission,anticommonsense,KEEP,yes,yes,1,1,159,196,,Novita,stop,0,9.9865e-05,content,0.0,700
meta-llama/llama-3.3-70b-instruct,975,12640,DR_k2,mediation,3,ett,gender_admission,anticommonsense,KEEP,yes,yes,1,1,158,206,,Novita,stop,0,0.00010373,content,0.0,700
meta-llama/llama-3.3-70b-instruct,975,12640,DR_k3,mediation,3,ett,gender_admission,anticommonsense,KEEP,yes,yes,1,1,158,202,,Novita,stop,0,0.00010213,content,0.0,700
meta-llama/llama-3.3-70b-instruct,976,17483,RAW,mediation,3,nie,gender_admission,anticommonsense,KEEP,yes,yes,1,1,206,684,,Novita,stop,0,0.00030141,content,0.0,700
meta-llama/llama-3.3-70b-instruct,976,17483,ORACLE,mediation,3,nie,gender_admission,anticommonsense,KEEP,yes,,0,0,245,700,,Novita,length,0,0.000313075,content,0.0,700
meta-llama/llama-3.3-70b-instruct,976,17483,DR_k1,mediation,3,nie,gender_admission,anticommonsense,KEEP,yes,,0,0,244,700,,Novita,length,0,0.00031294,content,0.0,700
meta-llama/llama-3.3-70b-instruct,976,17483,DR_k2,mediation,3,nie,gender_admission,anticommonsense,KEEP,yes,,0,0,244,700,,Novita,length,0,0.00031294,content,0.0,700
meta-llama/llama-3.3-70b-instruct,976,17483,DR_k3,mediation,3,nie,gender_admission,anticommonsense,KEEP,yes,yes,1,1,244,536,,Novita,stop,0,0.00024734,content,0.0,700
meta-llama/llama-3.3-70b-instruct,977,11857,RAW,mediation,3,ett,blood_pressure,anticommonsense,KEEP,yes,yes,1,1,121,79,,Novita,stop,0,4.7935e-05,content,0.0,700
meta-llama/llama-3.3-70b-instruct,977,11857,ORACLE,mediation,3,ett,blood_pressure,anticommonsense,KEEP,yes,yes,1,1,160,251,,Novita,stop,0,0.000122,content,0.0,700
meta-llama/llama-3.3-70b-instruct,977,11857,DR_k1,mediation,3,ett,blood_pressure,anticommonsense,KEEP,yes,yes,1,1,161,505,,Novita,stop,0,0.000223735,content,0.0,700
meta-llama/llama-3.3-70b-instruct,977,11857,DR_k2,mediation,3,ett,blood_pressure,anticommonsense,KEEP,yes,yes,1,1,161,258,,Novita,stop,0,0.000124935,content,0.0,700
meta-llama/llama-3.3-70b-instruct,977,11857,DR_k3,mediation,3,ett,blood_pressure,anticommonsense,KEEP,yes,no,0,1,161,569,,Novita,stop,0,0.000249335,content,0.0,700
meta-llama/llama-3.3-70b-instruct,978,20231,RAW,mediation,3,det-counterfactual,gender_admission,anticommonsense,KEEP,yes,yes,1,1,102,217,,Novita,stop,0,0.00010057,content,0.0,700
meta-llama/llama-3.3-70b-instruct,978,20231,ORACLE,mediation,3,det-counterfactual,gender_admission,anticommonsense,KEEP,yes,yes,1,1,139,309,,Novita,stop,0,0.000142365,content,0.0,700
meta-llama/llama-3.3-70b-instruct,978,20231,DR_k1,mediation,3,det-counterfactual,gender_admission,anticommonsense,KEEP,yes,yes,1,1,139,234,,Novita,stop,0,0.000112365,content,0.0,700
meta-llama/llama-3.3-70b-instruct,978,20231,DR_k2,mediation,3,det-counterfactual,gender_admission,anticommonsense,KEEP,yes,yes,1,1,138,338,,Novita,stop,0,0.00015383,content,0.0,700
meta-llama/llama-3.3-70b-instruct,978,20231,DR_k3,mediation,3,det-counterfactual,gender_admission,anticommonsense,KEEP,yes,yes,1,1,138,247,,Novita,stop,0,0.00011743,content,0.0,700
meta-llama/llama-3.3-70b-instruct,979,6176,RAW,mediation,3,nde,blood_pressure,hard,KEEP,yes,yes,1,1,191,316,,Novita,stop,0,0.000152185,content,0.0,700
meta-llama/llama-3.3-70b-instruct,979,6176,ORACLE,mediation,3,nde,blood_pressure,hard,KEEP,yes,yes,1,1,229,171,,Novita,stop,0,9.9315e-05,content,0.0,700
meta-llama/llama-3.3-70b-instruct,979,6176,DR_k1,mediation,3,nde,blood_pressure,hard,KEEP,yes,yes,1,1,228,405,,Novita,stop,0,0.00019278,content,0.0,700
meta-llama/llama-3.3-70b-instruct,979,6176,DR_k2,mediation,3,nde,blood_pressure,hard,KEEP,yes,yes,1,1,227,395,,Novita,stop,0,0.000188645,content,0.0,700
meta-llama/llama-3.3-70b-instruct,979,6176,DR_k3,mediation,3,nde,blood_pressure,hard,KEEP,yes,yes,1,1,227,437,,Novita,stop,0,0.000205445,content,0.0,700
meta-llama/llama-3.3-70b-instruct,980,10521,RAW,mediation,3,nie,alarm,anticommonsense,KEEP,no,yes,0,1,200,501,,Novita,stop,0,0.0002274,content,0.0,700
meta-llama/llama-3.3-70b-instruct,980,10521,ORACLE,mediation,3,nie,alarm,anticommonsense,KEEP,no,yes,0,1,237,502,,Novita,stop,0,0.000232795,content,0.0,700
meta-llama/llama-3.3-70b-instruct,980,10521,DR_k1,mediation,3,nie,alarm,anticommonsense,KEEP,no,no,1,1,238,592,,Novita,stop,0,0.00026893,content,0.0,700
meta-llama/llama-3.3-70b-instruct,980,10521,DR_k2,mediation,3,nie,alarm,anticommonsense,KEEP,no,no,1,1,236,601,,Novita,stop,0,0.00027226,content,0.0,700
meta-llama/llama-3.3-70b-instruct,980,10521,DR_k3,mediation,3,nie,alarm,anticommonsense,KEEP,no,no,1,1,236,671,,Novita,stop,0,0.00030026,content,0.0,700
meta-llama/llama-3.3-70b-instruct,981,1330,RAW,mediation,3,nde,blood_pressure,easy,KEEP,no,no,1,1,191,378,,Novita,stop,0,0.000176985,content,0.0,700
meta-llama/llama-3.3-70b-instruct,981,1330,ORACLE,mediation,3,nde,blood_pressure,easy,KEEP,no,no,1,1,229,165,,Novita,stop,0,9.6915e-05,content,0.0,700
meta-llama/llama-3.3-70b-instruct,981,1330,DR_k1,mediation,3,nde,blood_pressure,easy,KEEP,no,no,1,1,229,183,,Novita,stop,0,0.000104115,content,0.0,700
meta-llama/llama-3.3-70b-instruct,981,1330,DR_k2,mediation,3,nde,blood_pressure,easy,KEEP,no,no,1,1,227,183,,Novita,stop,0,0.000103845,content,0.0,700
meta-llama/llama-3.3-70b-instruct,981,1330,DR_k3,mediation,3,nde,blood_pressure,easy,KEEP,no,no,1,1,227,551,,Novita,stop,0,0.000251045,content,0.0,700
meta-llama/llama-3.3-70b-instruct,982,15265,RAW,mediation,3,ett,alarm,anticommonsense,KEEP,yes,yes,1,1,121,96,,Novita,stop,0,5.4735e-05,content,0.0,700
meta-llama/llama-3.3-70b-instruct,982,15265,ORACLE,mediation,3,ett,alarm,anticommonsense,KEEP,yes,no,0,1,158,483,,Novita,stop,0,0.00021453,content,0.0,700
meta-llama/llama-3.3-70b-instruct,982,15265,DR_k1,mediation,3,ett,alarm,anticommonsense,KEEP,yes,yes,1,1,160,387,,Novita,stop,0,0.0001764,content,0.0,700
meta-llama/llama-3.3-70b-instruct,982,15265,DR_k2,mediation,3,ett,alarm,anticommonsense,KEEP,yes,yes,1,1,159,337,,Novita,stop,0,0.000156265,content,0.0,700
meta-llama/llama-3.3-70b-instruct,982,15265,DR_k3,mediation,3,ett,alarm,anticommonsense,KEEP,yes,yes,1,1,159,310,,Novita,stop,0,0.000145465,content,0.0,700
meta-llama/llama-3.3-70b-instruct,983,4831,RAW,mediation,3,ett,alarm,hard,KEEP,yes,yes,1,1,121,115,,Novita,stop,0,6.2335e-05,content,0.0,700
meta-llama/llama-3.3-70b-instruct,983,4831,ORACLE,mediation,3,ett,alarm,hard,KEEP,yes,yes,1,1,157,165,,Novita,stop,0,8.7195e-05,content,0.0,700
meta-llama/llama-3.3-70b-instruct,983,4831,DR_k1,mediation,3,ett,alarm,hard,KEEP,yes,yes,1,1,156,164,,Novita,stop,0,8.666e-05,content,0.0,700
meta-llama/llama-3.3-70b-instruct,983,4831,DR_k2,mediation,3,ett,alarm,hard,KEEP,yes,yes,1,1,156,152,,Novita,stop,0,8.186e-05,content,0.0,700
meta-llama/llama-3.3-70b-instruct,983,4831,DR_k3,mediation,3,ett,alarm,hard,KEEP,yes,yes,1,1,155,168,,Novita,stop,0,8.8125e-05,content,0.0,700
meta-llama/llama-3.3-70b-instruct,984,1433,RAW,mediation,3,nie,blood_pressure,easy,KEEP,no,no,1,1,184,304,,Novita,stop,0,0.00014644,content,0.0,700
meta-llama/llama-3.3-70b-instruct,984,1433,ORACLE,mediation,3,nie,blood_pressure,easy,KEEP,no,no,1,1,222,324,,Novita,stop,0,0.00015957,content,0.0,700
meta-llama/llama-3.3-70b-instruct,984,1433,DR_k1,mediation,3,nie,blood_pressure,easy,KEEP,no,no,1,1,222,427,,Novita,stop,0,0.00020077,content,0.0,700
meta-llama/llama-3.3-70b-instruct,984,1433,DR_k2,mediation,3,nie,blood_pressure,easy,KEEP,no,no,1,1,221,422,,Novita,stop,0,0.000198635,content,0.0,700
meta-llama/llama-3.3-70b-instruct,984,1433,DR_k3,mediation,3,nie,blood_pressure,easy,KEEP,no,no,1,1,220,400,,Novita,stop,0,0.0001897,content,0.0,700
meta-llama/llama-3.3-70b-instruct,985,18293,RAW,mediation,3,nie,neg_mediation,anticommonsense,KEEP,yes,yes,1,1,170,355,,Novita,stop,0,0.00016495,content,0.0,700
meta-llama/llama-3.3-70b-instruct,985,18293,ORACLE,mediation,3,nie,neg_mediation,anticommonsense,KEEP,yes,yes,1,1,208,532,,Novita,stop,0,0.00024088,content,0.0,700
meta-llama/llama-3.3-70b-instruct,985,18293,DR_k1,mediation,3,nie,neg_mediation,anticommonsense,KEEP,yes,no,0,1,208,662,,Novita,stop,0,0.00029288,content,0.0,700
meta-llama/llama-3.3-70b-instruct,985,18293,DR_k2,mediation,3,nie,neg_mediation,anticommonsense,KEEP,yes,,0,0,208,700,,Novita,length,0,0.00030808,content,0.0,700
meta-llama/llama-3.3-70b-instruct,985,18293,DR_k3,mediation,3,nie,neg_mediation,anticommonsense,KEEP,yes,no,0,1,206,645,,Novita,stop,0,0.00028581,content,0.0,700
