model,item,id,cond,graph_id,rung,query_type,story_id,question_property,lexicon,gold,pred,correct,parsed,in_tok,out_tok,error,provider,finish,reason_tok,usd,answer_from,temperature,max_tokens
meta-llama/llama-3.3-70b-instruct,20,8239,PROSE,IV,2,ate,price,hard,PSEUDO,yes,yes,1,1,193,348,,Novita,stop,0,0.000165255,content,0.0,700
meta-llama/llama-3.3-70b-instruct,20,8239,RAW,IV,2,ate,price,hard,PSEUDO,yes,no,0,1,155,269,,Novita,stop,0,0.000128525,content,0.0,700
meta-llama/llama-3.3-70b-instruct,20,8239,ORACLE,IV,2,ate,price,hard,PSEUDO,yes,no,0,1,208,455,,Novita,stop,0,0.00021008,content,0.0,700
meta-llama/llama-3.3-70b-instruct,20,8239,DR_k1,IV,2,ate,price,hard,PSEUDO,yes,no,0,1,207,345,,Novita,stop,0,0.000165945,content,0.0,700
meta-llama/llama-3.3-70b-instruct,21,19806,PROSE,IV,2,ate,tax_smoke_birthWeight,anticommonsense,PSEUDO,no,no,1,1,187,545,,Novita,stop,0,0.000243245,content,0.0,700
meta-llama/llama-3.3-70b-instruct,21,19806,RAW,IV,2,ate,tax_smoke_birthWeight,anticommonsense,PSEUDO,no,no,1,1,149,319,,Novita,stop,0,0.000147715,content,0.0,700
meta-llama/llama-3.3-70b-instruct,21,19806,ORACLE,IV,2,ate,tax_smoke_birthWeight,anticommonsense,PSEUDO,no,no,1,1,202,448,,Novita,stop,0,0.00020647,content,0.0,700
meta-llama/llama-3.3-70b-instruct,21,19806,DR_k1,IV,2,ate,tax_smoke_birthWeight,anticommonsense,PSEUDO,no,no,1,1,203,644,,Novita,stop,0,0.000285005,content,0.0,700
meta-llama/llama-3.3-70b-instruct,23,16818,PROSE,IV,2,ate,cholesterol,anticommonsense,PSEUDO,no,no,1,1,187,459,,Novita,stop,0,0.000208845,content,0.0,700
meta-llama/llama-3.3-70b-instruct,23,16818,RAW,IV,2,ate,cholesterol,anticommonsense,PSEUDO,no,no,1,1,149,584,,Novita,stop,0,0.000253715,content,0.0,700
meta-llama/llama-3.3-70b-instruct,23,16818,ORACLE,IV,2,ate,cholesterol,anticommonsense,PSEUDO,no,no,1,1,202,473,,Novita,stop,0,0.00021647,content,0.0,700
meta-llama/llama-3.3-70b-instruct,23,16818,DR_k1,IV,2,ate,cholesterol,anticommonsense,PSEUDO,no,no,1,1,201,329,,Novita,stop,0,0.000158735,content,0.0,700
meta-llama/llama-3.3-70b-instruct,24,19796,PROSE,IV,2,ate,tax_smoke_birthWeight,anticommonsense,PSEUDO,yes,yes,1,1,188,317,,Novita,stop,0,0.00015218,content,0.0,700
meta-llama/llama-3.3-70b-instruct,24,19796,RAW,IV,2,ate,tax_smoke_birthWeight,anticommonsense,PSEUDO,yes,yes,1,1,148,528,,Novita,stop,0,0.00023118,content,0.0,700
meta-llama/llama-3.3-70b-instruct,24,19796,ORACLE,IV,2,ate,tax_smoke_birthWeight,anticommonsense,PSEUDO,yes,yes,1,1,203,405,,Novita,stop,0,0.000189405,content,0.0,700
meta-llama/llama-3.3-70b-instruct,24,19796,DR_k1,IV,2,ate,tax_smoke_birthWeight,anticommonsense,PSEUDO,yes,yes,1,1,203,281,,Novita,stop,0,0.000139805,content,0.0,700
meta-llama/llama-3.3-70b-instruct,26,6588,PROSE,IV,2,ate,college_wage,hard,PSEUDO,yes,yes,1,1,187,433,,Novita,stop,0,0.000198445,content,0.0,700
meta-llama/llama-3.3-70b-instruct,26,6588,RAW,IV,2,ate,college_wage,hard,PSEUDO,yes,no,0,1,149,517,,Novita,stop,0,0.000226915,content,0.0,700
meta-llama/llama-3.3-70b-instruct,26,6588,ORACLE,IV,2,ate,college_wage,hard,PSEUDO,yes,no,0,1,202,643,,Novita,stop,0,0.00028447,content,0.0,700
meta-llama/llama-3.3-70b-instruct,26,6588,DR_k1,IV,2,ate,college_wage,hard,PSEUDO,yes,yes,1,1,202,495,,Novita,stop,0,0.00022527,content,0.0,700
meta-llama/llama-3.3-70b-instruct,29,1591,PROSE,IV,2,ate,cholesterol,easy,PSEUDO,no,yes,0,1,191,290,,Novita,stop,0,0.000141785,content,0.0,700
meta-llama/llama-3.3-70b-instruct,29,1591,RAW,IV,2,ate,cholesterol,easy,PSEUDO,no,no,1,1,152,456,,Novita,stop,0,0.00020292,content,0.0,700
meta-llama/llama-3.3-70b-instruct,29,1591,ORACLE,IV,2,ate,cholesterol,easy,PSEUDO,no,no,1,1,206,543,,Novita,stop,0,0.00024501,content,0.0,700
meta-llama/llama-3.3-70b-instruct,29,1591,DR_k1,IV,2,ate,cholesterol,easy,PSEUDO,no,no,1,1,198,536,,Novita,stop,0,0.00024113,content,0.0,700
meta-llama/llama-3.3-70b-instruct,32,15108,PROSE,IV,2,ate,water_cholera,anticommonsense,PSEUDO,no,yes,0,1,190,516,,Novita,stop,0,0.00023205,content,0.0,700
meta-llama/llama-3.3-70b-instruct,32,15108,RAW,IV,2,ate,water_cholera,anticommonsense,PSEUDO,no,no,1,1,154,462,,Novita,stop,0,0.00020559,content,0.0,700
meta-llama/llama-3.3-70b-instruct,32,15108,ORACLE,IV,2,ate,water_cholera,anticommonsense,PSEUDO,no,yes,0,1,205,471,,Novita,stop,0,0.000216075,content,0.0,700
meta-llama/llama-3.3-70b-instruct,32,15108,DR_k1,IV,2,ate,water_cholera,anticommonsense,PSEUDO,no,yes,0,1,198,373,,Novita,stop,0,0.00017593,content,0.0,700
meta-llama/llama-3.3-70b-instruct,33,18628,PROSE,IV,2,ate,price,anticommonsense,PSEUDO,yes,yes,1,1,188,506,,Novita,stop,0,0.00022778,content,0.0,700
meta-llama/llama-3.3-70b-instruct,33,18628,RAW,IV,2,ate,price,anticommonsense,PSEUDO,yes,no,0,1,151,296,,Novita,stop,0,0.000138785,content,0.0,700
meta-llama/llama-3.3-70b-instruct,33,18628,ORACLE,IV,2,ate,price,anticommonsense,PSEUDO,yes,yes,1,1,203,471,,Novita,stop,0,0.000215805,content,0.0,700
meta-llama/llama-3.3-70b-instruct,33,18628,DR_k1,IV,2,ate,price,anticommonsense,PSEUDO,yes,no,0,1,204,217,,Novita,stop,0,0.00011434,content,0.0,700
meta-llama/llama-3.3-70b-instruct,34,17061,PROSE,IV,2,ate,college_wage,anticommonsense,PSEUDO,yes,yes,1,1,188,574,,Novita,stop,0,0.00025498,content,0.0,700
meta-llama/llama-3.3-70b-instruct,34,17061,RAW,IV,2,ate,college_wage,anticommonsense,PSEUDO,yes,no,0,1,148,372,,Novita,stop,0,0.00016878,content,0.0,700
meta-llama/llama-3.3-70b-instruct,34,17061,ORACLE,IV,2,ate,college_wage,anticommonsense,PSEUDO,yes,no,0,1,203,654,,Novita,stop,0,0.000289005,content,0.0,700
meta-llama/llama-3.3-70b-instruct,34,17061,DR_k1,IV,2,ate,college_wage,anticommonsense,PSEUDO,yes,no,0,1,203,345,,Novita,stop,0,0.000165405,content,0.0,700
meta-llama/llama-3.3-70b-instruct,35,15152,PROSE,IV,2,ate,water_cholera,anticommonsense,PSEUDO,yes,yes,1,1,195,473,,Novita,stop,0,0.000215525,content,0.0,700
meta-llama/llama-3.3-70b-instruct,35,15152,RAW,IV,2,ate,water_cholera,anticommonsense,PSEUDO,yes,no,0,1,157,410,,Novita,stop,0,0.000185195,content,0.0,700
meta-llama/llama-3.3-70b-instruct,35,15152,ORACLE,IV,2,ate,water_cholera,anticommonsense,PSEUDO,yes,no,0,1,210,404,,Novita,stop,0,0.00018995,content,0.0,700
meta-llama/llama-3.3-70b-instruct,35,15152,DR_k1,IV,2,ate,water_cholera,anticommonsense,PSEUDO,yes,no,0,1,209,453,,Novita,stop,0,0.000209415,content,0.0,700
meta-llama/llama-3.3-70b-instruct,37,3443,PROSE,IV,2,ate,price,easy,PSEUDO,no,yes,0,1,198,481,,Novita,stop,0,0.00021913,content,0.0,700
meta-llama/llama-3.3-70b-instruct,37,3443,RAW,IV,2,ate,price,easy,PSEUDO,no,no,1,1,158,282,,Novita,stop,0,0.00013413,content,0.0,700
meta-llama/llama-3.3-70b-instruct,37,3443,ORACLE,IV,2,ate,price,easy,PSEUDO,no,yes,0,1,213,556,,Novita,stop,0,0.000251155,content,0.0,700
meta-llama/llama-3.3-70b-instruct,37,3443,DR_k1,IV,2,ate,price,easy,PSEUDO,no,yes,0,1,213,440,,Novita,stop,0,0.000204755,content,0.0,700
meta-llama/llama-3.3-70b-instruct,39,1668,PROSE,IV,2,ate,cholesterol,easy,PSEUDO,no,no,1,1,192,370,,Novita,stop,0,0.00017392,content,0.0,700
meta-llama/llama-3.3-70b-instruct,39,1668,RAW,IV,2,ate,cholesterol,easy,PSEUDO,no,no,1,1,152,341,,Novita,stop,0,0.00015692,content,0.0,700
meta-llama/llama-3.3-70b-instruct,39,1668,ORACLE,IV,2,ate,cholesterol,easy,PSEUDO,no,no,1,1,207,490,,Novita,stop,0,0.000223945,content,0.0,700
meta-llama/llama-3.3-70b-instruct,39,1668,DR_k1,IV,2,ate,cholesterol,easy,PSEUDO,no,no,1,1,198,364,,Novita,stop,0,0.00017233,content,0.0,700
meta-llama/llama-3.3-70b-instruct,40,20200,PROSE,IV,3,det-counterfactual,college_wage,anticommonsense,PSEUDO,yes,yes,1,1,170,208,,Novita,stop,0,0.00010615,content,0.0,700
meta-llama/llama-3.3-70b-instruct,40,20200,RAW,IV,3,det-counterfactual,college_wage,anticommonsense,PSEUDO,yes,yes,1,1,130,123,,Novita,stop,0,6.675e-05,content,0.0,700
meta-llama/llama-3.3-70b-instruct,40,20200,ORACLE,IV,3,det-counterfactual,college_wage,anticommonsense,PSEUDO,yes,yes,1,1,185,223,,Novita,stop,0,0.000114175,content,0.0,700
meta-llama/llama-3.3-70b-instruct,40,20200,DR_k1,IV,3,det-counterfactual,college_wage,anticommonsense,PSEUDO,yes,yes,1,1,185,171,,Novita,stop,0,9.3375e-05,content,0.0,700
meta-llama/llama-3.3-70b-instruct,41,9719,PROSE,IV,3,det-counterfactual,cholesterol,commonsense,PSEUDO,yes,yes,1,1,163,253,,Novita,stop,0,0.000123205,content,0.0,700
meta-llama/llama-3.3-70b-instruct,41,9719,RAW,IV,3,det-counterfactual,cholesterol,commonsense,PSEUDO,yes,yes,1,1,126,163,,Novita,stop,0,8.221e-05,content,0.0,700
meta-llama/llama-3.3-70b-instruct,41,9719,ORACLE,IV,3,det-counterfactual,cholesterol,commonsense,PSEUDO,yes,yes,1,1,178,280,,Novita,stop,0,0.00013603,content,0.0,700
meta-llama/llama-3.3-70b-instruct,41,9719,DR_k1,IV,3,det-counterfactual,cholesterol,commonsense,PSEUDO,yes,yes,1,1,179,175,,Novita,stop,0,9.4165e-05,content,0.0,700
meta-llama/llama-3.3-70b-instruct,42,10021,PROSE,IV,3,det-counterfactual,price,commonsense,PSEUDO,no,yes,0,1,172,383,,Novita,stop,0,0.00017642,content,0.0,700
meta-llama/llama-3.3-70b-instruct,42,10021,RAW,IV,3,det-counterfactual,price,commonsense,PSEUDO,no,no,1,1,132,194,,Novita,stop,0,9.542e-05,content,0.0,700
meta-llama/llama-3.3-70b-instruct,42,10021,ORACLE,IV,3,det-counterfactual,price,commonsense,PSEUDO,no,yes,0,1,187,287,,Novita,stop,0,0.000140045,content,0.0,700
meta-llama/llama-3.3-70b-instruct,42,10021,DR_k1,IV,3,det-counterfactual,price,commonsense,PSEUDO,no,no,1,1,187,505,,Novita,stop,0,0.000227245,content,0.0,700
meta-llama/llama-3.3-70b-instruct,43,9798,PROSE,IV,3,det-counterfactual,college_wage,commonsense,PSEUDO,yes,yes,1,1,160,135,,Novita,stop,0,7.56e-05,content,0.0,700
meta-llama/llama-3.3-70b-instruct,43,9798,RAW,IV,3,det-counterfactual,college_wage,commonsense,PSEUDO,yes,yes,1,1,123,193,,Novita,stop,0,9.3805e-05,content,0.0,700
meta-llama/llama-3.3-70b-instruct,43,9798,ORACLE,IV,3,det-counterfactual,college_wage,commonsense,PSEUDO,yes,yes,1,1,175,147,,Novita,stop,0,8.2425e-05,content,0.0,700
meta-llama/llama-3.3-70b-instruct,43,9798,DR_k1,IV,3,det-counterfactual,college_wage,commonsense,PSEUDO,yes,yes,1,1,176,241,,Novita,stop,0,0.00012016,content,0.0,700
meta-llama/llama-3.3-70b-instruct,44,10379,PROSE,IV,3,det-counterfactual,water_cholera,commonsense,PSEUDO,no,no,1,1,166,252,,Novita,stop,0,0.00012321,content,0.0,700
meta-llama/llama-3.3-70b-instruct,44,10379,RAW,IV,3,det-counterfactual,water_cholera,commonsense,PSEUDO,no,no,1,1,129,279,,Novita,stop,0,0.000129015,content,0.0,700
meta-llama/llama-3.3-70b-instruct,44,10379,ORACLE,IV,3,det-counterfactual,water_cholera,commonsense,PSEUDO,no,no,1,1,181,221,,Novita,stop,0,0.000112835,content,0.0,700
meta-llama/llama-3.3-70b-instruct,44,10379,DR_k1,IV,3,det-counterfactual,water_cholera,commonsense,PSEUDO,no,no,1,1,182,295,,Novita,stop,0,0.00014257,content,0.0,700
meta-llama/llama-3.3-70b-instruct,45,10366,PROSE,IV,3,det-counterfactual,water_cholera,commonsense,PSEUDO,no,no,1,1,169,280,,Novita,stop,0,0.000134815,content,0.0,700
meta-llama/llama-3.3-70b-instruct,45,10366,RAW,IV,3,det-counterfactual,water_cholera,commonsense,PSEUDO,no,no,1,1,131,136,,Novita,stop,0,7.2085e-05,content,0.0,700
meta-llama/llama-3.3-70b-instruct,45,10366,ORACLE,IV,3,det-counterfactual,water_cholera,commonsense,PSEUDO,no,no,1,1,184,220,,Novita,stop,0,0.00011284,content,0.0,700
meta-llama/llama-3.3-70b-instruct,45,10366,DR_k1,IV,3,det-counterfactual,water_cholera,commonsense,PSEUDO,no,no,1,1,177,352,,Novita,stop,0,0.000164695,content,0.0,700
meta-llama/llama-3.3-70b-instruct,46,9799,PROSE,IV,3,det-counterfactual,college_wage,commonsense,PSEUDO,no,no,1,1,159,405,,Novita,stop,0,0.000183465,content,0.0,700
meta-llama/llama-3.3-70b-instruct,46,9799,RAW,IV,3,det-counterfactual,college_wage,commonsense,PSEUDO,no,no,1,1,124,299,,Novita,stop,0,0.00013634,content,0.0,700
meta-llama/llama-3.3-70b-instruct,46,9799,ORACLE,IV,3,det-counterfactual,college_wage,commonsense,PSEUDO,no,no,1,1,174,314,,Novita,stop,0,0.00014909,content,0.0,700
meta-llama/llama-3.3-70b-instruct,46,9799,DR_k1,IV,3,det-counterfactual,college_wage,commonsense,PSEUDO,no,no,1,1,167,340,,Novita,stop,0,0.000158545,content,0.0,700
meta-llama/llama-3.3-70b-instruct,47,9728,PROSE,IV,3,det-counterfactual,cholesterol,commonsense,PSEUDO,yes,yes,1,1,165,183,,Novita,stop,0,9.5475e-05,content,0.0,700
meta-llama/llama-3.3-70b-instruct,47,9728,RAW,IV,3,det-counterfactual,cholesterol,commonsense,PSEUDO,yes,no,0,1,126,296,,Novita,stop,0,0.00013541,content,0.0,700
meta-llama/llama-3.3-70b-instruct,47,9728,ORACLE,IV,3,det-counterfactual,cholesterol,commonsense,PSEUDO,yes,yes,1,1,180,371,,Novita,stop,0,0.0001727,content,0.0,700
meta-llama/llama-3.3-70b-instruct,47,9728,DR_k1,IV,3,det-counterfactual,cholesterol,commonsense,PSEUDO,yes,yes,1,1,179,321,,Novita,stop,0,0.000152565,content,0.0,700
meta-llama/llama-3.3-70b-instruct,48,20193,PROSE,IV,3,det-counterfactual,college_wage,anticommonsense,PSEUDO,yes,yes,1,1,165,198,,Novita,stop,0,0.000101475,content,0.0,700
meta-llama/llama-3.3-70b-instruct,48,20193,RAW,IV,3,det-counterfactual,college_wage,anticommonsense,PSEUDO,yes,yes,1,1,127,218,,Novita,stop,0,0.000104345,content,0.0,700
meta-llama/llama-3.3-70b-instruct,48,20193,ORACLE,IV,3,det-counterfactual,college_wage,anticommonsense,PSEUDO,yes,yes,1,1,180,254,,Novita,stop,0,0.0001259,content,0.0,700
meta-llama/llama-3.3-70b-instruct,48,20193,DR_k1,IV,3,det-counterfactual,college_wage,anticommonsense,PSEUDO,yes,yes,1,1,181,217,,Novita,stop,0,0.000111235,content,0.0,700
meta-llama/llama-3.3-70b-instruct,49,10313,PROSE,IV,3,det-counterfactual,tax_smoke_birthWeight,commonsense,PSEUDO,no,no,1,1,162,231,,Novita,stop,0,0.00011427,content,0.0,700
meta-llama/llama-3.3-70b-instruct,49,10313,RAW,IV,3,det-counterfactual,tax_smoke_birthWeight,commonsense,PSEUDO,no,yes,0,1,124,326,,Novita,stop,0,0.00014714,content,0.0,700
meta-llama/llama-3.3-70b-instruct,49,10313,ORACLE,IV,3,det-counterfactual,tax_smoke_birthWeight,commonsense,PSEUDO,no,no,1,1,177,425,,Novita,stop,0,0.000193895,content,0.0,700
meta-llama/llama-3.3-70b-instruct,49,10313,DR_k1,IV,3,det-counterfactual,tax_smoke_birthWeight,commonsense,PSEUDO,no,no,1,1,176,295,,Novita,stop,0,0.00014176,content,0.0,700
meta-llama/llama-3.3-70b-instruct,50,20727,PROSE,IV,3,det-counterfactual,tax_smoke_birthWeight,anticommonsense,PSEUDO,yes,yes,1,1,162,224,,Novita,stop,0,0.00011147,content,0.0,700
meta-llama/llama-3.3-70b-instruct,50,20727,RAW,IV,3,det-counterfactual,tax_smoke_birthWeight,anticommonsense,PSEUDO,yes,yes,1,1,124,170,,Novita,stop,0,8.474e-05,content,0.0,700
meta-llama/llama-3.3-70b-instruct,50,20727,ORACLE,IV,3,det-counterfactual,tax_smoke_birthWeight,anticommonsense,PSEUDO,yes,yes,1,1,177,274,,Novita,stop,0,0.000133495,content,0.0,700
meta-llama/llama-3.3-70b-instruct,50,20727,DR_k1,IV,3,det-counterfactual,tax_smoke_birthWeight,anticommonsense,PSEUDO,yes,yes,1,1,177,273,,Novita,stop,0,0.000133095,content,0.0,700
meta-llama/llama-3.3-70b-instruct,51,20195,PROSE,IV,3,det-counterfactual,college_wage,anticommonsense,PSEUDO,yes,no,0,1,164,214,,Novita,stop,0,0.00010774,content,0.0,700
meta-llama/llama-3.3-70b-instruct,51,20195,RAW,IV,3,det-counterfactual,college_wage,anticommonsense,PSEUDO,yes,no,0,1,126,217,,Novita,stop,0,0.00010381,content,0.0,700
meta-llama/llama-3.3-70b-instruct,51,20195,ORACLE,IV,3,det-counterfactual,college_wage,anticommonsense,PSEUDO,yes,no,0,1,179,239,,Novita,stop,0,0.000119765,content,0.0,700
meta-llama/llama-3.3-70b-instruct,51,20195,DR_k1,IV,3,det-counterfactual,college_wage,anticommonsense,PSEUDO,yes,no,0,1,180,588,,Novita,stop,0,0.0002595,content,0.0,700
meta-llama/llama-3.3-70b-instruct,52,9789,PROSE,IV,3,det-counterfactual,college_wage,commonsense,PSEUDO,no,yes,0,1,160,283,,Novita,stop,0,0.0001348,content,0.0,700
meta-llama/llama-3.3-70b-instruct,52,9789,RAW,IV,3,det-counterfactual,college_wage,commonsense,PSEUDO,no,no,1,1,123,219,,Novita,stop,0,0.000104205,content,0.0,700
meta-llama/llama-3.3-70b-instruct,52,9789,ORACLE,IV,3,det-counterfactual,college_wage,commonsense,PSEUDO,no,yes,0,1,175,187,,Novita,stop,0,9.8425e-05,content,0.0,700
meta-llama/llama-3.3-70b-instruct,52,9789,DR_k1,IV,3,det-counterfactual,college_wage,commonsense,PSEUDO,no,yes,0,1,168,251,,Novita,stop,0,0.00012308,content,0.0,700
meta-llama/llama-3.3-70b-instruct,53,20175,PROSE,IV,3,det-counterfactual,college_wage,anticommonsense,PSEUDO,yes,yes,1,1,164,117,,Novita,stop,0,6.894e-05,content,0.0,700
meta-llama/llama-3.3-70b-instruct,53,20175,RAW,IV,3,det-counterfactual,college_wage,anticommonsense,PSEUDO,yes,yes,1,1,126,197,,Novita,stop,0,9.581e-05,content,0.0,700
meta-llama/llama-3.3-70b-instruct,53,20175,ORACLE,IV,3,det-counterfactual,college_wage,anticommonsense,PSEUDO,yes,yes,1,1,179,147,,Novita,stop,0,8.2965e-05,content,0.0,700
meta-llama/llama-3.3-70b-instruct,53,20175,DR_k1,IV,3,det-counterfactual,college_wage,anticommonsense,PSEUDO,yes,yes,1,1,178,294,,Novita,stop,0,0.00014163,content,0.0,700
meta-llama/llama-3.3-70b-instruct,54,9795,PROSE,IV,3,det-counterfactual,college_wage,commonsense,PSEUDO,no,yes,0,1,168,139,,Novita,stop,0,7.828e-05,content,0.0,700
meta-llama/llama-3.3-70b-instruct,54,9795,RAW,IV,3,det-counterfactual,college_wage,commonsense,PSEUDO,no,no,1,1,128,176,,Novita,stop,0,8.768e-05,content,0.0,700
meta-llama/llama-3.3-70b-instruct,54,9795,ORACLE,IV,3,det-counterfactual,college_wage,commonsense,PSEUDO,no,yes,0,1,183,328,,Novita,stop,0,0.000155905,content,0.0,700
meta-llama/llama-3.3-70b-instruct,54,9795,DR_k1,IV,3,det-counterfactual,college_wage,commonsense,PSEUDO,no,yes,0,1,174,206,,Novita,stop,0,0.00010589,content,0.0,700
meta-llama/llama-3.3-70b-instruct,55,10041,PROSE,IV,3,det-counterfactual,price,commonsense,PSEUDO,no,yes,0,1,161,270,,Novita,stop,0,0.000129735,content,0.0,700
meta-llama/llama-3.3-70b-instruct,55,10041,RAW,IV,3,det-counterfactual,price,commonsense,PSEUDO,no,yes,0,1,125,187,,Novita,stop,0,9.1675e-05,content,0.0,700
meta-llama/llama-3.3-70b-instruct,55,10041,ORACLE,IV,3,det-counterfactual,price,commonsense,PSEUDO,no,yes,0,1,176,281,,Novita,stop,0,0.00013616,content,0.0,700
meta-llama/llama-3.3-70b-instruct,55,10041,DR_k1,IV,3,det-counterfactual,price,commonsense,PSEUDO,no,yes,0,1,176,387,,Novita,stop,0,0.00017856,content,0.0,700
meta-llama/llama-3.3-70b-instruct,56,10355,PROSE,IV,3,det-counterfactual,water_cholera,commonsense,PSEUDO,no,yes,0,1,169,142,,Novita,stop,0,7.9615e-05,content,0.0,700
meta-llama/llama-3.3-70b-instruct,56,10355,RAW,IV,3,det-counterfactual,water_cholera,commonsense,PSEUDO,no,no,1,1,131,152,,Novita,stop,0,7.8485e-05,content,0.0,700
meta-llama/llama-3.3-70b-instruct,56,10355,ORACLE,IV,3,det-counterfactual,water_cholera,commonsense,PSEUDO,no,yes,0,1,184,152,,Novita,stop,0,8.564e-05,content,0.0,700
meta-llama/llama-3.3-70b-instruct,56,10355,DR_k1,IV,3,det-counterfactual,water_cholera,commonsense,PSEUDO,no,yes,0,1,184,160,,Novita,stop,0,8.884e-05,content,0.0,700
meta-llama/llama-3.3-70b-instruct,57,20702,PROSE,IV,3,det-counterfactual,tax_smoke_birthWeight,anticommonsense,PSEUDO,no,yes,0,1,165,272,,Novita,stop,0,0.000131075,content,0.0,700
meta-llama/llama-3.3-70b-instruct,57,20702,RAW,IV,3,det-counterfactual,tax_smoke_birthWeight,anticommonsense,PSEUDO,no,no,1,1,125,225,,Novita,stop,0,0.000106875,content,0.0,700
meta-llama/llama-3.3-70b-instruct,57,20702,ORACLE,IV,3,det-counterfactual,tax_smoke_birthWeight,anticommonsense,PSEUDO,no,no,1,1,180,286,,Novita,stop,0,0.0001387,content,0.0,700
meta-llama/llama-3.3-70b-instruct,57,20702,DR_k1,IV,3,det-counterfactual,tax_smoke_birthWeight,anticommonsense,PSEUDO,no,no,1,1,179,339,,Novita,stop,0,0.000159765,content,0.0,700
meta-llama/llama-3.3-70b-instruct,58,9821,PROSE,IV,3,det-counterfactual,college_wage,commonsense,PSEUDO,yes,yes,1,1,161,111,,Novita,stop,0,6.6135e-05,content,0.0,700
meta-llama/llama-3.3-70b-instruct,58,9821,RAW,IV,3,det-counterfactual,college_wage,commonsense,PSEUDO,yes,yes,1,1,123,132,,Novita,stop,0,6.9405e-05,content,0.0,700
meta-llama/llama-3.3-70b-instruct,58,9821,ORACLE,IV,3,det-counterfactual,college_wage,commonsense,PSEUDO,yes,yes,1,1,176,287,,Novita,stop,0,0.00013856,content,0.0,700
meta-llama/llama-3.3-70b-instruct,58,9821,DR_k1,IV,3,det-counterfactual,college_wage,commonsense,PSEUDO,yes,yes,1,1,176,135,,Novita,stop,0,7.776e-05,content,0.0,700
meta-llama/llama-3.3-70b-instruct,59,10044,PROSE,IV,3,det-counterfactual,price,commonsense,PSEUDO,no,no,1,1,174,250,,Novita,stop,0,0.00012349,content,0.0,700
meta-llama/llama-3.3-70b-instruct,59,10044,RAW,IV,3,det-counterfactual,price,commonsense,PSEUDO,no,no,1,1,134,170,,Novita,stop,0,8.609e-05,content,0.0,700
meta-llama/llama-3.3-70b-instruct,59,10044,ORACLE,IV,3,det-counterfactual,price,commonsense,PSEUDO,no,no,1,1,189,316,,Novita,stop,0,0.000151915,content,0.0,700
meta-llama/llama-3.3-70b-instruct,59,10044,DR_k1,IV,3,det-counterfactual,price,commonsense,PSEUDO,no,no,1,1,189,340,,Novita,stop,0,0.000161515,content,0.0,700
meta-llama/llama-3.3-70b-instruct,81,13538,PROSE,arrowhead,2,ate,obesity_mortality,anticommonsense,PSEUDO,no,no,1,1,157,305,,Novita,stop,0,0.000143195,content,0.0,700
meta-llama/llama-3.3-70b-instruct,81,13538,RAW,arrowhead,2,ate,obesity_mortality,anticommonsense,PSEUDO,no,no,1,1,115,164,,Novita,stop,0,8.1125e-05,content,0.0,700
meta-llama/llama-3.3-70b-instruct,81,13538,ORACLE,arrowhead,2,ate,obesity_mortality,anticommonsense,PSEUDO,no,yes,0,1,172,243,,Novita,stop,0,0.00012042,content,0.0,700
meta-llama/llama-3.3-70b-instruct,81,13538,DR_k1,arrowhead,2,ate,obesity_mortality,anticommonsense,PSEUDO,no,yes,0,1,171,156,,Novita,stop,0,8.5485e-05,content,0.0,700
meta-llama/llama-3.3-70b-instruct,82,9160,PROSE,arrowhead,2,ate,smoking_gene_cancer,hard,PSEUDO,no,no,1,1,154,117,,Novita,stop,0,6.759e-05,content,0.0,700
meta-llama/llama-3.3-70b-instruct,82,9160,RAW,arrowhead,2,ate,smoking_gene_cancer,hard,PSEUDO,no,no,1,1,113,86,,Novita,stop,0,4.9655e-05,content,0.0,700
meta-llama/llama-3.3-70b-instruct,82,9160,ORACLE,arrowhead,2,ate,smoking_gene_cancer,hard,PSEUDO,no,no,1,1,169,234,,Novita,stop,0,0.000116415,content,0.0,700
meta-llama/llama-3.3-70b-instruct,82,9160,DR_k1,arrowhead,2,ate,smoking_gene_cancer,hard,PSEUDO,no,no,1,1,169,214,,Novita,stop,0,0.000108415,content,0.0,700
meta-llama/llama-3.3-70b-instruct,83,2848,PROSE,arrowhead,2,ate,nature_vs_nurture,easy,PSEUDO,no,no,1,1,159,261,,Novita,stop,0,0.000125865,content,0.0,700
meta-llama/llama-3.3-70b-instruct,83,2848,RAW,arrowhead,2,ate,nature_vs_nurture,easy,PSEUDO,no,no,1,1,117,110,,Novita,stop,0,5.9795e-05,content,0.0,700
meta-llama/llama-3.3-70b-instruct,83,2848,ORACLE,arrowhead,2,ate,nature_vs_nurture,easy,PSEUDO,no,no,1,1,174,205,,Novita,stop,0,0.00010549,content,0.0,700
meta-llama/llama-3.3-70b-instruct,83,2848,DR_k1,arrowhead,2,ate,nature_vs_nurture,easy,PSEUDO,no,no,1,1,173,164,,Novita,stop,0,8.8955e-05,content,0.0,700
meta-llama/llama-3.3-70b-instruct,84,7592,PROSE,arrowhead,2,ate,nature_vs_nurture,hard,PSEUDO,yes,yes,1,1,153,121,,Novita,stop,0,6.9055e-05,content,0.0,700
meta-llama/llama-3.3-70b-instruct,84,7592,RAW,arrowhead,2,ate,nature_vs_nurture,hard,PSEUDO,yes,yes,1,1,114,83,,Novita,stop,0,4.859e-05,content,0.0,700
meta-llama/llama-3.3-70b-instruct,84,7592,ORACLE,arrowhead,2,ate,nature_vs_nurture,hard,PSEUDO,yes,yes,1,1,168,219,,Novita,stop,0,0.00011028,content,0.0,700
meta-llama/llama-3.3-70b-instruct,84,7592,DR_k1,arrowhead,2,ate,nature_vs_nurture,hard,PSEUDO,yes,yes,1,1,167,112,,Novita,stop,0,6.7345e-05,content,0.0,700
meta-llama/llama-3.3-70b-instruct,87,13650,PROSE,arrowhead,2,ate,obesity_mortality,anticommonsense,PSEUDO,no,yes,0,1,158,359,,Novita,stop,0,0.00016493,content,0.0,700
meta-llama/llama-3.3-70b-instruct,87,13650,RAW,arrowhead,2,ate,obesity_mortality,anticommonsense,PSEUDO,no,no,1,1,116,44,,Novita,stop,0,3.326e-05,content,0.0,700
meta-llama/llama-3.3-70b-instruct,87,13650,ORACLE,arrowhead,2,ate,obesity_mortality,anticommonsense,PSEUDO,no,yes,0,1,173,256,,Novita,stop,0,0.000125755,content,0.0,700
meta-llama/llama-3.3-70b-instruct,87,13650,DR_k1,arrowhead,2,ate,obesity_mortality,anticommonsense,PSEUDO,no,yes,0,1,174,223,,Novita,stop,0,0.00011269,content,0.0,700
meta-llama/llama-3.3-70b-instruct,88,2574,PROSE,arrowhead,2,ate,gender_pay,easy,PSEUDO,yes,yes,1,1,159,364,,Novita,stop,0,0.000167065,content,0.0,700
meta-llama/llama-3.3-70b-instruct,88,2574,RAW,arrowhead,2,ate,gender_pay,easy,PSEUDO,yes,no,0,1,115,72,,Novita,stop,0,4.4325e-05,content,0.0,700
meta-llama/llama-3.3-70b-instruct,88,2574,ORACLE,arrowhead,2,ate,gender_pay,easy,PSEUDO,yes,yes,1,1,174,217,,Novita,stop,0,0.00011029,content,0.0,700
meta-llama/llama-3.3-70b-instruct,88,2574,DR_k1,arrowhead,2,ate,gender_pay,easy,PSEUDO,yes,yes,1,1,173,158,,Novita,stop,0,8.6555e-05,content,0.0,700
meta-llama/llama-3.3-70b-instruct,89,2323,PROSE,arrowhead,2,ate,gender_admission_state,easy,PSEUDO,yes,yes,1,1,159,260,,Novita,stop,0,0.000125465,content,0.0,700
meta-llama/llama-3.3-70b-instruct,89,2323,RAW,arrowhead,2,ate,gender_admission_state,easy,PSEUDO,yes,no,0,1,115,62,,Novita,stop,0,4.0325e-05,content,0.0,700
meta-llama/llama-3.3-70b-instruct,89,2323,ORACLE,arrowhead,2,ate,gender_admission_state,easy,PSEUDO,yes,yes,1,1,174,180,,Novita,stop,0,9.549e-05,content,0.0,700
meta-llama/llama-3.3-70b-instruct,89,2323,DR_k1,arrowhead,2,ate,gender_admission_state,easy,PSEUDO,yes,yes,1,1,174,331,,Novita,stop,0,0.00015589,content,0.0,700
meta-llama/llama-3.3-70b-instruct,90,8091,PROSE,arrowhead,2,ate,obesity_mortality,hard,PSEUDO,no,no,1,1,151,452,,Novita,stop,0,0.000201185,content,0.0,700
meta-llama/llama-3.3-70b-instruct,90,8091,RAW,arrowhead,2,ate,obesity_mortality,hard,PSEUDO,no,no,1,1,110,481,,Novita,stop,0,0.00020725,content,0.0,700
meta-llama/llama-3.3-70b-instruct,90,8091,ORACLE,arrowhead,2,ate,obesity_mortality,hard,PSEUDO,no,no,1,1,166,305,,Novita,stop,0,0.00014441,content,0.0,700
meta-llama/llama-3.3-70b-instruct,90,8091,DR_k1,arrowhead,2,ate,obesity_mortality,hard,PSEUDO,no,yes,0,1,166,451,,Novita,stop,0,0.00020281,content,0.0,700
meta-llama/llama-3.3-70b-instruct,92,19581,PROSE,arrowhead,2,ate,smoking_gene_cancer,anticommonsense,PSEUDO,no,yes,0,1,154,353,,Novita,stop,0,0.00016199,content,0.0,700
meta-llama/llama-3.3-70b-instruct,92,19581,RAW,arrowhead,2,ate,smoking_gene_cancer,anticommonsense,PSEUDO,no,no,1,1,114,122,,Novita,stop,0,6.419e-05,content,0.0,700
meta-llama/llama-3.3-70b-instruct,92,19581,ORACLE,arrowhead,2,ate,smoking_gene_cancer,anticommonsense,PSEUDO,no,yes,0,1,169,259,,Novita,stop,0,0.000126415,content,0.0,700
meta-llama/llama-3.3-70b-instruct,92,19581,DR_k1,arrowhead,2,ate,smoking_gene_cancer,anticommonsense,PSEUDO,no,yes,0,1,170,154,,Novita,stop,0,8.455e-05,content,0.0,700
meta-llama/llama-3.3-70b-instruct,95,7208,PROSE,arrowhead,2,ate,gender_admission_state,hard,PSEUDO,yes,no,0,1,151,253,,Novita,stop,0,0.000121585,content,0.0,700
meta-llama/llama-3.3-70b-instruct,95,7208,RAW,arrowhead,2,ate,gender_admission_state,hard,PSEUDO,yes,no,0,1,111,75,,Novita,stop,0,4.4985e-05,content,0.0,700
meta-llama/llama-3.3-70b-instruct,95,7208,ORACLE,arrowhead,2,ate,gender_admission_state,hard,PSEUDO,yes,no,0,1,166,323,,Novita,stop,0,0.00015161,content,0.0,700
meta-llama/llama-3.3-70b-instruct,95,7208,DR_k1,arrowhead,2,ate,gender_admission_state,hard,PSEUDO,yes,no,0,1,167,238,,Novita,stop,0,0.000117745,content,0.0,700
meta-llama/llama-3.3-70b-instruct,96,13558,PROSE,arrowhead,2,ate,obesity_mortality,anticommonsense,PSEUDO,yes,no,0,1,158,399,,Novita,stop,0,0.00018093,content,0.0,700
meta-llama/llama-3.3-70b-instruct,96,13558,RAW,arrowhead,2,ate,obesity_mortality,anticommonsense,PSEUDO,yes,no,0,1,115,180,,Novita,stop,0,8.7525e-05,content,0.0,700
meta-llama/llama-3.3-70b-instruct,96,13558,ORACLE,arrowhead,2,ate,obesity_mortality,anticommonsense,PSEUDO,yes,no,0,1,173,168,,Novita,stop,0,9.0555e-05,content,0.0,700
meta-llama/llama-3.3-70b-instruct,96,13558,DR_k1,arrowhead,2,ate,obesity_mortality,anticommonsense,PSEUDO,yes,yes,1,1,172,406,,Novita,stop,0,0.00018562,content,0.0,700
meta-llama/llama-3.3-70b-instruct,100,4365,PROSE,arrowhead,3,ett,smoking_gene_cancer,easy,PSEUDO,yes,yes,1,1,173,189,,Novita,stop,0,9.8955e-05,content,0.0,700
meta-llama/llama-3.3-70b-instruct,100,4365,RAW,arrowhead,3,ett,smoking_gene_cancer,easy,PSEUDO,yes,yes,1,1,131,218,,Novita,stop,0,0.000104885,content,0.0,700
meta-llama/llama-3.3-70b-instruct,100,4365,ORACLE,arrowhead,3,ett,smoking_gene_cancer,easy,PSEUDO,yes,yes,1,1,188,251,,Novita,stop,0,0.00012578,content,0.0,700
meta-llama/llama-3.3-70b-instruct,100,4365,DR_k1,arrowhead,3,ett,smoking_gene_cancer,easy,PSEUDO,yes,yes,1,1,188,255,,Novita,stop,0,0.00012738,content,0.0,700
meta-llama/llama-3.3-70b-instruct,101,3245,PROSE,arrowhead,3,nie,obesity_mortality,easy,PSEUDO,no,no,1,1,289,447,,Novita,stop,0,0.000217815,content,0.0,700
meta-llama/llama-3.3-70b-instruct,101,3245,RAW,arrowhead,3,nie,obesity_mortality,easy,PSEUDO,no,no,1,1,248,511,,Novita,stop,0,0.00023788,content,0.0,700
meta-llama/llama-3.3-70b-instruct,101,3245,ORACLE,arrowhead,3,nie,obesity_mortality,easy,PSEUDO,no,no,1,1,304,422,,Novita,stop,0,0.00020984,content,0.0,700
meta-llama/llama-3.3-70b-instruct,101,3245,DR_k1,arrowhead,3,nie,obesity_mortality,easy,PSEUDO,no,no,1,1,304,289,,Novita,stop,0,0.00015664,content,0.0,700
meta-llama/llama-3.3-70b-instruct,102,20288,PROSE,arrowhead,3,det-counterfactual,gender_pay,anticommonsense,PSEUDO,yes,yes,1,1,168,204,,Novita,stop,0,0.00010428,content,0.0,700
meta-llama/llama-3.3-70b-instruct,102,20288,RAW,arrowhead,3,det-counterfactual,gender_pay,anticommonsense,PSEUDO,yes,yes,1,1,126,172,,Novita,stop,0,8.581e-05,content,0.0,700
meta-llama/llama-3.3-70b-instruct,102,20288,ORACLE,arrowhead,3,det-counterfactual,gender_pay,anticommonsense,PSEUDO,yes,yes,1,1,183,169,,Novita,stop,0,9.2305e-05,content,0.0,700
meta-llama/llama-3.3-70b-instruct,102,20288,DR_k1,arrowhead,3,det-counterfactual,gender_pay,anticommonsense,PSEUDO,yes,yes,1,1,184,188,,Novita,stop,0,0.00010004,content,0.0,700
meta-llama/llama-3.3-70b-instruct,103,20269,PROSE,arrowhead,3,det-counterfactual,gender_admission_state,anticommonsense,PSEUDO,no,no,1,1,169,371,,Novita,stop,0,0.000171215,content,0.0,700
meta-llama/llama-3.3-70b-instruct,103,20269,RAW,arrowhead,3,det-counterfactual,gender_admission_state,anticommonsense,PSEUDO,no,no,1,1,125,666,,Novita,stop,0,0.000283275,content,0.0,700
meta-llama/llama-3.3-70b-instruct,103,20269,ORACLE,arrowhead,3,det-counterfactual,gender_admission_state,anticommonsense,PSEUDO,no,no,1,1,184,681,,Novita,stop,0,0.00029724,content,0.0,700
meta-llama/llama-3.3-70b-instruct,103,20269,DR_k1,arrowhead,3,det-counterfactual,gender_admission_state,anticommonsense,PSEUDO,no,yes,0,1,184,659,,Novita,stop,0,0.00028844,content,0.0,700
meta-llama/llama-3.3-70b-instruct,104,13224,PROSE,arrowhead,3,nie,nature_vs_nurture,anticommonsense,PSEUDO,yes,no,0,1,303,614,,Novita,stop,0,0.000286505,content,0.0,700
meta-llama/llama-3.3-70b-instruct,104,13224,RAW,arrowhead,3,nie,nature_vs_nurture,anticommonsense,PSEUDO,yes,no,0,1,264,164,,Novita,stop,0,0.00010124,content,0.0,700
meta-llama/llama-3.3-70b-instruct,104,13224,ORACLE,arrowhead,3,nie,nature_vs_nurture,anticommonsense,PSEUDO,yes,no,0,1,318,392,,Novita,stop,0,0.00019973,content,0.0,700
meta-llama/llama-3.3-70b-instruct,104,13224,DR_k1,arrowhead,3,nie,nature_vs_nurture,anticommonsense,PSEUDO,yes,yes,1,1,319,428,,Novita,stop,0,0.000214265,content,0.0,700
meta-llama/llama-3.3-70b-instruct,105,9178,PROSE,arrowhead,3,ett,smoking_gene_cancer,hard,PSEUDO,yes,yes,1,1,174,141,,Novita,stop,0,7.989e-05,content,0.0,700
meta-llama/llama-3.3-70b-instruct,105,9178,RAW,arrowhead,3,ett,smoking_gene_cancer,hard,PSEUDO,yes,yes,1,1,132,158,,Novita,stop,0,8.102e-05,content,0.0,700
meta-llama/llama-3.3-70b-instruct,105,9178,ORACLE,arrowhead,3,ett,smoking_gene_cancer,hard,PSEUDO,yes,yes,1,1,189,290,,Novita,stop,0,0.000141515,content,0.0,700
meta-llama/llama-3.3-70b-instruct,105,9178,DR_k1,arrowhead,3,ett,smoking_gene_cancer,hard,PSEUDO,yes,yes,1,1,189,264,,Novita,stop,0,0.000131115,content,0.0,700
meta-llama/llama-3.3-70b-instruct,106,13526,PROSE,arrowhead,3,nde,obesity_mortality,anticommonsense,PSEUDO,yes,no,0,1,311,475,,Novita,stop,0,0.000231985,content,0.0,700
meta-llama/llama-3.3-70b-instruct,106,13526,RAW,arrowhead,3,nde,obesity_mortality,anticommonsense,PSEUDO,yes,no,0,1,270,198,,Novita,stop,0,0.00011565,content,0.0,700
meta-llama/llama-3.3-70b-instruct,106,13526,ORACLE,arrowhead,3,nde,obesity_mortality,anticommonsense,PSEUDO,yes,no,0,1,326,226,,Novita,stop,0,0.00013441,content,0.0,700
meta-llama/llama-3.3-70b-instruct,106,13526,DR_k1,arrowhead,3,nde,obesity_mortality,anticommonsense,PSEUDO,yes,no,0,1,327,403,,Novita,stop,0,0.000205345,content,0.0,700
meta-llama/llama-3.3-70b-instruct,107,2480,PROSE,arrowhead,3,ett,gender_pay,easy,PSEUDO,yes,yes,1,1,168,134,,Novita,stop,0,7.628e-05,content,0.0,700
meta-llama/llama-3.3-70b-instruct,107,2480,RAW,arrowhead,3,ett,gender_pay,easy,PSEUDO,yes,yes,1,1,127,103,,Novita,stop,0,5.8345e-05,content,0.0,700
meta-llama/llama-3.3-70b-instruct,107,2480,ORACLE,arrowhead,3,ett,gender_pay,easy,PSEUDO,yes,yes,1,1,183,330,,Novita,stop,0,0.000156705,content,0.0,700
meta-llama/llama-3.3-70b-instruct,107,2480,DR_k1,arrowhead,3,ett,gender_pay,easy,PSEUDO,yes,yes,1,1,183,248,,Novita,stop,0,0.000123905,content,0.0,700
meta-llama/llama-3.3-70b-instruct,108,17732,PROSE,arrowhead,3,nie,gender_pay,anticommonsense,PSEUDO,no,yes,0,1,314,448,,Novita,stop,0,0.00022159,content,0.0,700
meta-llama/llama-3.3-70b-instruct,108,17732,RAW,arrowhead,3,nie,gender_pay,anticommonsense,PSEUDO,no,no,1,1,272,197,,Novita,stop,0,0.00011552,content,0.0,700
meta-llama/llama-3.3-70b-instruct,108,17732,ORACLE,arrowhead,3,nie,gender_pay,anticommonsense,PSEUDO,no,no,1,1,329,347,,Novita,stop,0,0.000183215,content,0.0,700
meta-llama/llama-3.3-70b-instruct,108,17732,DR_k1,arrowhead,3,nie,gender_pay,anticommonsense,PSEUDO,no,no,1,1,328,384,,Novita,stop,0,0.00019788,content,0.0,700
meta-llama/llama-3.3-70b-instruct,109,2437,PROSE,arrowhead,3,nde,gender_admission_state,easy,PSEUDO,no,no,1,1,326,277,,Novita,stop,0,0.00015481,content,0.0,700
meta-llama/llama-3.3-70b-instruct,109,2437,RAW,arrowhead,3,nde,gender_admission_state,easy,PSEUDO,no,no,1,1,282,231,,Novita,stop,0,0.00013047,content,0.0,700
meta-llama/llama-3.3-70b-instruct,109,2437,ORACLE,arrowhead,3,nde,gender_admission_state,easy,PSEUDO,no,no,1,1,341,382,,Novita,stop,0,0.000198835,content,0.0,700
meta-llama/llama-3.3-70b-instruct,109,2437,DR_k1,arrowhead,3,nde,gender_admission_state,easy,PSEUDO,no,no,1,1,341,255,,Novita,stop,0,0.000148035,content,0.0,700
meta-llama/llama-3.3-70b-instruct,110,14506,PROSE,arrowhead,3,ett,smoke_birthWeight,anticommonsense,PSEUDO,yes,yes,1,1,176,193,,Novita,stop,0,0.00010096,content,0.0,700
meta-llama/llama-3.3-70b-instruct,110,14506,RAW,arrowhead,3,ett,smoke_birthWeight,anticommonsense,PSEUDO,yes,yes,1,1,132,110,,Novita,stop,0,6.182e-05,content,0.0,700
meta-llama/llama-3.3-70b-instruct,110,14506,ORACLE,arrowhead,3,ett,smoke_birthWeight,anticommonsense,PSEUDO,yes,yes,1,1,191,395,,Novita,stop,0,0.000183785,content,0.0,700
meta-llama/llama-3.3-70b-instruct,110,14506,DR_k1,arrowhead,3,ett,smoke_birthWeight,anticommonsense,PSEUDO,yes,yes,1,1,191,315,,Novita,stop,0,0.000151785,content,0.0,700
meta-llama/llama-3.3-70b-instruct,111,3206,PROSE,arrowhead,3,ett,obesity_mortality,easy,PSEUDO,no,yes,0,1,167,558,,Novita,stop,0,0.000245745,content,0.0,700
meta-llama/llama-3.3-70b-instruct,111,3206,RAW,arrowhead,3,ett,obesity_mortality,easy,PSEUDO,no,no,1,1,125,144,,Novita,stop,0,7.4475e-05,content,0.0,700
meta-llama/llama-3.3-70b-instruct,111,3206,ORACLE,arrowhead,3,ett,obesity_mortality,easy,PSEUDO,no,,0,0,182,700,,Novita,length,0,0.00030457,content,0.0,700
meta-llama/llama-3.3-70b-instruct,111,3206,DR_k1,arrowhead,3,ett,obesity_mortality,easy,PSEUDO,no,no,1,1,181,593,,Novita,stop,0,0.000261635,content,0.0,700
meta-llama/llama-3.3-70b-instruct,112,12722,PROSE,arrowhead,3,nde,gender_admission_state,anticommonsense,PSEUDO,yes,yes,1,1,317,442,,Novita,stop,0,0.000219595,content,0.0,700
meta-llama/llama-3.3-70b-instruct,112,12722,RAW,arrowhead,3,nde,gender_admission_state,anticommonsense,PSEUDO,yes,no,0,1,276,230,,Novita,stop,0,0.00012926,content,0.0,700
meta-llama/llama-3.3-70b-instruct,112,12722,ORACLE,arrowhead,3,nde,gender_admission_state,anticommonsense,PSEUDO,yes,no,0,1,332,360,,Novita,stop,0,0.00018882,content,0.0,700
meta-llama/llama-3.3-70b-instruct,112,12722,DR_k1,arrowhead,3,nde,gender_admission_state,anticommonsense,PSEUDO,yes,no,0,1,333,371,,Novita,stop,0,0.000193355,content,0.0,700
meta-llama/llama-3.3-70b-instruct,113,4093,PROSE,arrowhead,3,nde,smoke_birthWeight,easy,PSEUDO,no,no,1,1,298,356,,Novita,stop,0,0.00018263,content,0.0,700
meta-llama/llama-3.3-70b-instruct,113,4093,RAW,arrowhead,3,nde,smoke_birthWeight,easy,PSEUDO,no,,0,0,259,700,,Novita,length,0,0.000314965,content,0.0,700
meta-llama/llama-3.3-70b-instruct,113,4093,ORACLE,arrowhead,3,nde,smoke_birthWeight,easy,PSEUDO,no,,0,0,313,700,,Novita,length,0,0.000322255,content,0.0,700
meta-llama/llama-3.3-70b-instruct,113,4093,DR_k1,arrowhead,3,nde,smoke_birthWeight,easy,PSEUDO,no,,0,0,314,700,,Novita,length,0,0.00032239,content,0.0,700
meta-llama/llama-3.3-70b-instruct,114,14729,PROSE,arrowhead,3,nde,smoking_gene_cancer,anticommonsense,PSEUDO,no,no,1,1,309,414,,Novita,stop,0,0.000207315,content,0.0,700
meta-llama/llama-3.3-70b-instruct,114,14729,RAW,arrowhead,3,nde,smoking_gene_cancer,anticommonsense,PSEUDO,no,no,1,1,270,265,,Novita,stop,0,0.00014245,content,0.0,700
meta-llama/llama-3.3-70b-instruct,114,14729,ORACLE,arrowhead,3,nde,smoking_gene_cancer,anticommonsense,PSEUDO,no,no,1,1,324,540,,Novita,stop,0,0.00025974,content,0.0,700
meta-llama/llama-3.3-70b-instruct,114,14729,DR_k1,arrowhead,3,nde,smoking_gene_cancer,anticommonsense,PSEUDO,no,no,1,1,325,620,,Novita,stop,0,0.000291875,content,0.0,700
meta-llama/llama-3.3-70b-instruct,115,20273,PROSE,arrowhead,3,det-counterfactual,gender_admission_state,anticommonsense,PSEUDO,no,no,1,1,166,497,,Novita,stop,0,0.00022121,content,0.0,700
meta-llama/llama-3.3-70b-instruct,115,20273,RAW,arrowhead,3,det-counterfactual,gender_admission_state,anticommonsense,PSEUDO,no,no,1,1,125,289,,Novita,stop,0,0.000132475,content,0.0,700
meta-llama/llama-3.3-70b-instruct,115,20273,ORACLE,arrowhead,3,det-counterfactual,gender_admission_state,anticommonsense,PSEUDO,no,no,1,1,181,345,,Novita,stop,0,0.000162435,content,0.0,700
meta-llama/llama-3.3-70b-instruct,115,20273,DR_k1,arrowhead,3,det-counterfactual,gender_admission_state,anticommonsense,PSEUDO,no,no,1,1,181,514,,Novita,stop,0,0.000230035,content,0.0,700
meta-llama/llama-3.3-70b-instruct,116,7216,PROSE,arrowhead,3,nie,gender_admission_state,hard,PSEUDO,yes,no,0,1,319,430,,Novita,stop,0,0.000215065,content,0.0,700
meta-llama/llama-3.3-70b-instruct,116,7216,RAW,arrowhead,3,nie,gender_admission_state,hard,PSEUDO,yes,no,0,1,275,410,,Novita,stop,0,0.000201125,content,0.0,700
meta-llama/llama-3.3-70b-instruct,116,7216,ORACLE,arrowhead,3,nie,gender_admission_state,hard,PSEUDO,yes,yes,1,1,334,609,,Novita,stop,0,0.00028869,content,0.0,700
meta-llama/llama-3.3-70b-instruct,116,7216,DR_k1,arrowhead,3,nie,gender_admission_state,hard,PSEUDO,yes,yes,1,1,334,398,,Novita,stop,0,0.00020429,content,0.0,700
meta-llama/llama-3.3-70b-instruct,117,19297,PROSE,arrowhead,3,nde,smoke_birthWeight,anticommonsense,PSEUDO,yes,no,0,1,330,624,,Novita,stop,0,0.00029415,content,0.0,700
meta-llama/llama-3.3-70b-instruct,117,19297,RAW,arrowhead,3,nde,smoke_birthWeight,anticommonsense,PSEUDO,yes,yes,1,1,286,401,,Novita,stop,0,0.00019901,content,0.0,700
meta-llama/llama-3.3-70b-instruct,117,19297,ORACLE,arrowhead,3,nde,smoke_birthWeight,anticommonsense,PSEUDO,yes,no,0,1,345,344,,Novita,stop,0,0.000184175,content,0.0,700
meta-llama/llama-3.3-70b-instruct,117,19297,DR_k1,arrowhead,3,nde,smoke_birthWeight,anticommonsense,PSEUDO,yes,no,0,1,345,339,,Novita,stop,0,0.000182175,content,0.0,700
meta-llama/llama-3.3-70b-instruct,118,17697,PROSE,arrowhead,3,nde,gender_pay,anticommonsense,PSEUDO,no,no,1,1,328,224,,Novita,stop,0,0.00013388,content,0.0,700
meta-llama/llama-3.3-70b-instruct,118,17697,RAW,arrowhead,3,nde,gender_pay,anticommonsense,PSEUDO,no,no,1,1,284,286,,Novita,stop,0,0.00015274,content,0.0,700
meta-llama/llama-3.3-70b-instruct,118,17697,ORACLE,arrowhead,3,nde,gender_pay,anticommonsense,PSEUDO,no,no,1,1,343,459,,Novita,stop,0,0.000229905,content,0.0,700
meta-llama/llama-3.3-70b-instruct,118,17697,DR_k1,arrowhead,3,nde,gender_pay,anticommonsense,PSEUDO,no,no,1,1,343,264,,Novita,stop,0,0.000151905,content,0.0,700
meta-llama/llama-3.3-70b-instruct,119,9075,PROSE,arrowhead,3,ett,smoking_gene_cancer,hard,PSEUDO,yes,yes,1,1,176,291,,Novita,stop,0,0.00014016,content,0.0,700
meta-llama/llama-3.3-70b-instruct,119,9075,RAW,arrowhead,3,ett,smoking_gene_cancer,hard,PSEUDO,yes,yes,1,1,132,121,,Novita,stop,0,6.622e-05,content,0.0,700
meta-llama/llama-3.3-70b-instruct,119,9075,ORACLE,arrowhead,3,ett,smoking_gene_cancer,hard,PSEUDO,yes,yes,1,1,191,276,,Novita,stop,0,0.000136185,content,0.0,700
meta-llama/llama-3.3-70b-instruct,119,9075,DR_k1,arrowhead,3,ett,smoking_gene_cancer,hard,PSEUDO,yes,yes,1,1,191,227,,Novita,stop,0,0.000116585,content,0.0,700
meta-llama/llama-3.3-70b-instruct,140,3299,PROSE,chain,2,ate,orange_scurvy,easy,PSEUDO,no,yes,0,1,127,394,,Novita,stop,0,0.000174745,content,0.0,700
meta-llama/llama-3.3-70b-instruct,140,3299,RAW,chain,2,ate,orange_scurvy,easy,PSEUDO,no,no,1,1,104,56,,Novita,stop,0,3.644e-05,content,0.0,700
meta-llama/llama-3.3-70b-instruct,140,3299,ORACLE,chain,2,ate,orange_scurvy,easy,PSEUDO,no,no,1,1,142,325,,Novita,stop,0,0.00014917,content,0.0,700
meta-llama/llama-3.3-70b-instruct,140,3299,DR_k1,chain,2,ate,orange_scurvy,easy,PSEUDO,no,no,1,1,141,213,,Novita,stop,0,0.000104235,content,0.0,700
meta-llama/llama-3.3-70b-instruct,143,9264,PROSE,chain,2,ate,smoking_tar_cancer,hard,PSEUDO,yes,no,0,1,120,271,,Novita,stop,0,0.0001246,content,0.0,700
meta-llama/llama-3.3-70b-instruct,143,9264,RAW,chain,2,ate,smoking_tar_cancer,hard,PSEUDO,yes,no,0,1,99,41,,Novita,stop,0,2.9765e-05,content,0.0,700
meta-llama/llama-3.3-70b-instruct,143,9264,ORACLE,chain,2,ate,smoking_tar_cancer,hard,PSEUDO,yes,no,0,1,135,220,,Novita,stop,0,0.000106225,content,0.0,700
meta-llama/llama-3.3-70b-instruct,143,9264,DR_k1,chain,2,ate,smoking_tar_cancer,hard,PSEUDO,yes,no,0,1,136,192,,Novita,stop,0,9.516e-05,content,0.0,700
meta-llama/llama-3.3-70b-instruct,145,16941,PROSE,chain,2,ate,college_salary,anticommonsense,PSEUDO,yes,yes,1,1,133,247,,Novita,stop,0,0.000116755,content,0.0,700
meta-llama/llama-3.3-70b-instruct,145,16941,RAW,chain,2,ate,college_salary,anticommonsense,PSEUDO,yes,no,0,1,109,99,,Novita,stop,0,5.4315e-05,content,0.0,700
meta-llama/llama-3.3-70b-instruct,145,16941,ORACLE,chain,2,ate,college_salary,anticommonsense,PSEUDO,yes,no,0,1,148,313,,Novita,stop,0,0.00014518,content,0.0,700
meta-llama/llama-3.3-70b-instruct,145,16941,DR_k1,chain,2,ate,college_salary,anticommonsense,PSEUDO,yes,no,0,1,148,236,,Novita,stop,0,0.00011438,content,0.0,700
meta-llama/llama-3.3-70b-instruct,149,12149,PROSE,chain,2,ate,college_salary,anticommonsense,PSEUDO,no,no,1,1,127,160,,Novita,stop,0,8.1145e-05,content,0.0,700
meta-llama/llama-3.3-70b-instruct,149,12149,RAW,chain,2,ate,college_salary,anticommonsense,PSEUDO,no,no,1,1,104,251,,Novita,stop,0,0.00011444,content,0.0,700
meta-llama/llama-3.3-70b-instruct,149,12149,ORACLE,chain,2,ate,college_salary,anticommonsense,PSEUDO,no,no,1,1,142,188,,Novita,stop,0,9.437e-05,content,0.0,700
meta-llama/llama-3.3-70b-instruct,149,12149,DR_k1,chain,2,ate,college_salary,anticommonsense,PSEUDO,no,no,1,1,143,218,,Novita,stop,0,0.000106505,content,0.0,700
meta-llama/llama-3.3-70b-instruct,155,4535,PROSE,chain,2,ate,smoking_tar_cancer,easy,PSEUDO,yes,yes,1,1,121,444,,Novita,stop,0,0.000193935,content,0.0,700
meta-llama/llama-3.3-70b-instruct,155,4535,RAW,chain,2,ate,smoking_tar_cancer,easy,PSEUDO,yes,no,0,1,98,40,,Novita,stop,0,2.923e-05,content,0.0,700
meta-llama/llama-3.3-70b-instruct,155,4535,ORACLE,chain,2,ate,smoking_tar_cancer,easy,PSEUDO,yes,yes,1,1,136,316,,Novita,stop,0,0.00014476,content,0.0,700
meta-llama/llama-3.3-70b-instruct,155,4535,DR_k1,chain,2,ate,smoking_tar_cancer,easy,PSEUDO,yes,no,0,1,127,158,,Novita,stop,0,8.0345e-05,content,0.0,700
meta-llama/llama-3.3-70b-instruct,158,1676,PROSE,chain,2,ate,college_salary,easy,PSEUDO,no,no,1,1,130,144,,Novita,stop,0,7.515e-05,content,0.0,700
meta-llama/llama-3.3-70b-instruct,158,1676,RAW,chain,2,ate,college_salary,easy,PSEUDO,no,no,1,1,107,174,,Novita,stop,0,8.4045e-05,content,0.0,700
meta-llama/llama-3.3-70b-instruct,158,1676,ORACLE,chain,2,ate,college_salary,easy,PSEUDO,no,no,1,1,145,216,,Novita,stop,0,0.000105975,content,0.0,700
meta-llama/llama-3.3-70b-instruct,158,1676,DR_k1,chain,2,ate,college_salary,easy,PSEUDO,no,no,1,1,137,271,,Novita,stop,0,0.000126895,content,0.0,700
meta-llama/llama-3.3-70b-instruct,159,12078,PROSE,chain,2,ate,college_salary,anticommonsense,PSEUDO,yes,yes,1,1,131,174,,Novita,stop,0,8.7285e-05,content,0.0,700
meta-llama/llama-3.3-70b-instruct,159,12078,RAW,chain,2,ate,college_salary,anticommonsense,PSEUDO,yes,yes,1,1,109,137,,Novita,stop,0,6.9515e-05,content,0.0,700
meta-llama/llama-3.3-70b-instruct,159,12078,ORACLE,chain,2,ate,college_salary,anticommonsense,PSEUDO,yes,yes,1,1,146,256,,Novita,stop,0,0.00012211,content,0.0,700
meta-llama/llama-3.3-70b-instruct,159,12078,DR_k1,chain,2,ate,college_salary,anticommonsense,PSEUDO,yes,no,0,1,139,365,,Novita,stop,0,0.000164765,content,0.0,700
meta-llama/llama-3.3-70b-instruct,160,1716,PROSE,chain,3,ett,college_salary,easy,PSEUDO,yes,no,0,1,149,425,,Novita,stop,0,0.000190115,content,0.0,700
meta-llama/llama-3.3-70b-instruct,160,1716,RAW,chain,3,ett,college_salary,easy,PSEUDO,yes,no,0,1,125,250,,Novita,stop,0,0.000116875,content,0.0,700
meta-llama/llama-3.3-70b-instruct,160,1716,ORACLE,chain,3,ett,college_salary,easy,PSEUDO,yes,no,0,1,164,593,,Novita,stop,0,0.00025934,content,0.0,700
meta-llama/llama-3.3-70b-instruct,160,1716,DR_k1,chain,3,ett,college_salary,easy,PSEUDO,yes,no,0,1,156,297,,Novita,stop,0,0.00013986,content,0.0,700
meta-llama/llama-3.3-70b-instruct,161,4583,PROSE,chain,3,nie,smoking_tar_cancer,easy,PSEUDO,yes,yes,1,1,126,523,,Novita,stop,0,0.00022621,content,0.0,700
meta-llama/llama-3.3-70b-instruct,161,4583,RAW,chain,3,nie,smoking_tar_cancer,easy,PSEUDO,yes,no,0,1,103,46,,Novita,stop,0,3.2305e-05,content,0.0,700
meta-llama/llama-3.3-70b-instruct,161,4583,ORACLE,chain,3,nie,smoking_tar_cancer,easy,PSEUDO,yes,yes,1,1,141,339,,Novita,stop,0,0.000154635,content,0.0,700
meta-llama/llama-3.3-70b-instruct,161,4583,DR_k1,chain,3,nie,smoking_tar_cancer,easy,PSEUDO,yes,no,0,1,140,253,,Novita,stop,0,0.0001201,content,0.0,700
meta-llama/llama-3.3-70b-instruct,162,9245,PROSE,chain,3,nie,smoking_tar_cancer,hard,PSEUDO,no,no,1,1,124,411,,Novita,stop,0,0.00018114,content,0.0,700
meta-llama/llama-3.3-70b-instruct,162,9245,RAW,chain,3,nie,smoking_tar_cancer,hard,PSEUDO,no,no,1,1,101,30,,Novita,stop,0,2.5635e-05,content,0.0,700
meta-llama/llama-3.3-70b-instruct,162,9245,ORACLE,chain,3,nie,smoking_tar_cancer,hard,PSEUDO,no,no,1,1,139,140,,Novita,stop,0,7.4765e-05,content,0.0,700
meta-llama/llama-3.3-70b-instruct,162,9245,DR_k1,chain,3,nie,smoking_tar_cancer,hard,PSEUDO,no,no,1,1,139,277,,Novita,stop,0,0.000129565,content,0.0,700
meta-llama/llama-3.3-70b-instruct,163,3350,PROSE,chain,3,nie,orange_scurvy,easy,PSEUDO,yes,yes,1,1,131,641,,Novita,stop,0,0.000274085,content,0.0,700
meta-llama/llama-3.3-70b-instruct,163,3350,RAW,chain,3,nie,orange_scurvy,easy,PSEUDO,yes,no,0,1,107,112,,Novita,stop,0,5.9245e-05,content,0.0,700
meta-llama/llama-3.3-70b-instruct,163,3350,ORACLE,chain,3,nie,orange_scurvy,easy,PSEUDO,yes,no,0,1,146,279,,Novita,stop,0,0.00013131,content,0.0,700
meta-llama/llama-3.3-70b-instruct,163,3350,DR_k1,chain,3,nie,orange_scurvy,easy,PSEUDO,yes,no,0,1,138,268,,Novita,stop,0,0.00012583,content,0.0,700
meta-llama/llama-3.3-70b-instruct,164,14940,PROSE,chain,3,nie,smoking_tar_cancer,anticommonsense,PSEUDO,yes,yes,1,1,130,417,,Novita,stop,0,0.00018435,content,0.0,700
meta-llama/llama-3.3-70b-instruct,164,14940,RAW,chain,3,nie,smoking_tar_cancer,anticommonsense,PSEUDO,yes,no,0,1,108,46,,Novita,stop,0,3.298e-05,content,0.0,700
meta-llama/llama-3.3-70b-instruct,164,14940,ORACLE,chain,3,nie,smoking_tar_cancer,anticommonsense,PSEUDO,yes,yes,1,1,145,493,,Novita,stop,0,0.000216775,content,0.0,700
meta-llama/llama-3.3-70b-instruct,164,14940,DR_k1,chain,3,nie,smoking_tar_cancer,anticommonsense,PSEUDO,yes,no,0,1,145,241,,Novita,stop,0,0.000115975,content,0.0,700
meta-llama/llama-3.3-70b-instruct,165,19671,PROSE,chain,3,ett,smoking_tar_cancer,anticommonsense,PSEUDO,no,no,1,1,148,148,,Novita,stop,0,7.918e-05,content,0.0,700
meta-llama/llama-3.3-70b-instruct,165,19671,RAW,chain,3,ett,smoking_tar_cancer,anticommonsense,PSEUDO,no,yes,0,1,124,219,,Novita,stop,0,0.00010434,content,0.0,700
meta-llama/llama-3.3-70b-instruct,165,19671,ORACLE,chain,3,ett,smoking_tar_cancer,anticommonsense,PSEUDO,no,no,1,1,163,280,,Novita,stop,0,0.000134005,content,0.0,700
meta-llama/llama-3.3-70b-instruct,165,19671,DR_k1,chain,3,ett,smoking_tar_cancer,anticommonsense,PSEUDO,no,no,1,1,154,317,,Novita,stop,0,0.00014759,content,0.0,700
meta-llama/llama-3.3-70b-instruct,166,20403,PROSE,chain,3,det-counterfactual,orange_scurvy,anticommonsense,PSEUDO,no,no,1,1,125,136,,Novita,stop,0,7.1275e-05,content,0.0,700
meta-llama/llama-3.3-70b-instruct,166,20403,RAW,chain,3,det-counterfactual,orange_scurvy,anticommonsense,PSEUDO,no,yes,0,1,103,290,,Novita,stop,0,0.000129905,content,0.0,700
meta-llama/llama-3.3-70b-instruct,166,20403,ORACLE,chain,3,det-counterfactual,orange_scurvy,anticommonsense,PSEUDO,no,no,1,1,140,354,,Novita,stop,0,0.0001605,content,0.0,700
meta-llama/llama-3.3-70b-instruct,166,20403,DR_k1,chain,3,det-counterfactual,orange_scurvy,anticommonsense,PSEUDO,no,no,1,1,140,573,,Novita,stop,0,0.0002481,content,0.0,700
meta-llama/llama-3.3-70b-instruct,167,20690,PROSE,chain,3,det-counterfactual,smoking_tar_cancer,anticommonsense,PSEUDO,no,no,1,1,122,118,,Novita,stop,0,6.367e-05,content,0.0,700
meta-llama/llama-3.3-70b-instruct,167,20690,RAW,chain,3,det-counterfactual,smoking_tar_cancer,anticommonsense,PSEUDO,no,no,1,1,100,69,,Novita,stop,0,4.11e-05,content,0.0,700
meta-llama/llama-3.3-70b-instruct,167,20690,ORACLE,chain,3,det-counterfactual,smoking_tar_cancer,anticommonsense,PSEUDO,no,no,1,1,137,69,,Novita,stop,0,4.6095e-05,content,0.0,700
meta-llama/llama-3.3-70b-instruct,167,20690,DR_k1,chain,3,det-counterfactual,smoking_tar_cancer,anticommonsense,PSEUDO,no,no,1,1,136,126,,Novita,stop,0,6.876e-05,content,0.0,700
meta-llama/llama-3.3-70b-instruct,168,19659,PROSE,chain,3,nie,smoking_tar_cancer,anticommonsense,PSEUDO,no,no,1,1,135,374,,Novita,stop,0,0.000167825,content,0.0,700
meta-llama/llama-3.3-70b-instruct,168,19659,RAW,chain,3,nie,smoking_tar_cancer,anticommonsense,PSEUDO,no,no,1,1,111,152,,Novita,stop,0,7.5785e-05,content,0.0,700
meta-llama/llama-3.3-70b-instruct,168,19659,ORACLE,chain,3,nie,smoking_tar_cancer,anticommonsense,PSEUDO,no,no,1,1,150,265,,Novita,stop,0,0.00012625,content,0.0,700
meta-llama/llama-3.3-70b-instruct,168,19659,DR_k1,chain,3,nie,smoking_tar_cancer,anticommonsense,PSEUDO,no,no,1,1,141,257,,Novita,stop,0,0.000121835,content,0.0,700
meta-llama/llama-3.3-70b-instruct,169,8162,PROSE,chain,3,ett,orange_scurvy,hard,PSEUDO,no,no,1,1,139,125,,Novita,stop,0,6.8765e-05,content,0.0,700
meta-llama/llama-3.3-70b-instruct,169,8162,RAW,chain,3,ett,orange_scurvy,hard,PSEUDO,no,no,1,1,116,160,,Novita,stop,0,7.966e-05,content,0.0,700
meta-llama/llama-3.3-70b-instruct,169,8162,ORACLE,chain,3,ett,orange_scurvy,hard,PSEUDO,no,no,1,1,154,199,,Novita,stop,0,0.00010039,content,0.0,700
meta-llama/llama-3.3-70b-instruct,169,8162,DR_k1,chain,3,ett,orange_scurvy,hard,PSEUDO,no,no,1,1,153,255,,Novita,stop,0,0.000122655,content,0.0,700
meta-llama/llama-3.3-70b-instruct,170,16869,PROSE,chain,3,nie,college_salary,anticommonsense,PSEUDO,no,no,1,1,129,421,,Novita,stop,0,0.000185815,content,0.0,700
meta-llama/llama-3.3-70b-instruct,170,16869,RAW,chain,3,nie,college_salary,anticommonsense,PSEUDO,no,no,1,1,108,67,,Novita,stop,0,4.138e-05,content,0.0,700
meta-llama/llama-3.3-70b-instruct,170,16869,ORACLE,chain,3,nie,college_salary,anticommonsense,PSEUDO,no,no,1,1,144,202,,Novita,stop,0,0.00010024,content,0.0,700
meta-llama/llama-3.3-70b-instruct,170,16869,DR_k1,chain,3,nie,college_salary,anticommonsense,PSEUDO,no,no,1,1,144,249,,Novita,stop,0,0.00011904,content,0.0,700
meta-llama/llama-3.3-70b-instruct,171,12121,PROSE,chain,3,nie,college_salary,anticommonsense,PSEUDO,yes,yes,1,1,135,247,,Novita,stop,0,0.000117025,content,0.0,700
meta-llama/llama-3.3-70b-instruct,171,12121,RAW,chain,3,nie,college_salary,anticommonsense,PSEUDO,yes,no,0,1,111,124,,Novita,stop,0,6.4585e-05,content,0.0,700
meta-llama/llama-3.3-70b-instruct,171,12121,ORACLE,chain,3,nie,college_salary,anticommonsense,PSEUDO,yes,yes,1,1,150,286,,Novita,stop,0,0.00013465,content,0.0,700
meta-llama/llama-3.3-70b-instruct,171,12121,DR_k1,chain,3,nie,college_salary,anticommonsense,PSEUDO,yes,no,0,1,142,368,,Novita,stop,0,0.00016637,content,0.0,700
meta-llama/llama-3.3-70b-instruct,172,14908,PROSE,chain,3,ett,smoking_tar_cancer,anticommonsense,PSEUDO,no,no,1,1,147,138,,Novita,stop,0,7.5045e-05,content,0.0,700
meta-llama/llama-3.3-70b-instruct,172,14908,RAW,chain,3,ett,smoking_tar_cancer,anticommonsense,PSEUDO,no,no,1,1,124,128,,Novita,stop,0,6.794e-05,content,0.0,700
meta-llama/llama-3.3-70b-instruct,172,14908,ORACLE,chain,3,ett,smoking_tar_cancer,anticommonsense,PSEUDO,no,no,1,1,162,255,,Novita,stop,0,0.00012387,content,0.0,700
meta-llama/llama-3.3-70b-instruct,172,14908,DR_k1,chain,3,ett,smoking_tar_cancer,anticommonsense,PSEUDO,no,no,1,1,162,233,,Novita,stop,0,0.00011507,content,0.0,700
meta-llama/llama-3.3-70b-instruct,173,19660,PROSE,chain,3,nie,smoking_tar_cancer,anticommonsense,PSEUDO,yes,no,0,1,134,371,,Novita,stop,0,0.00016649,content,0.0,700
meta-llama/llama-3.3-70b-instruct,173,19660,RAW,chain,3,nie,smoking_tar_cancer,anticommonsense,PSEUDO,yes,no,0,1,111,63,,Novita,stop,0,4.0185e-05,content,0.0,700
meta-llama/llama-3.3-70b-instruct,173,19660,ORACLE,chain,3,nie,smoking_tar_cancer,anticommonsense,PSEUDO,yes,no,0,1,149,264,,Novita,stop,0,0.000125715,content,0.0,700
meta-llama/llama-3.3-70b-instruct,173,19660,DR_k1,chain,3,nie,smoking_tar_cancer,anticommonsense,PSEUDO,yes,no,0,1,142,389,,Novita,stop,0,0.00017477,content,0.0,700
meta-llama/llama-3.3-70b-instruct,174,19664,PROSE,chain,3,ett,smoking_tar_cancer,anticommonsense,PSEUDO,no,no,1,1,144,109,,Novita,stop,0,6.304e-05,content,0.0,700
meta-llama/llama-3.3-70b-instruct,174,19664,RAW,chain,3,ett,smoking_tar_cancer,anticommonsense,PSEUDO,no,no,1,1,121,165,,Novita,stop,0,8.2335e-05,content,0.0,700
meta-llama/llama-3.3-70b-instruct,174,19664,ORACLE,chain,3,ett,smoking_tar_cancer,anticommonsense,PSEUDO,no,no,1,1,159,325,,Novita,stop,0,0.000151465,content,0.0,700
meta-llama/llama-3.3-70b-instruct,174,19664,DR_k1,chain,3,ett,smoking_tar_cancer,anticommonsense,PSEUDO,no,no,1,1,160,364,,Novita,stop,0,0.0001672,content,0.0,700
meta-llama/llama-3.3-70b-instruct,175,1738,PROSE,chain,3,nie,college_salary,easy,PSEUDO,no,,0,0,129,700,,Novita,length,0,0.000297415,content,0.0,700
meta-llama/llama-3.3-70b-instruct,175,1738,RAW,chain,3,nie,college_salary,easy,PSEUDO,no,no,1,1,107,312,,Novita,stop,0,0.000139245,content,0.0,700
meta-llama/llama-3.3-70b-instruct,175,1738,ORACLE,chain,3,nie,college_salary,easy,PSEUDO,no,no,1,1,144,658,,Novita,stop,0,0.00028264,content,0.0,700
meta-llama/llama-3.3-70b-instruct,175,1738,DR_k1,chain,3,nie,college_salary,easy,PSEUDO,no,no,1,1,144,352,,Novita,stop,0,0.00016024,content,0.0,700
meta-llama/llama-3.3-70b-instruct,176,16853,PROSE,chain,3,ett,college_salary,anticommonsense,PSEUDO,yes,yes,1,1,142,134,,Novita,stop,0,7.277e-05,content,0.0,700
meta-llama/llama-3.3-70b-instruct,176,16853,RAW,chain,3,ett,college_salary,anticommonsense,PSEUDO,yes,yes,1,1,121,149,,Novita,stop,0,7.5935e-05,content,0.0,700
meta-llama/llama-3.3-70b-instruct,176,16853,ORACLE,chain,3,ett,college_salary,anticommonsense,PSEUDO,yes,,0,0,157,700,,Novita,length,0,0.000301195,content,0.0,700
meta-llama/llama-3.3-70b-instruct,176,16853,DR_k1,chain,3,ett,college_salary,anticommonsense,PSEUDO,yes,yes,1,1,157,237,,Novita,stop,0,0.000115995,content,0.0,700
meta-llama/llama-3.3-70b-instruct,177,20396,PROSE,chain,3,det-counterfactual,orange_scurvy,anticommonsense,PSEUDO,yes,yes,1,1,126,276,,Novita,stop,0,0.00012741,content,0.0,700
meta-llama/llama-3.3-70b-instruct,177,20396,RAW,chain,3,det-counterfactual,orange_scurvy,anticommonsense,PSEUDO,yes,no,0,1,103,561,,Novita,stop,0,0.000238305,content,0.0,700
meta-llama/llama-3.3-70b-instruct,177,20396,ORACLE,chain,3,det-counterfactual,orange_scurvy,anticommonsense,PSEUDO,yes,yes,1,1,141,363,,Novita,stop,0,0.000164235,content,0.0,700
meta-llama/llama-3.3-70b-instruct,177,20396,DR_k1,chain,3,det-counterfactual,orange_scurvy,anticommonsense,PSEUDO,yes,yes,1,1,140,222,,Novita,stop,0,0.0001077,content,0.0,700
meta-llama/llama-3.3-70b-instruct,178,18584,PROSE,chain,3,nie,orange_scurvy,anticommonsense,PSEUDO,no,,0,0,131,700,,Novita,length,0,0.000297685,content,0.0,700
meta-llama/llama-3.3-70b-instruct,178,18584,RAW,chain,3,nie,orange_scurvy,anticommonsense,PSEUDO,no,no,1,1,107,102,,Novita,stop,0,5.5245e-05,content,0.0,700
meta-llama/llama-3.3-70b-instruct,178,18584,ORACLE,chain,3,nie,orange_scurvy,anticommonsense,PSEUDO,no,no,1,1,146,355,,Novita,stop,0,0.00016171,content,0.0,700
meta-llama/llama-3.3-70b-instruct,178,18584,DR_k1,chain,3,nie,orange_scurvy,anticommonsense,PSEUDO,no,no,1,1,146,349,,Novita,stop,0,0.00015931,content,0.0,700
meta-llama/llama-3.3-70b-instruct,179,16837,PROSE,chain,3,ett,college_salary,anticommonsense,PSEUDO,no,no,1,1,144,211,,Novita,stop,0,0.00010384,content,0.0,700
meta-llama/llama-3.3-70b-instruct,179,16837,RAW,chain,3,ett,college_salary,anticommonsense,PSEUDO,no,no,1,1,121,129,,Novita,stop,0,6.7935e-05,content,0.0,700
meta-llama/llama-3.3-70b-instruct,179,16837,ORACLE,chain,3,ett,college_salary,anticommonsense,PSEUDO,no,no,1,1,159,396,,Novita,stop,0,0.000179865,content,0.0,700
meta-llama/llama-3.3-70b-instruct,179,16837,DR_k1,chain,3,ett,college_salary,anticommonsense,PSEUDO,no,no,1,1,160,298,,Novita,stop,0,0.0001408,content,0.0,700
meta-llama/llama-3.3-70b-instruct,180,13202,PROSE,collision,1,exp_away,man_in_relationship,anticommonsense,PSEUDO,no,,0,0,198,700,,Novita,length,0,0.00030673,content,0.0,700
meta-llama/llama-3.3-70b-instruct,180,13202,RAW,collision,1,exp_away,man_in_relationship,anticommonsense,PSEUDO,no,no,1,1,174,462,,Novita,stop,0,0.00020829,content,0.0,700
meta-llama/llama-3.3-70b-instruct,180,13202,ORACLE,collision,1,exp_away,man_in_relationship,anticommonsense,PSEUDO,no,no,1,1,213,651,,Novita,stop,0,0.000289155,content,0.0,700
meta-llama/llama-3.3-70b-instruct,180,13202,DR_k1,collision,1,exp_away,man_in_relationship,anticommonsense,PSEUDO,no,yes,0,1,212,529,,Novita,stop,0,0.00024022,content,0.0,700
meta-llama/llama-3.3-70b-instruct,183,12365,PROSE,collision,1,exp_away,elite_students,anticommonsense,PSEUDO,yes,no,0,1,207,350,,Novita,stop,0,0.000167945,content,0.0,700
meta-llama/llama-3.3-70b-instruct,183,12365,RAW,collision,1,exp_away,elite_students,anticommonsense,PSEUDO,yes,no,0,1,183,317,,Novita,stop,0,0.000151505,content,0.0,700
meta-llama/llama-3.3-70b-instruct,183,12365,ORACLE,collision,1,exp_away,elite_students,anticommonsense,PSEUDO,yes,yes,1,1,222,598,,Novita,stop,0,0.00026917,content,0.0,700
meta-llama/llama-3.3-70b-instruct,183,12365,DR_k1,collision,1,exp_away,elite_students,anticommonsense,PSEUDO,yes,no,0,1,221,671,,Novita,stop,0,0.000298235,content,0.0,700
meta-llama/llama-3.3-70b-instruct,184,17905,PROSE,collision,1,exp_away,man_in_relationship,anticommonsense,PSEUDO,no,no,1,1,202,390,,Novita,stop,0,0.00018327,content,0.0,700
meta-llama/llama-3.3-70b-instruct,184,17905,RAW,collision,1,exp_away,man_in_relationship,anticommonsense,PSEUDO,no,no,1,1,180,359,,Novita,stop,0,0.0001679,content,0.0,700
meta-llama/llama-3.3-70b-instruct,184,17905,ORACLE,collision,1,exp_away,man_in_relationship,anticommonsense,PSEUDO,no,no,1,1,217,629,,Novita,stop,0,0.000280895,content,0.0,700
meta-llama/llama-3.3-70b-instruct,184,17905,DR_k1,collision,1,exp_away,man_in_relationship,anticommonsense,PSEUDO,no,no,1,1,217,499,,Novita,stop,0,0.000228895,content,0.0,700
meta-llama/llama-3.3-70b-instruct,185,1926,PROSE,collision,1,exp_away,elite_students,easy,PSEUDO,no,no,1,1,207,147,,Novita,stop,0,8.6745e-05,content,0.0,700
meta-llama/llama-3.3-70b-instruct,185,1926,RAW,collision,1,exp_away,elite_students,easy,PSEUDO,no,no,1,1,183,95,,Novita,stop,0,6.2705e-05,content,0.0,700
meta-llama/llama-3.3-70b-instruct,185,1926,ORACLE,collision,1,exp_away,elite_students,easy,PSEUDO,no,no,1,1,222,176,,Novita,stop,0,0.00010037,content,0.0,700
meta-llama/llama-3.3-70b-instruct,185,1926,DR_k1,collision,1,exp_away,elite_students,easy,PSEUDO,no,no,1,1,221,176,,Novita,stop,0,0.000100235,content,0.0,700
meta-llama/llama-3.3-70b-instruct,186,16715,PROSE,collision,1,exp_away,celebrity,anticommonsense,PSEUDO,no,no,1,1,196,293,,Novita,stop,0,0.00014366,content,0.0,700
meta-llama/llama-3.3-70b-instruct,186,16715,RAW,collision,1,exp_away,celebrity,anticommonsense,PSEUDO,no,no,1,1,172,490,,Novita,stop,0,0.00021922,content,0.0,700
meta-llama/llama-3.3-70b-instruct,186,16715,ORACLE,collision,1,exp_away,celebrity,anticommonsense,PSEUDO,no,no,1,1,211,485,,Novita,stop,0,0.000222485,content,0.0,700
meta-llama/llama-3.3-70b-instruct,186,16715,DR_k1,collision,1,exp_away,celebrity,anticommonsense,PSEUDO,no,no,1,1,211,594,,Novita,stop,0,0.000266085,content,0.0,700
meta-llama/llama-3.3-70b-instruct,187,17843,PROSE,collision,1,exp_away,hospitalization,anticommonsense,PSEUDO,yes,no,0,1,199,297,,Novita,stop,0,0.000145665,content,0.0,700
meta-llama/llama-3.3-70b-instruct,187,17843,RAW,collision,1,exp_away,hospitalization,anticommonsense,PSEUDO,yes,no,0,1,177,354,,Novita,stop,0,0.000165495,content,0.0,700
meta-llama/llama-3.3-70b-instruct,187,17843,ORACLE,collision,1,exp_away,hospitalization,anticommonsense,PSEUDO,yes,no,0,1,214,539,,Novita,stop,0,0.00024449,content,0.0,700
meta-llama/llama-3.3-70b-instruct,187,17843,DR_k1,collision,1,exp_away,hospitalization,anticommonsense,PSEUDO,yes,no,0,1,215,586,,Novita,stop,0,0.000263425,content,0.0,700
meta-llama/llama-3.3-70b-instruct,188,1567,PROSE,collision,1,exp_away,celebrity,easy,PSEUDO,yes,no,0,1,197,460,,Novita,stop,0,0.000210595,content,0.0,700
meta-llama/llama-3.3-70b-instruct,188,1567,RAW,collision,1,exp_away,celebrity,easy,PSEUDO,yes,no,0,1,173,539,,Novita,stop,0,0.000238955,content,0.0,700
meta-llama/llama-3.3-70b-instruct,188,1567,ORACLE,collision,1,exp_away,celebrity,easy,PSEUDO,yes,no,0,1,212,495,,Novita,stop,0,0.00022662,content,0.0,700
meta-llama/llama-3.3-70b-instruct,188,1567,DR_k1,collision,1,exp_away,celebrity,easy,PSEUDO,yes,no,0,1,212,518,,Novita,stop,0,0.00023582,content,0.0,700
meta-llama/llama-3.3-70b-instruct,190,6696,PROSE,collision,1,exp_away,elite_students,hard,PSEUDO,no,no,1,1,208,161,,Novita,stop,0,9.248e-05,content,0.0,700
meta-llama/llama-3.3-70b-instruct,190,6696,RAW,collision,1,exp_away,elite_students,hard,PSEUDO,no,no,1,1,185,128,,Novita,stop,0,7.6175e-05,content,0.0,700
meta-llama/llama-3.3-70b-instruct,190,6696,ORACLE,collision,1,exp_away,elite_students,hard,PSEUDO,no,no,1,1,223,157,,Novita,stop,0,9.2905e-05,content,0.0,700
meta-llama/llama-3.3-70b-instruct,190,6696,DR_k1,collision,1,exp_away,elite_students,hard,PSEUDO,no,no,1,1,223,171,,Novita,stop,0,9.8505e-05,content,0.0,700
meta-llama/llama-3.3-70b-instruct,195,11969,PROSE,collision,1,exp_away,celebrity,anticommonsense,PSEUDO,no,no,1,1,197,456,,Novita,stop,0,0.000208995,content,0.0,700
meta-llama/llama-3.3-70b-instruct,195,11969,RAW,collision,1,exp_away,celebrity,anticommonsense,PSEUDO,no,no,1,1,173,388,,Novita,stop,0,0.000178555,content,0.0,700
meta-llama/llama-3.3-70b-instruct,195,11969,ORACLE,collision,1,exp_away,celebrity,anticommonsense,PSEUDO,no,no,1,1,212,467,,Novita,stop,0,0.00021542,content,0.0,700
meta-llama/llama-3.3-70b-instruct,195,11969,DR_k1,collision,1,exp_away,celebrity,anticommonsense,PSEUDO,no,no,1,1,212,526,,Novita,stop,0,0.00023902,content,0.0,700
meta-llama/llama-3.3-70b-instruct,197,6351,PROSE,collision,1,exp_away,celebrity,hard,PSEUDO,no,no,1,1,195,484,,Novita,stop,0,0.000219925,content,0.0,700
meta-llama/llama-3.3-70b-instruct,197,6351,RAW,collision,1,exp_away,celebrity,hard,PSEUDO,no,no,1,1,173,299,,Novita,stop,0,0.000142955,content,0.0,700
meta-llama/llama-3.3-70b-instruct,197,6351,ORACLE,collision,1,exp_away,celebrity,hard,PSEUDO,no,no,1,1,210,523,,Novita,stop,0,0.00023755,content,0.0,700
meta-llama/llama-3.3-70b-instruct,197,6351,DR_k1,collision,1,exp_away,celebrity,hard,PSEUDO,no,no,1,1,211,492,,Novita,stop,0,0.000225285,content,0.0,700
meta-llama/llama-3.3-70b-instruct,198,6323,PROSE,collision,1,exp_away,celebrity,hard,PSEUDO,no,no,1,1,192,333,,Novita,stop,0,0.00015912,content,0.0,700
meta-llama/llama-3.3-70b-instruct,198,6323,RAW,collision,1,exp_away,celebrity,hard,PSEUDO,no,no,1,1,171,461,,Novita,stop,0,0.000207485,content,0.0,700
meta-llama/llama-3.3-70b-instruct,198,6323,ORACLE,collision,1,exp_away,celebrity,hard,PSEUDO,no,no,1,1,207,502,,Novita,stop,0,0.000228745,content,0.0,700
meta-llama/llama-3.3-70b-instruct,198,6323,DR_k1,collision,1,exp_away,celebrity,hard,PSEUDO,no,no,1,1,208,554,,Novita,stop,0,0.00024968,content,0.0,700
meta-llama/llama-3.3-70b-instruct,200,6295,PROSE,collision,2,collider_bias,celebrity,hard,PSEUDO,no,no,1,1,125,129,,Novita,stop,0,6.8475e-05,content,0.0,700
meta-llama/llama-3.3-70b-instruct,200,6295,RAW,collision,2,collider_bias,celebrity,hard,PSEUDO,no,no,1,1,101,134,,Novita,stop,0,6.7235e-05,content,0.0,700
meta-llama/llama-3.3-70b-instruct,200,6295,ORACLE,collision,2,collider_bias,celebrity,hard,PSEUDO,no,no,1,1,140,116,,Novita,stop,0,6.53e-05,content,0.0,700
meta-llama/llama-3.3-70b-instruct,200,6295,DR_k1,collision,2,collider_bias,celebrity,hard,PSEUDO,no,no,1,1,139,129,,Novita,stop,0,7.0365e-05,content,0.0,700
meta-llama/llama-3.3-70b-instruct,203,17087,PROSE,collision,2,collider_bias,elite_students,anticommonsense,PSEUDO,no,no,1,1,129,127,,Novita,stop,0,6.8215e-05,content,0.0,700
meta-llama/llama-3.3-70b-instruct,203,17087,RAW,collision,2,collider_bias,elite_students,anticommonsense,PSEUDO,no,no,1,1,105,96,,Novita,stop,0,5.2575e-05,content,0.0,700
meta-llama/llama-3.3-70b-instruct,203,17087,ORACLE,collision,2,collider_bias,elite_students,anticommonsense,PSEUDO,no,no,1,1,144,139,,Novita,stop,0,7.504e-05,content,0.0,700
meta-llama/llama-3.3-70b-instruct,203,17087,DR_k1,collision,2,collider_bias,elite_students,anticommonsense,PSEUDO,no,no,1,1,144,148,,Novita,stop,0,7.864e-05,content,0.0,700
meta-llama/llama-3.3-70b-instruct,204,12300,PROSE,collision,2,collider_bias,elite_students,anticommonsense,PSEUDO,no,no,1,1,129,100,,Novita,stop,0,5.7415e-05,content,0.0,700
meta-llama/llama-3.3-70b-instruct,204,12300,RAW,collision,2,collider_bias,elite_students,anticommonsense,PSEUDO,no,no,1,1,105,92,,Novita,stop,0,5.0975e-05,content,0.0,700
meta-llama/llama-3.3-70b-instruct,204,12300,ORACLE,collision,2,collider_bias,elite_students,anticommonsense,PSEUDO,no,no,1,1,144,126,,Novita,stop,0,6.984e-05,content,0.0,700
meta-llama/llama-3.3-70b-instruct,204,12300,DR_k1,collision,2,collider_bias,elite_students,anticommonsense,PSEUDO,no,yes,0,1,144,134,,Novita,stop,0,7.304e-05,content,0.0,700
meta-llama/llama-3.3-70b-instruct,205,7518,PROSE,collision,2,collider_bias,man_in_relationship,hard,PSEUDO,no,no,1,1,123,138,,Novita,stop,0,7.1805e-05,content,0.0,700
meta-llama/llama-3.3-70b-instruct,205,7518,RAW,collision,2,collider_bias,man_in_relationship,hard,PSEUDO,no,no,1,1,101,88,,Novita,stop,0,4.8835e-05,content,0.0,700
meta-llama/llama-3.3-70b-instruct,205,7518,ORACLE,collision,2,collider_bias,man_in_relationship,hard,PSEUDO,no,no,1,1,138,200,,Novita,stop,0,9.863e-05,content,0.0,700
meta-llama/llama-3.3-70b-instruct,205,7518,DR_k1,collision,2,collider_bias,man_in_relationship,hard,PSEUDO,no,no,1,1,139,114,,Novita,stop,0,6.4365e-05,content,0.0,700
meta-llama/llama-3.3-70b-instruct,206,13146,PROSE,collision,2,collider_bias,man_in_relationship,anticommonsense,PSEUDO,no,no,1,1,129,153,,Novita,stop,0,7.8615e-05,content,0.0,700
meta-llama/llama-3.3-70b-instruct,206,13146,RAW,collision,2,collider_bias,man_in_relationship,anticommonsense,PSEUDO,no,no,1,1,105,132,,Novita,stop,0,6.6975e-05,content,0.0,700
meta-llama/llama-3.3-70b-instruct,206,13146,ORACLE,collision,2,collider_bias,man_in_relationship,anticommonsense,PSEUDO,no,no,1,1,144,133,,Novita,stop,0,7.264e-05,content,0.0,700
meta-llama/llama-3.3-70b-instruct,206,13146,DR_k1,collision,2,collider_bias,man_in_relationship,anticommonsense,PSEUDO,no,no,1,1,144,152,,Novita,stop,0,8.024e-05,content,0.0,700
meta-llama/llama-3.3-70b-instruct,210,7576,PROSE,collision,2,collider_bias,man_in_relationship,hard,PSEUDO,yes,no,0,1,127,190,,Novita,stop,0,9.3145e-05,content,0.0,700
meta-llama/llama-3.3-70b-instruct,210,7576,RAW,collision,2,collider_bias,man_in_relationship,hard,PSEUDO,yes,no,0,1,103,140,,Novita,stop,0,6.9905e-05,content,0.0,700
meta-llama/llama-3.3-70b-instruct,210,7576,ORACLE,collision,2,collider_bias,man_in_relationship,hard,PSEUDO,yes,no,0,1,142,264,,Novita,stop,0,0.00012477,content,0.0,700
meta-llama/llama-3.3-70b-instruct,210,7576,DR_k1,collision,2,collider_bias,man_in_relationship,hard,PSEUDO,yes,no,0,1,141,264,,Novita,stop,0,0.000124635,content,0.0,700
meta-llama/llama-3.3-70b-instruct,212,17146,PROSE,collision,2,collider_bias,elite_students,anticommonsense,PSEUDO,no,no,1,1,131,138,,Novita,stop,0,7.2885e-05,content,0.0,700
meta-llama/llama-3.3-70b-instruct,212,17146,RAW,collision,2,collider_bias,elite_students,anticommonsense,PSEUDO,no,no,1,1,107,111,,Novita,stop,0,5.8845e-05,content,0.0,700
meta-llama/llama-3.3-70b-instruct,212,17146,ORACLE,collision,2,collider_bias,elite_students,anticommonsense,PSEUDO,no,no,1,1,146,167,,Novita,stop,0,8.651e-05,content,0.0,700
meta-llama/llama-3.3-70b-instruct,212,17146,DR_k1,collision,2,collider_bias,elite_students,anticommonsense,PSEUDO,no,no,1,1,146,203,,Novita,stop,0,0.00010091,content,0.0,700
meta-llama/llama-3.3-70b-instruct,214,2676,PROSE,collision,2,collider_bias,hospitalization,easy,PSEUDO,yes,yes,1,1,125,270,,Novita,stop,0,0.000124875,content,0.0,700
meta-llama/llama-3.3-70b-instruct,214,2676,RAW,collision,2,collider_bias,hospitalization,easy,PSEUDO,yes,no,0,1,103,113,,Novita,stop,0,5.9105e-05,content,0.0,700
meta-llama/llama-3.3-70b-instruct,214,2676,ORACLE,collision,2,collider_bias,hospitalization,easy,PSEUDO,yes,yes,1,1,140,148,,Novita,stop,0,7.81e-05,content,0.0,700
meta-llama/llama-3.3-70b-instruct,214,2676,DR_k1,collision,2,collider_bias,hospitalization,easy,PSEUDO,yes,no,0,1,140,160,,Novita,stop,0,8.29e-05,content,0.0,700
meta-llama/llama-3.3-70b-instruct,218,6688,PROSE,collision,2,collider_bias,elite_students,hard,PSEUDO,yes,no,0,1,129,315,,Novita,stop,0,0.000143415,content,0.0,700
meta-llama/llama-3.3-70b-instruct,218,6688,RAW,collision,2,collider_bias,elite_students,hard,PSEUDO,yes,no,0,1,105,110,,Novita,stop,0,5.8175e-05,content,0.0,700
meta-llama/llama-3.3-70b-instruct,218,6688,ORACLE,collision,2,collider_bias,elite_students,hard,PSEUDO,yes,yes,1,1,144,164,,Novita,stop,0,8.504e-05,content,0.0,700
meta-llama/llama-3.3-70b-instruct,218,6688,DR_k1,collision,2,collider_bias,elite_students,hard,PSEUDO,yes,no,0,1,143,228,,Novita,stop,0,0.000110505,content,0.0,700
meta-llama/llama-3.3-70b-instruct,219,17131,PROSE,collision,2,collider_bias,elite_students,anticommonsense,PSEUDO,yes,yes,1,1,129,130,,Novita,stop,0,6.9415e-05,content,0.0,700
meta-llama/llama-3.3-70b-instruct,219,17131,RAW,collision,2,collider_bias,elite_students,anticommonsense,PSEUDO,yes,no,0,1,107,117,,Novita,stop,0,6.1245e-05,content,0.0,700
meta-llama/llama-3.3-70b-instruct,219,17131,ORACLE,collision,2,collider_bias,elite_students,anticommonsense,PSEUDO,yes,yes,1,1,144,169,,Novita,stop,0,8.704e-05,content,0.0,700
meta-llama/llama-3.3-70b-instruct,219,17131,DR_k1,collision,2,collider_bias,elite_students,anticommonsense,PSEUDO,yes,no,0,1,144,174,,Novita,stop,0,8.904e-05,content,0.0,700
meta-llama/llama-3.3-70b-instruct,240,18810,PROSE,confounding,2,ate,simpson_drug,anticommonsense,PSEUDO,no,no,1,1,193,211,,Novita,stop,0,0.000110455,content,0.0,700
meta-llama/llama-3.3-70b-instruct,240,18810,RAW,confounding,2,ate,simpson_drug,anticommonsense,PSEUDO,no,no,1,1,167,247,,Novita,stop,0,0.000121345,content,0.0,700
meta-llama/llama-3.3-70b-instruct,240,18810,ORACLE,confounding,2,ate,simpson_drug,anticommonsense,PSEUDO,no,no,1,1,208,265,,Novita,stop,0,0.00013408,content,0.0,700
meta-llama/llama-3.3-70b-instruct,240,18810,DR_k1,confounding,2,ate,simpson_drug,anticommonsense,PSEUDO,no,no,1,1,209,537,,Novita,stop,0,0.000243015,content,0.0,700
meta-llama/llama-3.3-70b-instruct,241,8349,PROSE,confounding,2,ate,simpson_drug,hard,PSEUDO,yes,yes,1,1,199,232,,Novita,stop,0,0.000119665,content,0.0,700
meta-llama/llama-3.3-70b-instruct,241,8349,RAW,confounding,2,ate,simpson_drug,hard,PSEUDO,yes,yes,1,1,172,250,,Novita,stop,0,0.00012322,content,0.0,700
meta-llama/llama-3.3-70b-instruct,241,8349,ORACLE,confounding,2,ate,simpson_drug,hard,PSEUDO,yes,yes,1,1,214,303,,Novita,stop,0,0.00015009,content,0.0,700
meta-llama/llama-3.3-70b-instruct,241,8349,DR_k1,confounding,2,ate,simpson_drug,hard,PSEUDO,yes,yes,1,1,213,309,,Novita,stop,0,0.000152355,content,0.0,700
meta-llama/llama-3.3-70b-instruct,246,8686,PROSE,confounding,2,ate,simpson_vaccine,hard,PSEUDO,no,no,1,1,188,257,,Novita,stop,0,0.00012818,content,0.0,700
meta-llama/llama-3.3-70b-instruct,246,8686,RAW,confounding,2,ate,simpson_vaccine,hard,PSEUDO,no,no,1,1,163,406,,Novita,stop,0,0.000184405,content,0.0,700
meta-llama/llama-3.3-70b-instruct,246,8686,ORACLE,confounding,2,ate,simpson_vaccine,hard,PSEUDO,no,no,1,1,203,316,,Novita,stop,0,0.000153805,content,0.0,700
meta-llama/llama-3.3-70b-instruct,246,8686,DR_k1,confounding,2,ate,simpson_vaccine,hard,PSEUDO,no,no,1,1,203,379,,Novita,stop,0,0.000179005,content,0.0,700
meta-llama/llama-3.3-70b-instruct,247,18761,PROSE,confounding,2,ate,simpson_drug,anticommonsense,PSEUDO,yes,yes,1,1,187,241,,Novita,stop,0,0.000121645,content,0.0,700
meta-llama/llama-3.3-70b-instruct,247,18761,RAW,confounding,2,ate,simpson_drug,anticommonsense,PSEUDO,yes,yes,1,1,162,254,,Novita,stop,0,0.00012347,content,0.0,700
meta-llama/llama-3.3-70b-instruct,247,18761,ORACLE,confounding,2,ate,simpson_drug,anticommonsense,PSEUDO,yes,yes,1,1,202,278,,Novita,stop,0,0.00013847,content,0.0,700
meta-llama/llama-3.3-70b-instruct,247,18761,DR_k1,confounding,2,ate,simpson_drug,anticommonsense,PSEUDO,yes,yes,1,1,202,360,,Novita,stop,0,0.00017127,content,0.0,700
meta-llama/llama-3.3-70b-instruct,250,3613,PROSE,confounding,2,ate,simpson_drug,easy,PSEUDO,yes,yes,1,1,201,182,,Novita,stop,0,9.9935e-05,content,0.0,700
meta-llama/llama-3.3-70b-instruct,250,3613,RAW,confounding,2,ate,simpson_drug,easy,PSEUDO,yes,yes,1,1,173,239,,Novita,stop,0,0.000118955,content,0.0,700
meta-llama/llama-3.3-70b-instruct,250,3613,ORACLE,confounding,2,ate,simpson_drug,easy,PSEUDO,yes,yes,1,1,216,342,,Novita,stop,0,0.00016596,content,0.0,700
meta-llama/llama-3.3-70b-instruct,250,3613,DR_k1,confounding,2,ate,simpson_drug,easy,PSEUDO,yes,yes,1,1,216,333,,Novita,stop,0,0.00016236,content,0.0,700
meta-llama/llama-3.3-70b-instruct,251,14018,PROSE,confounding,2,ate,simpson_drug,anticommonsense,PSEUDO,no,no,1,1,196,373,,Novita,stop,0,0.00017566,content,0.0,700
meta-llama/llama-3.3-70b-instruct,251,14018,RAW,confounding,2,ate,simpson_drug,anticommonsense,PSEUDO,no,no,1,1,170,154,,Novita,stop,0,8.455e-05,content,0.0,700
meta-llama/llama-3.3-70b-instruct,251,14018,ORACLE,confounding,2,ate,simpson_drug,anticommonsense,PSEUDO,no,no,1,1,211,385,,Novita,stop,0,0.000182485,content,0.0,700
meta-llama/llama-3.3-70b-instruct,251,14018,DR_k1,confounding,2,ate,simpson_drug,anticommonsense,PSEUDO,no,no,1,1,212,489,,Novita,stop,0,0.00022422,content,0.0,700
meta-llama/llama-3.3-70b-instruct,253,8414,PROSE,confounding,2,ate,simpson_drug,hard,PSEUDO,no,no,1,1,195,227,,Novita,stop,0,0.000117125,content,0.0,700
meta-llama/llama-3.3-70b-instruct,253,8414,RAW,confounding,2,ate,simpson_drug,hard,PSEUDO,no,no,1,1,168,361,,Novita,stop,0,0.00016708,content,0.0,700
meta-llama/llama-3.3-70b-instruct,253,8414,ORACLE,confounding,2,ate,simpson_drug,hard,PSEUDO,no,no,1,1,210,358,,Novita,stop,0,0.00017155,content,0.0,700
meta-llama/llama-3.3-70b-instruct,253,8414,DR_k1,confounding,2,ate,simpson_drug,hard,PSEUDO,no,no,1,1,211,398,,Novita,stop,0,0.000187685,content,0.0,700
meta-llama/llama-3.3-70b-instruct,257,8487,PROSE,confounding,2,ate,simpson_hospital,hard,PSEUDO,yes,yes,1,1,203,164,,Novita,stop,0,9.3005e-05,content,0.0,700
meta-llama/llama-3.3-70b-instruct,257,8487,RAW,confounding,2,ate,simpson_hospital,hard,PSEUDO,yes,yes,1,1,175,190,,Novita,stop,0,9.9625e-05,content,0.0,700
meta-llama/llama-3.3-70b-instruct,257,8487,ORACLE,confounding,2,ate,simpson_hospital,hard,PSEUDO,yes,yes,1,1,218,267,,Novita,stop,0,0.00013623,content,0.0,700
meta-llama/llama-3.3-70b-instruct,257,8487,DR_k1,confounding,2,ate,simpson_hospital,hard,PSEUDO,yes,yes,1,1,218,291,,Novita,stop,0,0.00014583,content,0.0,700
meta-llama/llama-3.3-70b-instruct,258,13998,PROSE,confounding,2,ate,simpson_drug,anticommonsense,PSEUDO,no,no,1,1,192,553,,Novita,stop,0,0.00024712,content,0.0,700
meta-llama/llama-3.3-70b-instruct,258,13998,RAW,confounding,2,ate,simpson_drug,anticommonsense,PSEUDO,no,no,1,1,166,188,,Novita,stop,0,9.761e-05,content,0.0,700
meta-llama/llama-3.3-70b-instruct,258,13998,ORACLE,confounding,2,ate,simpson_drug,anticommonsense,PSEUDO,no,no,1,1,207,470,,Novita,stop,0,0.000215945,content,0.0,700
meta-llama/llama-3.3-70b-instruct,258,13998,DR_k1,confounding,2,ate,simpson_drug,anticommonsense,PSEUDO,no,no,1,1,207,451,,Novita,stop,0,0.000208345,content,0.0,700
meta-llama/llama-3.3-70b-instruct,260,18887,PROSE,confounding,3,ett,simpson_hospital,anticommonsense,PSEUDO,no,no,1,1,221,300,,Novita,stop,0,0.000149835,content,0.0,700
meta-llama/llama-3.3-70b-instruct,260,18887,RAW,confounding,3,ett,simpson_hospital,anticommonsense,PSEUDO,no,no,1,1,193,297,,Novita,stop,0,0.000144855,content,0.0,700
meta-llama/llama-3.3-70b-instruct,260,18887,ORACLE,confounding,3,ett,simpson_hospital,anticommonsense,PSEUDO,no,no,1,1,236,480,,Novita,stop,0,0.00022386,content,0.0,700
meta-llama/llama-3.3-70b-instruct,260,18887,DR_k1,confounding,3,ett,simpson_hospital,anticommonsense,PSEUDO,no,yes,0,1,236,368,,Novita,stop,0,0.00017906,content,0.0,700
meta-llama/llama-3.3-70b-instruct,261,20493,PROSE,confounding,3,det-counterfactual,simpson_hospital,anticommonsense,PSEUDO,yes,no,0,1,135,319,,Novita,stop,0,0.000145825,content,0.0,700
meta-llama/llama-3.3-70b-instruct,261,20493,RAW,confounding,3,det-counterfactual,simpson_hospital,anticommonsense,PSEUDO,yes,yes,1,1,108,300,,Novita,stop,0,0.00013458,content,0.0,700
meta-llama/llama-3.3-70b-instruct,261,20493,ORACLE,confounding,3,det-counterfactual,simpson_hospital,anticommonsense,PSEUDO,yes,no,0,1,150,269,,Novita,stop,0,0.00012785,content,0.0,700
meta-llama/llama-3.3-70b-instruct,261,20493,DR_k1,confounding,3,det-counterfactual,simpson_hospital,anticommonsense,PSEUDO,yes,yes,1,1,149,525,,Novita,stop,0,0.000230115,content,0.0,700
meta-llama/llama-3.3-70b-instruct,262,10063,PROSE,confounding,3,det-counterfactual,simpson_drug,commonsense,PSEUDO,no,no,1,1,127,350,,Novita,stop,0,0.000157145,content,0.0,700
meta-llama/llama-3.3-70b-instruct,262,10063,RAW,confounding,3,det-counterfactual,simpson_drug,commonsense,PSEUDO,no,no,1,1,103,202,,Novita,stop,0,9.4705e-05,content,0.0,700
meta-llama/llama-3.3-70b-instruct,262,10063,ORACLE,confounding,3,det-counterfactual,simpson_drug,commonsense,PSEUDO,no,yes,0,1,142,406,,Novita,stop,0,0.00018157,content,0.0,700
meta-llama/llama-3.3-70b-instruct,262,10063,DR_k1,confounding,3,det-counterfactual,simpson_drug,commonsense,PSEUDO,no,yes,0,1,142,271,,Novita,stop,0,0.00012757,content,0.0,700
meta-llama/llama-3.3-70b-instruct,263,8718,PROSE,confounding,3,ett,simpson_vaccine,hard,PSEUDO,no,yes,0,1,212,389,,Novita,stop,0,0.00018422,content,0.0,700
meta-llama/llama-3.3-70b-instruct,263,8718,RAW,confounding,3,ett,simpson_vaccine,hard,PSEUDO,no,,0,0,184,700,,Novita,length,0,0.00030484,content,0.0,700
meta-llama/llama-3.3-70b-instruct,263,8718,ORACLE,confounding,3,ett,simpson_vaccine,hard,PSEUDO,no,,0,0,227,700,,Novita,length,0,0.000310645,content,0.0,700
meta-llama/llama-3.3-70b-instruct,263,8718,DR_k1,confounding,3,ett,simpson_vaccine,hard,PSEUDO,no,,0,0,227,700,,Novita,length,0,0.000310645,content,0.0,700
meta-llama/llama-3.3-70b-instruct,264,10151,PROSE,confounding,3,det-counterfactual,simpson_kidneystone,commonsense,PSEUDO,yes,yes,1,1,141,363,,Novita,stop,0,0.000164235,content,0.0,700
meta-llama/llama-3.3-70b-instruct,264,10151,RAW,confounding,3,det-counterfactual,simpson_kidneystone,commonsense,PSEUDO,yes,no,0,1,113,165,,Novita,stop,0,8.1255e-05,content,0.0,700
meta-llama/llama-3.3-70b-instruct,264,10151,ORACLE,confounding,3,det-counterfactual,simpson_kidneystone,commonsense,PSEUDO,yes,yes,1,1,156,312,,Novita,stop,0,0.00014586,content,0.0,700
meta-llama/llama-3.3-70b-instruct,264,10151,DR_k1,confounding,3,det-counterfactual,simpson_kidneystone,commonsense,PSEUDO,yes,no,0,1,156,528,,Novita,stop,0,0.00023226,content,0.0,700
meta-llama/llama-3.3-70b-instruct,265,10167,PROSE,confounding,3,det-counterfactual,simpson_vaccine,commonsense,PSEUDO,yes,yes,1,1,141,202,,Novita,stop,0,9.9835e-05,content,0.0,700
meta-llama/llama-3.3-70b-instruct,265,10167,RAW,confounding,3,det-counterfactual,simpson_vaccine,commonsense,PSEUDO,yes,yes,1,1,113,255,,Novita,stop,0,0.000117255,content,0.0,700
meta-llama/llama-3.3-70b-instruct,265,10167,ORACLE,confounding,3,det-counterfactual,simpson_vaccine,commonsense,PSEUDO,yes,yes,1,1,156,282,,Novita,stop,0,0.00013386,content,0.0,700
meta-llama/llama-3.3-70b-instruct,265,10167,DR_k1,confounding,3,det-counterfactual,simpson_vaccine,commonsense,PSEUDO,yes,no,0,1,156,454,,Novita,stop,0,0.00020266,content,0.0,700
meta-llama/llama-3.3-70b-instruct,266,20506,PROSE,confounding,3,det-counterfactual,simpson_hospital,anticommonsense,PSEUDO,yes,yes,1,1,133,186,,Novita,stop,0,9.2355e-05,content,0.0,700
meta-llama/llama-3.3-70b-instruct,266,20506,RAW,confounding,3,det-counterfactual,simpson_hospital,anticommonsense,PSEUDO,yes,yes,1,1,106,189,,Novita,stop,0,8.991e-05,content,0.0,700
meta-llama/llama-3.3-70b-instruct,266,20506,ORACLE,confounding,3,det-counterfactual,simpson_hospital,anticommonsense,PSEUDO,yes,yes,1,1,148,164,,Novita,stop,0,8.558e-05,content,0.0,700
meta-llama/llama-3.3-70b-instruct,266,20506,DR_k1,confounding,3,det-counterfactual,simpson_hospital,anticommonsense,PSEUDO,yes,yes,1,1,147,285,,Novita,stop,0,0.000133845,content,0.0,700
meta-llama/llama-3.3-70b-instruct,267,14177,PROSE,confounding,3,ett,simpson_kidneystone,anticommonsense,PSEUDO,yes,yes,1,1,210,305,,Novita,stop,0,0.00015035,content,0.0,700
meta-llama/llama-3.3-70b-instruct,267,14177,RAW,confounding,3,ett,simpson_kidneystone,anticommonsense,PSEUDO,yes,yes,1,1,185,364,,Novita,stop,0,0.000170575,content,0.0,700
meta-llama/llama-3.3-70b-instruct,267,14177,ORACLE,confounding,3,ett,simpson_kidneystone,anticommonsense,PSEUDO,yes,yes,1,1,225,536,,Novita,stop,0,0.000244775,content,0.0,700
meta-llama/llama-3.3-70b-instruct,267,14177,DR_k1,confounding,3,ett,simpson_kidneystone,anticommonsense,PSEUDO,yes,yes,1,1,226,504,,Novita,stop,0,0.00023211,content,0.0,700
meta-llama/llama-3.3-70b-instruct,268,19014,PROSE,confounding,3,ett,simpson_kidneystone,anticommonsense,PSEUDO,yes,yes,1,1,202,533,,Novita,stop,0,0.00024047,content,0.0,700
meta-llama/llama-3.3-70b-instruct,268,19014,RAW,confounding,3,ett,simpson_kidneystone,anticommonsense,PSEUDO,yes,no,0,1,177,700,,Novita,length,0,0.000303895,content,0.0,700
meta-llama/llama-3.3-70b-instruct,268,19014,ORACLE,confounding,3,ett,simpson_kidneystone,anticommonsense,PSEUDO,yes,yes,1,1,217,563,,Novita,stop,0,0.000254495,content,0.0,700
meta-llama/llama-3.3-70b-instruct,268,19014,DR_k1,confounding,3,ett,simpson_kidneystone,anticommonsense,PSEUDO,yes,yes,1,1,217,356,,Novita,stop,0,0.000171695,content,0.0,700
meta-llama/llama-3.3-70b-instruct,269,20562,PROSE,confounding,3,det-counterfactual,simpson_vaccine,anticommonsense,PSEUDO,yes,no,0,1,136,86,,Novita,stop,0,5.276e-05,content,0.0,700
meta-llama/llama-3.3-70b-instruct,269,20562,RAW,confounding,3,det-counterfactual,simpson_vaccine,anticommonsense,PSEUDO,yes,no,0,1,110,90,,Novita,stop,0,5.085e-05,content,0.0,700
meta-llama/llama-3.3-70b-instruct,269,20562,ORACLE,confounding,3,det-counterfactual,simpson_vaccine,anticommonsense,PSEUDO,yes,no,0,1,151,141,,Novita,stop,0,7.6785e-05,content,0.0,700
meta-llama/llama-3.3-70b-instruct,269,20562,DR_k1,confounding,3,det-counterfactual,simpson_vaccine,anticommonsense,PSEUDO,yes,no,0,1,150,172,,Novita,stop,0,8.905e-05,content,0.0,700
meta-llama/llama-3.3-70b-instruct,270,10153,PROSE,confounding,3,det-counterfactual,simpson_kidneystone,commonsense,PSEUDO,yes,no,0,1,133,214,,Novita,stop,0,0.000103555,content,0.0,700
meta-llama/llama-3.3-70b-instruct,270,10153,RAW,confounding,3,det-counterfactual,simpson_kidneystone,commonsense,PSEUDO,yes,no,0,1,108,426,,Novita,stop,0,0.00018498,content,0.0,700
meta-llama/llama-3.3-70b-instruct,270,10153,ORACLE,confounding,3,det-counterfactual,simpson_kidneystone,commonsense,PSEUDO,yes,no,0,1,148,377,,Novita,stop,0,0.00017078,content,0.0,700
meta-llama/llama-3.3-70b-instruct,270,10153,DR_k1,confounding,3,det-counterfactual,simpson_kidneystone,commonsense,PSEUDO,yes,no,0,1,147,610,,Novita,stop,0,0.000263845,content,0.0,700
meta-llama/llama-3.3-70b-instruct,271,8314,PROSE,confounding,3,ett,simpson_drug,hard,PSEUDO,yes,yes,1,1,208,180,,Novita,stop,0,0.00010008,content,0.0,700
meta-llama/llama-3.3-70b-instruct,271,8314,RAW,confounding,3,ett,simpson_drug,hard,PSEUDO,yes,yes,1,1,182,227,,Novita,stop,0,0.00011537,content,0.0,700
meta-llama/llama-3.3-70b-instruct,271,8314,ORACLE,confounding,3,ett,simpson_drug,hard,PSEUDO,yes,yes,1,1,223,371,,Novita,stop,0,0.000178505,content,0.0,700
meta-llama/llama-3.3-70b-instruct,271,8314,DR_k1,confounding,3,ett,simpson_drug,hard,PSEUDO,yes,yes,1,1,222,436,,Novita,stop,0,0.00020437,content,0.0,700
meta-llama/llama-3.3-70b-instruct,272,20490,PROSE,confounding,3,det-counterfactual,simpson_hospital,anticommonsense,PSEUDO,yes,yes,1,1,135,88,,Novita,stop,0,5.3425e-05,content,0.0,700
meta-llama/llama-3.3-70b-instruct,272,20490,RAW,confounding,3,det-counterfactual,simpson_hospital,anticommonsense,PSEUDO,yes,yes,1,1,108,204,,Novita,stop,0,9.618e-05,content,0.0,700
meta-llama/llama-3.3-70b-instruct,272,20490,ORACLE,confounding,3,det-counterfactual,simpson_hospital,anticommonsense,PSEUDO,yes,yes,1,1,150,185,,Novita,stop,0,9.425e-05,content,0.0,700
meta-llama/llama-3.3-70b-instruct,272,20490,DR_k1,confounding,3,det-counterfactual,simpson_hospital,anticommonsense,PSEUDO,yes,yes,1,1,150,272,,Novita,stop,0,0.00012905,content,0.0,700
meta-llama/llama-3.3-70b-instruct,273,18739,PROSE,confounding,3,ett,simpson_drug,anticommonsense,PSEUDO,no,yes,0,1,209,244,,Novita,stop,0,0.000125815,content,0.0,700
meta-llama/llama-3.3-70b-instruct,273,18739,RAW,confounding,3,ett,simpson_drug,anticommonsense,PSEUDO,no,yes,0,1,182,242,,Novita,stop,0,0.00012137,content,0.0,700
meta-llama/llama-3.3-70b-instruct,273,18739,ORACLE,confounding,3,ett,simpson_drug,anticommonsense,PSEUDO,no,no,1,1,224,313,,Novita,stop,0,0.00015544,content,0.0,700
meta-llama/llama-3.3-70b-instruct,273,18739,DR_k1,confounding,3,ett,simpson_drug,anticommonsense,PSEUDO,no,no,1,1,223,342,,Novita,stop,0,0.000166905,content,0.0,700
meta-llama/llama-3.3-70b-instruct,274,20494,PROSE,confounding,3,det-counterfactual,simpson_hospital,anticommonsense,PSEUDO,no,yes,0,1,135,194,,Novita,stop,0,9.5825e-05,content,0.0,700
meta-llama/llama-3.3-70b-instruct,274,20494,RAW,confounding,3,det-counterfactual,simpson_hospital,anticommonsense,PSEUDO,no,yes,0,1,109,209,,Novita,stop,0,9.8315e-05,content,0.0,700
meta-llama/llama-3.3-70b-instruct,274,20494,ORACLE,confounding,3,det-counterfactual,simpson_hospital,anticommonsense,PSEUDO,no,yes,0,1,150,273,,Novita,stop,0,0.00012945,content,0.0,700
meta-llama/llama-3.3-70b-instruct,274,20494,DR_k1,confounding,3,det-counterfactual,simpson_hospital,anticommonsense,PSEUDO,no,yes,0,1,150,382,,Novita,stop,0,0.00017305,content,0.0,700
meta-llama/llama-3.3-70b-instruct,275,3994,PROSE,confounding,3,ett,simpson_vaccine,easy,PSEUDO,yes,yes,1,1,212,590,,Novita,stop,0,0.00026462,content,0.0,700
meta-llama/llama-3.3-70b-instruct,275,3994,RAW,confounding,3,ett,simpson_vaccine,easy,PSEUDO,yes,yes,1,1,184,631,,Novita,stop,0,0.00027724,content,0.0,700
meta-llama/llama-3.3-70b-instruct,275,3994,ORACLE,confounding,3,ett,simpson_vaccine,easy,PSEUDO,yes,,0,0,227,700,,Novita,length,0,0.000310645,content,0.0,700
meta-llama/llama-3.3-70b-instruct,275,3994,DR_k1,confounding,3,ett,simpson_vaccine,easy,PSEUDO,yes,,0,0,227,700,,Novita,length,0,0.000310645,content,0.0,700
meta-llama/llama-3.3-70b-instruct,276,10086,PROSE,confounding,3,det-counterfactual,simpson_drug,commonsense,PSEUDO,yes,yes,1,1,135,260,,Novita,stop,0,0.000122225,content,0.0,700
meta-llama/llama-3.3-70b-instruct,276,10086,RAW,confounding,3,det-counterfactual,simpson_drug,commonsense,PSEUDO,yes,no,0,1,109,318,,Novita,stop,0,0.000141915,content,0.0,700
meta-llama/llama-3.3-70b-instruct,276,10086,ORACLE,confounding,3,det-counterfactual,simpson_drug,commonsense,PSEUDO,yes,no,0,1,150,440,,Novita,stop,0,0.00019625,content,0.0,700
meta-llama/llama-3.3-70b-instruct,276,10086,DR_k1,confounding,3,det-counterfactual,simpson_drug,commonsense,PSEUDO,yes,no,0,1,151,586,,Novita,stop,0,0.000254785,content,0.0,700
meta-llama/llama-3.3-70b-instruct,277,14102,PROSE,confounding,3,ett,simpson_hospital,anticommonsense,PSEUDO,no,no,1,1,220,324,,Novita,stop,0,0.0001593,content,0.0,700
meta-llama/llama-3.3-70b-instruct,277,14102,RAW,confounding,3,ett,simpson_hospital,anticommonsense,PSEUDO,no,no,1,1,192,266,,Novita,stop,0,0.00013232,content,0.0,700
meta-llama/llama-3.3-70b-instruct,277,14102,ORACLE,confounding,3,ett,simpson_hospital,anticommonsense,PSEUDO,no,no,1,1,235,395,,Novita,stop,0,0.000189725,content,0.0,700
meta-llama/llama-3.3-70b-instruct,277,14102,DR_k1,confounding,3,ett,simpson_hospital,anticommonsense,PSEUDO,no,no,1,1,234,445,,Novita,stop,0,0.00020959,content,0.0,700
meta-llama/llama-3.3-70b-instruct,278,20458,PROSE,confounding,3,det-counterfactual,simpson_drug,anticommonsense,PSEUDO,yes,yes,1,1,131,138,,Novita,stop,0,7.2885e-05,content,0.0,700
meta-llama/llama-3.3-70b-instruct,278,20458,RAW,confounding,3,det-counterfactual,simpson_drug,anticommonsense,PSEUDO,yes,no,0,1,104,132,,Novita,stop,0,6.684e-05,content,0.0,700
meta-llama/llama-3.3-70b-instruct,278,20458,ORACLE,confounding,3,det-counterfactual,simpson_drug,anticommonsense,PSEUDO,yes,yes,1,1,146,323,,Novita,stop,0,0.00014891,content,0.0,700
meta-llama/llama-3.3-70b-instruct,278,20458,DR_k1,confounding,3,det-counterfactual,simpson_drug,anticommonsense,PSEUDO,yes,no,0,1,145,330,,Novita,stop,0,0.000151575,content,0.0,700
meta-llama/llama-3.3-70b-instruct,279,20508,PROSE,confounding,3,det-counterfactual,simpson_hospital,anticommonsense,PSEUDO,no,yes,0,1,134,193,,Novita,stop,0,9.529e-05,content,0.0,700
meta-llama/llama-3.3-70b-instruct,279,20508,RAW,confounding,3,det-counterfactual,simpson_hospital,anticommonsense,PSEUDO,no,yes,0,1,107,233,,Novita,stop,0,0.000107645,content,0.0,700
meta-llama/llama-3.3-70b-instruct,279,20508,ORACLE,confounding,3,det-counterfactual,simpson_hospital,anticommonsense,PSEUDO,no,yes,0,1,149,295,,Novita,stop,0,0.000138115,content,0.0,700
meta-llama/llama-3.3-70b-instruct,279,20508,DR_k1,confounding,3,det-counterfactual,simpson_hospital,anticommonsense,PSEUDO,no,yes,0,1,150,348,,Novita,stop,0,0.00015945,content,0.0,700
meta-llama/llama-3.3-70b-instruct,300,15847,PROSE,diamond,2,ate,floor_wet,anticommonsense,PSEUDO,no,no,1,1,142,172,,Novita,stop,0,8.797e-05,content,0.0,700
meta-llama/llama-3.3-70b-instruct,300,15847,RAW,diamond,2,ate,floor_wet,anticommonsense,PSEUDO,no,no,1,1,104,52,,Novita,stop,0,3.484e-05,content,0.0,700
meta-llama/llama-3.3-70b-instruct,300,15847,ORACLE,diamond,2,ate,floor_wet,anticommonsense,PSEUDO,no,no,1,1,157,151,,Novita,stop,0,8.1595e-05,content,0.0,700
meta-llama/llama-3.3-70b-instruct,300,15847,DR_k1,diamond,2,ate,floor_wet,anticommonsense,PSEUDO,no,no,1,1,156,279,,Novita,stop,0,0.00013266,content,0.0,700
meta-llama/llama-3.3-70b-instruct,302,15592,PROSE,diamond,2,ate,firing_squad,anticommonsense,PSEUDO,yes,yes,1,1,147,261,,Novita,stop,0,0.000124245,content,0.0,700
meta-llama/llama-3.3-70b-instruct,302,15592,RAW,diamond,2,ate,firing_squad,anticommonsense,PSEUDO,yes,no,0,1,109,26,,Novita,stop,0,2.5115e-05,content,0.0,700
meta-llama/llama-3.3-70b-instruct,302,15592,ORACLE,diamond,2,ate,firing_squad,anticommonsense,PSEUDO,yes,yes,1,1,162,228,,Novita,stop,0,0.00011307,content,0.0,700
meta-llama/llama-3.3-70b-instruct,302,15592,DR_k1,diamond,2,ate,firing_squad,anticommonsense,PSEUDO,yes,yes,1,1,162,254,,Novita,stop,0,0.00012347,content,0.0,700
meta-llama/llama-3.3-70b-instruct,305,15717,PROSE,diamond,2,ate,floor_wet,anticommonsense,PSEUDO,yes,yes,1,1,148,97,,Novita,stop,0,5.878e-05,content,0.0,700
meta-llama/llama-3.3-70b-instruct,305,15717,RAW,diamond,2,ate,floor_wet,anticommonsense,PSEUDO,yes,yes,1,1,110,106,,Novita,stop,0,5.725e-05,content,0.0,700
meta-llama/llama-3.3-70b-instruct,305,15717,ORACLE,diamond,2,ate,floor_wet,anticommonsense,PSEUDO,yes,yes,1,1,163,234,,Novita,stop,0,0.000115605,content,0.0,700
meta-llama/llama-3.3-70b-instruct,305,15717,DR_k1,diamond,2,ate,floor_wet,anticommonsense,PSEUDO,yes,yes,1,1,163,322,,Novita,stop,0,0.000150805,content,0.0,700
meta-llama/llama-3.3-70b-instruct,307,10807,PROSE,diamond,2,ate,firing_squad,anticommonsense,PSEUDO,no,no,1,1,150,422,,Novita,stop,0,0.00018905,content,0.0,700
meta-llama/llama-3.3-70b-instruct,307,10807,RAW,diamond,2,ate,firing_squad,anticommonsense,PSEUDO,no,no,1,1,110,36,,Novita,stop,0,2.925e-05,content,0.0,700
meta-llama/llama-3.3-70b-instruct,307,10807,ORACLE,diamond,2,ate,firing_squad,anticommonsense,PSEUDO,no,no,1,1,165,368,,Novita,stop,0,0.000169475,content,0.0,700
meta-llama/llama-3.3-70b-instruct,307,10807,DR_k1,diamond,2,ate,firing_squad,anticommonsense,PSEUDO,no,no,1,1,165,447,,Novita,stop,0,0.000201075,content,0.0,700
meta-llama/llama-3.3-70b-instruct,309,16416,PROSE,diamond,2,ate,vaccine_kills,anticommonsense,PSEUDO,no,no,1,1,139,471,,Novita,stop,0,0.000207165,content,0.0,700
meta-llama/llama-3.3-70b-instruct,309,16416,RAW,diamond,2,ate,vaccine_kills,anticommonsense,PSEUDO,no,no,1,1,102,161,,Novita,stop,0,7.817e-05,content,0.0,700
meta-llama/llama-3.3-70b-instruct,309,16416,ORACLE,diamond,2,ate,vaccine_kills,anticommonsense,PSEUDO,no,no,1,1,154,338,,Novita,stop,0,0.00015599,content,0.0,700
meta-llama/llama-3.3-70b-instruct,309,16416,DR_k1,diamond,2,ate,vaccine_kills,anticommonsense,PSEUDO,no,no,1,1,155,518,,Novita,stop,0,0.000228125,content,0.0,700
meta-llama/llama-3.3-70b-instruct,312,1268,PROSE,diamond,2,ate,vaccine_kills,easy,PSEUDO,yes,yes,1,1,140,336,,Novita,stop,0,0.0001533,content,0.0,700
meta-llama/llama-3.3-70b-instruct,312,1268,RAW,diamond,2,ate,vaccine_kills,easy,PSEUDO,yes,no,0,1,102,48,,Novita,stop,0,3.297e-05,content,0.0,700
meta-llama/llama-3.3-70b-instruct,312,1268,ORACLE,diamond,2,ate,vaccine_kills,easy,PSEUDO,yes,no,0,1,155,431,,Novita,stop,0,0.000193325,content,0.0,700
meta-llama/llama-3.3-70b-instruct,312,1268,DR_k1,diamond,2,ate,vaccine_kills,easy,PSEUDO,yes,no,0,1,155,352,,Novita,stop,0,0.000161725,content,0.0,700
meta-llama/llama-3.3-70b-instruct,313,612,PROSE,diamond,2,ate,floor_wet,easy,PSEUDO,yes,yes,1,1,149,91,,Novita,stop,0,5.6515e-05,content,0.0,700
meta-llama/llama-3.3-70b-instruct,313,612,RAW,diamond,2,ate,floor_wet,easy,PSEUDO,yes,yes,1,1,110,106,,Novita,stop,0,5.725e-05,content,0.0,700
meta-llama/llama-3.3-70b-instruct,313,612,ORACLE,diamond,2,ate,floor_wet,easy,PSEUDO,yes,yes,1,1,164,204,,Novita,stop,0,0.00010374,content,0.0,700
meta-llama/llama-3.3-70b-instruct,313,612,DR_k1,diamond,2,ate,floor_wet,easy,PSEUDO,yes,yes,1,1,164,228,,Novita,stop,0,0.00011334,content,0.0,700
meta-llama/llama-3.3-70b-instruct,315,10979,PROSE,diamond,2,ate,floor_wet,anticommonsense,PSEUDO,no,no,1,1,149,110,,Novita,stop,0,6.4115e-05,content,0.0,700
meta-llama/llama-3.3-70b-instruct,315,10979,RAW,diamond,2,ate,floor_wet,anticommonsense,PSEUDO,no,no,1,1,111,88,,Novita,stop,0,5.0185e-05,content,0.0,700
meta-llama/llama-3.3-70b-instruct,315,10979,ORACLE,diamond,2,ate,floor_wet,anticommonsense,PSEUDO,no,no,1,1,164,341,,Novita,stop,0,0.00015854,content,0.0,700
meta-llama/llama-3.3-70b-instruct,315,10979,DR_k1,diamond,2,ate,floor_wet,anticommonsense,PSEUDO,no,no,1,1,165,329,,Novita,stop,0,0.000153875,content,0.0,700
meta-llama/llama-3.3-70b-instruct,319,11649,PROSE,diamond,2,ate,vaccine_kills,anticommonsense,PSEUDO,no,no,1,1,150,367,,Novita,stop,0,0.00016705,content,0.0,700
meta-llama/llama-3.3-70b-instruct,319,11649,RAW,diamond,2,ate,vaccine_kills,anticommonsense,PSEUDO,no,no,1,1,110,70,,Novita,stop,0,4.285e-05,content,0.0,700
meta-llama/llama-3.3-70b-instruct,319,11649,ORACLE,diamond,2,ate,vaccine_kills,anticommonsense,PSEUDO,no,no,1,1,165,436,,Novita,stop,0,0.000196675,content,0.0,700
meta-llama/llama-3.3-70b-instruct,319,11649,DR_k1,diamond,2,ate,vaccine_kills,anticommonsense,PSEUDO,no,no,1,1,165,308,,Novita,stop,0,0.000145475,content,0.0,700
meta-llama/llama-3.3-70b-instruct,320,1181,PROSE,diamond,3,nie,vaccine_kills,easy,PSEUDO,no,no,1,1,147,239,,Novita,stop,0,0.000115445,content,0.0,700
meta-llama/llama-3.3-70b-instruct,320,1181,RAW,diamond,3,nie,vaccine_kills,easy,PSEUDO,no,no,1,1,109,57,,Novita,stop,0,3.7515e-05,content,0.0,700
meta-llama/llama-3.3-70b-instruct,320,1181,ORACLE,diamond,3,nie,vaccine_kills,easy,PSEUDO,no,no,1,1,162,171,,Novita,stop,0,9.027e-05,content,0.0,700
meta-llama/llama-3.3-70b-instruct,320,1181,DR_k1,diamond,3,nie,vaccine_kills,easy,PSEUDO,no,no,1,1,162,293,,Novita,stop,0,0.00013907,content,0.0,700
meta-llama/llama-3.3-70b-instruct,321,9589,PROSE,diamond,3,det-counterfactual,firing_squad,commonsense,PSEUDO,no,yes,0,1,140,296,,Novita,stop,0,0.0001373,content,0.0,700
meta-llama/llama-3.3-70b-instruct,321,9589,RAW,diamond,3,det-counterfactual,firing_squad,commonsense,PSEUDO,no,yes,0,1,103,168,,Novita,stop,0,8.1105e-05,content,0.0,700
meta-llama/llama-3.3-70b-instruct,321,9589,ORACLE,diamond,3,det-counterfactual,firing_squad,commonsense,PSEUDO,no,yes,0,1,155,213,,Novita,stop,0,0.000106125,content,0.0,700
meta-llama/llama-3.3-70b-instruct,321,9589,DR_k1,diamond,3,det-counterfactual,firing_squad,commonsense,PSEUDO,no,yes,0,1,154,193,,Novita,stop,0,9.799e-05,content,0.0,700
meta-llama/llama-3.3-70b-instruct,322,15589,PROSE,diamond,3,nie,firing_squad,anticommonsense,PSEUDO,yes,yes,1,1,151,306,,Novita,stop,0,0.000142785,content,0.0,700
meta-llama/llama-3.3-70b-instruct,322,15589,RAW,diamond,3,nie,firing_squad,anticommonsense,PSEUDO,yes,no,0,1,113,139,,Novita,stop,0,7.0855e-05,content,0.0,700
meta-llama/llama-3.3-70b-instruct,322,15589,ORACLE,diamond,3,nie,firing_squad,anticommonsense,PSEUDO,yes,no,0,1,166,367,,Novita,stop,0,0.00016921,content,0.0,700
meta-llama/llama-3.3-70b-instruct,322,15589,DR_k1,diamond,3,nie,firing_squad,anticommonsense,PSEUDO,yes,no,0,1,165,312,,Novita,stop,0,0.000147075,content,0.0,700
meta-llama/llama-3.3-70b-instruct,323,9610,PROSE,diamond,3,det-counterfactual,floor_wet,commonsense,PSEUDO,no,no,1,1,144,604,,Novita,stop,0,0.00026104,content,0.0,700
meta-llama/llama-3.3-70b-instruct,323,9610,RAW,diamond,3,det-counterfactual,floor_wet,commonsense,PSEUDO,no,no,1,1,105,270,,Novita,stop,0,0.000122175,content,0.0,700
meta-llama/llama-3.3-70b-instruct,323,9610,ORACLE,diamond,3,det-counterfactual,floor_wet,commonsense,PSEUDO,no,no,1,1,159,558,,Novita,stop,0,0.000244665,content,0.0,700
meta-llama/llama-3.3-70b-instruct,323,9610,DR_k1,diamond,3,det-counterfactual,floor_wet,commonsense,PSEUDO,no,no,1,1,159,401,,Novita,stop,0,0.000181865,content,0.0,700
meta-llama/llama-3.3-70b-instruct,324,11697,PROSE,diamond,3,ett,vaccine_kills,anticommonsense,PSEUDO,no,no,1,1,157,194,,Novita,stop,0,9.8795e-05,content,0.0,700
meta-llama/llama-3.3-70b-instruct,324,11697,RAW,diamond,3,ett,vaccine_kills,anticommonsense,PSEUDO,no,no,1,1,121,159,,Novita,stop,0,7.9935e-05,content,0.0,700
meta-llama/llama-3.3-70b-instruct,324,11697,ORACLE,diamond,3,ett,vaccine_kills,anticommonsense,PSEUDO,no,no,1,1,172,273,,Novita,stop,0,0.00013242,content,0.0,700
meta-llama/llama-3.3-70b-instruct,324,11697,DR_k1,diamond,3,ett,vaccine_kills,anticommonsense,PSEUDO,no,no,1,1,171,206,,Novita,stop,0,0.000105485,content,0.0,700
meta-llama/llama-3.3-70b-instruct,325,11055,PROSE,diamond,3,nie,floor_wet,anticommonsense,PSEUDO,no,no,1,1,158,326,,Novita,stop,0,0.00015173,content,0.0,700
meta-llama/llama-3.3-70b-instruct,325,11055,RAW,diamond,3,nie,floor_wet,anticommonsense,PSEUDO,no,no,1,1,119,271,,Novita,stop,0,0.000124465,content,0.0,700
meta-llama/llama-3.3-70b-instruct,325,11055,ORACLE,diamond,3,nie,floor_wet,anticommonsense,PSEUDO,no,no,1,1,173,195,,Novita,stop,0,0.000101355,content,0.0,700
meta-llama/llama-3.3-70b-instruct,325,11055,DR_k1,diamond,3,nie,floor_wet,anticommonsense,PSEUDO,no,no,1,1,172,471,,Novita,stop,0,0.00021162,content,0.0,700
meta-llama/llama-3.3-70b-instruct,326,11580,PROSE,diamond,3,nie,vaccine_kills,anticommonsense,PSEUDO,yes,yes,1,1,155,384,,Novita,stop,0,0.000174525,content,0.0,700
meta-llama/llama-3.3-70b-instruct,326,11580,RAW,diamond,3,nie,vaccine_kills,anticommonsense,PSEUDO,yes,no,0,1,115,67,,Novita,stop,0,4.2325e-05,content,0.0,700
meta-llama/llama-3.3-70b-instruct,326,11580,ORACLE,diamond,3,nie,vaccine_kills,anticommonsense,PSEUDO,yes,no,0,1,170,506,,Novita,stop,0,0.00022535,content,0.0,700
meta-llama/llama-3.3-70b-instruct,326,11580,DR_k1,diamond,3,nie,vaccine_kills,anticommonsense,PSEUDO,yes,no,0,1,170,575,,Novita,stop,0,0.00025295,content,0.0,700
meta-llama/llama-3.3-70b-instruct,327,5352,PROSE,diamond,3,ett,floor_wet,hard,PSEUDO,no,no,1,1,154,225,,Novita,stop,0,0.00011079,content,0.0,700
meta-llama/llama-3.3-70b-instruct,327,5352,RAW,diamond,3,ett,floor_wet,hard,PSEUDO,no,no,1,1,117,66,,Novita,stop,0,4.2195e-05,content,0.0,700
meta-llama/llama-3.3-70b-instruct,327,5352,ORACLE,diamond,3,ett,floor_wet,hard,PSEUDO,no,yes,0,1,169,558,,Novita,stop,0,0.000246015,content,0.0,700
meta-llama/llama-3.3-70b-instruct,327,5352,DR_k1,diamond,3,ett,floor_wet,hard,PSEUDO,no,no,1,1,168,600,,Novita,stop,0,0.00026268,content,0.0,700
meta-llama/llama-3.3-70b-instruct,328,15653,PROSE,diamond,3,ett,firing_squad,anticommonsense,PSEUDO,yes,yes,1,1,160,103,,Novita,stop,0,6.28e-05,content,0.0,700
meta-llama/llama-3.3-70b-instruct,328,15653,RAW,diamond,3,ett,firing_squad,anticommonsense,PSEUDO,yes,yes,1,1,122,102,,Novita,stop,0,5.727e-05,content,0.0,700
meta-llama/llama-3.3-70b-instruct,328,15653,ORACLE,diamond,3,ett,firing_squad,anticommonsense,PSEUDO,yes,yes,1,1,175,312,,Novita,stop,0,0.000148425,content,0.0,700
meta-llama/llama-3.3-70b-instruct,328,15653,DR_k1,diamond,3,ett,firing_squad,anticommonsense,PSEUDO,yes,yes,1,1,176,276,,Novita,stop,0,0.00013416,content,0.0,700
meta-llama/llama-3.3-70b-instruct,329,11017,PROSE,diamond,3,nie,floor_wet,anticommonsense,PSEUDO,yes,yes,1,1,153,146,,Novita,stop,0,7.9055e-05,content,0.0,700
meta-llama/llama-3.3-70b-instruct,329,11017,RAW,diamond,3,nie,floor_wet,anticommonsense,PSEUDO,yes,no,0,1,115,127,,Novita,stop,0,6.6325e-05,content,0.0,700
meta-llama/llama-3.3-70b-instruct,329,11017,ORACLE,diamond,3,nie,floor_wet,anticommonsense,PSEUDO,yes,yes,1,1,168,344,,Novita,stop,0,0.00016028,content,0.0,700
meta-llama/llama-3.3-70b-instruct,329,11017,DR_k1,diamond,3,nie,floor_wet,anticommonsense,PSEUDO,yes,no,0,1,168,536,,Novita,stop,0,0.00023708,content,0.0,700
meta-llama/llama-3.3-70b-instruct,330,1260,PROSE,diamond,3,nie,vaccine_kills,easy,PSEUDO,no,no,1,1,146,205,,Novita,stop,0,0.00010171,content,0.0,700
meta-llama/llama-3.3-70b-instruct,330,1260,RAW,diamond,3,nie,vaccine_kills,easy,PSEUDO,no,no,1,1,109,61,,Novita,stop,0,3.9115e-05,content,0.0,700
meta-llama/llama-3.3-70b-instruct,330,1260,ORACLE,diamond,3,nie,vaccine_kills,easy,PSEUDO,no,no,1,1,161,222,,Novita,stop,0,0.000110535,content,0.0,700
meta-llama/llama-3.3-70b-instruct,330,1260,DR_k1,diamond,3,nie,vaccine_kills,easy,PSEUDO,no,no,1,1,162,375,,Novita,stop,0,0.00017187,content,0.0,700
meta-llama/llama-3.3-70b-instruct,331,10840,PROSE,diamond,3,ett,firing_squad,anticommonsense,PSEUDO,no,no,1,1,162,82,,Novita,stop,0,5.467e-05,content,0.0,700
meta-llama/llama-3.3-70b-instruct,331,10840,RAW,diamond,3,ett,firing_squad,anticommonsense,PSEUDO,no,no,1,1,124,136,,Novita,stop,0,7.114e-05,content,0.0,700
meta-llama/llama-3.3-70b-instruct,331,10840,ORACLE,diamond,3,ett,firing_squad,anticommonsense,PSEUDO,no,no,1,1,177,249,,Novita,stop,0,0.000123495,content,0.0,700
meta-llama/llama-3.3-70b-instruct,331,10840,DR_k1,diamond,3,ett,firing_squad,anticommonsense,PSEUDO,no,no,1,1,177,369,,Novita,stop,0,0.000171495,content,0.0,700
meta-llama/llama-3.3-70b-instruct,332,9597,PROSE,diamond,3,det-counterfactual,firing_squad,commonsense,PSEUDO,no,yes,0,1,138,195,,Novita,stop,0,9.663e-05,content,0.0,700
meta-llama/llama-3.3-70b-instruct,332,9597,RAW,diamond,3,det-counterfactual,firing_squad,commonsense,PSEUDO,no,yes,0,1,101,135,,Novita,stop,0,6.7635e-05,content,0.0,700
meta-llama/llama-3.3-70b-instruct,332,9597,ORACLE,diamond,3,det-counterfactual,firing_squad,commonsense,PSEUDO,no,yes,0,1,153,166,,Novita,stop,0,8.7055e-05,content,0.0,700
meta-llama/llama-3.3-70b-instruct,332,9597,DR_k1,diamond,3,det-counterfactual,firing_squad,commonsense,PSEUDO,no,yes,0,1,152,157,,Novita,stop,0,8.332e-05,content,0.0,700
meta-llama/llama-3.3-70b-instruct,333,16443,PROSE,diamond,3,ett,vaccine_kills,anticommonsense,PSEUDO,yes,no,0,1,148,118,,Novita,stop,0,6.718e-05,content,0.0,700
meta-llama/llama-3.3-70b-instruct,333,16443,RAW,diamond,3,ett,vaccine_kills,anticommonsense,PSEUDO,yes,no,0,1,111,106,,Novita,stop,0,5.7385e-05,content,0.0,700
meta-llama/llama-3.3-70b-instruct,333,16443,ORACLE,diamond,3,ett,vaccine_kills,anticommonsense,PSEUDO,yes,no,0,1,163,162,,Novita,stop,0,8.6805e-05,content,0.0,700
meta-llama/llama-3.3-70b-instruct,333,16443,DR_k1,diamond,3,ett,vaccine_kills,anticommonsense,PSEUDO,yes,no,0,1,163,220,,Novita,stop,0,0.000110005,content,0.0,700
meta-llama/llama-3.3-70b-instruct,334,518,PROSE,diamond,3,nie,firing_squad,easy,PSEUDO,no,no,1,1,150,517,,Novita,stop,0,0.00022705,content,0.0,700
meta-llama/llama-3.3-70b-instruct,334,518,RAW,diamond,3,nie,firing_squad,easy,PSEUDO,no,no,1,1,112,167,,Novita,stop,0,8.192e-05,content,0.0,700
meta-llama/llama-3.3-70b-instruct,334,518,ORACLE,diamond,3,nie,firing_squad,easy,PSEUDO,no,no,1,1,165,257,,Novita,stop,0,0.000125075,content,0.0,700
meta-llama/llama-3.3-70b-instruct,334,518,DR_k1,diamond,3,nie,firing_squad,easy,PSEUDO,no,no,1,1,165,597,,Novita,stop,0,0.000261075,content,0.0,700
meta-llama/llama-3.3-70b-instruct,335,11023,PROSE,diamond,3,nie,floor_wet,anticommonsense,PSEUDO,yes,yes,1,1,155,225,,Novita,stop,0,0.000110925,content,0.0,700
meta-llama/llama-3.3-70b-instruct,335,11023,RAW,diamond,3,nie,floor_wet,anticommonsense,PSEUDO,yes,no,0,1,116,264,,Novita,stop,0,0.00012126,content,0.0,700
meta-llama/llama-3.3-70b-instruct,335,11023,ORACLE,diamond,3,nie,floor_wet,anticommonsense,PSEUDO,yes,yes,1,1,170,231,,Novita,stop,0,0.00011535,content,0.0,700
meta-llama/llama-3.3-70b-instruct,335,11023,DR_k1,diamond,3,nie,floor_wet,anticommonsense,PSEUDO,yes,yes,1,1,170,338,,Novita,stop,0,0.00015815,content,0.0,700
meta-llama/llama-3.3-70b-instruct,336,11061,PROSE,diamond,3,ett,floor_wet,anticommonsense,PSEUDO,no,yes,0,1,168,102,,Novita,stop,0,6.348e-05,content,0.0,700
meta-llama/llama-3.3-70b-instruct,336,11061,RAW,diamond,3,ett,floor_wet,anticommonsense,PSEUDO,no,yes,0,1,130,101,,Novita,stop,0,5.795e-05,content,0.0,700
meta-llama/llama-3.3-70b-instruct,336,11061,ORACLE,diamond,3,ett,floor_wet,anticommonsense,PSEUDO,no,yes,0,1,183,213,,Novita,stop,0,0.000109905,content,0.0,700
meta-llama/llama-3.3-70b-instruct,336,11061,DR_k1,diamond,3,ett,floor_wet,anticommonsense,PSEUDO,no,yes,0,1,184,340,,Novita,stop,0,0.00016084,content,0.0,700
meta-llama/llama-3.3-70b-instruct,337,6020,PROSE,diamond,3,ett,vaccine_kills,hard,PSEUDO,no,yes,0,1,153,166,,Novita,stop,0,8.7055e-05,content,0.0,700
meta-llama/llama-3.3-70b-instruct,337,6020,RAW,diamond,3,ett,vaccine_kills,hard,PSEUDO,no,yes,0,1,114,91,,Novita,stop,0,5.179e-05,content,0.0,700
meta-llama/llama-3.3-70b-instruct,337,6020,ORACLE,diamond,3,ett,vaccine_kills,hard,PSEUDO,no,yes,0,1,168,199,,Novita,stop,0,0.00010228,content,0.0,700
meta-llama/llama-3.3-70b-instruct,337,6020,DR_k1,diamond,3,ett,vaccine_kills,hard,PSEUDO,no,yes,0,1,167,194,,Novita,stop,0,0.000100145,content,0.0,700
meta-llama/llama-3.3-70b-instruct,338,610,PROSE,diamond,3,nie,floor_wet,easy,PSEUDO,yes,yes,1,1,150,203,,Novita,stop,0,0.00010145,content,0.0,700
meta-llama/llama-3.3-70b-instruct,338,610,RAW,diamond,3,nie,floor_wet,easy,PSEUDO,yes,no,0,1,112,212,,Novita,stop,0,9.992e-05,content,0.0,700
meta-llama/llama-3.3-70b-instruct,338,610,ORACLE,diamond,3,nie,floor_wet,easy,PSEUDO,yes,yes,1,1,165,285,,Novita,stop,0,0.000136275,content,0.0,700
meta-llama/llama-3.3-70b-instruct,338,610,DR_k1,diamond,3,nie,floor_wet,easy,PSEUDO,yes,yes,1,1,164,353,,Novita,stop,0,0.00016334,content,0.0,700
meta-llama/llama-3.3-70b-instruct,339,1253,PROSE,diamond,3,nie,vaccine_kills,easy,PSEUDO,yes,yes,1,1,148,323,,Novita,stop,0,0.00014918,content,0.0,700
meta-llama/llama-3.3-70b-instruct,339,1253,RAW,diamond,3,nie,vaccine_kills,easy,PSEUDO,yes,no,0,1,110,79,,Novita,stop,0,4.645e-05,content,0.0,700
meta-llama/llama-3.3-70b-instruct,339,1253,ORACLE,diamond,3,nie,vaccine_kills,easy,PSEUDO,yes,no,0,1,163,384,,Novita,stop,0,0.000175605,content,0.0,700
meta-llama/llama-3.3-70b-instruct,339,1253,DR_k1,diamond,3,nie,vaccine_kills,easy,PSEUDO,yes,no,0,1,163,537,,Novita,stop,0,0.000236805,content,0.0,700
meta-llama/llama-3.3-70b-instruct,360,349,PROSE,diamondcut,2,ate,firing_employee,easy,PSEUDO,yes,yes,1,1,224,575,,Novita,stop,0,0.00026024,content,0.0,700
meta-llama/llama-3.3-70b-instruct,360,349,RAW,diamondcut,2,ate,firing_employee,easy,PSEUDO,yes,yes,1,1,187,310,,Novita,stop,0,0.000149245,content,0.0,700
meta-llama/llama-3.3-70b-instruct,360,349,ORACLE,diamondcut,2,ate,firing_employee,easy,PSEUDO,yes,yes,1,1,239,379,,Novita,stop,0,0.000183865,content,0.0,700
meta-llama/llama-3.3-70b-instruct,360,349,DR_k1,diamondcut,2,ate,firing_employee,easy,PSEUDO,yes,yes,1,1,239,386,,Novita,stop,0,0.000186665,content,0.0,700
meta-llama/llama-3.3-70b-instruct,361,287,PROSE,diamondcut,2,ate,firing_employee,easy,PSEUDO,no,no,1,1,223,392,,Novita,stop,0,0.000186905,content,0.0,700
meta-llama/llama-3.3-70b-instruct,361,287,RAW,diamondcut,2,ate,firing_employee,easy,PSEUDO,no,no,1,1,186,393,,Novita,stop,0,0.00018231,content,0.0,700
meta-llama/llama-3.3-70b-instruct,361,287,ORACLE,diamondcut,2,ate,firing_employee,easy,PSEUDO,no,no,1,1,238,435,,Novita,stop,0,0.00020613,content,0.0,700
meta-llama/llama-3.3-70b-instruct,361,287,DR_k1,diamondcut,2,ate,firing_employee,easy,PSEUDO,no,yes,0,1,239,614,,Novita,stop,0,0.000277865,content,0.0,700
meta-llama/llama-3.3-70b-instruct,362,15562,PROSE,diamondcut,2,ate,firing_employee,anticommonsense,PSEUDO,no,no,1,1,227,545,,Novita,stop,0,0.000248645,content,0.0,700
meta-llama/llama-3.3-70b-instruct,362,15562,RAW,diamondcut,2,ate,firing_employee,anticommonsense,PSEUDO,no,no,1,1,188,400,,Novita,stop,0,0.00018538,content,0.0,700
meta-llama/llama-3.3-70b-instruct,362,15562,ORACLE,diamondcut,2,ate,firing_employee,anticommonsense,PSEUDO,no,no,1,1,242,479,,Novita,stop,0,0.00022427,content,0.0,700
meta-llama/llama-3.3-70b-instruct,362,15562,DR_k1,diamondcut,2,ate,firing_employee,anticommonsense,PSEUDO,no,no,1,1,242,526,,Novita,stop,0,0.00024307,content,0.0,700
meta-llama/llama-3.3-70b-instruct,364,10722,PROSE,diamondcut,2,ate,firing_employee,anticommonsense,PSEUDO,no,no,1,1,223,416,,Novita,stop,0,0.000196505,content,0.0,700
meta-llama/llama-3.3-70b-instruct,364,10722,RAW,diamondcut,2,ate,firing_employee,anticommonsense,PSEUDO,no,no,1,1,183,365,,Novita,stop,0,0.000170705,content,0.0,700
meta-llama/llama-3.3-70b-instruct,364,10722,ORACLE,diamondcut,2,ate,firing_employee,anticommonsense,PSEUDO,no,no,1,1,238,403,,Novita,stop,0,0.00019333,content,0.0,700
meta-llama/llama-3.3-70b-instruct,364,10722,DR_k1,diamondcut,2,ate,firing_employee,anticommonsense,PSEUDO,no,no,1,1,238,323,,Novita,stop,0,0.00016133,content,0.0,700
meta-llama/llama-3.3-70b-instruct,365,10713,PROSE,diamondcut,2,ate,firing_employee,anticommonsense,PSEUDO,no,no,1,1,216,390,,Novita,stop,0,0.00018516,content,0.0,700
meta-llama/llama-3.3-70b-instruct,365,10713,RAW,diamondcut,2,ate,firing_employee,anticommonsense,PSEUDO,no,no,1,1,177,360,,Novita,stop,0,0.000167895,content,0.0,700
meta-llama/llama-3.3-70b-instruct,365,10713,ORACLE,diamondcut,2,ate,firing_employee,anticommonsense,PSEUDO,no,no,1,1,231,434,,Novita,stop,0,0.000204785,content,0.0,700
meta-llama/llama-3.3-70b-instruct,365,10713,DR_k1,diamondcut,2,ate,firing_employee,anticommonsense,PSEUDO,no,yes,0,1,231,394,,Novita,stop,0,0.000188785,content,0.0,700
meta-llama/llama-3.3-70b-instruct,367,5143,PROSE,diamondcut,2,ate,firing_employee,hard,PSEUDO,no,no,1,1,235,289,,Novita,stop,0,0.000147325,content,0.0,700
meta-llama/llama-3.3-70b-instruct,367,5143,RAW,diamondcut,2,ate,firing_employee,hard,PSEUDO,no,no,1,1,196,628,,Novita,stop,0,0.00027766,content,0.0,700
meta-llama/llama-3.3-70b-instruct,367,5143,ORACLE,diamondcut,2,ate,firing_employee,hard,PSEUDO,no,no,1,1,250,275,,Novita,stop,0,0.00014375,content,0.0,700
meta-llama/llama-3.3-70b-instruct,367,5143,DR_k1,diamondcut,2,ate,firing_employee,hard,PSEUDO,no,no,1,1,249,700,,Novita,length,0,0.000313615,content,0.0,700
meta-llama/llama-3.3-70b-instruct,368,340,PROSE,diamondcut,2,ate,firing_employee,easy,PSEUDO,no,no,1,1,234,510,,Novita,stop,0,0.00023559,content,0.0,700
meta-llama/llama-3.3-70b-instruct,368,340,RAW,diamondcut,2,ate,firing_employee,easy,PSEUDO,no,no,1,1,196,324,,Novita,stop,0,0.00015606,content,0.0,700
meta-llama/llama-3.3-70b-instruct,368,340,ORACLE,diamondcut,2,ate,firing_employee,easy,PSEUDO,no,no,1,1,249,384,,Novita,stop,0,0.000187215,content,0.0,700
meta-llama/llama-3.3-70b-instruct,368,340,DR_k1,diamondcut,2,ate,firing_employee,easy,PSEUDO,no,no,1,1,249,364,,Novita,stop,0,0.000179215,content,0.0,700
meta-llama/llama-3.3-70b-instruct,369,286,PROSE,diamondcut,2,ate,firing_employee,easy,PSEUDO,yes,yes,1,1,233,340,,Novita,stop,0,0.000167455,content,0.0,700
meta-llama/llama-3.3-70b-instruct,369,286,RAW,diamondcut,2,ate,firing_employee,easy,PSEUDO,yes,yes,1,1,195,355,,Novita,stop,0,0.000168325,content,0.0,700
meta-llama/llama-3.3-70b-instruct,369,286,ORACLE,diamondcut,2,ate,firing_employee,easy,PSEUDO,yes,yes,1,1,248,436,,Novita,stop,0,0.00020788,content,0.0,700
meta-llama/llama-3.3-70b-instruct,369,286,DR_k1,diamondcut,2,ate,firing_employee,easy,PSEUDO,yes,yes,1,1,248,345,,Novita,stop,0,0.00017148,content,0.0,700
meta-llama/llama-3.3-70b-instruct,371,15502,PROSE,diamondcut,2,ate,firing_employee,anticommonsense,PSEUDO,no,no,1,1,226,516,,Novita,stop,0,0.00023691,content,0.0,700
meta-llama/llama-3.3-70b-instruct,371,15502,RAW,diamondcut,2,ate,firing_employee,anticommonsense,PSEUDO,no,no,1,1,188,274,,Novita,stop,0,0.00013498,content,0.0,700
meta-llama/llama-3.3-70b-instruct,371,15502,ORACLE,diamondcut,2,ate,firing_employee,anticommonsense,PSEUDO,no,no,1,1,241,510,,Novita,stop,0,0.000236535,content,0.0,700
meta-llama/llama-3.3-70b-instruct,371,15502,DR_k1,diamondcut,2,ate,firing_employee,anticommonsense,PSEUDO,no,no,1,1,240,495,,Novita,stop,0,0.0002304,content,0.0,700
meta-llama/llama-3.3-70b-instruct,372,15505,PROSE,diamondcut,2,ate,firing_employee,anticommonsense,PSEUDO,yes,yes,1,1,220,334,,Novita,stop,0,0.0001633,content,0.0,700
meta-llama/llama-3.3-70b-instruct,372,15505,RAW,diamondcut,2,ate,firing_employee,anticommonsense,PSEUDO,yes,yes,1,1,183,243,,Novita,stop,0,0.000121905,content,0.0,700
meta-llama/llama-3.3-70b-instruct,372,15505,ORACLE,diamondcut,2,ate,firing_employee,anticommonsense,PSEUDO,yes,yes,1,1,235,426,,Novita,stop,0,0.000202125,content,0.0,700
meta-llama/llama-3.3-70b-instruct,372,15505,DR_k1,diamondcut,2,ate,firing_employee,anticommonsense,PSEUDO,yes,yes,1,1,236,510,,Novita,stop,0,0.00023586,content,0.0,700
meta-llama/llama-3.3-70b-instruct,374,5121,PROSE,diamondcut,2,ate,firing_employee,hard,PSEUDO,no,yes,0,1,241,390,,Novita,stop,0,0.000188535,content,0.0,700
meta-llama/llama-3.3-70b-instruct,374,5121,RAW,diamondcut,2,ate,firing_employee,hard,PSEUDO,no,no,1,1,201,373,,Novita,stop,0,0.000176335,content,0.0,700
meta-llama/llama-3.3-70b-instruct,374,5121,ORACLE,diamondcut,2,ate,firing_employee,hard,PSEUDO,no,no,1,1,256,451,,Novita,stop,0,0.00021496,content,0.0,700
meta-llama/llama-3.3-70b-instruct,374,5121,DR_k1,diamondcut,2,ate,firing_employee,hard,PSEUDO,no,,0,0,256,700,,Novita,length,0,0.00031456,content,0.0,700
meta-llama/llama-3.3-70b-instruct,377,15520,PROSE,diamondcut,2,ate,firing_employee,anticommonsense,PSEUDO,no,no,1,1,220,561,,Novita,stop,0,0.0002541,content,0.0,700
meta-llama/llama-3.3-70b-instruct,377,15520,RAW,diamondcut,2,ate,firing_employee,anticommonsense,PSEUDO,no,no,1,1,183,521,,Novita,stop,0,0.000233105,content,0.0,700
meta-llama/llama-3.3-70b-instruct,377,15520,ORACLE,diamondcut,2,ate,firing_employee,anticommonsense,PSEUDO,no,yes,0,1,235,538,,Novita,stop,0,0.000246925,content,0.0,700
meta-llama/llama-3.3-70b-instruct,377,15520,DR_k1,diamondcut,2,ate,firing_employee,anticommonsense,PSEUDO,no,no,1,1,234,661,,Novita,stop,0,0.00029599,content,0.0,700
meta-llama/llama-3.3-70b-instruct,380,351,PROSE,diamondcut,3,ett,firing_employee,easy,PSEUDO,yes,no,0,1,279,547,,Novita,stop,0,0.000256465,content,0.0,700
meta-llama/llama-3.3-70b-instruct,380,351,RAW,diamondcut,3,ett,firing_employee,easy,PSEUDO,yes,no,0,1,241,700,,Novita,length,0,0.000312535,content,0.0,700
meta-llama/llama-3.3-70b-instruct,380,351,ORACLE,diamondcut,3,ett,firing_employee,easy,PSEUDO,yes,no,0,1,294,691,,Novita,stop,0,0.00031609,content,0.0,700
meta-llama/llama-3.3-70b-instruct,380,351,DR_k1,diamondcut,3,ett,firing_employee,easy,PSEUDO,yes,no,0,1,294,610,,Novita,stop,0,0.00028369,content,0.0,700
meta-llama/llama-3.3-70b-instruct,381,19972,PROSE,diamondcut,3,det-counterfactual,firing_employee,anticommonsense,PSEUDO,yes,yes,1,1,158,282,,Novita,stop,0,0.00013413,content,0.0,700
meta-llama/llama-3.3-70b-instruct,381,19972,RAW,diamondcut,3,det-counterfactual,firing_employee,anticommonsense,PSEUDO,yes,yes,1,1,120,391,,Novita,stop,0,0.0001726,content,0.0,700
meta-llama/llama-3.3-70b-instruct,381,19972,ORACLE,diamondcut,3,det-counterfactual,firing_employee,anticommonsense,PSEUDO,yes,yes,1,1,173,532,,Novita,stop,0,0.000236155,content,0.0,700
meta-llama/llama-3.3-70b-instruct,381,19972,DR_k1,diamondcut,3,det-counterfactual,firing_employee,anticommonsense,PSEUDO,yes,no,0,1,173,498,,Novita,stop,0,0.000222555,content,0.0,700
meta-llama/llama-3.3-70b-instruct,382,10719,PROSE,diamondcut,3,ett,firing_employee,anticommonsense,PSEUDO,yes,yes,1,1,261,290,,Novita,stop,0,0.000151235,content,0.0,700
meta-llama/llama-3.3-70b-instruct,382,10719,RAW,diamondcut,3,ett,firing_employee,anticommonsense,PSEUDO,yes,,0,0,223,700,,Novita,length,0,0.000310105,content,0.0,700
meta-llama/llama-3.3-70b-instruct,382,10719,ORACLE,diamondcut,3,ett,firing_employee,anticommonsense,PSEUDO,yes,yes,1,1,276,623,,Novita,stop,0,0.00028646,content,0.0,700
meta-llama/llama-3.3-70b-instruct,382,10719,DR_k1,diamondcut,3,ett,firing_employee,anticommonsense,PSEUDO,yes,yes,1,1,276,549,,Novita,stop,0,0.00025686,content,0.0,700
meta-llama/llama-3.3-70b-instruct,383,19977,PROSE,diamondcut,3,det-counterfactual,firing_employee,anticommonsense,PSEUDO,yes,no,0,1,157,316,,Novita,stop,0,0.000147595,content,0.0,700
meta-llama/llama-3.3-70b-instruct,383,19977,RAW,diamondcut,3,det-counterfactual,firing_employee,anticommonsense,PSEUDO,yes,no,0,1,119,513,,Novita,stop,0,0.000221265,content,0.0,700
meta-llama/llama-3.3-70b-instruct,383,19977,ORACLE,diamondcut,3,det-counterfactual,firing_employee,anticommonsense,PSEUDO,yes,no,0,1,172,327,,Novita,stop,0,0.00015402,content,0.0,700
meta-llama/llama-3.3-70b-instruct,383,19977,DR_k1,diamondcut,3,det-counterfactual,firing_employee,anticommonsense,PSEUDO,yes,no,0,1,172,580,,Novita,stop,0,0.00025522,content,0.0,700
meta-llama/llama-3.3-70b-instruct,384,15575,PROSE,diamondcut,3,ett,firing_employee,anticommonsense,PSEUDO,no,,0,0,288,700,,Novita,length,0,0.00031888,content,0.0,700
meta-llama/llama-3.3-70b-instruct,384,15575,RAW,diamondcut,3,ett,firing_employee,anticommonsense,PSEUDO,no,yes,0,1,248,608,,Novita,stop,0,0.00027668,content,0.0,700
meta-llama/llama-3.3-70b-instruct,384,15575,ORACLE,diamondcut,3,ett,firing_employee,anticommonsense,PSEUDO,no,yes,0,1,303,548,,Novita,stop,0,0.000260105,content,0.0,700
meta-llama/llama-3.3-70b-instruct,384,15575,DR_k1,diamondcut,3,ett,firing_employee,anticommonsense,PSEUDO,no,yes,0,1,303,504,,Novita,stop,0,0.000242505,content,0.0,700
meta-llama/llama-3.3-70b-instruct,385,19953,PROSE,diamondcut,3,det-counterfactual,firing_employee,anticommonsense,PSEUDO,no,no,1,1,159,568,,Novita,stop,0,0.000248665,content,0.0,700
meta-llama/llama-3.3-70b-instruct,385,19953,RAW,diamondcut,3,det-counterfactual,firing_employee,anticommonsense,PSEUDO,no,no,1,1,120,375,,Novita,stop,0,0.0001662,content,0.0,700
meta-llama/llama-3.3-70b-instruct,385,19953,ORACLE,diamondcut,3,det-counterfactual,firing_employee,anticommonsense,PSEUDO,no,no,1,1,174,261,,Novita,stop,0,0.00012789,content,0.0,700
meta-llama/llama-3.3-70b-instruct,385,19953,DR_k1,diamondcut,3,det-counterfactual,firing_employee,anticommonsense,PSEUDO,no,no,1,1,174,414,,Novita,stop,0,0.00018909,content,0.0,700
meta-llama/llama-3.3-70b-instruct,386,10718,PROSE,diamondcut,3,ett,firing_employee,anticommonsense,PSEUDO,no,no,1,1,267,444,,Novita,stop,0,0.000213645,content,0.0,700
meta-llama/llama-3.3-70b-instruct,386,10718,RAW,diamondcut,3,ett,firing_employee,anticommonsense,PSEUDO,no,no,1,1,228,416,,Novita,stop,0,0.00019718,content,0.0,700
meta-llama/llama-3.3-70b-instruct,386,10718,ORACLE,diamondcut,3,ett,firing_employee,anticommonsense,PSEUDO,no,,0,0,282,700,,Novita,length,0,0.00031807,content,0.0,700
meta-llama/llama-3.3-70b-instruct,386,10718,DR_k1,diamondcut,3,ett,firing_employee,anticommonsense,PSEUDO,no,,0,0,282,700,,Novita,length,0,0.00031807,content,0.0,700
meta-llama/llama-3.3-70b-instruct,387,278,PROSE,diamondcut,3,ett,firing_employee,easy,PSEUDO,yes,no,0,1,281,589,,Novita,stop,0,0.000273535,content,0.0,700
meta-llama/llama-3.3-70b-instruct,387,278,RAW,diamondcut,3,ett,firing_employee,easy,PSEUDO,yes,no,0,1,243,613,,Novita,stop,0,0.000278005,content,0.0,700
meta-llama/llama-3.3-70b-instruct,387,278,ORACLE,diamondcut,3,ett,firing_employee,easy,PSEUDO,yes,no,0,1,296,554,,Novita,stop,0,0.00026156,content,0.0,700
meta-llama/llama-3.3-70b-instruct,387,278,DR_k1,diamondcut,3,ett,firing_employee,easy,PSEUDO,yes,no,0,1,297,526,,Novita,stop,0,0.000250495,content,0.0,700
meta-llama/llama-3.3-70b-instruct,388,10764,PROSE,diamondcut,3,ett,firing_employee,anticommonsense,PSEUDO,no,no,1,1,261,543,,Novita,stop,0,0.000252435,content,0.0,700
meta-llama/llama-3.3-70b-instruct,388,10764,RAW,diamondcut,3,ett,firing_employee,anticommonsense,PSEUDO,no,,0,0,222,700,,Novita,length,0,0.00030997,content,0.0,700
meta-llama/llama-3.3-70b-instruct,388,10764,ORACLE,diamondcut,3,ett,firing_employee,anticommonsense,PSEUDO,no,no,1,1,276,607,,Novita,stop,0,0.00028006,content,0.0,700
meta-llama/llama-3.3-70b-instruct,388,10764,DR_k1,diamondcut,3,ett,firing_employee,anticommonsense,PSEUDO,no,no,1,1,277,633,,Novita,stop,0,0.000290595,content,0.0,700
meta-llama/llama-3.3-70b-instruct,389,10771,PROSE,diamondcut,3,ett,firing_employee,anticommonsense,PSEUDO,no,no,1,1,267,588,,Novita,stop,0,0.000271245,content,0.0,700
meta-llama/llama-3.3-70b-instruct,389,10771,RAW,diamondcut,3,ett,firing_employee,anticommonsense,PSEUDO,no,no,1,1,228,636,,Novita,stop,0,0.00028518,content,0.0,700
meta-llama/llama-3.3-70b-instruct,389,10771,ORACLE,diamondcut,3,ett,firing_employee,anticommonsense,PSEUDO,no,,0,0,282,700,,Novita,length,0,0.00031807,content,0.0,700
meta-llama/llama-3.3-70b-instruct,389,10771,DR_k1,diamondcut,3,ett,firing_employee,anticommonsense,PSEUDO,no,no,1,1,282,559,,Novita,stop,0,0.00026167,content,0.0,700
meta-llama/llama-3.3-70b-instruct,390,15530,PROSE,diamondcut,3,ett,firing_employee,anticommonsense,PSEUDO,yes,no,0,1,268,533,,Novita,stop,0,0.00024938,content,0.0,700
meta-llama/llama-3.3-70b-instruct,390,15530,RAW,diamondcut,3,ett,firing_employee,anticommonsense,PSEUDO,yes,no,0,1,233,554,,Novita,stop,0,0.000253055,content,0.0,700
meta-llama/llama-3.3-70b-instruct,390,15530,ORACLE,diamondcut,3,ett,firing_employee,anticommonsense,PSEUDO,yes,,0,0,283,700,,Novita,length,0,0.000318205,content,0.0,700
meta-llama/llama-3.3-70b-instruct,390,15530,DR_k1,diamondcut,3,ett,firing_employee,anticommonsense,PSEUDO,yes,no,0,1,284,687,,Novita,stop,0,0.00031314,content,0.0,700
meta-llama/llama-3.3-70b-instruct,391,19960,PROSE,diamondcut,3,det-counterfactual,firing_employee,anticommonsense,PSEUDO,yes,yes,1,1,158,157,,Novita,stop,0,8.413e-05,content,0.0,700
meta-llama/llama-3.3-70b-instruct,391,19960,RAW,diamondcut,3,det-counterfactual,firing_employee,anticommonsense,PSEUDO,yes,yes,1,1,119,203,,Novita,stop,0,9.7265e-05,content,0.0,700
meta-llama/llama-3.3-70b-instruct,391,19960,ORACLE,diamondcut,3,det-counterfactual,firing_employee,anticommonsense,PSEUDO,yes,yes,1,1,173,390,,Novita,stop,0,0.000179355,content,0.0,700
meta-llama/llama-3.3-70b-instruct,391,19960,DR_k1,diamondcut,3,det-counterfactual,firing_employee,anticommonsense,PSEUDO,yes,yes,1,1,173,464,,Novita,stop,0,0.000208955,content,0.0,700
meta-llama/llama-3.3-70b-instruct,392,10689,PROSE,diamondcut,3,ett,firing_employee,anticommonsense,PSEUDO,no,no,1,1,261,640,,Novita,stop,0,0.000291235,content,0.0,700
meta-llama/llama-3.3-70b-instruct,392,10689,RAW,diamondcut,3,ett,firing_employee,anticommonsense,PSEUDO,no,no,1,1,223,629,,Novita,stop,0,0.000281705,content,0.0,700
meta-llama/llama-3.3-70b-instruct,392,10689,ORACLE,diamondcut,3,ett,firing_employee,anticommonsense,PSEUDO,no,no,1,1,276,468,,Novita,stop,0,0.00022446,content,0.0,700
meta-llama/llama-3.3-70b-instruct,392,10689,DR_k1,diamondcut,3,ett,firing_employee,anticommonsense,PSEUDO,no,no,1,1,275,384,,Novita,stop,0,0.000190725,content,0.0,700
meta-llama/llama-3.3-70b-instruct,393,346,PROSE,diamondcut,3,ett,firing_employee,easy,PSEUDO,yes,no,0,1,281,610,,Novita,stop,0,0.000281935,content,0.0,700
meta-llama/llama-3.3-70b-instruct,393,346,RAW,diamondcut,3,ett,firing_employee,easy,PSEUDO,yes,no,0,1,243,514,,Novita,stop,0,0.000238405,content,0.0,700
meta-llama/llama-3.3-70b-instruct,393,346,ORACLE,diamondcut,3,ett,firing_employee,easy,PSEUDO,yes,no,0,1,296,554,,Novita,stop,0,0.00026156,content,0.0,700
meta-llama/llama-3.3-70b-instruct,393,346,DR_k1,diamondcut,3,ett,firing_employee,easy,PSEUDO,yes,no,0,1,297,544,,Novita,stop,0,0.000257695,content,0.0,700
meta-llama/llama-3.3-70b-instruct,394,5122,PROSE,diamondcut,3,ett,firing_employee,hard,PSEUDO,yes,no,0,1,268,548,,Novita,stop,0,0.00025538,content,0.0,700
meta-llama/llama-3.3-70b-instruct,394,5122,RAW,diamondcut,3,ett,firing_employee,hard,PSEUDO,yes,no,0,1,233,614,,Novita,stop,0,0.000277055,content,0.0,700
meta-llama/llama-3.3-70b-instruct,394,5122,ORACLE,diamondcut,3,ett,firing_employee,hard,PSEUDO,yes,no,0,1,283,548,,Novita,stop,0,0.000257405,content,0.0,700
meta-llama/llama-3.3-70b-instruct,394,5122,DR_k1,diamondcut,3,ett,firing_employee,hard,PSEUDO,yes,no,0,1,282,565,,Novita,stop,0,0.00026407,content,0.0,700
meta-llama/llama-3.3-70b-instruct,395,19961,PROSE,diamondcut,3,det-counterfactual,firing_employee,anticommonsense,PSEUDO,no,no,1,1,153,220,,Novita,stop,0,0.000108655,content,0.0,700
meta-llama/llama-3.3-70b-instruct,395,19961,RAW,diamondcut,3,det-counterfactual,firing_employee,anticommonsense,PSEUDO,no,no,1,1,116,610,,Novita,stop,0,0.00025966,content,0.0,700
meta-llama/llama-3.3-70b-instruct,395,19961,ORACLE,diamondcut,3,det-counterfactual,firing_employee,anticommonsense,PSEUDO,no,no,1,1,168,413,,Novita,stop,0,0.00018788,content,0.0,700
meta-llama/llama-3.3-70b-instruct,395,19961,DR_k1,diamondcut,3,det-counterfactual,firing_employee,anticommonsense,PSEUDO,no,no,1,1,169,304,,Novita,stop,0,0.000144415,content,0.0,700
meta-llama/llama-3.3-70b-instruct,396,19967,PROSE,diamondcut,3,det-counterfactual,firing_employee,anticommonsense,PSEUDO,yes,yes,1,1,154,405,,Novita,stop,0,0.00018279,content,0.0,700
meta-llama/llama-3.3-70b-instruct,396,19967,RAW,diamondcut,3,det-counterfactual,firing_employee,anticommonsense,PSEUDO,yes,no,0,1,116,451,,Novita,stop,0,0.00019606,content,0.0,700
meta-llama/llama-3.3-70b-instruct,396,19967,ORACLE,diamondcut,3,det-counterfactual,firing_employee,anticommonsense,PSEUDO,yes,no,0,1,169,603,,Novita,stop,0,0.000264015,content,0.0,700
meta-llama/llama-3.3-70b-instruct,396,19967,DR_k1,diamondcut,3,det-counterfactual,firing_employee,anticommonsense,PSEUDO,yes,,0,0,169,700,,Novita,length,0,0.000302815,content,0.0,700
meta-llama/llama-3.3-70b-instruct,397,10742,PROSE,diamondcut,3,ett,firing_employee,anticommonsense,PSEUDO,no,no,1,1,268,697,,Novita,stop,0,0.00031498,content,0.0,700
meta-llama/llama-3.3-70b-instruct,397,10742,RAW,diamondcut,3,ett,firing_employee,anticommonsense,PSEUDO,no,,0,0,228,700,,Novita,length,0,0.00031078,content,0.0,700
meta-llama/llama-3.3-70b-instruct,397,10742,ORACLE,diamondcut,3,ett,firing_employee,anticommonsense,PSEUDO,no,no,1,1,283,347,,Novita,stop,0,0.000177005,content,0.0,700
meta-llama/llama-3.3-70b-instruct,397,10742,DR_k1,diamondcut,3,ett,firing_employee,anticommonsense,PSEUDO,no,no,1,1,282,525,,Novita,stop,0,0.00024807,content,0.0,700
meta-llama/llama-3.3-70b-instruct,398,15514,PROSE,diamondcut,3,ett,firing_employee,anticommonsense,PSEUDO,yes,no,0,1,275,496,,Novita,stop,0,0.000235525,content,0.0,700
meta-llama/llama-3.3-70b-instruct,398,15514,RAW,diamondcut,3,ett,firing_employee,anticommonsense,PSEUDO,yes,no,0,1,238,614,,Novita,stop,0,0.00027773,content,0.0,700
meta-llama/llama-3.3-70b-instruct,398,15514,ORACLE,diamondcut,3,ett,firing_employee,anticommonsense,PSEUDO,yes,no,0,1,290,647,,Novita,stop,0,0.00029795,content,0.0,700
meta-llama/llama-3.3-70b-instruct,398,15514,DR_k1,diamondcut,3,ett,firing_employee,anticommonsense,PSEUDO,yes,,0,0,289,700,,Novita,length,0,0.000319015,content,0.0,700
meta-llama/llama-3.3-70b-instruct,399,19968,PROSE,diamondcut,3,det-counterfactual,firing_employee,anticommonsense,PSEUDO,yes,yes,1,1,149,315,,Novita,stop,0,0.000146115,content,0.0,700
meta-llama/llama-3.3-70b-instruct,399,19968,RAW,diamondcut,3,det-counterfactual,firing_employee,anticommonsense,PSEUDO,yes,yes,1,1,113,207,,Novita,stop,0,9.8055e-05,content,0.0,700
meta-llama/llama-3.3-70b-instruct,399,19968,ORACLE,diamondcut,3,det-counterfactual,firing_employee,anticommonsense,PSEUDO,yes,yes,1,1,164,327,,Novita,stop,0,0.00015294,content,0.0,700
meta-llama/llama-3.3-70b-instruct,399,19968,DR_k1,diamondcut,3,det-counterfactual,firing_employee,anticommonsense,PSEUDO,yes,yes,1,1,165,490,,Novita,stop,0,0.000218275,content,0.0,700
meta-llama/llama-3.3-70b-instruct,423,15378,PROSE,fork,2,ate,candle,anticommonsense,PSEUDO,yes,no,0,1,132,215,,Novita,stop,0,0.00010382,content,0.0,700
meta-llama/llama-3.3-70b-instruct,423,15378,RAW,fork,2,ate,candle,anticommonsense,PSEUDO,yes,no,0,1,108,54,,Novita,stop,0,3.618e-05,content,0.0,700
meta-llama/llama-3.3-70b-instruct,423,15378,ORACLE,fork,2,ate,candle,anticommonsense,PSEUDO,yes,no,0,1,147,230,,Novita,stop,0,0.000111845,content,0.0,700
meta-llama/llama-3.3-70b-instruct,423,15378,DR_k1,fork,2,ate,candle,anticommonsense,PSEUDO,yes,no,0,1,146,240,,Novita,stop,0,0.00011571,content,0.0,700
meta-llama/llama-3.3-70b-instruct,424,15384,PROSE,fork,2,ate,candle,anticommonsense,PSEUDO,yes,no,0,1,127,200,,Novita,stop,0,9.7145e-05,content,0.0,700
meta-llama/llama-3.3-70b-instruct,424,15384,RAW,fork,2,ate,candle,anticommonsense,PSEUDO,yes,no,0,1,105,186,,Novita,stop,0,8.8575e-05,content,0.0,700
meta-llama/llama-3.3-70b-instruct,424,15384,ORACLE,fork,2,ate,candle,anticommonsense,PSEUDO,yes,yes,1,1,142,272,,Novita,stop,0,0.00012797,content,0.0,700
meta-llama/llama-3.3-70b-instruct,424,15384,DR_k1,fork,2,ate,candle,anticommonsense,PSEUDO,yes,no,0,1,143,247,,Novita,stop,0,0.000118105,content,0.0,700
meta-llama/llama-3.3-70b-instruct,428,213,PROSE,fork,2,ate,candle,easy,PSEUDO,yes,yes,1,1,132,147,,Novita,stop,0,7.662e-05,content,0.0,700
meta-llama/llama-3.3-70b-instruct,428,213,RAW,fork,2,ate,candle,easy,PSEUDO,yes,no,0,1,108,51,,Novita,stop,0,3.498e-05,content,0.0,700
meta-llama/llama-3.3-70b-instruct,428,213,ORACLE,fork,2,ate,candle,easy,PSEUDO,yes,yes,1,1,147,372,,Novita,stop,0,0.000168645,content,0.0,700
meta-llama/llama-3.3-70b-instruct,428,213,DR_k1,fork,2,ate,candle,easy,PSEUDO,yes,no,0,1,147,230,,Novita,stop,0,0.000111845,content,0.0,700
meta-llama/llama-3.3-70b-instruct,429,5691,PROSE,fork,2,ate,getting_tanned,hard,PSEUDO,yes,yes,1,1,129,441,,Novita,stop,0,0.000193815,content,0.0,700
meta-llama/llama-3.3-70b-instruct,429,5691,RAW,fork,2,ate,getting_tanned,hard,PSEUDO,yes,yes,1,1,107,130,,Novita,stop,0,6.6445e-05,content,0.0,700
meta-llama/llama-3.3-70b-instruct,429,5691,ORACLE,fork,2,ate,getting_tanned,hard,PSEUDO,yes,no,0,1,144,229,,Novita,stop,0,0.00011104,content,0.0,700
meta-llama/llama-3.3-70b-instruct,429,5691,DR_k1,fork,2,ate,getting_tanned,hard,PSEUDO,yes,yes,1,1,145,172,,Novita,stop,0,8.8375e-05,content,0.0,700
meta-llama/llama-3.3-70b-instruct,430,5533,PROSE,fork,2,ate,forest_fire,hard,PSEUDO,yes,no,0,1,135,311,,Novita,stop,0,0.000142625,content,0.0,700
meta-llama/llama-3.3-70b-instruct,430,5533,RAW,fork,2,ate,forest_fire,hard,PSEUDO,yes,no,0,1,111,74,,Novita,stop,0,4.4585e-05,content,0.0,700
meta-llama/llama-3.3-70b-instruct,430,5533,ORACLE,fork,2,ate,forest_fire,hard,PSEUDO,yes,no,0,1,150,233,,Novita,stop,0,0.00011345,content,0.0,700
meta-llama/llama-3.3-70b-instruct,430,5533,DR_k1,fork,2,ate,forest_fire,hard,PSEUDO,yes,no,0,1,150,342,,Novita,stop,0,0.00015705,content,0.0,700
meta-llama/llama-3.3-70b-instruct,433,5667,PROSE,fork,2,ate,getting_late,hard,PSEUDO,yes,no,0,1,130,235,,Novita,stop,0,0.00011155,content,0.0,700
meta-llama/llama-3.3-70b-instruct,433,5667,RAW,fork,2,ate,getting_late,hard,PSEUDO,yes,no,0,1,108,118,,Novita,stop,0,6.178e-05,content,0.0,700
meta-llama/llama-3.3-70b-instruct,433,5667,ORACLE,fork,2,ate,getting_late,hard,PSEUDO,yes,yes,1,1,145,416,,Novita,stop,0,0.000185975,content,0.0,700
meta-llama/llama-3.3-70b-instruct,433,5667,DR_k1,fork,2,ate,getting_late,hard,PSEUDO,yes,yes,1,1,145,179,,Novita,stop,0,9.1175e-05,content,0.0,700
meta-llama/llama-3.3-70b-instruct,434,11391,PROSE,fork,2,ate,getting_tanned,anticommonsense,PSEUDO,yes,yes,1,1,135,202,,Novita,stop,0,9.9025e-05,content,0.0,700
meta-llama/llama-3.3-70b-instruct,434,11391,RAW,fork,2,ate,getting_tanned,anticommonsense,PSEUDO,yes,no,0,1,112,186,,Novita,stop,0,8.952e-05,content,0.0,700
meta-llama/llama-3.3-70b-instruct,434,11391,ORACLE,fork,2,ate,getting_tanned,anticommonsense,PSEUDO,yes,no,0,1,150,455,,Novita,stop,0,0.00020225,content,0.0,700
meta-llama/llama-3.3-70b-instruct,434,11391,DR_k1,fork,2,ate,getting_tanned,anticommonsense,PSEUDO,yes,no,0,1,150,195,,Novita,stop,0,9.825e-05,content,0.0,700
meta-llama/llama-3.3-70b-instruct,436,11089,PROSE,fork,2,ate,forest_fire,anticommonsense,PSEUDO,no,no,1,1,134,266,,Novita,stop,0,0.00012449,content,0.0,700
meta-llama/llama-3.3-70b-instruct,436,11089,RAW,fork,2,ate,forest_fire,anticommonsense,PSEUDO,no,no,1,1,110,27,,Novita,stop,0,2.565e-05,content,0.0,700
meta-llama/llama-3.3-70b-instruct,436,11089,ORACLE,fork,2,ate,forest_fire,anticommonsense,PSEUDO,no,no,1,1,149,197,,Novita,stop,0,9.8915e-05,content,0.0,700
meta-llama/llama-3.3-70b-instruct,436,11089,DR_k1,fork,2,ate,forest_fire,anticommonsense,PSEUDO,no,no,1,1,149,200,,Novita,stop,0,0.000100115,content,0.0,700
meta-llama/llama-3.3-70b-instruct,437,962,PROSE,fork,2,ate,getting_tanned,easy,PSEUDO,yes,yes,1,1,131,304,,Novita,stop,0,0.000139285,content,0.0,700
meta-llama/llama-3.3-70b-instruct,437,962,RAW,fork,2,ate,getting_tanned,easy,PSEUDO,yes,no,0,1,109,292,,Novita,stop,0,0.000131515,content,0.0,700
meta-llama/llama-3.3-70b-instruct,437,962,ORACLE,fork,2,ate,getting_tanned,easy,PSEUDO,yes,yes,1,1,146,282,,Novita,stop,0,0.00013251,content,0.0,700
meta-llama/llama-3.3-70b-instruct,437,962,DR_k1,fork,2,ate,getting_tanned,easy,PSEUDO,yes,yes,1,1,147,428,,Novita,stop,0,0.000191045,content,0.0,700
meta-llama/llama-3.3-70b-instruct,438,11217,PROSE,fork,2,ate,getting_late,anticommonsense,PSEUDO,yes,yes,1,1,138,117,,Novita,stop,0,6.543e-05,content,0.0,700
meta-llama/llama-3.3-70b-instruct,438,11217,RAW,fork,2,ate,getting_late,anticommonsense,PSEUDO,yes,yes,1,1,114,88,,Novita,stop,0,5.059e-05,content,0.0,700
meta-llama/llama-3.3-70b-instruct,438,11217,ORACLE,fork,2,ate,getting_late,anticommonsense,PSEUDO,yes,yes,1,1,153,94,,Novita,stop,0,5.8255e-05,content,0.0,700
meta-llama/llama-3.3-70b-instruct,438,11217,DR_k1,fork,2,ate,getting_late,anticommonsense,PSEUDO,yes,yes,1,1,153,131,,Novita,stop,0,7.3055e-05,content,0.0,700
meta-llama/llama-3.3-70b-instruct,439,5789,PROSE,fork,2,ate,getting_tanned,hard,PSEUDO,no,no,1,1,131,461,,Novita,stop,0,0.000202085,content,0.0,700
meta-llama/llama-3.3-70b-instruct,439,5789,RAW,fork,2,ate,getting_tanned,hard,PSEUDO,no,no,1,1,109,197,,Novita,stop,0,9.3515e-05,content,0.0,700
meta-llama/llama-3.3-70b-instruct,439,5789,ORACLE,fork,2,ate,getting_tanned,hard,PSEUDO,no,no,1,1,146,150,,Novita,stop,0,7.971e-05,content,0.0,700
meta-llama/llama-3.3-70b-instruct,439,5789,DR_k1,fork,2,ate,getting_tanned,hard,PSEUDO,no,no,1,1,147,142,,Novita,stop,0,7.6645e-05,content,0.0,700
meta-llama/llama-3.3-70b-instruct,440,940,PROSE,fork,3,ett,getting_tanned,easy,PSEUDO,no,yes,0,1,149,351,,Novita,stop,0,0.000160515,content,0.0,700
meta-llama/llama-3.3-70b-instruct,440,940,RAW,fork,3,ett,getting_tanned,easy,PSEUDO,no,no,1,1,128,700,,Novita,length,0,0.00029728,content,0.0,700
meta-llama/llama-3.3-70b-instruct,440,940,ORACLE,fork,3,ett,getting_tanned,easy,PSEUDO,no,,0,0,164,700,,Novita,length,0,0.00030214,content,0.0,700
meta-llama/llama-3.3-70b-instruct,440,940,DR_k1,fork,3,ett,getting_tanned,easy,PSEUDO,no,yes,0,1,165,697,,Novita,stop,0,0.000301075,content,0.0,700
meta-llama/llama-3.3-70b-instruct,441,20015,PROSE,fork,3,det-counterfactual,forest_fire,anticommonsense,PSEUDO,yes,no,0,1,123,152,,Novita,stop,0,7.7405e-05,content,0.0,700
meta-llama/llama-3.3-70b-instruct,441,20015,RAW,fork,3,det-counterfactual,forest_fire,anticommonsense,PSEUDO,yes,yes,1,1,101,145,,Novita,stop,0,7.1635e-05,content,0.0,700
meta-llama/llama-3.3-70b-instruct,441,20015,ORACLE,fork,3,det-counterfactual,forest_fire,anticommonsense,PSEUDO,yes,no,0,1,138,174,,Novita,stop,0,8.823e-05,content,0.0,700
meta-llama/llama-3.3-70b-instruct,441,20015,DR_k1,fork,3,det-counterfactual,forest_fire,anticommonsense,PSEUDO,yes,yes,1,1,137,411,,Novita,stop,0,0.000182895,content,0.0,700
meta-llama/llama-3.3-70b-instruct,442,5776,PROSE,fork,3,ett,getting_tanned,hard,PSEUDO,no,yes,0,1,149,465,,Novita,stop,0,0.000206115,content,0.0,700
meta-llama/llama-3.3-70b-instruct,442,5776,RAW,fork,3,ett,getting_tanned,hard,PSEUDO,no,yes,0,1,128,654,,Novita,stop,0,0.00027888,content,0.0,700
meta-llama/llama-3.3-70b-instruct,442,5776,ORACLE,fork,3,ett,getting_tanned,hard,PSEUDO,no,yes,0,1,164,400,,Novita,stop,0,0.00018214,content,0.0,700
meta-llama/llama-3.3-70b-instruct,442,5776,DR_k1,fork,3,ett,getting_tanned,hard,PSEUDO,no,no,1,1,165,658,,Novita,stop,0,0.000285475,content,0.0,700
meta-llama/llama-3.3-70b-instruct,443,5724,PROSE,fork,3,ett,getting_tanned,hard,PSEUDO,yes,yes,1,1,153,404,,Novita,stop,0,0.000182255,content,0.0,700
meta-llama/llama-3.3-70b-instruct,443,5724,RAW,fork,3,ett,getting_tanned,hard,PSEUDO,yes,yes,1,1,129,401,,Novita,stop,0,0.000177815,content,0.0,700
meta-llama/llama-3.3-70b-instruct,443,5724,ORACLE,fork,3,ett,getting_tanned,hard,PSEUDO,yes,no,0,1,168,700,,Novita,length,0,0.00030268,content,0.0,700
meta-llama/llama-3.3-70b-instruct,443,5724,DR_k1,fork,3,ett,getting_tanned,hard,PSEUDO,yes,,0,0,167,700,,Novita,length,0,0.000302545,content,0.0,700
meta-llama/llama-3.3-70b-instruct,444,898,PROSE,fork,3,ett,getting_late,easy,PSEUDO,yes,yes,1,1,149,112,,Novita,stop,0,6.4915e-05,content,0.0,700
meta-llama/llama-3.3-70b-instruct,444,898,RAW,fork,3,ett,getting_late,easy,PSEUDO,yes,yes,1,1,125,103,,Novita,stop,0,5.8075e-05,content,0.0,700
meta-llama/llama-3.3-70b-instruct,444,898,ORACLE,fork,3,ett,getting_late,easy,PSEUDO,yes,yes,1,1,164,163,,Novita,stop,0,8.734e-05,content,0.0,700
meta-llama/llama-3.3-70b-instruct,444,898,DR_k1,fork,3,ett,getting_late,easy,PSEUDO,yes,yes,1,1,164,183,,Novita,stop,0,9.534e-05,content,0.0,700
meta-llama/llama-3.3-70b-instruct,445,15380,PROSE,fork,3,ett,candle,anticommonsense,PSEUDO,no,no,1,1,139,295,,Novita,stop,0,0.000136765,content,0.0,700
meta-llama/llama-3.3-70b-instruct,445,15380,RAW,fork,3,ett,candle,anticommonsense,PSEUDO,no,yes,0,1,117,121,,Novita,stop,0,6.4195e-05,content,0.0,700
meta-llama/llama-3.3-70b-instruct,445,15380,ORACLE,fork,3,ett,candle,anticommonsense,PSEUDO,no,no,1,1,154,364,,Novita,stop,0,0.00016639,content,0.0,700
meta-llama/llama-3.3-70b-instruct,445,15380,DR_k1,fork,3,ett,candle,anticommonsense,PSEUDO,no,no,1,1,153,237,,Novita,stop,0,0.000115455,content,0.0,700
meta-llama/llama-3.3-70b-instruct,446,20031,PROSE,fork,3,det-counterfactual,getting_late,anticommonsense,PSEUDO,no,no,1,1,127,149,,Novita,stop,0,7.6745e-05,content,0.0,700
meta-llama/llama-3.3-70b-instruct,446,20031,RAW,fork,3,det-counterfactual,getting_late,anticommonsense,PSEUDO,no,yes,0,1,103,366,,Novita,stop,0,0.000160305,content,0.0,700
meta-llama/llama-3.3-70b-instruct,446,20031,ORACLE,fork,3,det-counterfactual,getting_late,anticommonsense,PSEUDO,no,no,1,1,142,384,,Novita,stop,0,0.00017277,content,0.0,700
meta-llama/llama-3.3-70b-instruct,446,20031,DR_k1,fork,3,det-counterfactual,getting_late,anticommonsense,PSEUDO,no,no,1,1,142,543,,Novita,stop,0,0.00023637,content,0.0,700
meta-llama/llama-3.3-70b-instruct,447,20040,PROSE,fork,3,det-counterfactual,getting_late,anticommonsense,PSEUDO,yes,no,0,1,128,138,,Novita,stop,0,7.248e-05,content,0.0,700
meta-llama/llama-3.3-70b-instruct,447,20040,RAW,fork,3,det-counterfactual,getting_late,anticommonsense,PSEUDO,yes,no,0,1,104,246,,Novita,stop,0,0.00011244,content,0.0,700
meta-llama/llama-3.3-70b-instruct,447,20040,ORACLE,fork,3,det-counterfactual,getting_late,anticommonsense,PSEUDO,yes,no,0,1,143,237,,Novita,stop,0,0.000114105,content,0.0,700
meta-llama/llama-3.3-70b-instruct,447,20040,DR_k1,fork,3,det-counterfactual,getting_late,anticommonsense,PSEUDO,yes,no,0,1,143,449,,Novita,stop,0,0.000198905,content,0.0,700
meta-llama/llama-3.3-70b-instruct,448,20033,PROSE,fork,3,det-counterfactual,getting_late,anticommonsense,PSEUDO,no,no,1,1,126,347,,Novita,stop,0,0.00015581,content,0.0,700
meta-llama/llama-3.3-70b-instruct,448,20033,RAW,fork,3,det-counterfactual,getting_late,anticommonsense,PSEUDO,no,no,1,1,102,251,,Novita,stop,0,0.00011417,content,0.0,700
meta-llama/llama-3.3-70b-instruct,448,20033,ORACLE,fork,3,det-counterfactual,getting_late,anticommonsense,PSEUDO,no,no,1,1,141,276,,Novita,stop,0,0.000129435,content,0.0,700
meta-llama/llama-3.3-70b-instruct,448,20033,DR_k1,fork,3,det-counterfactual,getting_late,anticommonsense,PSEUDO,no,no,1,1,140,241,,Novita,stop,0,0.0001153,content,0.0,700
meta-llama/llama-3.3-70b-instruct,449,734,PROSE,fork,3,ett,forest_fire,easy,PSEUDO,no,no,1,1,152,445,,Novita,stop,0,0.00019852,content,0.0,700
meta-llama/llama-3.3-70b-instruct,449,734,RAW,fork,3,ett,forest_fire,easy,PSEUDO,no,no,1,1,128,219,,Novita,stop,0,0.00010488,content,0.0,700
meta-llama/llama-3.3-70b-instruct,449,734,ORACLE,fork,3,ett,forest_fire,easy,PSEUDO,no,no,1,1,167,665,,Novita,stop,0,0.000288545,content,0.0,700
meta-llama/llama-3.3-70b-instruct,449,734,DR_k1,fork,3,ett,forest_fire,easy,PSEUDO,no,no,1,1,167,315,,Novita,stop,0,0.000148545,content,0.0,700
meta-llama/llama-3.3-70b-instruct,450,20055,PROSE,fork,3,det-counterfactual,getting_tanned,anticommonsense,PSEUDO,yes,no,0,1,124,107,,Novita,stop,0,5.954e-05,content,0.0,700
meta-llama/llama-3.3-70b-instruct,450,20055,RAW,fork,3,det-counterfactual,getting_tanned,anticommonsense,PSEUDO,yes,no,0,1,102,272,,Novita,stop,0,0.00012257,content,0.0,700
meta-llama/llama-3.3-70b-instruct,450,20055,ORACLE,fork,3,det-counterfactual,getting_tanned,anticommonsense,PSEUDO,yes,no,0,1,139,184,,Novita,stop,0,9.2365e-05,content,0.0,700
meta-llama/llama-3.3-70b-instruct,450,20055,DR_k1,fork,3,det-counterfactual,getting_tanned,anticommonsense,PSEUDO,yes,no,0,1,140,277,,Novita,stop,0,0.0001297,content,0.0,700
meta-llama/llama-3.3-70b-instruct,451,11126,PROSE,fork,3,ett,forest_fire,anticommonsense,PSEUDO,no,no,1,1,148,232,,Novita,stop,0,0.00011278,content,0.0,700
meta-llama/llama-3.3-70b-instruct,451,11126,RAW,fork,3,ett,forest_fire,anticommonsense,PSEUDO,no,no,1,1,124,164,,Novita,stop,0,8.234e-05,content,0.0,700
meta-llama/llama-3.3-70b-instruct,451,11126,ORACLE,fork,3,ett,forest_fire,anticommonsense,PSEUDO,no,no,1,1,163,319,,Novita,stop,0,0.000149605,content,0.0,700
meta-llama/llama-3.3-70b-instruct,451,11126,DR_k1,fork,3,ett,forest_fire,anticommonsense,PSEUDO,no,no,1,1,163,343,,Novita,stop,0,0.000159205,content,0.0,700
meta-llama/llama-3.3-70b-instruct,452,16087,PROSE,fork,3,ett,getting_tanned,anticommonsense,PSEUDO,no,yes,0,1,155,436,,Novita,stop,0,0.000195325,content,0.0,700
meta-llama/llama-3.3-70b-instruct,452,16087,RAW,fork,3,ett,getting_tanned,anticommonsense,PSEUDO,no,yes,0,1,131,287,,Novita,stop,0,0.000132485,content,0.0,700
meta-llama/llama-3.3-70b-instruct,452,16087,ORACLE,fork,3,ett,getting_tanned,anticommonsense,PSEUDO,no,yes,0,1,170,564,,Novita,stop,0,0.00024855,content,0.0,700
meta-llama/llama-3.3-70b-instruct,452,16087,DR_k1,fork,3,ett,getting_tanned,anticommonsense,PSEUDO,no,no,1,1,170,424,,Novita,stop,0,0.00019255,content,0.0,700
meta-llama/llama-3.3-70b-instruct,453,20010,PROSE,fork,3,det-counterfactual,forest_fire,anticommonsense,PSEUDO,no,no,1,1,125,206,,Novita,stop,0,9.9275e-05,content,0.0,700
meta-llama/llama-3.3-70b-instruct,453,20010,RAW,fork,3,det-counterfactual,forest_fire,anticommonsense,PSEUDO,no,no,1,1,103,95,,Novita,stop,0,5.1905e-05,content,0.0,700
meta-llama/llama-3.3-70b-instruct,453,20010,ORACLE,fork,3,det-counterfactual,forest_fire,anticommonsense,PSEUDO,no,yes,0,1,140,172,,Novita,stop,0,8.77e-05,content,0.0,700
meta-llama/llama-3.3-70b-instruct,453,20010,DR_k1,fork,3,det-counterfactual,forest_fire,anticommonsense,PSEUDO,no,no,1,1,141,481,,Novita,stop,0,0.000211435,content,0.0,700
meta-llama/llama-3.3-70b-instruct,454,19938,PROSE,fork,3,det-counterfactual,candle,anticommonsense,PSEUDO,no,no,1,1,123,426,,Novita,stop,0,0.000187005,content,0.0,700
meta-llama/llama-3.3-70b-instruct,454,19938,RAW,fork,3,det-counterfactual,candle,anticommonsense,PSEUDO,no,yes,0,1,100,459,,Novita,stop,0,0.0001971,content,0.0,700
meta-llama/llama-3.3-70b-instruct,454,19938,ORACLE,fork,3,det-counterfactual,candle,anticommonsense,PSEUDO,no,no,1,1,138,399,,Novita,stop,0,0.00017823,content,0.0,700
meta-llama/llama-3.3-70b-instruct,454,19938,DR_k1,fork,3,det-counterfactual,candle,anticommonsense,PSEUDO,no,no,1,1,138,553,,Novita,stop,0,0.00023983,content,0.0,700
meta-llama/llama-3.3-70b-instruct,455,9548,PROSE,fork,3,det-counterfactual,candle,commonsense,PSEUDO,no,no,1,1,125,257,,Novita,stop,0,0.000119675,content,0.0,700
meta-llama/llama-3.3-70b-instruct,455,9548,RAW,fork,3,det-counterfactual,candle,commonsense,PSEUDO,no,yes,0,1,103,588,,Novita,stop,0,0.000249105,content,0.0,700
meta-llama/llama-3.3-70b-instruct,455,9548,ORACLE,fork,3,det-counterfactual,candle,commonsense,PSEUDO,no,no,1,1,140,238,,Novita,stop,0,0.0001141,content,0.0,700
meta-llama/llama-3.3-70b-instruct,455,9548,DR_k1,fork,3,det-counterfactual,candle,commonsense,PSEUDO,no,no,1,1,141,378,,Novita,stop,0,0.000170235,content,0.0,700
meta-llama/llama-3.3-70b-instruct,456,19936,PROSE,fork,3,det-counterfactual,candle,anticommonsense,PSEUDO,yes,no,0,1,120,137,,Novita,stop,0,7.1e-05,content,0.0,700
meta-llama/llama-3.3-70b-instruct,456,19936,RAW,fork,3,det-counterfactual,candle,anticommonsense,PSEUDO,yes,no,0,1,98,284,,Novita,stop,0,0.00012683,content,0.0,700
meta-llama/llama-3.3-70b-instruct,456,19936,ORACLE,fork,3,det-counterfactual,candle,anticommonsense,PSEUDO,yes,no,0,1,135,432,,Novita,stop,0,0.000191025,content,0.0,700
meta-llama/llama-3.3-70b-instruct,456,19936,DR_k1,fork,3,det-counterfactual,candle,anticommonsense,PSEUDO,yes,no,0,1,136,179,,Novita,stop,0,8.996e-05,content,0.0,700
meta-llama/llama-3.3-70b-instruct,457,11115,PROSE,fork,3,ett,forest_fire,anticommonsense,PSEUDO,no,no,1,1,148,316,,Novita,stop,0,0.00014638,content,0.0,700
meta-llama/llama-3.3-70b-instruct,457,11115,RAW,fork,3,ett,forest_fire,anticommonsense,PSEUDO,no,no,1,1,124,209,,Novita,stop,0,0.00010034,content,0.0,700
meta-llama/llama-3.3-70b-instruct,457,11115,ORACLE,fork,3,ett,forest_fire,anticommonsense,PSEUDO,no,no,1,1,163,421,,Novita,stop,0,0.000190405,content,0.0,700
meta-llama/llama-3.3-70b-instruct,457,11115,DR_k1,fork,3,ett,forest_fire,anticommonsense,PSEUDO,no,no,1,1,162,390,,Novita,stop,0,0.00017787,content,0.0,700
meta-llama/llama-3.3-70b-instruct,458,5551,PROSE,fork,3,ett,forest_fire,hard,PSEUDO,yes,yes,1,1,150,502,,Novita,stop,0,0.00022105,content,0.0,700
meta-llama/llama-3.3-70b-instruct,458,5551,RAW,fork,3,ett,forest_fire,hard,PSEUDO,yes,no,0,1,127,255,,Novita,stop,0,0.000119145,content,0.0,700
meta-llama/llama-3.3-70b-instruct,458,5551,ORACLE,fork,3,ett,forest_fire,hard,PSEUDO,yes,yes,1,1,165,519,,Novita,stop,0,0.000229875,content,0.0,700
meta-llama/llama-3.3-70b-instruct,458,5551,DR_k1,fork,3,ett,forest_fire,hard,PSEUDO,yes,no,0,1,165,700,,Novita,length,0,0.000302275,content,0.0,700
meta-llama/llama-3.3-70b-instruct,459,5689,PROSE,fork,3,ett,getting_late,hard,PSEUDO,no,no,1,1,144,158,,Novita,stop,0,8.264e-05,content,0.0,700
meta-llama/llama-3.3-70b-instruct,459,5689,RAW,fork,3,ett,getting_late,hard,PSEUDO,no,no,1,1,122,167,,Novita,stop,0,8.327e-05,content,0.0,700
meta-llama/llama-3.3-70b-instruct,459,5689,ORACLE,fork,3,ett,getting_late,hard,PSEUDO,no,no,1,1,159,397,,Novita,stop,0,0.000180265,content,0.0,700
meta-llama/llama-3.3-70b-instruct,459,5689,DR_k1,fork,3,ett,getting_late,hard,PSEUDO,no,no,1,1,159,194,,Novita,stop,0,9.9065e-05,content,0.0,700
meta-llama/llama-3.3-70b-instruct,486,4302,PROSE,frontdoor,2,ate,smoking_frontdoor,easy,PSEUDO,no,no,1,1,232,400,,Novita,stop,0,0.00019132,content,0.0,700
meta-llama/llama-3.3-70b-instruct,486,4302,RAW,frontdoor,2,ate,smoking_frontdoor,easy,PSEUDO,no,no,1,1,193,237,,Novita,stop,0,0.000120855,content,0.0,700
meta-llama/llama-3.3-70b-instruct,486,4302,ORACLE,frontdoor,2,ate,smoking_frontdoor,easy,PSEUDO,no,no,1,1,247,520,,Novita,stop,0,0.000241345,content,0.0,700
meta-llama/llama-3.3-70b-instruct,486,4302,DR_k1,frontdoor,2,ate,smoking_frontdoor,easy,PSEUDO,no,no,1,1,246,441,,Novita,stop,0,0.00020961,content,0.0,700
meta-llama/llama-3.3-70b-instruct,487,8951,PROSE,frontdoor,2,ate,smoking_frontdoor,hard,PSEUDO,yes,no,0,1,231,394,,Novita,stop,0,0.000188785,content,0.0,700
meta-llama/llama-3.3-70b-instruct,487,8951,RAW,frontdoor,2,ate,smoking_frontdoor,hard,PSEUDO,yes,no,0,1,193,232,,Novita,stop,0,0.000118855,content,0.0,700
meta-llama/llama-3.3-70b-instruct,487,8951,ORACLE,frontdoor,2,ate,smoking_frontdoor,hard,PSEUDO,yes,no,0,1,246,465,,Novita,stop,0,0.00021921,content,0.0,700
meta-llama/llama-3.3-70b-instruct,487,8951,DR_k1,frontdoor,2,ate,smoking_frontdoor,hard,PSEUDO,yes,no,0,1,239,605,,Novita,stop,0,0.000274265,content,0.0,700
meta-llama/llama-3.3-70b-instruct,488,19318,PROSE,frontdoor,2,ate,smoking_frontdoor,anticommonsense,PSEUDO,no,yes,0,1,236,338,,Novita,stop,0,0.00016706,content,0.0,700
meta-llama/llama-3.3-70b-instruct,488,19318,RAW,frontdoor,2,ate,smoking_frontdoor,anticommonsense,PSEUDO,no,no,1,1,197,269,,Novita,stop,0,0.000134195,content,0.0,700
meta-llama/llama-3.3-70b-instruct,488,19318,ORACLE,frontdoor,2,ate,smoking_frontdoor,anticommonsense,PSEUDO,no,no,1,1,251,700,,Novita,length,0,0.000313885,content,0.0,700
meta-llama/llama-3.3-70b-instruct,488,19318,DR_k1,frontdoor,2,ate,smoking_frontdoor,anticommonsense,PSEUDO,no,yes,0,1,242,493,,Novita,stop,0,0.00022987,content,0.0,700
meta-llama/llama-3.3-70b-instruct,489,14570,PROSE,frontdoor,2,ate,smoking_frontdoor,anticommonsense,PSEUDO,yes,yes,1,1,232,420,,Novita,stop,0,0.00019932,content,0.0,700
meta-llama/llama-3.3-70b-instruct,489,14570,RAW,frontdoor,2,ate,smoking_frontdoor,anticommonsense,PSEUDO,yes,no,0,1,194,187,,Novita,stop,0,0.00010099,content,0.0,700
meta-llama/llama-3.3-70b-instruct,489,14570,ORACLE,frontdoor,2,ate,smoking_frontdoor,anticommonsense,PSEUDO,yes,yes,1,1,247,382,,Novita,stop,0,0.000186145,content,0.0,700
meta-llama/llama-3.3-70b-instruct,489,14570,DR_k1,frontdoor,2,ate,smoking_frontdoor,anticommonsense,PSEUDO,yes,yes,1,1,248,360,,Novita,stop,0,0.00017748,content,0.0,700
meta-llama/llama-3.3-70b-instruct,490,14676,PROSE,frontdoor,2,ate,smoking_frontdoor,anticommonsense,PSEUDO,no,no,1,1,229,700,,Novita,length,0,0.000310915,content,0.0,700
meta-llama/llama-3.3-70b-instruct,490,14676,RAW,frontdoor,2,ate,smoking_frontdoor,anticommonsense,PSEUDO,no,no,1,1,191,134,,Novita,stop,0,7.9385e-05,content,0.0,700
meta-llama/llama-3.3-70b-instruct,490,14676,ORACLE,frontdoor,2,ate,smoking_frontdoor,anticommonsense,PSEUDO,no,no,1,1,244,624,,Novita,stop,0,0.00028254,content,0.0,700
meta-llama/llama-3.3-70b-instruct,490,14676,DR_k1,frontdoor,2,ate,smoking_frontdoor,anticommonsense,PSEUDO,no,no,1,1,236,306,,Novita,stop,0,0.00015426,content,0.0,700
meta-llama/llama-3.3-70b-instruct,491,4171,PROSE,frontdoor,2,ate,smoking_frontdoor,easy,PSEUDO,yes,yes,1,1,239,519,,Novita,stop,0,0.000239865,content,0.0,700
meta-llama/llama-3.3-70b-instruct,491,4171,RAW,frontdoor,2,ate,smoking_frontdoor,easy,PSEUDO,yes,no,0,1,199,273,,Novita,stop,0,0.000136065,content,0.0,700
meta-llama/llama-3.3-70b-instruct,491,4171,ORACLE,frontdoor,2,ate,smoking_frontdoor,easy,PSEUDO,yes,yes,1,1,254,495,,Novita,stop,0,0.00023229,content,0.0,700
meta-llama/llama-3.3-70b-instruct,491,4171,DR_k1,frontdoor,2,ate,smoking_frontdoor,easy,PSEUDO,yes,no,0,1,246,340,,Novita,stop,0,0.00016921,content,0.0,700
meta-llama/llama-3.3-70b-instruct,492,14638,PROSE,frontdoor,2,ate,smoking_frontdoor,anticommonsense,PSEUDO,yes,yes,1,1,223,458,,Novita,stop,0,0.000213305,content,0.0,700
meta-llama/llama-3.3-70b-instruct,492,14638,RAW,frontdoor,2,ate,smoking_frontdoor,anticommonsense,PSEUDO,yes,no,0,1,187,271,,Novita,stop,0,0.000133645,content,0.0,700
meta-llama/llama-3.3-70b-instruct,492,14638,ORACLE,frontdoor,2,ate,smoking_frontdoor,anticommonsense,PSEUDO,yes,yes,1,1,238,400,,Novita,stop,0,0.00019213,content,0.0,700
meta-llama/llama-3.3-70b-instruct,492,14638,DR_k1,frontdoor,2,ate,smoking_frontdoor,anticommonsense,PSEUDO,yes,yes,1,1,231,425,,Novita,stop,0,0.000201185,content,0.0,700
meta-llama/llama-3.3-70b-instruct,493,14591,PROSE,frontdoor,2,ate,smoking_frontdoor,anticommonsense,PSEUDO,yes,yes,1,1,239,430,,Novita,stop,0,0.000204265,content,0.0,700
meta-llama/llama-3.3-70b-instruct,493,14591,RAW,frontdoor,2,ate,smoking_frontdoor,anticommonsense,PSEUDO,yes,no,0,1,199,421,,Novita,stop,0,0.000195265,content,0.0,700
meta-llama/llama-3.3-70b-instruct,493,14591,ORACLE,frontdoor,2,ate,smoking_frontdoor,anticommonsense,PSEUDO,yes,yes,1,1,254,355,,Novita,stop,0,0.00017629,content,0.0,700
meta-llama/llama-3.3-70b-instruct,493,14591,DR_k1,frontdoor,2,ate,smoking_frontdoor,anticommonsense,PSEUDO,yes,yes,1,1,254,535,,Novita,stop,0,0.00024829,content,0.0,700
meta-llama/llama-3.3-70b-instruct,494,8971,PROSE,frontdoor,2,ate,smoking_frontdoor,hard,PSEUDO,yes,no,0,1,227,357,,Novita,stop,0,0.000173445,content,0.0,700
meta-llama/llama-3.3-70b-instruct,494,8971,RAW,frontdoor,2,ate,smoking_frontdoor,hard,PSEUDO,yes,no,0,1,190,228,,Novita,stop,0,0.00011685,content,0.0,700
meta-llama/llama-3.3-70b-instruct,494,8971,ORACLE,frontdoor,2,ate,smoking_frontdoor,hard,PSEUDO,yes,no,0,1,242,334,,Novita,stop,0,0.00016627,content,0.0,700
meta-llama/llama-3.3-70b-instruct,494,8971,DR_k1,frontdoor,2,ate,smoking_frontdoor,hard,PSEUDO,yes,no,0,1,234,373,,Novita,stop,0,0.00018079,content,0.0,700
meta-llama/llama-3.3-70b-instruct,497,4166,PROSE,frontdoor,2,ate,smoking_frontdoor,easy,PSEUDO,yes,yes,1,1,229,356,,Novita,stop,0,0.000173315,content,0.0,700
meta-llama/llama-3.3-70b-instruct,497,4166,RAW,frontdoor,2,ate,smoking_frontdoor,easy,PSEUDO,yes,no,0,1,192,186,,Novita,stop,0,0.00010032,content,0.0,700
meta-llama/llama-3.3-70b-instruct,497,4166,ORACLE,frontdoor,2,ate,smoking_frontdoor,easy,PSEUDO,yes,yes,1,1,244,324,,Novita,stop,0,0.00016254,content,0.0,700
meta-llama/llama-3.3-70b-instruct,497,4166,DR_k1,frontdoor,2,ate,smoking_frontdoor,easy,PSEUDO,yes,no,0,1,235,530,,Novita,stop,0,0.000243725,content,0.0,700
meta-llama/llama-3.3-70b-instruct,498,19368,PROSE,frontdoor,2,ate,smoking_frontdoor,anticommonsense,PSEUDO,no,yes,0,1,228,367,,Novita,stop,0,0.00017758,content,0.0,700
meta-llama/llama-3.3-70b-instruct,498,19368,RAW,frontdoor,2,ate,smoking_frontdoor,anticommonsense,PSEUDO,no,no,1,1,192,343,,Novita,stop,0,0.00016312,content,0.0,700
meta-llama/llama-3.3-70b-instruct,498,19368,ORACLE,frontdoor,2,ate,smoking_frontdoor,anticommonsense,PSEUDO,no,no,1,1,243,449,,Novita,stop,0,0.000212405,content,0.0,700
meta-llama/llama-3.3-70b-instruct,498,19368,DR_k1,frontdoor,2,ate,smoking_frontdoor,anticommonsense,PSEUDO,no,no,1,1,243,614,,Novita,stop,0,0.000278405,content,0.0,700
meta-llama/llama-3.3-70b-instruct,499,4274,PROSE,frontdoor,2,ate,smoking_frontdoor,easy,PSEUDO,yes,yes,1,1,224,412,,Novita,stop,0,0.00019504,content,0.0,700
meta-llama/llama-3.3-70b-instruct,499,4274,RAW,frontdoor,2,ate,smoking_frontdoor,easy,PSEUDO,yes,no,0,1,188,232,,Novita,stop,0,0.00011818,content,0.0,700
meta-llama/llama-3.3-70b-instruct,499,4274,ORACLE,frontdoor,2,ate,smoking_frontdoor,easy,PSEUDO,yes,yes,1,1,239,334,,Novita,stop,0,0.000165865,content,0.0,700
meta-llama/llama-3.3-70b-instruct,499,4274,DR_k1,frontdoor,2,ate,smoking_frontdoor,easy,PSEUDO,yes,yes,1,1,240,360,,Novita,stop,0,0.0001764,content,0.0,700
meta-llama/llama-3.3-70b-instruct,500,10233,PROSE,frontdoor,3,det-counterfactual,smoking_frontdoor,commonsense,PSEUDO,no,no,1,1,170,314,,Novita,stop,0,0.00014855,content,0.0,700
meta-llama/llama-3.3-70b-instruct,500,10233,RAW,frontdoor,3,det-counterfactual,smoking_frontdoor,commonsense,PSEUDO,no,no,1,1,130,340,,Novita,stop,0,0.00015355,content,0.0,700
meta-llama/llama-3.3-70b-instruct,500,10233,ORACLE,frontdoor,3,det-counterfactual,smoking_frontdoor,commonsense,PSEUDO,no,no,1,1,185,253,,Novita,stop,0,0.000126175,content,0.0,700
meta-llama/llama-3.3-70b-instruct,500,10233,DR_k1,frontdoor,3,det-counterfactual,smoking_frontdoor,commonsense,PSEUDO,no,no,1,1,177,463,,Novita,stop,0,0.000209095,content,0.0,700
meta-llama/llama-3.3-70b-instruct,501,19352,PROSE,frontdoor,3,nie,smoking_frontdoor,anticommonsense,PSEUDO,no,yes,0,1,223,387,,Novita,stop,0,0.000184905,content,0.0,700
meta-llama/llama-3.3-70b-instruct,501,19352,RAW,frontdoor,3,nie,smoking_frontdoor,anticommonsense,PSEUDO,no,no,1,1,187,318,,Novita,stop,0,0.000152445,content,0.0,700
meta-llama/llama-3.3-70b-instruct,501,19352,ORACLE,frontdoor,3,nie,smoking_frontdoor,anticommonsense,PSEUDO,no,yes,0,1,238,305,,Novita,stop,0,0.00015413,content,0.0,700
meta-llama/llama-3.3-70b-instruct,501,19352,DR_k1,frontdoor,3,nie,smoking_frontdoor,anticommonsense,PSEUDO,no,no,1,1,230,472,,Novita,stop,0,0.00021985,content,0.0,700
meta-llama/llama-3.3-70b-instruct,502,14577,PROSE,frontdoor,3,ett,smoking_frontdoor,anticommonsense,PSEUDO,no,yes,0,1,239,471,,Novita,stop,0,0.000220665,content,0.0,700
meta-llama/llama-3.3-70b-instruct,502,14577,RAW,frontdoor,3,ett,smoking_frontdoor,anticommonsense,PSEUDO,no,yes,0,1,199,419,,Novita,stop,0,0.000194465,content,0.0,700
meta-llama/llama-3.3-70b-instruct,502,14577,ORACLE,frontdoor,3,ett,smoking_frontdoor,anticommonsense,PSEUDO,no,yes,0,1,254,432,,Novita,stop,0,0.00020709,content,0.0,700
meta-llama/llama-3.3-70b-instruct,502,14577,DR_k1,frontdoor,3,ett,smoking_frontdoor,anticommonsense,PSEUDO,no,yes,0,1,254,442,,Novita,stop,0,0.00021109,content,0.0,700
meta-llama/llama-3.3-70b-instruct,503,4208,PROSE,frontdoor,3,ett,smoking_frontdoor,easy,PSEUDO,no,no,1,1,228,455,,Novita,stop,0,0.00021278,content,0.0,700
meta-llama/llama-3.3-70b-instruct,503,4208,RAW,frontdoor,3,ett,smoking_frontdoor,easy,PSEUDO,no,no,1,1,192,374,,Novita,stop,0,0.00017552,content,0.0,700
meta-llama/llama-3.3-70b-instruct,503,4208,ORACLE,frontdoor,3,ett,smoking_frontdoor,easy,PSEUDO,no,no,1,1,243,654,,Novita,stop,0,0.000294405,content,0.0,700
meta-llama/llama-3.3-70b-instruct,503,4208,DR_k1,frontdoor,3,ett,smoking_frontdoor,easy,PSEUDO,no,no,1,1,236,449,,Novita,stop,0,0.00021146,content,0.0,700
meta-llama/llama-3.3-70b-instruct,504,14663,PROSE,frontdoor,3,nie,smoking_frontdoor,anticommonsense,PSEUDO,no,no,1,1,238,700,,Novita,length,0,0.00031213,content,0.0,700
meta-llama/llama-3.3-70b-instruct,504,14663,RAW,frontdoor,3,nie,smoking_frontdoor,anticommonsense,PSEUDO,no,no,1,1,199,199,,Novita,stop,0,0.000106465,content,0.0,700
meta-llama/llama-3.3-70b-instruct,504,14663,ORACLE,frontdoor,3,nie,smoking_frontdoor,anticommonsense,PSEUDO,no,no,1,1,253,320,,Novita,stop,0,0.000162155,content,0.0,700
meta-llama/llama-3.3-70b-instruct,504,14663,DR_k1,frontdoor,3,nie,smoking_frontdoor,anticommonsense,PSEUDO,no,no,1,1,254,632,,Novita,stop,0,0.00028709,content,0.0,700
meta-llama/llama-3.3-70b-instruct,505,10239,PROSE,frontdoor,3,det-counterfactual,smoking_frontdoor,commonsense,PSEUDO,yes,no,0,1,167,147,,Novita,stop,0,8.1345e-05,content,0.0,700
meta-llama/llama-3.3-70b-instruct,505,10239,RAW,frontdoor,3,det-counterfactual,smoking_frontdoor,commonsense,PSEUDO,yes,yes,1,1,129,152,,Novita,stop,0,7.8215e-05,content,0.0,700
meta-llama/llama-3.3-70b-instruct,505,10239,ORACLE,frontdoor,3,det-counterfactual,smoking_frontdoor,commonsense,PSEUDO,yes,yes,1,1,182,294,,Novita,stop,0,0.00014217,content,0.0,700
meta-llama/llama-3.3-70b-instruct,505,10239,DR_k1,frontdoor,3,det-counterfactual,smoking_frontdoor,commonsense,PSEUDO,yes,yes,1,1,174,426,,Novita,stop,0,0.00019389,content,0.0,700
meta-llama/llama-3.3-70b-instruct,506,14565,PROSE,frontdoor,3,nie,smoking_frontdoor,anticommonsense,PSEUDO,yes,yes,1,1,241,460,,Novita,stop,0,0.000216535,content,0.0,700
meta-llama/llama-3.3-70b-instruct,506,14565,RAW,frontdoor,3,nie,smoking_frontdoor,anticommonsense,PSEUDO,yes,no,0,1,201,268,,Novita,stop,0,0.000134335,content,0.0,700
meta-llama/llama-3.3-70b-instruct,506,14565,ORACLE,frontdoor,3,nie,smoking_frontdoor,anticommonsense,PSEUDO,yes,yes,1,1,256,437,,Novita,stop,0,0.00020936,content,0.0,700
meta-llama/llama-3.3-70b-instruct,506,14565,DR_k1,frontdoor,3,nie,smoking_frontdoor,anticommonsense,PSEUDO,yes,yes,1,1,256,493,,Novita,stop,0,0.00023176,content,0.0,700
meta-llama/llama-3.3-70b-instruct,507,4220,PROSE,frontdoor,3,ett,smoking_frontdoor,easy,PSEUDO,no,no,1,1,230,499,,Novita,stop,0,0.00023065,content,0.0,700
meta-llama/llama-3.3-70b-instruct,507,4220,RAW,frontdoor,3,ett,smoking_frontdoor,easy,PSEUDO,no,no,1,1,192,424,,Novita,stop,0,0.00019552,content,0.0,700
meta-llama/llama-3.3-70b-instruct,507,4220,ORACLE,frontdoor,3,ett,smoking_frontdoor,easy,PSEUDO,no,no,1,1,245,700,,Novita,length,0,0.000313075,content,0.0,700
meta-llama/llama-3.3-70b-instruct,507,4220,DR_k1,frontdoor,3,ett,smoking_frontdoor,easy,PSEUDO,no,no,1,1,244,700,,Novita,length,0,0.00031294,content,0.0,700
meta-llama/llama-3.3-70b-instruct,508,14593,PROSE,frontdoor,3,nie,smoking_frontdoor,anticommonsense,PSEUDO,no,no,1,1,241,448,,Novita,stop,0,0.000211735,content,0.0,700
meta-llama/llama-3.3-70b-instruct,508,14593,RAW,frontdoor,3,nie,smoking_frontdoor,anticommonsense,PSEUDO,no,no,1,1,201,215,,Novita,stop,0,0.000113135,content,0.0,700
meta-llama/llama-3.3-70b-instruct,508,14593,ORACLE,frontdoor,3,nie,smoking_frontdoor,anticommonsense,PSEUDO,no,no,1,1,256,505,,Novita,stop,0,0.00023656,content,0.0,700
meta-llama/llama-3.3-70b-instruct,508,14593,DR_k1,frontdoor,3,nie,smoking_frontdoor,anticommonsense,PSEUDO,no,no,1,1,256,488,,Novita,stop,0,0.00022976,content,0.0,700
meta-llama/llama-3.3-70b-instruct,509,14660,PROSE,frontdoor,3,nie,smoking_frontdoor,anticommonsense,PSEUDO,no,no,1,1,230,530,,Novita,stop,0,0.00024305,content,0.0,700
meta-llama/llama-3.3-70b-instruct,509,14660,RAW,frontdoor,3,nie,smoking_frontdoor,anticommonsense,PSEUDO,no,no,1,1,194,270,,Novita,stop,0,0.00013419,content,0.0,700
meta-llama/llama-3.3-70b-instruct,509,14660,ORACLE,frontdoor,3,nie,smoking_frontdoor,anticommonsense,PSEUDO,no,no,1,1,245,431,,Novita,stop,0,0.000205475,content,0.0,700
meta-llama/llama-3.3-70b-instruct,509,14660,DR_k1,frontdoor,3,nie,smoking_frontdoor,anticommonsense,PSEUDO,no,no,1,1,245,489,,Novita,stop,0,0.000228675,content,0.0,700
meta-llama/llama-3.3-70b-instruct,510,8972,PROSE,frontdoor,3,nie,smoking_frontdoor,hard,PSEUDO,yes,no,0,1,238,452,,Novita,stop,0,0.00021293,content,0.0,700
meta-llama/llama-3.3-70b-instruct,510,8972,RAW,frontdoor,3,nie,smoking_frontdoor,hard,PSEUDO,yes,no,0,1,199,224,,Novita,stop,0,0.000116465,content,0.0,700
meta-llama/llama-3.3-70b-instruct,510,8972,ORACLE,frontdoor,3,nie,smoking_frontdoor,hard,PSEUDO,yes,no,0,1,253,552,,Novita,stop,0,0.000254955,content,0.0,700
meta-llama/llama-3.3-70b-instruct,510,8972,DR_k1,frontdoor,3,nie,smoking_frontdoor,hard,PSEUDO,yes,no,0,1,254,413,,Novita,stop,0,0.00019949,content,0.0,700
meta-llama/llama-3.3-70b-instruct,511,10227,PROSE,frontdoor,3,det-counterfactual,smoking_frontdoor,commonsense,PSEUDO,no,no,1,1,161,292,,Novita,stop,0,0.000138535,content,0.0,700
meta-llama/llama-3.3-70b-instruct,511,10227,RAW,frontdoor,3,det-counterfactual,smoking_frontdoor,commonsense,PSEUDO,no,no,1,1,125,280,,Novita,stop,0,0.000128875,content,0.0,700
meta-llama/llama-3.3-70b-instruct,511,10227,ORACLE,frontdoor,3,det-counterfactual,smoking_frontdoor,commonsense,PSEUDO,no,no,1,1,176,371,,Novita,stop,0,0.00017216,content,0.0,700
meta-llama/llama-3.3-70b-instruct,511,10227,DR_k1,frontdoor,3,det-counterfactual,smoking_frontdoor,commonsense,PSEUDO,no,no,1,1,169,268,,Novita,stop,0,0.000130015,content,0.0,700
meta-llama/llama-3.3-70b-instruct,512,14689,PROSE,frontdoor,3,ett,smoking_frontdoor,anticommonsense,PSEUDO,yes,yes,1,1,239,563,,Novita,stop,0,0.000257465,content,0.0,700
meta-llama/llama-3.3-70b-instruct,512,14689,RAW,frontdoor,3,ett,smoking_frontdoor,anticommonsense,PSEUDO,yes,no,0,1,199,414,,Novita,stop,0,0.000192465,content,0.0,700
meta-llama/llama-3.3-70b-instruct,512,14689,ORACLE,frontdoor,3,ett,smoking_frontdoor,anticommonsense,PSEUDO,yes,yes,1,1,254,526,,Novita,stop,0,0.00024469,content,0.0,700
meta-llama/llama-3.3-70b-instruct,512,14689,DR_k1,frontdoor,3,ett,smoking_frontdoor,anticommonsense,PSEUDO,yes,no,0,1,246,668,,Novita,stop,0,0.00030041,content,0.0,700
meta-llama/llama-3.3-70b-instruct,513,14619,PROSE,frontdoor,3,nie,smoking_frontdoor,anticommonsense,PSEUDO,no,no,1,1,233,395,,Novita,stop,0,0.000189455,content,0.0,700
meta-llama/llama-3.3-70b-instruct,513,14619,RAW,frontdoor,3,nie,smoking_frontdoor,anticommonsense,PSEUDO,no,no,1,1,194,233,,Novita,stop,0,0.00011939,content,0.0,700
meta-llama/llama-3.3-70b-instruct,513,14619,ORACLE,frontdoor,3,nie,smoking_frontdoor,anticommonsense,PSEUDO,no,no,1,1,248,406,,Novita,stop,0,0.00019588,content,0.0,700
meta-llama/llama-3.3-70b-instruct,513,14619,DR_k1,frontdoor,3,nie,smoking_frontdoor,anticommonsense,PSEUDO,no,no,1,1,248,620,,Novita,stop,0,0.00028148,content,0.0,700
meta-llama/llama-3.3-70b-instruct,514,9048,PROSE,frontdoor,3,ett,smoking_frontdoor,hard,PSEUDO,yes,no,0,1,224,452,,Novita,stop,0,0.00021104,content,0.0,700
meta-llama/llama-3.3-70b-instruct,514,9048,RAW,frontdoor,3,ett,smoking_frontdoor,hard,PSEUDO,yes,no,0,1,188,364,,Novita,stop,0,0.00017098,content,0.0,700
meta-llama/llama-3.3-70b-instruct,514,9048,ORACLE,frontdoor,3,ett,smoking_frontdoor,hard,PSEUDO,yes,no,0,1,239,493,,Novita,stop,0,0.000229465,content,0.0,700
meta-llama/llama-3.3-70b-instruct,514,9048,DR_k1,frontdoor,3,ett,smoking_frontdoor,hard,PSEUDO,yes,no,0,1,238,497,,Novita,stop,0,0.00023093,content,0.0,700
meta-llama/llama-3.3-70b-instruct,515,19332,PROSE,frontdoor,3,ett,smoking_frontdoor,anticommonsense,PSEUDO,yes,no,0,1,239,552,,Novita,stop,0,0.000253065,content,0.0,700
meta-llama/llama-3.3-70b-instruct,515,19332,RAW,frontdoor,3,ett,smoking_frontdoor,anticommonsense,PSEUDO,yes,no,0,1,199,352,,Novita,stop,0,0.000167665,content,0.0,700
meta-llama/llama-3.3-70b-instruct,515,19332,ORACLE,frontdoor,3,ett,smoking_frontdoor,anticommonsense,PSEUDO,yes,no,0,1,254,510,,Novita,stop,0,0.00023829,content,0.0,700
meta-llama/llama-3.3-70b-instruct,515,19332,DR_k1,frontdoor,3,ett,smoking_frontdoor,anticommonsense,PSEUDO,yes,yes,1,1,253,633,,Novita,stop,0,0.000287355,content,0.0,700
meta-llama/llama-3.3-70b-instruct,516,10238,PROSE,frontdoor,3,det-counterfactual,smoking_frontdoor,commonsense,PSEUDO,no,no,1,1,168,267,,Novita,stop,0,0.00012948,content,0.0,700
meta-llama/llama-3.3-70b-instruct,516,10238,RAW,frontdoor,3,det-counterfactual,smoking_frontdoor,commonsense,PSEUDO,no,no,1,1,128,232,,Novita,stop,0,0.00011008,content,0.0,700
meta-llama/llama-3.3-70b-instruct,516,10238,ORACLE,frontdoor,3,det-counterfactual,smoking_frontdoor,commonsense,PSEUDO,no,no,1,1,183,284,,Novita,stop,0,0.000138305,content,0.0,700
meta-llama/llama-3.3-70b-instruct,516,10238,DR_k1,frontdoor,3,det-counterfactual,smoking_frontdoor,commonsense,PSEUDO,no,no,1,1,182,426,,Novita,stop,0,0.00019497,content,0.0,700
meta-llama/llama-3.3-70b-instruct,517,4270,PROSE,frontdoor,3,ett,smoking_frontdoor,easy,PSEUDO,no,no,1,1,232,535,,Novita,stop,0,0.00024532,content,0.0,700
meta-llama/llama-3.3-70b-instruct,517,4270,RAW,frontdoor,3,ett,smoking_frontdoor,easy,PSEUDO,no,no,1,1,194,632,,Novita,stop,0,0.00027899,content,0.0,700
meta-llama/llama-3.3-70b-instruct,517,4270,ORACLE,frontdoor,3,ett,smoking_frontdoor,easy,PSEUDO,no,yes,0,1,247,582,,Novita,stop,0,0.000266145,content,0.0,700
meta-llama/llama-3.3-70b-instruct,517,4270,DR_k1,frontdoor,3,ett,smoking_frontdoor,easy,PSEUDO,no,,0,0,246,700,,Novita,length,0,0.00031321,content,0.0,700
meta-llama/llama-3.3-70b-instruct,518,20640,PROSE,frontdoor,3,det-counterfactual,smoking_frontdoor,anticommonsense,PSEUDO,no,no,1,1,162,428,,Novita,stop,0,0.00019307,content,0.0,700
meta-llama/llama-3.3-70b-instruct,518,20640,RAW,frontdoor,3,det-counterfactual,smoking_frontdoor,anticommonsense,PSEUDO,no,no,1,1,124,114,,Novita,stop,0,6.234e-05,content,0.0,700
meta-llama/llama-3.3-70b-instruct,518,20640,ORACLE,frontdoor,3,det-counterfactual,smoking_frontdoor,anticommonsense,PSEUDO,no,no,1,1,177,325,,Novita,stop,0,0.000153895,content,0.0,700
meta-llama/llama-3.3-70b-instruct,518,20640,DR_k1,frontdoor,3,det-counterfactual,smoking_frontdoor,anticommonsense,PSEUDO,no,no,1,1,176,318,,Novita,stop,0,0.00015096,content,0.0,700
meta-llama/llama-3.3-70b-instruct,519,14623,PROSE,frontdoor,3,nie,smoking_frontdoor,anticommonsense,PSEUDO,yes,yes,1,1,232,433,,Novita,stop,0,0.00020452,content,0.0,700
meta-llama/llama-3.3-70b-instruct,519,14623,RAW,frontdoor,3,nie,smoking_frontdoor,anticommonsense,PSEUDO,yes,no,0,1,195,342,,Novita,stop,0,0.000163125,content,0.0,700
meta-llama/llama-3.3-70b-instruct,519,14623,ORACLE,frontdoor,3,nie,smoking_frontdoor,anticommonsense,PSEUDO,yes,yes,1,1,247,628,,Novita,stop,0,0.000284545,content,0.0,700
meta-llama/llama-3.3-70b-instruct,519,14623,DR_k1,frontdoor,3,nie,smoking_frontdoor,anticommonsense,PSEUDO,yes,yes,1,1,248,536,,Novita,stop,0,0.00024788,content,0.0,700
meta-llama/llama-3.3-70b-instruct,542,2255,PROSE,mediation,2,ate,gender_admission,easy,PSEUDO,yes,no,0,1,128,146,,Novita,stop,0,7.568e-05,content,0.0,700
meta-llama/llama-3.3-70b-instruct,542,2255,RAW,mediation,2,ate,gender_admission,easy,PSEUDO,yes,no,0,1,103,67,,Novita,stop,0,4.0705e-05,content,0.0,700
meta-llama/llama-3.3-70b-instruct,542,2255,ORACLE,mediation,2,ate,gender_admission,easy,PSEUDO,yes,no,0,1,143,386,,Novita,stop,0,0.000173705,content,0.0,700
meta-llama/llama-3.3-70b-instruct,542,2255,DR_k1,mediation,2,ate,gender_admission,easy,PSEUDO,yes,no,0,1,142,355,,Novita,stop,0,0.00016117,content,0.0,700
meta-llama/llama-3.3-70b-instruct,543,3030,PROSE,mediation,2,ate,neg_mediation,easy,PSEUDO,yes,no,0,1,125,300,,Novita,stop,0,0.000136875,content,0.0,700
meta-llama/llama-3.3-70b-instruct,543,3030,RAW,mediation,2,ate,neg_mediation,easy,PSEUDO,yes,no,0,1,99,25,,Novita,stop,0,2.3365e-05,content,0.0,700
meta-llama/llama-3.3-70b-instruct,543,3030,ORACLE,mediation,2,ate,neg_mediation,easy,PSEUDO,yes,no,0,1,140,154,,Novita,stop,0,8.05e-05,content,0.0,700
meta-llama/llama-3.3-70b-instruct,543,3030,DR_k1,mediation,2,ate,neg_mediation,easy,PSEUDO,yes,no,0,1,140,204,,Novita,stop,0,0.0001005,content,0.0,700
meta-llama/llama-3.3-70b-instruct,544,12563,PROSE,mediation,2,ate,gender_admission,anticommonsense,PSEUDO,yes,no,0,1,129,207,,Novita,stop,0,0.000100215,content,0.0,700
meta-llama/llama-3.3-70b-instruct,544,12563,RAW,mediation,2,ate,gender_admission,anticommonsense,PSEUDO,yes,no,0,1,104,38,,Novita,stop,0,2.924e-05,content,0.0,700
meta-llama/llama-3.3-70b-instruct,544,12563,ORACLE,mediation,2,ate,gender_admission,anticommonsense,PSEUDO,yes,no,0,1,144,142,,Novita,stop,0,7.624e-05,content,0.0,700
meta-llama/llama-3.3-70b-instruct,544,12563,DR_k1,mediation,2,ate,gender_admission,anticommonsense,PSEUDO,yes,no,0,1,143,347,,Novita,stop,0,0.000158105,content,0.0,700
meta-llama/llama-3.3-70b-instruct,548,11462,PROSE,mediation,2,ate,penguin,anticommonsense,PSEUDO,no,no,1,1,134,163,,Novita,stop,0,8.329e-05,content,0.0,700
meta-llama/llama-3.3-70b-instruct,548,11462,RAW,mediation,2,ate,penguin,anticommonsense,PSEUDO,no,no,1,1,108,54,,Novita,stop,0,3.618e-05,content,0.0,700
meta-llama/llama-3.3-70b-instruct,548,11462,ORACLE,mediation,2,ate,penguin,anticommonsense,PSEUDO,no,yes,0,1,149,121,,Novita,stop,0,6.8515e-05,content,0.0,700
meta-llama/llama-3.3-70b-instruct,548,11462,DR_k1,mediation,2,ate,penguin,anticommonsense,PSEUDO,no,yes,0,1,149,242,,Novita,stop,0,0.000116915,content,0.0,700
meta-llama/llama-3.3-70b-instruct,551,15255,PROSE,mediation,2,ate,alarm,anticommonsense,PSEUDO,no,no,1,1,138,402,,Novita,stop,0,0.00017943,content,0.0,700
meta-llama/llama-3.3-70b-instruct,551,15255,RAW,mediation,2,ate,alarm,anticommonsense,PSEUDO,no,no,1,1,110,136,,Novita,stop,0,6.925e-05,content,0.0,700
meta-llama/llama-3.3-70b-instruct,551,15255,ORACLE,mediation,2,ate,alarm,anticommonsense,PSEUDO,no,no,1,1,153,231,,Novita,stop,0,0.000113055,content,0.0,700
meta-llama/llama-3.3-70b-instruct,551,15255,DR_k1,mediation,2,ate,alarm,anticommonsense,PSEUDO,no,yes,0,1,153,227,,Novita,stop,0,0.000111455,content,0.0,700
meta-llama/llama-3.3-70b-instruct,553,12561,PROSE,mediation,2,ate,gender_admission,anticommonsense,PSEUDO,no,no,1,1,134,284,,Novita,stop,0,0.00013169,content,0.0,700
meta-llama/llama-3.3-70b-instruct,553,12561,RAW,mediation,2,ate,gender_admission,anticommonsense,PSEUDO,no,no,1,1,106,48,,Novita,stop,0,3.351e-05,content,0.0,700
meta-llama/llama-3.3-70b-instruct,553,12561,ORACLE,mediation,2,ate,gender_admission,anticommonsense,PSEUDO,no,no,1,1,149,210,,Novita,stop,0,0.000104115,content,0.0,700
meta-llama/llama-3.3-70b-instruct,553,12561,DR_k1,mediation,2,ate,gender_admission,anticommonsense,PSEUDO,no,yes,0,1,149,195,,Novita,stop,0,9.8115e-05,content,0.0,700
meta-llama/llama-3.3-70b-instruct,556,2164,PROSE,mediation,2,ate,gender_admission,easy,PSEUDO,no,no,1,1,135,241,,Novita,stop,0,0.000114625,content,0.0,700
meta-llama/llama-3.3-70b-instruct,556,2164,RAW,mediation,2,ate,gender_admission,easy,PSEUDO,no,no,1,1,107,42,,Novita,stop,0,3.1245e-05,content,0.0,700
meta-llama/llama-3.3-70b-instruct,556,2164,ORACLE,mediation,2,ate,gender_admission,easy,PSEUDO,no,no,1,1,150,149,,Novita,stop,0,7.985e-05,content,0.0,700
meta-llama/llama-3.3-70b-instruct,556,2164,DR_k1,mediation,2,ate,gender_admission,easy,PSEUDO,no,no,1,1,150,179,,Novita,stop,0,9.185e-05,content,0.0,700
meta-llama/llama-3.3-70b-instruct,558,6947,PROSE,mediation,2,ate,gender_admission,hard,PSEUDO,no,no,1,1,130,195,,Novita,stop,0,9.555e-05,content,0.0,700
meta-llama/llama-3.3-70b-instruct,558,6947,RAW,mediation,2,ate,gender_admission,hard,PSEUDO,no,no,1,1,104,60,,Novita,stop,0,3.804e-05,content,0.0,700
meta-llama/llama-3.3-70b-instruct,558,6947,ORACLE,mediation,2,ate,gender_admission,hard,PSEUDO,no,yes,0,1,145,254,,Novita,stop,0,0.000121175,content,0.0,700
meta-llama/llama-3.3-70b-instruct,558,6947,DR_k1,mediation,2,ate,gender_admission,hard,PSEUDO,no,yes,0,1,145,202,,Novita,stop,0,0.000100375,content,0.0,700
meta-llama/llama-3.3-70b-instruct,560,17335,PROSE,mediation,3,nie,gender_admission,anticommonsense,PSEUDO,yes,no,0,1,225,510,,Novita,stop,0,0.000234375,content,0.0,700
meta-llama/llama-3.3-70b-instruct,560,17335,RAW,mediation,3,nie,gender_admission,anticommonsense,PSEUDO,yes,no,0,1,199,404,,Novita,stop,0,0.000188465,content,0.0,700
meta-llama/llama-3.3-70b-instruct,560,17335,ORACLE,mediation,3,nie,gender_admission,anticommonsense,PSEUDO,yes,no,0,1,240,544,,Novita,stop,0,0.00025,content,0.0,700
meta-llama/llama-3.3-70b-instruct,560,17335,DR_k1,mediation,3,nie,gender_admission,anticommonsense,PSEUDO,yes,no,0,1,241,364,,Novita,stop,0,0.000178135,content,0.0,700
meta-llama/llama-3.3-70b-instruct,561,1071,PROSE,mediation,3,ett,penguin,easy,PSEUDO,yes,yes,1,1,149,95,,Novita,stop,0,5.8115e-05,content,0.0,700
meta-llama/llama-3.3-70b-instruct,561,1071,RAW,mediation,3,ett,penguin,easy,PSEUDO,yes,yes,1,1,123,93,,Novita,stop,0,5.3805e-05,content,0.0,700
meta-llama/llama-3.3-70b-instruct,561,1071,ORACLE,mediation,3,ett,penguin,easy,PSEUDO,yes,yes,1,1,164,248,,Novita,stop,0,0.00012134,content,0.0,700
meta-llama/llama-3.3-70b-instruct,561,1071,DR_k1,mediation,3,ett,penguin,easy,PSEUDO,yes,no,0,1,165,392,,Novita,stop,0,0.000179075,content,0.0,700
meta-llama/llama-3.3-70b-instruct,562,12465,PROSE,mediation,3,nie,encouagement_program,anticommonsense,PSEUDO,yes,yes,1,1,212,485,,Novita,stop,0,0.00022262,content,0.0,700
meta-llama/llama-3.3-70b-instruct,562,12465,RAW,mediation,3,nie,encouagement_program,anticommonsense,PSEUDO,yes,no,0,1,185,318,,Novita,stop,0,0.000152175,content,0.0,700
meta-llama/llama-3.3-70b-instruct,562,12465,ORACLE,mediation,3,nie,encouagement_program,anticommonsense,PSEUDO,yes,yes,1,1,227,658,,Novita,stop,0,0.000293845,content,0.0,700
meta-llama/llama-3.3-70b-instruct,562,12465,DR_k1,mediation,3,nie,encouagement_program,anticommonsense,PSEUDO,yes,no,0,1,226,420,,Novita,stop,0,0.00019851,content,0.0,700
meta-llama/llama-3.3-70b-instruct,563,9850,PROSE,mediation,3,det-counterfactual,gender_admission,commonsense,PSEUDO,no,no,1,1,122,200,,Novita,stop,0,9.647e-05,content,0.0,700
meta-llama/llama-3.3-70b-instruct,563,9850,RAW,mediation,3,det-counterfactual,gender_admission,commonsense,PSEUDO,no,no,1,1,98,296,,Novita,stop,0,0.00013163,content,0.0,700
meta-llama/llama-3.3-70b-instruct,563,9850,ORACLE,mediation,3,det-counterfactual,gender_admission,commonsense,PSEUDO,no,no,1,1,137,543,,Novita,stop,0,0.000235695,content,0.0,700
meta-llama/llama-3.3-70b-instruct,563,9850,DR_k1,mediation,3,det-counterfactual,gender_admission,commonsense,PSEUDO,no,no,1,1,137,408,,Novita,stop,0,0.000181695,content,0.0,700
meta-llama/llama-3.3-70b-instruct,564,6984,PROSE,mediation,3,nie,gender_admission,hard,PSEUDO,no,yes,0,1,224,558,,Novita,stop,0,0.00025344,content,0.0,700
meta-llama/llama-3.3-70b-instruct,564,6984,RAW,mediation,3,nie,gender_admission,hard,PSEUDO,no,no,1,1,197,346,,Novita,stop,0,0.000164995,content,0.0,700
meta-llama/llama-3.3-70b-instruct,564,6984,ORACLE,mediation,3,nie,gender_admission,hard,PSEUDO,no,yes,0,1,239,582,,Novita,stop,0,0.000265065,content,0.0,700
meta-llama/llama-3.3-70b-instruct,564,6984,DR_k1,mediation,3,nie,gender_admission,hard,PSEUDO,no,no,1,1,239,540,,Novita,stop,0,0.000248265,content,0.0,700
meta-llama/llama-3.3-70b-instruct,565,21,PROSE,mediation,3,nie,alarm,easy,PSEUDO,no,,0,0,252,700,,Novita,length,0,0.00031402,content,0.0,700
meta-llama/llama-3.3-70b-instruct,565,21,RAW,mediation,3,nie,alarm,easy,PSEUDO,no,no,1,1,224,502,,Novita,stop,0,0.00023104,content,0.0,700
meta-llama/llama-3.3-70b-instruct,565,21,ORACLE,mediation,3,nie,alarm,easy,PSEUDO,no,no,1,1,267,610,,Novita,stop,0,0.000280045,content,0.0,700
meta-llama/llama-3.3-70b-instruct,565,21,DR_k1,mediation,3,nie,alarm,easy,PSEUDO,no,,0,0,267,700,,Novita,length,0,0.000316045,content,0.0,700
meta-llama/llama-3.3-70b-instruct,566,9708,PROSE,mediation,3,det-counterfactual,blood_pressure,commonsense,PSEUDO,yes,yes,1,1,132,129,,Novita,stop,0,6.942e-05,content,0.0,700
meta-llama/llama-3.3-70b-instruct,566,9708,RAW,mediation,3,det-counterfactual,blood_pressure,commonsense,PSEUDO,yes,yes,1,1,104,98,,Novita,stop,0,5.324e-05,content,0.0,700
meta-llama/llama-3.3-70b-instruct,566,9708,ORACLE,mediation,3,det-counterfactual,blood_pressure,commonsense,PSEUDO,yes,yes,1,1,147,108,,Novita,stop,0,6.3045e-05,content,0.0,700
meta-llama/llama-3.3-70b-instruct,566,9708,DR_k1,mediation,3,det-counterfactual,blood_pressure,commonsense,PSEUDO,yes,yes,1,1,147,127,,Novita,stop,0,7.0645e-05,content,0.0,700
meta-llama/llama-3.3-70b-instruct,567,12508,PROSE,mediation,3,nie,encouagement_program,anticommonsense,PSEUDO,no,no,1,1,211,587,,Novita,stop,0,0.000263285,content,0.0,700
meta-llama/llama-3.3-70b-instruct,567,12508,RAW,mediation,3,nie,encouagement_program,anticommonsense,PSEUDO,no,no,1,1,185,204,,Novita,stop,0,0.000106575,content,0.0,700
meta-llama/llama-3.3-70b-instruct,567,12508,ORACLE,mediation,3,nie,encouagement_program,anticommonsense,PSEUDO,no,no,1,1,226,466,,Novita,stop,0,0.00021691,content,0.0,700
meta-llama/llama-3.3-70b-instruct,567,12508,DR_k1,mediation,3,nie,encouagement_program,anticommonsense,PSEUDO,no,no,1,1,226,251,,Novita,stop,0,0.00013091,content,0.0,700
meta-llama/llama-3.3-70b-instruct,568,9525,PROSE,mediation,3,det-counterfactual,alarm,commonsense,PSEUDO,no,yes,0,1,128,201,,Novita,stop,0,9.768e-05,content,0.0,700
meta-llama/llama-3.3-70b-instruct,568,9525,RAW,mediation,3,det-counterfactual,alarm,commonsense,PSEUDO,no,no,1,1,101,338,,Novita,stop,0,0.000148835,content,0.0,700
meta-llama/llama-3.3-70b-instruct,568,9525,ORACLE,mediation,3,det-counterfactual,alarm,commonsense,PSEUDO,no,no,1,1,143,585,,Novita,stop,0,0.000253305,content,0.0,700
meta-llama/llama-3.3-70b-instruct,568,9525,DR_k1,mediation,3,det-counterfactual,alarm,commonsense,PSEUDO,no,no,1,1,143,481,,Novita,stop,0,0.000211705,content,0.0,700
meta-llama/llama-3.3-70b-instruct,569,1439,PROSE,mediation,3,nie,blood_pressure,easy,PSEUDO,no,no,1,1,216,405,,Novita,stop,0,0.00019116,content,0.0,700
meta-llama/llama-3.3-70b-instruct,569,1439,RAW,mediation,3,nie,blood_pressure,easy,PSEUDO,no,no,1,1,191,394,,Novita,stop,0,0.000183385,content,0.0,700
meta-llama/llama-3.3-70b-instruct,569,1439,ORACLE,mediation,3,nie,blood_pressure,easy,PSEUDO,no,no,1,1,231,458,,Novita,stop,0,0.000214385,content,0.0,700
meta-llama/llama-3.3-70b-instruct,569,1439,DR_k1,mediation,3,nie,blood_pressure,easy,PSEUDO,no,no,1,1,232,663,,Novita,stop,0,0.00029652,content,0.0,700
meta-llama/llama-3.3-70b-instruct,570,1011,PROSE,mediation,3,ett,penguin,easy,PSEUDO,no,no,1,1,149,151,,Novita,stop,0,8.0515e-05,content,0.0,700
meta-llama/llama-3.3-70b-instruct,570,1011,RAW,mediation,3,ett,penguin,easy,PSEUDO,no,no,1,1,123,148,,Novita,stop,0,7.5805e-05,content,0.0,700
meta-llama/llama-3.3-70b-instruct,570,1011,ORACLE,mediation,3,ett,penguin,easy,PSEUDO,no,no,1,1,164,339,,Novita,stop,0,0.00015774,content,0.0,700
meta-llama/llama-3.3-70b-instruct,570,1011,DR_k1,mediation,3,ett,penguin,easy,PSEUDO,no,no,1,1,165,258,,Novita,stop,0,0.000125475,content,0.0,700
meta-llama/llama-3.3-70b-instruct,571,17408,PROSE,mediation,3,nde,gender_admission,anticommonsense,PSEUDO,yes,no,0,1,239,457,,Novita,stop,0,0.000215065,content,0.0,700
meta-llama/llama-3.3-70b-instruct,571,17408,RAW,mediation,3,nde,gender_admission,anticommonsense,PSEUDO,yes,no,0,1,211,221,,Novita,stop,0,0.000116885,content,0.0,700
meta-llama/llama-3.3-70b-instruct,571,17408,ORACLE,mediation,3,nde,gender_admission,anticommonsense,PSEUDO,yes,no,0,1,254,290,,Novita,stop,0,0.00015029,content,0.0,700
meta-llama/llama-3.3-70b-instruct,571,17408,DR_k1,mediation,3,nde,gender_admission,anticommonsense,PSEUDO,yes,no,0,1,254,334,,Novita,stop,0,0.00016789,content,0.0,700
meta-llama/llama-3.3-70b-instruct,572,32,PROSE,mediation,3,ett,alarm,easy,PSEUDO,yes,yes,1,1,157,106,,Novita,stop,0,6.3595e-05,content,0.0,700
meta-llama/llama-3.3-70b-instruct,572,32,RAW,mediation,3,ett,alarm,easy,PSEUDO,yes,yes,1,1,131,111,,Novita,stop,0,6.2085e-05,content,0.0,700
meta-llama/llama-3.3-70b-instruct,572,32,ORACLE,mediation,3,ett,alarm,easy,PSEUDO,yes,yes,1,1,172,244,,Novita,stop,0,0.00012082,content,0.0,700
meta-llama/llama-3.3-70b-instruct,572,32,DR_k1,mediation,3,ett,alarm,easy,PSEUDO,yes,yes,1,1,171,149,,Novita,stop,0,8.2685e-05,content,0.0,700
meta-llama/llama-3.3-70b-instruct,573,6200,PROSE,mediation,3,nie,blood_pressure,hard,PSEUDO,yes,yes,1,1,231,443,,Novita,stop,0,0.000208385,content,0.0,700
meta-llama/llama-3.3-70b-instruct,573,6200,RAW,mediation,3,nie,blood_pressure,hard,PSEUDO,yes,yes,1,1,203,307,,Novita,stop,0,0.000150205,content,0.0,700
meta-llama/llama-3.3-70b-instruct,573,6200,ORACLE,mediation,3,nie,blood_pressure,hard,PSEUDO,yes,yes,1,1,246,298,,Novita,stop,0,0.00015241,content,0.0,700
meta-llama/llama-3.3-70b-instruct,573,6200,DR_k1,mediation,3,nie,blood_pressure,hard,PSEUDO,yes,yes,1,1,246,533,,Novita,stop,0,0.00024641,content,0.0,700
meta-llama/llama-3.3-70b-instruct,574,20355,PROSE,mediation,3,det-counterfactual,neg_mediation,anticommonsense,PSEUDO,yes,no,0,1,127,185,,Novita,stop,0,9.1145e-05,content,0.0,700
meta-llama/llama-3.3-70b-instruct,574,20355,RAW,mediation,3,det-counterfactual,neg_mediation,anticommonsense,PSEUDO,yes,no,0,1,100,161,,Novita,stop,0,7.79e-05,content,0.0,700
meta-llama/llama-3.3-70b-instruct,574,20355,ORACLE,mediation,3,det-counterfactual,neg_mediation,anticommonsense,PSEUDO,yes,no,0,1,142,175,,Novita,stop,0,8.917e-05,content,0.0,700
meta-llama/llama-3.3-70b-instruct,574,20355,DR_k1,mediation,3,det-counterfactual,neg_mediation,anticommonsense,PSEUDO,yes,no,0,1,142,231,,Novita,stop,0,0.00011157,content,0.0,700
meta-llama/llama-3.3-70b-instruct,575,10417,PROSE,mediation,3,ett,alarm,anticommonsense,PSEUDO,no,no,1,1,147,291,,Novita,stop,0,0.000136245,content,0.0,700
meta-llama/llama-3.3-70b-instruct,575,10417,RAW,mediation,3,ett,alarm,anticommonsense,PSEUDO,no,no,1,1,120,88,,Novita,stop,0,5.14e-05,content,0.0,700
meta-llama/llama-3.3-70b-instruct,575,10417,ORACLE,mediation,3,ett,alarm,anticommonsense,PSEUDO,no,no,1,1,162,256,,Novita,stop,0,0.00012427,content,0.0,700
meta-llama/llama-3.3-70b-instruct,575,10417,DR_k1,mediation,3,ett,alarm,anticommonsense,PSEUDO,no,no,1,1,163,197,,Novita,stop,0,0.000100805,content,0.0,700
meta-llama/llama-3.3-70b-instruct,576,16215,PROSE,mediation,3,ett,penguin,anticommonsense,PSEUDO,yes,yes,1,1,154,99,,Novita,stop,0,6.039e-05,content,0.0,700
meta-llama/llama-3.3-70b-instruct,576,16215,RAW,mediation,3,ett,penguin,anticommonsense,PSEUDO,yes,yes,1,1,126,99,,Novita,stop,0,5.661e-05,content,0.0,700
meta-llama/llama-3.3-70b-instruct,576,16215,ORACLE,mediation,3,ett,penguin,anticommonsense,PSEUDO,yes,yes,1,1,169,329,,Novita,stop,0,0.000154415,content,0.0,700
meta-llama/llama-3.3-70b-instruct,576,16215,DR_k1,mediation,3,ett,penguin,anticommonsense,PSEUDO,yes,yes,1,1,169,253,,Novita,stop,0,0.000124015,content,0.0,700
meta-llama/llama-3.3-70b-instruct,577,20243,PROSE,mediation,3,det-counterfactual,gender_admission,anticommonsense,PSEUDO,yes,no,0,1,126,160,,Novita,stop,0,8.101e-05,content,0.0,700
meta-llama/llama-3.3-70b-instruct,577,20243,RAW,mediation,3,det-counterfactual,gender_admission,anticommonsense,PSEUDO,yes,yes,1,1,101,257,,Novita,stop,0,0.000116435,content,0.0,700
meta-llama/llama-3.3-70b-instruct,577,20243,ORACLE,mediation,3,det-counterfactual,gender_admission,anticommonsense,PSEUDO,yes,no,0,1,141,390,,Novita,stop,0,0.000175035,content,0.0,700
meta-llama/llama-3.3-70b-instruct,577,20243,DR_k1,mediation,3,det-counterfactual,gender_admission,anticommonsense,PSEUDO,yes,yes,1,1,142,387,,Novita,stop,0,0.00017397,content,0.0,700
meta-llama/llama-3.3-70b-instruct,578,9843,PROSE,mediation,3,det-counterfactual,gender_admission,commonsense,PSEUDO,no,no,1,1,130,462,,Novita,stop,0,0.00020235,content,0.0,700
meta-llama/llama-3.3-70b-instruct,578,9843,RAW,mediation,3,det-counterfactual,gender_admission,commonsense,PSEUDO,no,no,1,1,102,245,,Novita,stop,0,0.00011177,content,0.0,700
meta-llama/llama-3.3-70b-instruct,578,9843,ORACLE,mediation,3,det-counterfactual,gender_admission,commonsense,PSEUDO,no,no,1,1,145,624,,Novita,stop,0,0.000269175,content,0.0,700
meta-llama/llama-3.3-70b-instruct,578,9843,DR_k1,mediation,3,det-counterfactual,gender_admission,commonsense,PSEUDO,no,no,1,1,145,640,,Novita,stop,0,0.000275575,content,0.0,700
meta-llama/llama-3.3-70b-instruct,579,3002,PROSE,mediation,3,nie,neg_mediation,easy,PSEUDO,yes,yes,1,1,198,498,,Novita,stop,0,0.00022593,content,0.0,700
meta-llama/llama-3.3-70b-instruct,579,3002,RAW,mediation,3,nie,neg_mediation,easy,PSEUDO,yes,no,0,1,171,407,,Novita,stop,0,0.000185885,content,0.0,700
meta-llama/llama-3.3-70b-instruct,579,3002,ORACLE,mediation,3,nie,neg_mediation,easy,PSEUDO,yes,yes,1,1,213,454,,Novita,stop,0,0.000210355,content,0.0,700
meta-llama/llama-3.3-70b-instruct,579,3002,DR_k1,mediation,3,nie,neg_mediation,easy,PSEUDO,yes,no,0,1,212,400,,Novita,stop,0,0.00018862,content,0.0,700
