model,item,id,cond,graph_id,rung,query_type,story_id,question_property,lexicon,gold,pred,correct,parsed,in_tok,out_tok,error,provider,finish,reason_tok,usd,answer_from,temperature,max_tokens
meta-llama/llama-3.3-70b-instruct,0,1884,RAW,IV,2,ate,college_wage,easy,KEEP,yes,yes,1,1,157,509,,Novita,stop,0,0.000224795,content,0.0,700
meta-llama/llama-3.3-70b-instruct,0,1884,ORACLE,IV,2,ate,college_wage,easy,KEEP,yes,yes,1,1,210,324,,Novita,stop,0,0.00015795,content,0.0,700
meta-llama/llama-3.3-70b-instruct,0,1884,ORACLE_NI,IV,2,ate,college_wage,easy,KEEP,yes,yes,1,1,203,378,,Novita,stop,0,0.000178605,content,0.0,700
meta-llama/llama-3.3-70b-instruct,0,1884,DR_k1,IV,2,ate,college_wage,easy,KEEP,yes,no,0,1,210,481,,Novita,stop,0,0.00022075,content,0.0,700
meta-llama/llama-3.3-70b-instruct,0,1884,DR_k1_NI,IV,2,ate,college_wage,easy,KEEP,yes,no,0,1,203,448,,Novita,stop,0,0.000206605,content,0.0,700
meta-llama/llama-3.3-70b-instruct,0,1884,DR_k2,IV,2,ate,college_wage,easy,KEEP,yes,no,0,1,215,441,,Novita,stop,0,0.000205425,content,0.0,700
meta-llama/llama-3.3-70b-instruct,0,1884,DR_k2_NI,IV,2,ate,college_wage,easy,KEEP,yes,no,0,1,208,411,,Novita,stop,0,0.00019248,content,0.0,700
meta-llama/llama-3.3-70b-instruct,0,1884,DR_k3,IV,2,ate,college_wage,easy,KEEP,yes,no,0,1,215,445,,Novita,stop,0,0.000207025,content,0.0,700
meta-llama/llama-3.3-70b-instruct,0,1884,DR_k3_NI,IV,2,ate,college_wage,easy,KEEP,yes,yes,1,1,208,425,,Novita,stop,0,0.00019808,content,0.0,700
meta-llama/llama-3.3-70b-instruct,1,1641,RAW,IV,2,ate,cholesterol,easy,KEEP,yes,no,0,1,158,404,,Novita,stop,0,0.00018293,content,0.0,700
meta-llama/llama-3.3-70b-instruct,1,1641,ORACLE,IV,2,ate,cholesterol,easy,KEEP,yes,yes,1,1,210,617,,Novita,stop,0,0.00027515,content,0.0,700
meta-llama/llama-3.3-70b-instruct,1,1641,ORACLE_NI,IV,2,ate,cholesterol,easy,KEEP,yes,yes,1,1,203,469,,Novita,stop,0,0.000215005,content,0.0,700
meta-llama/llama-3.3-70b-instruct,1,1641,DR_k1,IV,2,ate,cholesterol,easy,KEEP,yes,yes,1,1,214,504,,Novita,stop,0,0.00023049,content,0.0,700
meta-llama/llama-3.3-70b-instruct,1,1641,DR_k1_NI,IV,2,ate,cholesterol,easy,KEEP,yes,no,0,1,207,622,,Novita,stop,0,0.000276745,content,0.0,700
meta-llama/llama-3.3-70b-instruct,1,1641,DR_k2,IV,2,ate,cholesterol,easy,KEEP,yes,yes,1,1,215,448,,Novita,stop,0,0.000208225,content,0.0,700
meta-llama/llama-3.3-70b-instruct,1,1641,DR_k2_NI,IV,2,ate,cholesterol,easy,KEEP,yes,yes,1,1,208,534,,Novita,stop,0,0.00024168,content,0.0,700
meta-llama/llama-3.3-70b-instruct,1,1641,DR_k3,IV,2,ate,cholesterol,easy,KEEP,yes,yes,1,1,208,554,,Novita,stop,0,0.00024968,content,0.0,700
meta-llama/llama-3.3-70b-instruct,1,1641,DR_k3_NI,IV,2,ate,cholesterol,easy,KEEP,yes,no,0,1,201,315,,Novita,error,0,0.0,content,0.0,700
meta-llama/llama-3.3-70b-instruct,2,1613,RAW,IV,2,ate,cholesterol,easy,KEEP,no,no,1,1,158,348,,Novita,error,0,0.0,content,0.0,700
meta-llama/llama-3.3-70b-instruct,2,1613,ORACLE,IV,2,ate,cholesterol,easy,KEEP,no,no,1,1,210,657,,Novita,stop,0,0.00029115,content,0.0,700
meta-llama/llama-3.3-70b-instruct,2,1613,ORACLE_NI,IV,2,ate,cholesterol,easy,KEEP,no,no,1,1,203,178,,Novita,error,0,0.0,content,0.0,700
meta-llama/llama-3.3-70b-instruct,2,1613,DR_k1,IV,2,ate,cholesterol,easy,KEEP,no,no,1,1,214,526,,Novita,stop,0,0.00023929,content,0.0,700
meta-llama/llama-3.3-70b-instruct,2,1613,DR_k1_NI,IV,2,ate,cholesterol,easy,KEEP,no,no,1,1,207,553,,Novita,stop,0,0.000249145,content,0.0,700
meta-llama/llama-3.3-70b-instruct,2,1613,DR_k2,IV,2,ate,cholesterol,easy,KEEP,no,no,1,1,215,227,,Novita,stop,0,0.000119825,content,0.0,700
meta-llama/llama-3.3-70b-instruct,2,1613,DR_k2_NI,IV,2,ate,cholesterol,easy,KEEP,no,no,1,1,208,432,,Novita,stop,0,0.00020088,content,0.0,700
meta-llama/llama-3.3-70b-instruct,2,1613,DR_k3,IV,2,ate,cholesterol,easy,KEEP,no,no,1,1,215,268,,Novita,stop,0,0.000136225,content,0.0,700
meta-llama/llama-3.3-70b-instruct,2,1613,DR_k3_NI,IV,2,ate,cholesterol,easy,KEEP,no,no,1,1,208,473,,Novita,stop,0,0.00021728,content,0.0,700
meta-llama/llama-3.3-70b-instruct,3,16780,RAW,IV,2,ate,cholesterol,anticommonsense,KEEP,no,no,1,1,152,317,,Novita,stop,0,0.00014732,content,0.0,700
meta-llama/llama-3.3-70b-instruct,3,16780,ORACLE,IV,2,ate,cholesterol,anticommonsense,KEEP,no,no,1,1,207,579,,Novita,stop,0,0.000259545,content,0.0,700
meta-llama/llama-3.3-70b-instruct,3,16780,ORACLE_NI,IV,2,ate,cholesterol,anticommonsense,KEEP,no,yes,0,1,200,509,,Novita,stop,0,0.0002306,content,0.0,700
meta-llama/llama-3.3-70b-instruct,3,16780,DR_k1,IV,2,ate,cholesterol,anticommonsense,KEEP,no,no,1,1,210,560,,Novita,stop,0,0.00025235,content,0.0,700
meta-llama/llama-3.3-70b-instruct,3,16780,DR_k1_NI,IV,2,ate,cholesterol,anticommonsense,KEEP,no,no,1,1,203,565,,Novita,stop,0,0.000253405,content,0.0,700
meta-llama/llama-3.3-70b-instruct,3,16780,DR_k2,IV,2,ate,cholesterol,anticommonsense,KEEP,no,no,1,1,212,407,,Novita,stop,0,0.00019142,content,0.0,700
meta-llama/llama-3.3-70b-instruct,3,16780,DR_k2_NI,IV,2,ate,cholesterol,anticommonsense,KEEP,no,no,1,1,205,343,,Novita,stop,0,0.000164875,content,0.0,700
meta-llama/llama-3.3-70b-instruct,3,16780,DR_k3,IV,2,ate,cholesterol,anticommonsense,KEEP,no,no,1,1,203,670,,Novita,stop,0,0.000295405,content,0.0,700
meta-llama/llama-3.3-70b-instruct,3,16780,DR_k3_NI,IV,2,ate,cholesterol,anticommonsense,KEEP,no,no,1,1,196,428,,Novita,stop,0,0.00019766,content,0.0,700
meta-llama/llama-3.3-70b-instruct,4,6631,RAW,IV,2,ate,college_wage,hard,KEEP,no,no,1,1,157,428,,Novita,stop,0,0.000192395,content,0.0,700
meta-llama/llama-3.3-70b-instruct,4,6631,ORACLE,IV,2,ate,college_wage,hard,KEEP,no,yes,0,1,210,469,,Novita,stop,0,0.00021595,content,0.0,700
meta-llama/llama-3.3-70b-instruct,4,6631,ORACLE_NI,IV,2,ate,college_wage,hard,KEEP,no,yes,0,1,203,427,,Novita,stop,0,0.000198205,content,0.0,700
meta-llama/llama-3.3-70b-instruct,4,6631,DR_k1,IV,2,ate,college_wage,hard,KEEP,no,yes,0,1,214,498,,Novita,stop,0,0.00022809,content,0.0,700
meta-llama/llama-3.3-70b-instruct,4,6631,DR_k1_NI,IV,2,ate,college_wage,hard,KEEP,no,yes,0,1,207,570,,Novita,stop,0,0.000255945,content,0.0,700
meta-llama/llama-3.3-70b-instruct,4,6631,DR_k2,IV,2,ate,college_wage,hard,KEEP,no,no,1,1,209,408,,Novita,stop,0,0.000191415,content,0.0,700
meta-llama/llama-3.3-70b-instruct,4,6631,DR_k2_NI,IV,2,ate,college_wage,hard,KEEP,no,no,1,1,202,446,,Novita,stop,0,0.00020567,content,0.0,700
meta-llama/llama-3.3-70b-instruct,4,6631,DR_k3,IV,2,ate,college_wage,hard,KEEP,no,yes,0,1,206,498,,Novita,stop,0,0.00022701,content,0.0,700
meta-llama/llama-3.3-70b-instruct,4,6631,DR_k3_NI,IV,2,ate,college_wage,hard,KEEP,no,no,1,1,199,446,,Novita,stop,0,0.000205265,content,0.0,700
meta-llama/llama-3.3-70b-instruct,5,15094,RAW,IV,2,ate,tax_smoke_birthWeight,anticommonsense,KEEP,no,no,1,1,147,422,,Novita,stop,0,0.000188645,content,0.0,700
meta-llama/llama-3.3-70b-instruct,5,15094,ORACLE,IV,2,ate,tax_smoke_birthWeight,anticommonsense,KEEP,no,no,1,1,205,601,,Novita,stop,0,0.000268075,content,0.0,700
meta-llama/llama-3.3-70b-instruct,5,15094,ORACLE_NI,IV,2,ate,tax_smoke_birthWeight,anticommonsense,KEEP,no,no,1,1,198,555,,Novita,stop,0,0.00024873,content,0.0,700
meta-llama/llama-3.3-70b-instruct,5,15094,DR_k1,IV,2,ate,tax_smoke_birthWeight,anticommonsense,KEEP,no,no,1,1,208,467,,Novita,stop,0,0.00021488,content,0.0,700
meta-llama/llama-3.3-70b-instruct,5,15094,DR_k1_NI,IV,2,ate,tax_smoke_birthWeight,anticommonsense,KEEP,no,no,1,1,201,565,,Novita,stop,0,0.000253135,content,0.0,700
meta-llama/llama-3.3-70b-instruct,5,15094,DR_k2,IV,2,ate,tax_smoke_birthWeight,anticommonsense,KEEP,no,no,1,1,203,271,,Novita,stop,0,0.000135805,content,0.0,700
meta-llama/llama-3.3-70b-instruct,5,15094,DR_k2_NI,IV,2,ate,tax_smoke_birthWeight,anticommonsense,KEEP,no,no,1,1,196,356,,Novita,stop,0,0.00016886,content,0.0,700
meta-llama/llama-3.3-70b-instruct,5,15094,DR_k3,IV,2,ate,tax_smoke_birthWeight,anticommonsense,KEEP,no,no,1,1,198,514,,Novita,stop,0,0.00023233,content,0.0,700
meta-llama/llama-3.3-70b-instruct,5,15094,DR_k3_NI,IV,2,ate,tax_smoke_birthWeight,anticommonsense,KEEP,no,no,1,1,191,426,,Novita,stop,0,0.000196185,content,0.0,700
meta-llama/llama-3.3-70b-instruct,6,4790,RAW,IV,2,ate,water_cholera,easy,KEEP,yes,yes,1,1,153,271,,Novita,stop,0,0.000129055,content,0.0,700
meta-llama/llama-3.3-70b-instruct,6,4790,ORACLE,IV,2,ate,water_cholera,easy,KEEP,yes,yes,1,1,201,372,,Novita,stop,0,0.000175935,content,0.0,700
meta-llama/llama-3.3-70b-instruct,6,4790,ORACLE_NI,IV,2,ate,water_cholera,easy,KEEP,yes,yes,1,1,194,294,,Novita,stop,0,0.00014379,content,0.0,700
meta-llama/llama-3.3-70b-instruct,6,4790,DR_k1,IV,2,ate,water_cholera,easy,KEEP,yes,yes,1,1,200,311,,Novita,stop,0,0.0001514,content,0.0,700
meta-llama/llama-3.3-70b-instruct,6,4790,DR_k1_NI,IV,2,ate,water_cholera,easy,KEEP,yes,yes,1,1,193,364,,Novita,stop,0,0.000171655,content,0.0,700
meta-llama/llama-3.3-70b-instruct,6,4790,DR_k2,IV,2,ate,water_cholera,easy,KEEP,yes,yes,1,1,201,308,,Novita,stop,0,0.000150335,content,0.0,700
meta-llama/llama-3.3-70b-instruct,6,4790,DR_k2_NI,IV,2,ate,water_cholera,easy,KEEP,yes,yes,1,1,194,616,,Novita,stop,0,0.00027259,content,0.0,700
meta-llama/llama-3.3-70b-instruct,6,4790,DR_k3,IV,2,ate,water_cholera,easy,KEEP,yes,yes,1,1,200,375,,Novita,stop,0,0.000177,content,0.0,700
meta-llama/llama-3.3-70b-instruct,6,4790,DR_k3_NI,IV,2,ate,water_cholera,easy,KEEP,yes,yes,1,1,193,287,,Novita,stop,0,0.000140855,content,0.0,700
meta-llama/llama-3.3-70b-instruct,7,17034,RAW,IV,2,ate,college_wage,anticommonsense,KEEP,no,no,1,1,157,332,,Novita,stop,0,0.000153995,content,0.0,700
meta-llama/llama-3.3-70b-instruct,7,17034,ORACLE,IV,2,ate,college_wage,anticommonsense,KEEP,no,no,1,1,212,556,,Novita,stop,0,0.00025102,content,0.0,700
meta-llama/llama-3.3-70b-instruct,7,17034,ORACLE_NI,IV,2,ate,college_wage,anticommonsense,KEEP,no,no,1,1,205,618,,Novita,stop,0,0.000274875,content,0.0,700
meta-llama/llama-3.3-70b-instruct,7,17034,DR_k1,IV,2,ate,college_wage,anticommonsense,KEEP,no,no,1,1,212,423,,Novita,stop,0,0.00019782,content,0.0,700
meta-llama/llama-3.3-70b-instruct,7,17034,DR_k1_NI,IV,2,ate,college_wage,anticommonsense,KEEP,no,no,1,1,205,350,,Novita,stop,0,0.000167675,content,0.0,700
meta-llama/llama-3.3-70b-instruct,7,17034,DR_k2,IV,2,ate,college_wage,anticommonsense,KEEP,no,no,1,1,211,460,,Novita,stop,0,0.000212485,content,0.0,700
meta-llama/llama-3.3-70b-instruct,7,17034,DR_k2_NI,IV,2,ate,college_wage,anticommonsense,KEEP,no,no,1,1,204,417,,Novita,stop,0,0.00019434,content,0.0,700
meta-llama/llama-3.3-70b-instruct,7,17034,DR_k3,IV,2,ate,college_wage,anticommonsense,KEEP,no,no,1,1,215,485,,Novita,stop,0,0.000223025,content,0.0,700
meta-llama/llama-3.3-70b-instruct,7,17034,DR_k3_NI,IV,2,ate,college_wage,anticommonsense,KEEP,no,no,1,1,208,517,,Novita,stop,0,0.00023488,content,0.0,700
meta-llama/llama-3.3-70b-instruct,8,1636,RAW,IV,2,ate,cholesterol,easy,KEEP,no,no,1,1,158,411,,Novita,stop,0,0.00018573,content,0.0,700
meta-llama/llama-3.3-70b-instruct,8,1636,ORACLE,IV,2,ate,cholesterol,easy,KEEP,no,no,1,1,210,469,,Novita,stop,0,0.00021595,content,0.0,700
meta-llama/llama-3.3-70b-instruct,8,1636,ORACLE_NI,IV,2,ate,cholesterol,easy,KEEP,no,no,1,1,203,430,,Novita,stop,0,0.000199405,content,0.0,700
meta-llama/llama-3.3-70b-instruct,8,1636,DR_k1,IV,2,ate,cholesterol,easy,KEEP,no,no,1,1,203,566,,Novita,stop,0,0.000253805,content,0.0,700
meta-llama/llama-3.3-70b-instruct,8,1636,DR_k1_NI,IV,2,ate,cholesterol,easy,KEEP,no,no,1,1,196,468,,Novita,stop,0,0.00021366,content,0.0,700
meta-llama/llama-3.3-70b-instruct,8,1636,DR_k2,IV,2,ate,cholesterol,easy,KEEP,no,no,1,1,215,455,,Novita,stop,0,0.000211025,content,0.0,700
meta-llama/llama-3.3-70b-instruct,8,1636,DR_k2_NI,IV,2,ate,cholesterol,easy,KEEP,no,no,1,1,208,498,,Novita,stop,0,0.00022728,content,0.0,700
meta-llama/llama-3.3-70b-instruct,8,1636,DR_k3,IV,2,ate,cholesterol,easy,KEEP,no,no,1,1,208,441,,Novita,stop,0,0.00020448,content,0.0,700
meta-llama/llama-3.3-70b-instruct,8,1636,DR_k3_NI,IV,2,ate,cholesterol,easy,KEEP,no,no,1,1,201,415,,Novita,stop,0,0.000193135,content,0.0,700
meta-llama/llama-3.3-70b-instruct,9,3507,RAW,IV,2,ate,price,easy,KEEP,no,no,1,1,150,287,,Novita,stop,0,0.00013505,content,0.0,700
meta-llama/llama-3.3-70b-instruct,9,3507,ORACLE,IV,2,ate,price,easy,KEEP,no,no,1,1,193,367,,Novita,stop,0,0.000172855,content,0.0,700
meta-llama/llama-3.3-70b-instruct,9,3507,ORACLE_NI,IV,2,ate,price,easy,KEEP,no,no,1,1,186,679,,Novita,stop,0,0.00029671,content,0.0,700
meta-llama/llama-3.3-70b-instruct,9,3507,DR_k1,IV,2,ate,price,easy,KEEP,no,no,1,1,193,495,,Novita,stop,0,0.000224055,content,0.0,700
meta-llama/llama-3.3-70b-instruct,9,3507,DR_k1_NI,IV,2,ate,price,easy,KEEP,no,no,1,1,186,366,,Novita,stop,0,0.00017151,content,0.0,700
meta-llama/llama-3.3-70b-instruct,9,3507,DR_k2,IV,2,ate,price,easy,KEEP,no,no,1,1,187,432,,Novita,stop,0,0.000198045,content,0.0,700
meta-llama/llama-3.3-70b-instruct,9,3507,DR_k2_NI,IV,2,ate,price,easy,KEEP,no,no,1,1,180,489,,Novita,stop,0,0.0002199,content,0.0,700
meta-llama/llama-3.3-70b-instruct,9,3507,DR_k3,IV,2,ate,price,easy,KEEP,no,no,1,1,193,604,,Novita,stop,0,0.000267655,content,0.0,700
meta-llama/llama-3.3-70b-instruct,9,3507,DR_k3_NI,IV,2,ate,price,easy,KEEP,no,no,1,1,186,360,,Novita,stop,0,0.00016911,content,0.0,700
meta-llama/llama-3.3-70b-instruct,10,9510,RAW,IV,2,ate,water_cholera,hard,KEEP,yes,no,0,1,153,392,,Novita,stop,0,0.000177455,content,0.0,700
meta-llama/llama-3.3-70b-instruct,10,9510,ORACLE,IV,2,ate,water_cholera,hard,KEEP,yes,no,0,1,201,370,,Novita,stop,0,0.000175135,content,0.0,700
meta-llama/llama-3.3-70b-instruct,10,9510,ORACLE_NI,IV,2,ate,water_cholera,hard,KEEP,yes,no,0,1,194,419,,Novita,stop,0,0.00019379,content,0.0,700
meta-llama/llama-3.3-70b-instruct,10,9510,DR_k1,IV,2,ate,water_cholera,hard,KEEP,yes,no,0,1,200,465,,Novita,stop,0,0.000213,content,0.0,700
meta-llama/llama-3.3-70b-instruct,10,9510,DR_k1_NI,IV,2,ate,water_cholera,hard,KEEP,yes,no,0,1,193,417,,Novita,stop,0,0.000192855,content,0.0,700
meta-llama/llama-3.3-70b-instruct,10,9510,DR_k2,IV,2,ate,water_cholera,hard,KEEP,yes,no,0,1,193,385,,Novita,stop,0,0.000180055,content,0.0,700
meta-llama/llama-3.3-70b-instruct,10,9510,DR_k2_NI,IV,2,ate,water_cholera,hard,KEEP,yes,no,0,1,186,462,,Novita,stop,0,0.00020991,content,0.0,700
meta-llama/llama-3.3-70b-instruct,10,9510,DR_k3,IV,2,ate,water_cholera,hard,KEEP,yes,no,0,1,200,365,,Novita,stop,0,0.000173,content,0.0,700
meta-llama/llama-3.3-70b-instruct,10,9510,DR_k3_NI,IV,2,ate,water_cholera,hard,KEEP,yes,no,0,1,193,445,,Novita,stop,0,0.000204055,content,0.0,700
meta-llama/llama-3.3-70b-instruct,11,15084,RAW,IV,2,ate,tax_smoke_birthWeight,anticommonsense,KEEP,yes,yes,1,1,147,205,,Novita,stop,0,0.000101845,content,0.0,700
meta-llama/llama-3.3-70b-instruct,11,15084,ORACLE,IV,2,ate,tax_smoke_birthWeight,anticommonsense,KEEP,yes,yes,1,1,205,436,,Novita,stop,0,0.000202075,content,0.0,700
meta-llama/llama-3.3-70b-instruct,11,15084,ORACLE_NI,IV,2,ate,tax_smoke_birthWeight,anticommonsense,KEEP,yes,yes,1,1,198,467,,Novita,stop,0,0.00021353,content,0.0,700
meta-llama/llama-3.3-70b-instruct,11,15084,DR_k1,IV,2,ate,tax_smoke_birthWeight,anticommonsense,KEEP,yes,no,0,1,208,478,,Novita,stop,0,0.00021928,content,0.0,700
meta-llama/llama-3.3-70b-instruct,11,15084,DR_k1_NI,IV,2,ate,tax_smoke_birthWeight,anticommonsense,KEEP,yes,yes,1,1,201,457,,Novita,stop,0,0.000209935,content,0.0,700
meta-llama/llama-3.3-70b-instruct,11,15084,DR_k2,IV,2,ate,tax_smoke_birthWeight,anticommonsense,KEEP,yes,no,0,1,208,424,,Novita,stop,0,0.00019768,content,0.0,700
meta-llama/llama-3.3-70b-instruct,11,15084,DR_k2_NI,IV,2,ate,tax_smoke_birthWeight,anticommonsense,KEEP,yes,no,0,1,201,409,,Novita,stop,0,0.000190735,content,0.0,700
meta-llama/llama-3.3-70b-instruct,11,15084,DR_k3,IV,2,ate,tax_smoke_birthWeight,anticommonsense,KEEP,yes,no,0,1,207,409,,Novita,stop,0,0.000191545,content,0.0,700
meta-llama/llama-3.3-70b-instruct,11,15084,DR_k3_NI,IV,2,ate,tax_smoke_birthWeight,anticommonsense,KEEP,yes,no,0,1,200,523,,Novita,stop,0,0.0002362,content,0.0,700
meta-llama/llama-3.3-70b-instruct,12,8229,RAW,IV,2,ate,price,hard,KEEP,yes,no,0,1,150,256,,Novita,stop,0,0.00012265,content,0.0,700
meta-llama/llama-3.3-70b-instruct,12,8229,ORACLE,IV,2,ate,price,hard,KEEP,yes,no,0,1,193,502,,Novita,stop,0,0.000226855,content,0.0,700
meta-llama/llama-3.3-70b-instruct,12,8229,ORACLE_NI,IV,2,ate,price,hard,KEEP,yes,no,0,1,186,472,,Novita,stop,0,0.00021391,content,0.0,700
meta-llama/llama-3.3-70b-instruct,12,8229,DR_k1,IV,2,ate,price,hard,KEEP,yes,no,0,1,187,325,,Novita,stop,0,0.000155245,content,0.0,700
meta-llama/llama-3.3-70b-instruct,12,8229,DR_k1_NI,IV,2,ate,price,hard,KEEP,yes,no,0,1,180,371,,Novita,stop,0,0.0001727,content,0.0,700
meta-llama/llama-3.3-70b-instruct,12,8229,DR_k2,IV,2,ate,price,hard,KEEP,yes,no,0,1,193,338,,Novita,stop,0,0.000161255,content,0.0,700
meta-llama/llama-3.3-70b-instruct,12,8229,DR_k2_NI,IV,2,ate,price,hard,KEEP,yes,no,0,1,186,555,,Novita,stop,0,0.00024711,content,0.0,700
meta-llama/llama-3.3-70b-instruct,12,8229,DR_k3,IV,2,ate,price,hard,KEEP,yes,no,0,1,193,290,,Novita,stop,0,0.000142055,content,0.0,700
meta-llama/llama-3.3-70b-instruct,12,8229,DR_k3_NI,IV,2,ate,price,hard,KEEP,yes,no,0,1,186,535,,Novita,stop,0,0.00023911,content,0.0,700
meta-llama/llama-3.3-70b-instruct,13,6614,RAW,IV,2,ate,college_wage,hard,KEEP,no,no,1,1,157,404,,Novita,stop,0,0.000182795,content,0.0,700
meta-llama/llama-3.3-70b-instruct,13,6614,ORACLE,IV,2,ate,college_wage,hard,KEEP,no,yes,0,1,210,504,,Novita,stop,0,0.00022995,content,0.0,700
meta-llama/llama-3.3-70b-instruct,13,6614,ORACLE_NI,IV,2,ate,college_wage,hard,KEEP,no,yes,0,1,203,521,,Novita,stop,0,0.000235805,content,0.0,700
meta-llama/llama-3.3-70b-instruct,13,6614,DR_k1,IV,2,ate,college_wage,hard,KEEP,no,yes,0,1,202,498,,Novita,stop,0,0.00022647,content,0.0,700
meta-llama/llama-3.3-70b-instruct,13,6614,DR_k1_NI,IV,2,ate,college_wage,hard,KEEP,no,yes,0,1,195,448,,Novita,stop,0,0.000205525,content,0.0,700
meta-llama/llama-3.3-70b-instruct,13,6614,DR_k2,IV,2,ate,college_wage,hard,KEEP,no,yes,0,1,206,385,,Novita,stop,0,0.00018181,content,0.0,700
meta-llama/llama-3.3-70b-instruct,13,6614,DR_k2_NI,IV,2,ate,college_wage,hard,KEEP,no,no,1,1,199,453,,Novita,stop,0,0.000208065,content,0.0,700
meta-llama/llama-3.3-70b-instruct,13,6614,DR_k3,IV,2,ate,college_wage,hard,KEEP,no,yes,0,1,206,574,,Novita,stop,0,0.00025741,content,0.0,700
meta-llama/llama-3.3-70b-instruct,13,6614,DR_k3_NI,IV,2,ate,college_wage,hard,KEEP,no,no,1,1,199,515,,Novita,stop,0,0.000232865,content,0.0,700
meta-llama/llama-3.3-70b-instruct,14,4665,RAW,IV,2,ate,tax_smoke_birthWeight,easy,KEEP,no,no,1,1,153,224,,Novita,stop,0,0.000110255,content,0.0,700
meta-llama/llama-3.3-70b-instruct,14,4665,ORACLE,IV,2,ate,tax_smoke_birthWeight,easy,KEEP,no,no,1,1,215,517,,Novita,stop,0,0.000235825,content,0.0,700
meta-llama/llama-3.3-70b-instruct,14,4665,ORACLE_NI,IV,2,ate,tax_smoke_birthWeight,easy,KEEP,no,no,1,1,208,498,,Novita,stop,0,0.00022728,content,0.0,700
meta-llama/llama-3.3-70b-instruct,14,4665,DR_k1,IV,2,ate,tax_smoke_birthWeight,easy,KEEP,no,no,1,1,214,513,,Novita,stop,0,0.00023409,content,0.0,700
meta-llama/llama-3.3-70b-instruct,14,4665,DR_k1_NI,IV,2,ate,tax_smoke_birthWeight,easy,KEEP,no,no,1,1,207,379,,Novita,stop,0,0.000179545,content,0.0,700
meta-llama/llama-3.3-70b-instruct,14,4665,DR_k2,IV,2,ate,tax_smoke_birthWeight,easy,KEEP,no,no,1,1,216,544,,Novita,stop,0,0.00024676,content,0.0,700
meta-llama/llama-3.3-70b-instruct,14,4665,DR_k2_NI,IV,2,ate,tax_smoke_birthWeight,easy,KEEP,no,no,1,1,209,507,,Novita,stop,0,0.000231015,content,0.0,700
meta-llama/llama-3.3-70b-instruct,14,4665,DR_k3,IV,2,ate,tax_smoke_birthWeight,easy,KEEP,no,no,1,1,209,504,,Novita,stop,0,0.000229815,content,0.0,700
meta-llama/llama-3.3-70b-instruct,14,4665,DR_k3_NI,IV,2,ate,tax_smoke_birthWeight,easy,KEEP,no,no,1,1,202,367,,Novita,stop,0,0.00017407,content,0.0,700
meta-llama/llama-3.3-70b-instruct,15,12055,RAW,IV,2,ate,cholesterol,anticommonsense,KEEP,yes,no,0,1,161,255,,Novita,stop,0,0.000123735,content,0.0,700
meta-llama/llama-3.3-70b-instruct,15,12055,ORACLE,IV,2,ate,cholesterol,anticommonsense,KEEP,yes,yes,1,1,215,593,,Novita,stop,0,0.000266225,content,0.0,700
meta-llama/llama-3.3-70b-instruct,15,12055,ORACLE_NI,IV,2,ate,cholesterol,anticommonsense,KEEP,yes,yes,1,1,208,457,,Novita,stop,0,0.00021088,content,0.0,700
meta-llama/llama-3.3-70b-instruct,15,12055,DR_k1,IV,2,ate,cholesterol,anticommonsense,KEEP,yes,no,0,1,215,469,,Novita,stop,0,0.000216625,content,0.0,700
meta-llama/llama-3.3-70b-instruct,15,12055,DR_k1_NI,IV,2,ate,cholesterol,anticommonsense,KEEP,yes,no,0,1,208,431,,Novita,stop,0,0.00020048,content,0.0,700
meta-llama/llama-3.3-70b-instruct,15,12055,DR_k2,IV,2,ate,cholesterol,anticommonsense,KEEP,yes,yes,1,1,212,253,,Novita,stop,0,0.00012982,content,0.0,700
meta-llama/llama-3.3-70b-instruct,15,12055,DR_k2_NI,IV,2,ate,cholesterol,anticommonsense,KEEP,yes,no,0,1,205,559,,Novita,stop,0,0.000251275,content,0.0,700
meta-llama/llama-3.3-70b-instruct,15,12055,DR_k3,IV,2,ate,cholesterol,anticommonsense,KEEP,yes,yes,1,1,218,528,,Novita,stop,0,0.00024063,content,0.0,700
meta-llama/llama-3.3-70b-instruct,15,12055,DR_k3_NI,IV,2,ate,cholesterol,anticommonsense,KEEP,yes,no,0,1,211,622,,Novita,stop,0,0.000277285,content,0.0,700
meta-llama/llama-3.3-70b-instruct,16,1835,RAW,IV,2,ate,college_wage,easy,KEEP,yes,no,0,1,157,388,,Novita,stop,0,0.000176395,content,0.0,700
meta-llama/llama-3.3-70b-instruct,16,1835,ORACLE,IV,2,ate,college_wage,easy,KEEP,yes,yes,1,1,210,359,,Novita,stop,0,0.00017195,content,0.0,700
meta-llama/llama-3.3-70b-instruct,16,1835,ORACLE_NI,IV,2,ate,college_wage,easy,KEEP,yes,yes,1,1,203,378,,Novita,stop,0,0.000178605,content,0.0,700
meta-llama/llama-3.3-70b-instruct,16,1835,DR_k1,IV,2,ate,college_wage,easy,KEEP,yes,no,0,1,210,465,,Novita,stop,0,0.00021435,content,0.0,700
meta-llama/llama-3.3-70b-instruct,16,1835,DR_k1_NI,IV,2,ate,college_wage,easy,KEEP,yes,no,0,1,203,349,,Novita,stop,0,0.000167005,content,0.0,700
meta-llama/llama-3.3-70b-instruct,16,1835,DR_k2,IV,2,ate,college_wage,easy,KEEP,yes,yes,1,1,209,429,,Novita,stop,0,0.000199815,content,0.0,700
meta-llama/llama-3.3-70b-instruct,16,1835,DR_k2_NI,IV,2,ate,college_wage,easy,KEEP,yes,no,0,1,202,434,,Novita,stop,0,0.00020087,content,0.0,700
meta-llama/llama-3.3-70b-instruct,16,1835,DR_k3,IV,2,ate,college_wage,easy,KEEP,yes,yes,1,1,215,466,,Novita,stop,0,0.000215425,content,0.0,700
meta-llama/llama-3.3-70b-instruct,16,1835,DR_k3_NI,IV,2,ate,college_wage,easy,KEEP,yes,no,0,1,208,326,,Novita,stop,0,0.00015848,content,0.0,700
meta-llama/llama-3.3-70b-instruct,17,9383,RAW,IV,2,ate,tax_smoke_birthWeight,hard,KEEP,yes,no,0,1,153,348,,Novita,stop,0,0.000159855,content,0.0,700
meta-llama/llama-3.3-70b-instruct,17,9383,ORACLE,IV,2,ate,tax_smoke_birthWeight,hard,KEEP,yes,no,0,1,215,390,,Novita,stop,0,0.000185025,content,0.0,700
meta-llama/llama-3.3-70b-instruct,17,9383,ORACLE_NI,IV,2,ate,tax_smoke_birthWeight,hard,KEEP,yes,no,0,1,208,480,,Novita,stop,0,0.00022008,content,0.0,700
meta-llama/llama-3.3-70b-instruct,17,9383,DR_k1,IV,2,ate,tax_smoke_birthWeight,hard,KEEP,yes,no,0,1,214,329,,Novita,stop,0,0.00016049,content,0.0,700
meta-llama/llama-3.3-70b-instruct,17,9383,DR_k1_NI,IV,2,ate,tax_smoke_birthWeight,hard,KEEP,yes,no,0,1,207,362,,Novita,stop,0,0.000172745,content,0.0,700
meta-llama/llama-3.3-70b-instruct,17,9383,DR_k2,IV,2,ate,tax_smoke_birthWeight,hard,KEEP,yes,no,0,1,214,346,,Novita,stop,0,0.00016729,content,0.0,700
meta-llama/llama-3.3-70b-instruct,17,9383,DR_k2_NI,IV,2,ate,tax_smoke_birthWeight,hard,KEEP,yes,no,0,1,207,451,,Novita,stop,0,0.000208345,content,0.0,700
meta-llama/llama-3.3-70b-instruct,17,9383,DR_k3,IV,2,ate,tax_smoke_birthWeight,hard,KEEP,yes,no,0,1,209,494,,Novita,stop,0,0.000225815,content,0.0,700
meta-llama/llama-3.3-70b-instruct,17,9383,DR_k3_NI,IV,2,ate,tax_smoke_birthWeight,hard,KEEP,yes,no,0,1,202,366,,Novita,stop,0,0.00017367,content,0.0,700
meta-llama/llama-3.3-70b-instruct,18,15157,RAW,IV,2,ate,water_cholera,anticommonsense,KEEP,no,no,1,1,156,653,,Novita,stop,0,0.00028226,content,0.0,700
meta-llama/llama-3.3-70b-instruct,18,15157,ORACLE,IV,2,ate,water_cholera,anticommonsense,KEEP,no,no,1,1,207,369,,Novita,stop,0,0.000175545,content,0.0,700
meta-llama/llama-3.3-70b-instruct,18,15157,ORACLE_NI,IV,2,ate,water_cholera,anticommonsense,KEEP,no,yes,0,1,200,312,,Novita,stop,0,0.0001518,content,0.0,700
meta-llama/llama-3.3-70b-instruct,18,15157,DR_k1,IV,2,ate,water_cholera,anticommonsense,KEEP,no,no,1,1,207,276,,Novita,stop,0,0.000138345,content,0.0,700
meta-llama/llama-3.3-70b-instruct,18,15157,DR_k1_NI,IV,2,ate,water_cholera,anticommonsense,KEEP,no,no,1,1,200,171,,Novita,stop,0,9.54e-05,content,0.0,700
meta-llama/llama-3.3-70b-instruct,18,15157,DR_k2,IV,2,ate,water_cholera,anticommonsense,KEEP,no,no,1,1,206,581,,Novita,stop,0,0.00026021,content,0.0,700
meta-llama/llama-3.3-70b-instruct,18,15157,DR_k2_NI,IV,2,ate,water_cholera,anticommonsense,KEEP,no,no,1,1,199,474,,Novita,stop,0,0.000216465,content,0.0,700
meta-llama/llama-3.3-70b-instruct,18,15157,DR_k3,IV,2,ate,water_cholera,anticommonsense,KEEP,no,no,1,1,207,280,,Novita,stop,0,0.000139945,content,0.0,700
meta-llama/llama-3.3-70b-instruct,18,15157,DR_k3_NI,IV,2,ate,water_cholera,anticommonsense,KEEP,no,no,1,1,200,267,,Novita,stop,0,0.0001338,content,0.0,700
meta-llama/llama-3.3-70b-instruct,19,17009,RAW,IV,2,ate,college_wage,anticommonsense,KEEP,no,no,1,1,157,444,,Novita,stop,0,0.000198795,content,0.0,700
meta-llama/llama-3.3-70b-instruct,19,17009,ORACLE,IV,2,ate,college_wage,anticommonsense,KEEP,no,no,1,1,212,455,,Novita,stop,0,0.00021062,content,0.0,700
meta-llama/llama-3.3-70b-instruct,19,17009,ORACLE_NI,IV,2,ate,college_wage,anticommonsense,KEEP,no,no,1,1,205,454,,Novita,stop,0,0.000209275,content,0.0,700
meta-llama/llama-3.3-70b-instruct,19,17009,DR_k1,IV,2,ate,college_wage,anticommonsense,KEEP,no,no,1,1,204,567,,Novita,stop,0,0.00025434,content,0.0,700
meta-llama/llama-3.3-70b-instruct,19,17009,DR_k1_NI,IV,2,ate,college_wage,anticommonsense,KEEP,no,no,1,1,197,501,,Novita,stop,0,0.000226995,content,0.0,700
meta-llama/llama-3.3-70b-instruct,19,17009,DR_k2,IV,2,ate,college_wage,anticommonsense,KEEP,no,no,1,1,208,458,,Novita,stop,0,0.00021128,content,0.0,700
meta-llama/llama-3.3-70b-instruct,19,17009,DR_k2_NI,IV,2,ate,college_wage,anticommonsense,KEEP,no,yes,0,1,201,453,,Novita,stop,0,0.000208335,content,0.0,700
meta-llama/llama-3.3-70b-instruct,19,17009,DR_k3,IV,2,ate,college_wage,anticommonsense,KEEP,no,no,1,1,216,406,,Novita,stop,0,0.00019156,content,0.0,700
meta-llama/llama-3.3-70b-instruct,19,17009,DR_k3_NI,IV,2,ate,college_wage,anticommonsense,KEEP,no,no,1,1,209,472,,Novita,stop,0,0.000217015,content,0.0,700
meta-llama/llama-3.3-70b-instruct,20,7258,RAW,arrowhead,2,ate,gender_admission_state,hard,KEEP,no,no,1,1,111,56,,Novita,stop,0,3.7385e-05,content,0.0,700
meta-llama/llama-3.3-70b-instruct,20,7258,ORACLE,arrowhead,2,ate,gender_admission_state,hard,KEEP,no,no,1,1,162,236,,Novita,stop,0,0.00011627,content,0.0,700
meta-llama/llama-3.3-70b-instruct,20,7258,ORACLE_NI,arrowhead,2,ate,gender_admission_state,hard,KEEP,no,no,1,1,155,189,,Novita,stop,0,9.6525e-05,content,0.0,700
meta-llama/llama-3.3-70b-instruct,20,7258,DR_k1,arrowhead,2,ate,gender_admission_state,hard,KEEP,no,no,1,1,163,141,,Novita,stop,0,7.8405e-05,content,0.0,700
meta-llama/llama-3.3-70b-instruct,20,7258,DR_k1_NI,arrowhead,2,ate,gender_admission_state,hard,KEEP,no,no,1,1,156,135,,Novita,stop,0,7.506e-05,content,0.0,700
meta-llama/llama-3.3-70b-instruct,20,7258,DR_k2,arrowhead,2,ate,gender_admission_state,hard,KEEP,no,no,1,1,161,213,,Novita,stop,0,0.000106935,content,0.0,700
meta-llama/llama-3.3-70b-instruct,20,7258,DR_k2_NI,arrowhead,2,ate,gender_admission_state,hard,KEEP,no,no,1,1,154,129,,Novita,stop,0,7.239e-05,content,0.0,700
meta-llama/llama-3.3-70b-instruct,20,7258,DR_k3,arrowhead,2,ate,gender_admission_state,hard,KEEP,no,no,1,1,162,177,,Novita,stop,0,9.267e-05,content,0.0,700
meta-llama/llama-3.3-70b-instruct,20,7258,DR_k3_NI,arrowhead,2,ate,gender_admission_state,hard,KEEP,no,no,1,1,155,137,,Novita,stop,0,7.5725e-05,content,0.0,700
meta-llama/llama-3.3-70b-instruct,21,17723,RAW,arrowhead,2,ate,gender_pay,anticommonsense,KEEP,no,no,1,1,113,89,,Novita,stop,0,5.0855e-05,content,0.0,700
meta-llama/llama-3.3-70b-instruct,21,17723,ORACLE,arrowhead,2,ate,gender_pay,anticommonsense,KEEP,no,no,1,1,159,317,,Novita,stop,0,0.000148265,content,0.0,700
meta-llama/llama-3.3-70b-instruct,21,17723,ORACLE_NI,arrowhead,2,ate,gender_pay,anticommonsense,KEEP,no,no,1,1,152,199,,Novita,stop,0,0.00010012,content,0.0,700
meta-llama/llama-3.3-70b-instruct,21,17723,DR_k1,arrowhead,2,ate,gender_pay,anticommonsense,KEEP,no,no,1,1,159,337,,Novita,stop,0,0.000156265,content,0.0,700
meta-llama/llama-3.3-70b-instruct,21,17723,DR_k1_NI,arrowhead,2,ate,gender_pay,anticommonsense,KEEP,no,no,1,1,152,202,,Novita,stop,0,0.00010132,content,0.0,700
meta-llama/llama-3.3-70b-instruct,21,17723,DR_k2,arrowhead,2,ate,gender_pay,anticommonsense,KEEP,no,no,1,1,161,316,,Novita,stop,0,0.000148135,content,0.0,700
meta-llama/llama-3.3-70b-instruct,21,17723,DR_k2_NI,arrowhead,2,ate,gender_pay,anticommonsense,KEEP,no,no,1,1,154,311,,Novita,stop,0,0.00014519,content,0.0,700
meta-llama/llama-3.3-70b-instruct,21,17723,DR_k3,arrowhead,2,ate,gender_pay,anticommonsense,KEEP,no,no,1,1,161,310,,Novita,stop,0,0.000145735,content,0.0,700
meta-llama/llama-3.3-70b-instruct,21,17723,DR_k3_NI,arrowhead,2,ate,gender_pay,anticommonsense,KEEP,no,no,1,1,154,343,,Novita,stop,0,0.00015799,content,0.0,700
meta-llama/llama-3.3-70b-instruct,22,17793,RAW,arrowhead,2,ate,gender_pay,anticommonsense,KEEP,yes,yes,1,1,113,101,,Novita,stop,0,5.5655e-05,content,0.0,700
meta-llama/llama-3.3-70b-instruct,22,17793,ORACLE,arrowhead,2,ate,gender_pay,anticommonsense,KEEP,yes,yes,1,1,159,332,,Novita,stop,0,0.000154265,content,0.0,700
meta-llama/llama-3.3-70b-instruct,22,17793,ORACLE_NI,arrowhead,2,ate,gender_pay,anticommonsense,KEEP,yes,yes,1,1,152,225,,Novita,stop,0,0.00011052,content,0.0,700
meta-llama/llama-3.3-70b-instruct,22,17793,DR_k1,arrowhead,2,ate,gender_pay,anticommonsense,KEEP,yes,yes,1,1,159,223,,Novita,stop,0,0.000110665,content,0.0,700
meta-llama/llama-3.3-70b-instruct,22,17793,DR_k1_NI,arrowhead,2,ate,gender_pay,anticommonsense,KEEP,yes,yes,1,1,152,191,,Novita,stop,0,9.692e-05,content,0.0,700
meta-llama/llama-3.3-70b-instruct,22,17793,DR_k2,arrowhead,2,ate,gender_pay,anticommonsense,KEEP,yes,yes,1,1,161,336,,Novita,stop,0,0.000156135,content,0.0,700
meta-llama/llama-3.3-70b-instruct,22,17793,DR_k2_NI,arrowhead,2,ate,gender_pay,anticommonsense,KEEP,yes,yes,1,1,154,292,,Novita,stop,0,0.00013759,content,0.0,700
meta-llama/llama-3.3-70b-instruct,22,17793,DR_k3,arrowhead,2,ate,gender_pay,anticommonsense,KEEP,yes,no,0,1,161,396,,Novita,stop,0,0.000180135,content,0.0,700
meta-llama/llama-3.3-70b-instruct,22,17793,DR_k3_NI,arrowhead,2,ate,gender_pay,anticommonsense,KEEP,yes,yes,1,1,154,303,,Novita,stop,0,0.00014199,content,0.0,700
meta-llama/llama-3.3-70b-instruct,23,13624,RAW,arrowhead,2,ate,obesity_mortality,anticommonsense,KEEP,no,no,1,1,110,74,,Novita,stop,0,4.445e-05,content,0.0,700
meta-llama/llama-3.3-70b-instruct,23,13624,ORACLE,arrowhead,2,ate,obesity_mortality,anticommonsense,KEEP,no,no,1,1,156,143,,Novita,stop,0,7.826e-05,content,0.0,700
meta-llama/llama-3.3-70b-instruct,23,13624,ORACLE_NI,arrowhead,2,ate,obesity_mortality,anticommonsense,KEEP,no,no,1,1,149,132,,Novita,stop,0,7.2915e-05,content,0.0,700
meta-llama/llama-3.3-70b-instruct,23,13624,DR_k1,arrowhead,2,ate,obesity_mortality,anticommonsense,KEEP,no,no,1,1,156,231,,Novita,stop,0,0.00011346,content,0.0,700
meta-llama/llama-3.3-70b-instruct,23,13624,DR_k1_NI,arrowhead,2,ate,obesity_mortality,anticommonsense,KEEP,no,no,1,1,149,125,,Novita,stop,0,7.0115e-05,content,0.0,700
meta-llama/llama-3.3-70b-instruct,23,13624,DR_k2,arrowhead,2,ate,obesity_mortality,anticommonsense,KEEP,no,no,1,1,161,136,,Novita,stop,0,7.6135e-05,content,0.0,700
meta-llama/llama-3.3-70b-instruct,23,13624,DR_k2_NI,arrowhead,2,ate,obesity_mortality,anticommonsense,KEEP,no,no,1,1,154,157,,Novita,stop,0,8.359e-05,content,0.0,700
meta-llama/llama-3.3-70b-instruct,23,13624,DR_k3,arrowhead,2,ate,obesity_mortality,anticommonsense,KEEP,no,no,1,1,161,120,,Novita,stop,0,6.9735e-05,content,0.0,700
meta-llama/llama-3.3-70b-instruct,23,13624,DR_k3_NI,arrowhead,2,ate,obesity_mortality,anticommonsense,KEEP,no,no,1,1,154,278,,Novita,stop,0,0.00013199,content,0.0,700
meta-llama/llama-3.3-70b-instruct,24,19494,RAW,arrowhead,2,ate,smoking_gene_cancer,anticommonsense,KEEP,no,no,1,1,113,91,,Novita,stop,0,5.1655e-05,content,0.0,700
meta-llama/llama-3.3-70b-instruct,24,19494,ORACLE,arrowhead,2,ate,smoking_gene_cancer,anticommonsense,KEEP,no,no,1,1,161,274,,Novita,stop,0,0.000131335,content,0.0,700
meta-llama/llama-3.3-70b-instruct,24,19494,ORACLE_NI,arrowhead,2,ate,smoking_gene_cancer,anticommonsense,KEEP,no,no,1,1,154,179,,Novita,stop,0,9.239e-05,content,0.0,700
meta-llama/llama-3.3-70b-instruct,24,19494,DR_k1,arrowhead,2,ate,smoking_gene_cancer,anticommonsense,KEEP,no,no,1,1,161,206,,Novita,stop,0,0.000104135,content,0.0,700
meta-llama/llama-3.3-70b-instruct,24,19494,DR_k1_NI,arrowhead,2,ate,smoking_gene_cancer,anticommonsense,KEEP,no,no,1,1,154,275,,Novita,stop,0,0.00013079,content,0.0,700
meta-llama/llama-3.3-70b-instruct,24,19494,DR_k2,arrowhead,2,ate,smoking_gene_cancer,anticommonsense,KEEP,no,no,1,1,164,355,,Novita,stop,0,0.00016414,content,0.0,700
meta-llama/llama-3.3-70b-instruct,24,19494,DR_k2_NI,arrowhead,2,ate,smoking_gene_cancer,anticommonsense,KEEP,no,no,1,1,157,267,,Novita,stop,0,0.000127995,content,0.0,700
meta-llama/llama-3.3-70b-instruct,24,19494,DR_k3,arrowhead,2,ate,smoking_gene_cancer,anticommonsense,KEEP,no,no,1,1,163,357,,Novita,stop,0,0.000164805,content,0.0,700
meta-llama/llama-3.3-70b-instruct,24,19494,DR_k3_NI,arrowhead,2,ate,smoking_gene_cancer,anticommonsense,KEEP,no,no,1,1,156,334,,Novita,stop,0,0.00015466,content,0.0,700
meta-llama/llama-3.3-70b-instruct,25,4340,RAW,arrowhead,2,ate,smoking_gene_cancer,easy,KEEP,yes,yes,1,1,110,91,,Novita,stop,0,5.125e-05,content,0.0,700
meta-llama/llama-3.3-70b-instruct,25,4340,ORACLE,arrowhead,2,ate,smoking_gene_cancer,easy,KEEP,yes,yes,1,1,156,198,,Novita,stop,0,0.00010026,content,0.0,700
meta-llama/llama-3.3-70b-instruct,25,4340,ORACLE_NI,arrowhead,2,ate,smoking_gene_cancer,easy,KEEP,yes,yes,1,1,149,156,,Novita,stop,0,8.2515e-05,content,0.0,700
meta-llama/llama-3.3-70b-instruct,25,4340,DR_k1,arrowhead,2,ate,smoking_gene_cancer,easy,KEEP,yes,yes,1,1,156,182,,Novita,stop,0,9.386e-05,content,0.0,700
meta-llama/llama-3.3-70b-instruct,25,4340,DR_k1_NI,arrowhead,2,ate,smoking_gene_cancer,easy,KEEP,yes,yes,1,1,149,90,,Novita,stop,0,5.6115e-05,content,0.0,700
meta-llama/llama-3.3-70b-instruct,25,4340,DR_k2,arrowhead,2,ate,smoking_gene_cancer,easy,KEEP,yes,yes,1,1,156,224,,Novita,stop,0,0.00011066,content,0.0,700
meta-llama/llama-3.3-70b-instruct,25,4340,DR_k2_NI,arrowhead,2,ate,smoking_gene_cancer,easy,KEEP,yes,yes,1,1,149,121,,Novita,stop,0,6.8515e-05,content,0.0,700
meta-llama/llama-3.3-70b-instruct,25,4340,DR_k3,arrowhead,2,ate,smoking_gene_cancer,easy,KEEP,yes,yes,1,1,157,267,,Novita,stop,0,0.000127995,content,0.0,700
meta-llama/llama-3.3-70b-instruct,25,4340,DR_k3_NI,arrowhead,2,ate,smoking_gene_cancer,easy,KEEP,yes,yes,1,1,150,192,,Novita,stop,0,9.705e-05,content,0.0,700
meta-llama/llama-3.3-70b-instruct,26,7118,RAW,arrowhead,2,ate,gender_admission_state,hard,KEEP,no,no,1,1,111,73,,Novita,stop,0,4.4185e-05,content,0.0,700
meta-llama/llama-3.3-70b-instruct,26,7118,ORACLE,arrowhead,2,ate,gender_admission_state,hard,KEEP,no,no,1,1,162,291,,Novita,stop,0,0.00013827,content,0.0,700
meta-llama/llama-3.3-70b-instruct,26,7118,ORACLE_NI,arrowhead,2,ate,gender_admission_state,hard,KEEP,no,no,1,1,155,200,,Novita,stop,0,0.000100925,content,0.0,700
meta-llama/llama-3.3-70b-instruct,26,7118,DR_k1,arrowhead,2,ate,gender_admission_state,hard,KEEP,no,no,1,1,162,216,,Novita,stop,0,0.00010827,content,0.0,700
meta-llama/llama-3.3-70b-instruct,26,7118,DR_k1_NI,arrowhead,2,ate,gender_admission_state,hard,KEEP,no,no,1,1,155,162,,Novita,stop,0,8.5725e-05,content,0.0,700
meta-llama/llama-3.3-70b-instruct,26,7118,DR_k2,arrowhead,2,ate,gender_admission_state,hard,KEEP,no,no,1,1,162,197,,Novita,stop,0,0.00010067,content,0.0,700
meta-llama/llama-3.3-70b-instruct,26,7118,DR_k2_NI,arrowhead,2,ate,gender_admission_state,hard,KEEP,no,no,1,1,155,138,,Novita,stop,0,7.6125e-05,content,0.0,700
meta-llama/llama-3.3-70b-instruct,26,7118,DR_k3,arrowhead,2,ate,gender_admission_state,hard,KEEP,no,no,1,1,162,142,,Novita,stop,0,7.867e-05,content,0.0,700
meta-llama/llama-3.3-70b-instruct,26,7118,DR_k3_NI,arrowhead,2,ate,gender_admission_state,hard,KEEP,no,no,1,1,155,131,,Novita,stop,0,7.3325e-05,content,0.0,700
meta-llama/llama-3.3-70b-instruct,27,3273,RAW,arrowhead,2,ate,obesity_mortality,easy,KEEP,no,no,1,1,104,77,,Novita,stop,0,4.484e-05,content,0.0,700
meta-llama/llama-3.3-70b-instruct,27,3273,ORACLE,arrowhead,2,ate,obesity_mortality,easy,KEEP,no,no,1,1,148,167,,Novita,stop,0,8.678e-05,content,0.0,700
meta-llama/llama-3.3-70b-instruct,27,3273,ORACLE_NI,arrowhead,2,ate,obesity_mortality,easy,KEEP,no,no,1,1,141,250,,Novita,stop,0,0.000119035,content,0.0,700
meta-llama/llama-3.3-70b-instruct,27,3273,DR_k1,arrowhead,2,ate,obesity_mortality,easy,KEEP,no,no,1,1,148,210,,Novita,stop,0,0.00010398,content,0.0,700
meta-llama/llama-3.3-70b-instruct,27,3273,DR_k1_NI,arrowhead,2,ate,obesity_mortality,easy,KEEP,no,no,1,1,141,161,,Novita,stop,0,8.3435e-05,content,0.0,700
meta-llama/llama-3.3-70b-instruct,27,3273,DR_k2,arrowhead,2,ate,obesity_mortality,easy,KEEP,no,no,1,1,149,104,,Novita,stop,0,6.1715e-05,content,0.0,700
meta-llama/llama-3.3-70b-instruct,27,3273,DR_k2_NI,arrowhead,2,ate,obesity_mortality,easy,KEEP,no,no,1,1,142,117,,Novita,stop,0,6.597e-05,content,0.0,700
meta-llama/llama-3.3-70b-instruct,27,3273,DR_k3,arrowhead,2,ate,obesity_mortality,easy,KEEP,no,no,1,1,150,259,,Novita,stop,0,0.00012385,content,0.0,700
meta-llama/llama-3.3-70b-instruct,27,3273,DR_k3_NI,arrowhead,2,ate,obesity_mortality,easy,KEEP,no,no,1,1,143,201,,Novita,stop,0,9.9705e-05,content,0.0,700
meta-llama/llama-3.3-70b-instruct,28,14790,RAW,arrowhead,2,ate,smoking_gene_cancer,anticommonsense,KEEP,yes,yes,1,1,113,94,,Novita,stop,0,5.2855e-05,content,0.0,700
meta-llama/llama-3.3-70b-instruct,28,14790,ORACLE,arrowhead,2,ate,smoking_gene_cancer,anticommonsense,KEEP,yes,yes,1,1,161,279,,Novita,stop,0,0.000133335,content,0.0,700
meta-llama/llama-3.3-70b-instruct,28,14790,ORACLE_NI,arrowhead,2,ate,smoking_gene_cancer,anticommonsense,KEEP,yes,yes,1,1,154,193,,Novita,stop,0,9.799e-05,content,0.0,700
meta-llama/llama-3.3-70b-instruct,28,14790,DR_k1,arrowhead,2,ate,smoking_gene_cancer,anticommonsense,KEEP,yes,yes,1,1,163,299,,Novita,stop,0,0.000141605,content,0.0,700
meta-llama/llama-3.3-70b-instruct,28,14790,DR_k1_NI,arrowhead,2,ate,smoking_gene_cancer,anticommonsense,KEEP,yes,yes,1,1,156,259,,Novita,stop,0,0.00012466,content,0.0,700
meta-llama/llama-3.3-70b-instruct,28,14790,DR_k2,arrowhead,2,ate,smoking_gene_cancer,anticommonsense,KEEP,yes,yes,1,1,163,266,,Novita,stop,0,0.000128405,content,0.0,700
meta-llama/llama-3.3-70b-instruct,28,14790,DR_k2_NI,arrowhead,2,ate,smoking_gene_cancer,anticommonsense,KEEP,yes,yes,1,1,156,241,,Novita,stop,0,0.00011746,content,0.0,700
meta-llama/llama-3.3-70b-instruct,28,14790,DR_k3,arrowhead,2,ate,smoking_gene_cancer,anticommonsense,KEEP,yes,no,0,1,163,355,,Novita,stop,0,0.000164005,content,0.0,700
meta-llama/llama-3.3-70b-instruct,28,14790,DR_k3_NI,arrowhead,2,ate,smoking_gene_cancer,anticommonsense,KEEP,yes,no,0,1,156,363,,Novita,stop,0,0.00016626,content,0.0,700
meta-llama/llama-3.3-70b-instruct,29,8810,RAW,arrowhead,2,ate,smoke_birthWeight,hard,KEEP,yes,yes,1,1,114,100,,Novita,stop,0,5.539e-05,content,0.0,700
meta-llama/llama-3.3-70b-instruct,29,8810,ORACLE,arrowhead,2,ate,smoke_birthWeight,hard,KEEP,yes,yes,1,1,173,233,,Novita,stop,0,0.000116555,content,0.0,700
meta-llama/llama-3.3-70b-instruct,29,8810,ORACLE_NI,arrowhead,2,ate,smoke_birthWeight,hard,KEEP,yes,yes,1,1,166,147,,Novita,stop,0,8.121e-05,content,0.0,700
meta-llama/llama-3.3-70b-instruct,29,8810,DR_k1,arrowhead,2,ate,smoke_birthWeight,hard,KEEP,yes,yes,1,1,172,265,,Novita,stop,0,0.00012922,content,0.0,700
meta-llama/llama-3.3-70b-instruct,29,8810,DR_k1_NI,arrowhead,2,ate,smoke_birthWeight,hard,KEEP,yes,yes,1,1,165,204,,Novita,stop,0,0.000103875,content,0.0,700
meta-llama/llama-3.3-70b-instruct,29,8810,DR_k2,arrowhead,2,ate,smoke_birthWeight,hard,KEEP,yes,yes,1,1,172,177,,Novita,stop,0,9.402e-05,content,0.0,700
meta-llama/llama-3.3-70b-instruct,29,8810,DR_k2_NI,arrowhead,2,ate,smoke_birthWeight,hard,KEEP,yes,yes,1,1,165,98,,Novita,stop,0,6.1475e-05,content,0.0,700
meta-llama/llama-3.3-70b-instruct,29,8810,DR_k3,arrowhead,2,ate,smoke_birthWeight,hard,KEEP,yes,yes,1,1,174,196,,Novita,stop,0,0.00010189,content,0.0,700
meta-llama/llama-3.3-70b-instruct,29,8810,DR_k3_NI,arrowhead,2,ate,smoke_birthWeight,hard,KEEP,yes,yes,1,1,167,102,,Novita,stop,0,6.3345e-05,content,0.0,700
meta-llama/llama-3.3-70b-instruct,30,9189,RAW,arrowhead,2,ate,smoking_gene_cancer,hard,KEEP,no,no,1,1,110,93,,Novita,stop,0,5.205e-05,content,0.0,700
meta-llama/llama-3.3-70b-instruct,30,9189,ORACLE,arrowhead,2,ate,smoking_gene_cancer,hard,KEEP,no,no,1,1,156,267,,Novita,stop,0,0.00012786,content,0.0,700
meta-llama/llama-3.3-70b-instruct,30,9189,ORACLE_NI,arrowhead,2,ate,smoking_gene_cancer,hard,KEEP,no,no,1,1,149,120,,Novita,stop,0,6.8115e-05,content,0.0,700
meta-llama/llama-3.3-70b-instruct,30,9189,DR_k1,arrowhead,2,ate,smoking_gene_cancer,hard,KEEP,no,no,1,1,156,312,,Novita,stop,0,0.00014586,content,0.0,700
meta-llama/llama-3.3-70b-instruct,30,9189,DR_k1_NI,arrowhead,2,ate,smoking_gene_cancer,hard,KEEP,no,no,1,1,149,120,,Novita,stop,0,6.8115e-05,content,0.0,700
meta-llama/llama-3.3-70b-instruct,30,9189,DR_k2,arrowhead,2,ate,smoking_gene_cancer,hard,KEEP,no,no,1,1,155,141,,Novita,stop,0,7.7325e-05,content,0.0,700
meta-llama/llama-3.3-70b-instruct,30,9189,DR_k2_NI,arrowhead,2,ate,smoking_gene_cancer,hard,KEEP,no,no,1,1,148,120,,Novita,stop,0,6.798e-05,content,0.0,700
meta-llama/llama-3.3-70b-instruct,30,9189,DR_k3,arrowhead,2,ate,smoking_gene_cancer,hard,KEEP,no,no,1,1,156,120,,Novita,stop,0,6.906e-05,content,0.0,700
meta-llama/llama-3.3-70b-instruct,30,9189,DR_k3_NI,arrowhead,2,ate,smoking_gene_cancer,hard,KEEP,no,no,1,1,149,91,,Novita,stop,0,5.6515e-05,content,0.0,700
meta-llama/llama-3.3-70b-instruct,31,7707,RAW,arrowhead,2,ate,nature_vs_nurture,hard,KEEP,no,no,1,1,113,113,,Novita,stop,0,6.0455e-05,content,0.0,700
meta-llama/llama-3.3-70b-instruct,31,7707,ORACLE,arrowhead,2,ate,nature_vs_nurture,hard,KEEP,no,no,1,1,177,439,,Novita,stop,0,0.000199495,content,0.0,700
meta-llama/llama-3.3-70b-instruct,31,7707,ORACLE_NI,arrowhead,2,ate,nature_vs_nurture,hard,KEEP,no,no,1,1,170,341,,Novita,stop,0,0.00015935,content,0.0,700
meta-llama/llama-3.3-70b-instruct,31,7707,DR_k1,arrowhead,2,ate,nature_vs_nurture,hard,KEEP,no,no,1,1,178,316,,Novita,stop,0,0.00015043,content,0.0,700
meta-llama/llama-3.3-70b-instruct,31,7707,DR_k1_NI,arrowhead,2,ate,nature_vs_nurture,hard,KEEP,no,no,1,1,171,300,,Novita,stop,0,0.000143085,content,0.0,700
meta-llama/llama-3.3-70b-instruct,31,7707,DR_k2,arrowhead,2,ate,nature_vs_nurture,hard,KEEP,no,no,1,1,178,375,,Novita,stop,0,0.00017403,content,0.0,700
meta-llama/llama-3.3-70b-instruct,31,7707,DR_k2_NI,arrowhead,2,ate,nature_vs_nurture,hard,KEEP,no,no,1,1,171,271,,Novita,stop,0,0.000131485,content,0.0,700
meta-llama/llama-3.3-70b-instruct,31,7707,DR_k3,arrowhead,2,ate,nature_vs_nurture,hard,KEEP,no,no,1,1,177,334,,Novita,stop,0,0.000157495,content,0.0,700
meta-llama/llama-3.3-70b-instruct,31,7707,DR_k3_NI,arrowhead,2,ate,nature_vs_nurture,hard,KEEP,no,no,1,1,170,345,,Novita,stop,0,0.00016095,content,0.0,700
meta-llama/llama-3.3-70b-instruct,32,7401,RAW,arrowhead,2,ate,gender_pay,hard,KEEP,yes,yes,1,1,109,77,,Novita,stop,0,4.5515e-05,content,0.0,700
meta-llama/llama-3.3-70b-instruct,32,7401,ORACLE,arrowhead,2,ate,gender_pay,hard,KEEP,yes,yes,1,1,152,204,,Novita,stop,0,0.00010212,content,0.0,700
meta-llama/llama-3.3-70b-instruct,32,7401,ORACLE_NI,arrowhead,2,ate,gender_pay,hard,KEEP,yes,yes,1,1,145,153,,Novita,stop,0,8.0775e-05,content,0.0,700
meta-llama/llama-3.3-70b-instruct,32,7401,DR_k1,arrowhead,2,ate,gender_pay,hard,KEEP,yes,yes,1,1,152,182,,Novita,stop,0,9.332e-05,content,0.0,700
meta-llama/llama-3.3-70b-instruct,32,7401,DR_k1_NI,arrowhead,2,ate,gender_pay,hard,KEEP,yes,yes,1,1,145,145,,Novita,stop,0,7.7575e-05,content,0.0,700
meta-llama/llama-3.3-70b-instruct,32,7401,DR_k2,arrowhead,2,ate,gender_pay,hard,KEEP,yes,yes,1,1,152,312,,Novita,stop,0,0.00014532,content,0.0,700
meta-llama/llama-3.3-70b-instruct,32,7401,DR_k2_NI,arrowhead,2,ate,gender_pay,hard,KEEP,yes,yes,1,1,145,202,,Novita,stop,0,0.000100375,content,0.0,700
meta-llama/llama-3.3-70b-instruct,32,7401,DR_k3,arrowhead,2,ate,gender_pay,hard,KEEP,yes,yes,1,1,152,161,,Novita,stop,0,8.492e-05,content,0.0,700
meta-llama/llama-3.3-70b-instruct,32,7401,DR_k3_NI,arrowhead,2,ate,gender_pay,hard,KEEP,yes,yes,1,1,145,132,,Novita,stop,0,7.2375e-05,content,0.0,700
meta-llama/llama-3.3-70b-instruct,33,9098,RAW,arrowhead,2,ate,smoking_gene_cancer,hard,KEEP,yes,yes,1,1,110,96,,Novita,stop,0,5.325e-05,content,0.0,700
meta-llama/llama-3.3-70b-instruct,33,9098,ORACLE,arrowhead,2,ate,smoking_gene_cancer,hard,KEEP,yes,yes,1,1,156,245,,Novita,stop,0,0.00011906,content,0.0,700
meta-llama/llama-3.3-70b-instruct,33,9098,ORACLE_NI,arrowhead,2,ate,smoking_gene_cancer,hard,KEEP,yes,yes,1,1,149,121,,Novita,stop,0,6.8515e-05,content,0.0,700
meta-llama/llama-3.3-70b-instruct,33,9098,DR_k1,arrowhead,2,ate,smoking_gene_cancer,hard,KEEP,yes,yes,1,1,156,192,,Novita,stop,0,9.786e-05,content,0.0,700
meta-llama/llama-3.3-70b-instruct,33,9098,DR_k1_NI,arrowhead,2,ate,smoking_gene_cancer,hard,KEEP,yes,yes,1,1,149,126,,Novita,stop,0,7.0515e-05,content,0.0,700
meta-llama/llama-3.3-70b-instruct,33,9098,DR_k2,arrowhead,2,ate,smoking_gene_cancer,hard,KEEP,yes,yes,1,1,157,270,,Novita,stop,0,0.000129195,content,0.0,700
meta-llama/llama-3.3-70b-instruct,33,9098,DR_k2_NI,arrowhead,2,ate,smoking_gene_cancer,hard,KEEP,yes,yes,1,1,150,215,,Novita,stop,0,0.00010625,content,0.0,700
meta-llama/llama-3.3-70b-instruct,33,9098,DR_k3,arrowhead,2,ate,smoking_gene_cancer,hard,KEEP,yes,yes,1,1,156,127,,Novita,stop,0,7.186e-05,content,0.0,700
meta-llama/llama-3.3-70b-instruct,33,9098,DR_k3_NI,arrowhead,2,ate,smoking_gene_cancer,hard,KEEP,yes,yes,1,1,149,103,,Novita,stop,0,6.1315e-05,content,0.0,700
meta-llama/llama-3.3-70b-instruct,34,2381,RAW,arrowhead,2,ate,gender_admission_state,easy,KEEP,yes,yes,1,1,111,79,,Novita,stop,0,4.6585e-05,content,0.0,700
meta-llama/llama-3.3-70b-instruct,34,2381,ORACLE,arrowhead,2,ate,gender_admission_state,easy,KEEP,yes,yes,1,1,162,240,,Novita,stop,0,0.00011787,content,0.0,700
meta-llama/llama-3.3-70b-instruct,34,2381,ORACLE_NI,arrowhead,2,ate,gender_admission_state,easy,KEEP,yes,yes,1,1,155,223,,Novita,stop,0,0.000110125,content,0.0,700
meta-llama/llama-3.3-70b-instruct,34,2381,DR_k1,arrowhead,2,ate,gender_admission_state,easy,KEEP,yes,yes,1,1,161,200,,Novita,stop,0,0.000101735,content,0.0,700
meta-llama/llama-3.3-70b-instruct,34,2381,DR_k1_NI,arrowhead,2,ate,gender_admission_state,easy,KEEP,yes,yes,1,1,154,127,,Novita,stop,0,7.159e-05,content,0.0,700
meta-llama/llama-3.3-70b-instruct,34,2381,DR_k2,arrowhead,2,ate,gender_admission_state,easy,KEEP,yes,yes,1,1,162,160,,Novita,stop,0,8.587e-05,content,0.0,700
meta-llama/llama-3.3-70b-instruct,34,2381,DR_k2_NI,arrowhead,2,ate,gender_admission_state,easy,KEEP,yes,yes,1,1,155,107,,Novita,stop,0,6.3725e-05,content,0.0,700
meta-llama/llama-3.3-70b-instruct,34,2381,DR_k3,arrowhead,2,ate,gender_admission_state,easy,KEEP,yes,yes,1,1,162,137,,Novita,stop,0,7.667e-05,content,0.0,700
meta-llama/llama-3.3-70b-instruct,34,2381,DR_k3_NI,arrowhead,2,ate,gender_admission_state,easy,KEEP,yes,yes,1,1,155,103,,Novita,stop,0,6.2125e-05,content,0.0,700
meta-llama/llama-3.3-70b-instruct,35,13302,RAW,arrowhead,2,ate,nature_vs_nurture,anticommonsense,KEEP,no,no,1,1,117,95,,Novita,stop,0,5.3795e-05,content,0.0,700
meta-llama/llama-3.3-70b-instruct,35,13302,ORACLE,arrowhead,2,ate,nature_vs_nurture,anticommonsense,KEEP,no,no,1,1,182,294,,Novita,stop,0,0.00014217,content,0.0,700
meta-llama/llama-3.3-70b-instruct,35,13302,ORACLE_NI,arrowhead,2,ate,nature_vs_nurture,anticommonsense,KEEP,no,no,1,1,175,215,,Novita,stop,0,0.000109625,content,0.0,700
meta-llama/llama-3.3-70b-instruct,35,13302,DR_k1,arrowhead,2,ate,nature_vs_nurture,anticommonsense,KEEP,no,no,1,1,183,226,,Novita,stop,0,0.000115105,content,0.0,700
meta-llama/llama-3.3-70b-instruct,35,13302,DR_k1_NI,arrowhead,2,ate,nature_vs_nurture,anticommonsense,KEEP,no,no,1,1,176,180,,Novita,stop,0,9.576e-05,content,0.0,700
meta-llama/llama-3.3-70b-instruct,35,13302,DR_k2,arrowhead,2,ate,nature_vs_nurture,anticommonsense,KEEP,no,no,1,1,182,228,,Novita,stop,0,0.00011577,content,0.0,700
meta-llama/llama-3.3-70b-instruct,35,13302,DR_k2_NI,arrowhead,2,ate,nature_vs_nurture,anticommonsense,KEEP,no,no,1,1,175,355,,Novita,stop,0,0.000165625,content,0.0,700
meta-llama/llama-3.3-70b-instruct,35,13302,DR_k3,arrowhead,2,ate,nature_vs_nurture,anticommonsense,KEEP,no,no,1,1,182,284,,Novita,stop,0,0.00013817,content,0.0,700
meta-llama/llama-3.3-70b-instruct,35,13302,DR_k3_NI,arrowhead,2,ate,nature_vs_nurture,anticommonsense,KEEP,no,no,1,1,175,235,,Novita,stop,0,0.000117625,content,0.0,700
meta-llama/llama-3.3-70b-instruct,36,9190,RAW,arrowhead,2,ate,smoking_gene_cancer,hard,KEEP,yes,yes,1,1,110,96,,Novita,stop,0,5.325e-05,content,0.0,700
meta-llama/llama-3.3-70b-instruct,36,9190,ORACLE,arrowhead,2,ate,smoking_gene_cancer,hard,KEEP,yes,yes,1,1,156,197,,Novita,stop,0,9.986e-05,content,0.0,700
meta-llama/llama-3.3-70b-instruct,36,9190,ORACLE_NI,arrowhead,2,ate,smoking_gene_cancer,hard,KEEP,yes,yes,1,1,149,125,,Novita,stop,0,7.0115e-05,content,0.0,700
meta-llama/llama-3.3-70b-instruct,36,9190,DR_k1,arrowhead,2,ate,smoking_gene_cancer,hard,KEEP,yes,yes,1,1,156,222,,Novita,stop,0,0.00010986,content,0.0,700
meta-llama/llama-3.3-70b-instruct,36,9190,DR_k1_NI,arrowhead,2,ate,smoking_gene_cancer,hard,KEEP,yes,yes,1,1,149,126,,Novita,stop,0,7.0515e-05,content,0.0,700
meta-llama/llama-3.3-70b-instruct,36,9190,DR_k2,arrowhead,2,ate,smoking_gene_cancer,hard,KEEP,yes,yes,1,1,155,123,,Novita,stop,0,7.0125e-05,content,0.0,700
meta-llama/llama-3.3-70b-instruct,36,9190,DR_k2_NI,arrowhead,2,ate,smoking_gene_cancer,hard,KEEP,yes,yes,1,1,148,94,,Novita,stop,0,5.758e-05,content,0.0,700
meta-llama/llama-3.3-70b-instruct,36,9190,DR_k3,arrowhead,2,ate,smoking_gene_cancer,hard,KEEP,yes,yes,1,1,156,147,,Novita,stop,0,7.986e-05,content,0.0,700
meta-llama/llama-3.3-70b-instruct,36,9190,DR_k3_NI,arrowhead,2,ate,smoking_gene_cancer,hard,KEEP,yes,yes,1,1,149,92,,Novita,stop,0,5.6915e-05,content,0.0,700
meta-llama/llama-3.3-70b-instruct,37,17576,RAW,arrowhead,2,ate,gender_admission_state,anticommonsense,KEEP,yes,yes,1,1,114,83,,Novita,stop,0,4.859e-05,content,0.0,700
meta-llama/llama-3.3-70b-instruct,37,17576,ORACLE,arrowhead,2,ate,gender_admission_state,anticommonsense,KEEP,yes,yes,1,1,168,214,,Novita,stop,0,0.00010828,content,0.0,700
meta-llama/llama-3.3-70b-instruct,37,17576,ORACLE_NI,arrowhead,2,ate,gender_admission_state,anticommonsense,KEEP,yes,yes,1,1,161,168,,Novita,stop,0,8.8935e-05,content,0.0,700
meta-llama/llama-3.3-70b-instruct,37,17576,DR_k1,arrowhead,2,ate,gender_admission_state,anticommonsense,KEEP,yes,yes,1,1,168,109,,Novita,stop,0,6.628e-05,content,0.0,700
meta-llama/llama-3.3-70b-instruct,37,17576,DR_k1_NI,arrowhead,2,ate,gender_admission_state,anticommonsense,KEEP,yes,yes,1,1,161,170,,Novita,stop,0,8.9735e-05,content,0.0,700
meta-llama/llama-3.3-70b-instruct,37,17576,DR_k2,arrowhead,2,ate,gender_admission_state,anticommonsense,KEEP,yes,yes,1,1,167,173,,Novita,stop,0,9.1745e-05,content,0.0,700
meta-llama/llama-3.3-70b-instruct,37,17576,DR_k2_NI,arrowhead,2,ate,gender_admission_state,anticommonsense,KEEP,yes,yes,1,1,160,96,,Novita,stop,0,6e-05,content,0.0,700
meta-llama/llama-3.3-70b-instruct,37,17576,DR_k3,arrowhead,2,ate,gender_admission_state,anticommonsense,KEEP,yes,yes,1,1,165,120,,Novita,stop,0,7.0275e-05,content,0.0,700
meta-llama/llama-3.3-70b-instruct,37,17576,DR_k3_NI,arrowhead,2,ate,gender_admission_state,anticommonsense,KEEP,yes,yes,1,1,158,92,,Novita,stop,0,5.813e-05,content,0.0,700
meta-llama/llama-3.3-70b-instruct,38,2435,RAW,arrowhead,2,ate,gender_admission_state,easy,KEEP,no,no,1,1,111,73,,Novita,stop,0,4.4185e-05,content,0.0,700
meta-llama/llama-3.3-70b-instruct,38,2435,ORACLE,arrowhead,2,ate,gender_admission_state,easy,KEEP,no,no,1,1,162,321,,Novita,stop,0,0.00015027,content,0.0,700
meta-llama/llama-3.3-70b-instruct,38,2435,ORACLE_NI,arrowhead,2,ate,gender_admission_state,easy,KEEP,no,no,1,1,155,158,,Novita,stop,0,8.4125e-05,content,0.0,700
meta-llama/llama-3.3-70b-instruct,38,2435,DR_k1,arrowhead,2,ate,gender_admission_state,easy,KEEP,no,no,1,1,161,229,,Novita,stop,0,0.000113335,content,0.0,700
meta-llama/llama-3.3-70b-instruct,38,2435,DR_k1_NI,arrowhead,2,ate,gender_admission_state,easy,KEEP,no,no,1,1,154,104,,Novita,stop,0,6.239e-05,content,0.0,700
meta-llama/llama-3.3-70b-instruct,38,2435,DR_k2,arrowhead,2,ate,gender_admission_state,easy,KEEP,no,no,1,1,162,166,,Novita,stop,0,8.827e-05,content,0.0,700
meta-llama/llama-3.3-70b-instruct,38,2435,DR_k2_NI,arrowhead,2,ate,gender_admission_state,easy,KEEP,no,no,1,1,155,124,,Novita,stop,0,7.0525e-05,content,0.0,700
meta-llama/llama-3.3-70b-instruct,38,2435,DR_k3,arrowhead,2,ate,gender_admission_state,easy,KEEP,no,no,1,1,162,108,,Novita,stop,0,6.507e-05,content,0.0,700
meta-llama/llama-3.3-70b-instruct,38,2435,DR_k3_NI,arrowhead,2,ate,gender_admission_state,easy,KEEP,no,no,1,1,155,127,,Novita,stop,0,7.1725e-05,content,0.0,700
meta-llama/llama-3.3-70b-instruct,39,2930,RAW,arrowhead,2,ate,nature_vs_nurture,easy,KEEP,yes,yes,1,1,113,111,,Novita,stop,0,5.9655e-05,content,0.0,700
meta-llama/llama-3.3-70b-instruct,39,2930,ORACLE,arrowhead,2,ate,nature_vs_nurture,easy,KEEP,yes,yes,1,1,177,203,,Novita,stop,0,0.000105095,content,0.0,700
meta-llama/llama-3.3-70b-instruct,39,2930,ORACLE_NI,arrowhead,2,ate,nature_vs_nurture,easy,KEEP,yes,yes,1,1,170,266,,Novita,stop,0,0.00012935,content,0.0,700
meta-llama/llama-3.3-70b-instruct,39,2930,DR_k1,arrowhead,2,ate,nature_vs_nurture,easy,KEEP,yes,yes,1,1,178,182,,Novita,stop,0,9.683e-05,content,0.0,700
meta-llama/llama-3.3-70b-instruct,39,2930,DR_k1_NI,arrowhead,2,ate,nature_vs_nurture,easy,KEEP,yes,yes,1,1,171,267,,Novita,stop,0,0.000129885,content,0.0,700
meta-llama/llama-3.3-70b-instruct,39,2930,DR_k2,arrowhead,2,ate,nature_vs_nurture,easy,KEEP,yes,yes,1,1,177,263,,Novita,stop,0,0.000129095,content,0.0,700
meta-llama/llama-3.3-70b-instruct,39,2930,DR_k2_NI,arrowhead,2,ate,nature_vs_nurture,easy,KEEP,yes,yes,1,1,170,187,,Novita,stop,0,9.775e-05,content,0.0,700
meta-llama/llama-3.3-70b-instruct,39,2930,DR_k3,arrowhead,2,ate,nature_vs_nurture,easy,KEEP,yes,yes,1,1,177,358,,Novita,stop,0,0.000167095,content,0.0,700
meta-llama/llama-3.3-70b-instruct,39,2930,DR_k3_NI,arrowhead,2,ate,nature_vs_nurture,easy,KEEP,yes,yes,1,1,170,393,,Novita,stop,0,0.00018015,content,0.0,700
meta-llama/llama-3.3-70b-instruct,40,4114,RAW,arrowhead,3,ett,smoke_birthWeight,easy,KEEP,yes,yes,1,1,129,183,,Novita,stop,0,9.0615e-05,content,0.0,700
meta-llama/llama-3.3-70b-instruct,40,4114,ORACLE,arrowhead,3,ett,smoke_birthWeight,easy,KEEP,yes,yes,1,1,188,274,,Novita,stop,0,0.00013498,content,0.0,700
meta-llama/llama-3.3-70b-instruct,40,4114,ORACLE_NI,arrowhead,3,ett,smoke_birthWeight,easy,KEEP,yes,no,0,1,181,310,,Novita,stop,0,0.000148435,content,0.0,700
meta-llama/llama-3.3-70b-instruct,40,4114,DR_k1,arrowhead,3,ett,smoke_birthWeight,easy,KEEP,yes,yes,1,1,186,229,,Novita,stop,0,0.00011671,content,0.0,700
meta-llama/llama-3.3-70b-instruct,40,4114,DR_k1_NI,arrowhead,3,ett,smoke_birthWeight,easy,KEEP,yes,yes,1,1,179,251,,Novita,stop,0,0.000124565,content,0.0,700
meta-llama/llama-3.3-70b-instruct,40,4114,DR_k2,arrowhead,3,ett,smoke_birthWeight,easy,KEEP,yes,yes,1,1,189,313,,Novita,stop,0,0.000150715,content,0.0,700
meta-llama/llama-3.3-70b-instruct,40,4114,DR_k2_NI,arrowhead,3,ett,smoke_birthWeight,easy,KEEP,yes,yes,1,1,182,290,,Novita,stop,0,0.00014057,content,0.0,700
meta-llama/llama-3.3-70b-instruct,40,4114,DR_k3,arrowhead,3,ett,smoke_birthWeight,easy,KEEP,yes,yes,1,1,189,239,,Novita,stop,0,0.000121115,content,0.0,700
meta-llama/llama-3.3-70b-instruct,40,4114,DR_k3_NI,arrowhead,3,ett,smoke_birthWeight,easy,KEEP,yes,yes,1,1,182,358,,Novita,stop,0,0.00016777,content,0.0,700
meta-llama/llama-3.3-70b-instruct,41,13241,RAW,arrowhead,3,ett,nature_vs_nurture,anticommonsense,KEEP,yes,yes,1,1,131,110,,Novita,stop,0,6.1685e-05,content,0.0,700
meta-llama/llama-3.3-70b-instruct,41,13241,ORACLE,arrowhead,3,ett,nature_vs_nurture,anticommonsense,KEEP,yes,yes,1,1,196,402,,Novita,stop,0,0.00018726,content,0.0,700
meta-llama/llama-3.3-70b-instruct,41,13241,ORACLE_NI,arrowhead,3,ett,nature_vs_nurture,anticommonsense,KEEP,yes,yes,1,1,189,421,,Novita,stop,0,0.000193915,content,0.0,700
meta-llama/llama-3.3-70b-instruct,41,13241,DR_k1,arrowhead,3,ett,nature_vs_nurture,anticommonsense,KEEP,yes,yes,1,1,196,413,,Novita,stop,0,0.00019166,content,0.0,700
meta-llama/llama-3.3-70b-instruct,41,13241,DR_k1_NI,arrowhead,3,ett,nature_vs_nurture,anticommonsense,KEEP,yes,yes,1,1,189,286,,Novita,stop,0,0.000139915,content,0.0,700
meta-llama/llama-3.3-70b-instruct,41,13241,DR_k2,arrowhead,3,ett,nature_vs_nurture,anticommonsense,KEEP,yes,yes,1,1,196,291,,Novita,stop,0,0.00014286,content,0.0,700
meta-llama/llama-3.3-70b-instruct,41,13241,DR_k2_NI,arrowhead,3,ett,nature_vs_nurture,anticommonsense,KEEP,yes,yes,1,1,189,264,,Novita,stop,0,0.000131115,content,0.0,700
meta-llama/llama-3.3-70b-instruct,41,13241,DR_k3,arrowhead,3,ett,nature_vs_nurture,anticommonsense,KEEP,yes,yes,1,1,195,398,,Novita,stop,0,0.000185525,content,0.0,700
meta-llama/llama-3.3-70b-instruct,41,13241,DR_k3_NI,arrowhead,3,ett,nature_vs_nurture,anticommonsense,KEEP,yes,yes,1,1,188,348,,Novita,stop,0,0.00016458,content,0.0,700
meta-llama/llama-3.3-70b-instruct,42,8778,RAW,arrowhead,3,ett,smoke_birthWeight,hard,KEEP,yes,no,0,1,129,107,,Novita,stop,0,6.0215e-05,content,0.0,700
meta-llama/llama-3.3-70b-instruct,42,8778,ORACLE,arrowhead,3,ett,smoke_birthWeight,hard,KEEP,yes,no,0,1,188,272,,Novita,stop,0,0.00013418,content,0.0,700
meta-llama/llama-3.3-70b-instruct,42,8778,ORACLE_NI,arrowhead,3,ett,smoke_birthWeight,hard,KEEP,yes,no,0,1,181,423,,Novita,stop,0,0.000193635,content,0.0,700
meta-llama/llama-3.3-70b-instruct,42,8778,DR_k1,arrowhead,3,ett,smoke_birthWeight,hard,KEEP,yes,no,0,1,187,385,,Novita,stop,0,0.000179245,content,0.0,700
meta-llama/llama-3.3-70b-instruct,42,8778,DR_k1_NI,arrowhead,3,ett,smoke_birthWeight,hard,KEEP,yes,no,0,1,180,314,,Novita,stop,0,0.0001499,content,0.0,700
meta-llama/llama-3.3-70b-instruct,42,8778,DR_k2,arrowhead,3,ett,smoke_birthWeight,hard,KEEP,yes,no,0,1,186,522,,Novita,stop,0,0.00023391,content,0.0,700
meta-llama/llama-3.3-70b-instruct,42,8778,DR_k2_NI,arrowhead,3,ett,smoke_birthWeight,hard,KEEP,yes,no,0,1,179,290,,Novita,stop,0,0.000140165,content,0.0,700
meta-llama/llama-3.3-70b-instruct,42,8778,DR_k3,arrowhead,3,ett,smoke_birthWeight,hard,KEEP,yes,no,0,1,184,467,,Novita,stop,0,0.00021164,content,0.0,700
meta-llama/llama-3.3-70b-instruct,42,8778,DR_k3_NI,arrowhead,3,ett,smoke_birthWeight,hard,KEEP,yes,no,0,1,177,488,,Novita,stop,0,0.000219095,content,0.0,700
meta-llama/llama-3.3-70b-instruct,43,14836,RAW,arrowhead,3,ett,smoking_gene_cancer,anticommonsense,KEEP,yes,yes,1,1,127,91,,Novita,stop,0,5.3545e-05,content,0.0,700
meta-llama/llama-3.3-70b-instruct,43,14836,ORACLE,arrowhead,3,ett,smoking_gene_cancer,anticommonsense,KEEP,yes,yes,1,1,175,288,,Novita,stop,0,0.000138825,content,0.0,700
meta-llama/llama-3.3-70b-instruct,43,14836,ORACLE_NI,arrowhead,3,ett,smoking_gene_cancer,anticommonsense,KEEP,yes,yes,1,1,168,369,,Novita,stop,0,0.00017028,content,0.0,700
meta-llama/llama-3.3-70b-instruct,43,14836,DR_k1,arrowhead,3,ett,smoking_gene_cancer,anticommonsense,KEEP,yes,yes,1,1,177,190,,Novita,stop,0,9.9895e-05,content,0.0,700
meta-llama/llama-3.3-70b-instruct,43,14836,DR_k1_NI,arrowhead,3,ett,smoking_gene_cancer,anticommonsense,KEEP,yes,yes,1,1,170,178,,Novita,stop,0,9.415e-05,content,0.0,700
meta-llama/llama-3.3-70b-instruct,43,14836,DR_k2,arrowhead,3,ett,smoking_gene_cancer,anticommonsense,KEEP,yes,yes,1,1,175,184,,Novita,stop,0,9.7225e-05,content,0.0,700
meta-llama/llama-3.3-70b-instruct,43,14836,DR_k2_NI,arrowhead,3,ett,smoking_gene_cancer,anticommonsense,KEEP,yes,yes,1,1,168,264,,Novita,stop,0,0.00012828,content,0.0,700
meta-llama/llama-3.3-70b-instruct,43,14836,DR_k3,arrowhead,3,ett,smoking_gene_cancer,anticommonsense,KEEP,yes,yes,1,1,177,270,,Novita,stop,0,0.000131895,content,0.0,700
meta-llama/llama-3.3-70b-instruct,43,14836,DR_k3_NI,arrowhead,3,ett,smoking_gene_cancer,anticommonsense,KEEP,yes,yes,1,1,170,187,,Novita,stop,0,9.775e-05,content,0.0,700
meta-llama/llama-3.3-70b-instruct,44,12835,RAW,arrowhead,3,ett,gender_admission_state,anticommonsense,KEEP,yes,yes,1,1,124,92,,Novita,stop,0,5.354e-05,content,0.0,700
meta-llama/llama-3.3-70b-instruct,44,12835,ORACLE,arrowhead,3,ett,gender_admission_state,anticommonsense,KEEP,yes,yes,1,1,175,184,,Novita,stop,0,9.7225e-05,content,0.0,700
meta-llama/llama-3.3-70b-instruct,44,12835,ORACLE_NI,arrowhead,3,ett,gender_admission_state,anticommonsense,KEEP,yes,yes,1,1,168,179,,Novita,stop,0,9.428e-05,content,0.0,700
meta-llama/llama-3.3-70b-instruct,44,12835,DR_k1,arrowhead,3,ett,gender_admission_state,anticommonsense,KEEP,yes,yes,1,1,175,186,,Novita,stop,0,9.8025e-05,content,0.0,700
meta-llama/llama-3.3-70b-instruct,44,12835,DR_k1_NI,arrowhead,3,ett,gender_admission_state,anticommonsense,KEEP,yes,yes,1,1,168,136,,Novita,stop,0,7.708e-05,content,0.0,700
meta-llama/llama-3.3-70b-instruct,44,12835,DR_k2,arrowhead,3,ett,gender_admission_state,anticommonsense,KEEP,yes,yes,1,1,175,186,,Novita,stop,0,9.8025e-05,content,0.0,700
meta-llama/llama-3.3-70b-instruct,44,12835,DR_k2_NI,arrowhead,3,ett,gender_admission_state,anticommonsense,KEEP,yes,yes,1,1,168,219,,Novita,stop,0,0.00011028,content,0.0,700
meta-llama/llama-3.3-70b-instruct,44,12835,DR_k3,arrowhead,3,ett,gender_admission_state,anticommonsense,KEEP,yes,yes,1,1,174,230,,Novita,stop,0,0.00011549,content,0.0,700
meta-llama/llama-3.3-70b-instruct,44,12835,DR_k3_NI,arrowhead,3,ett,gender_admission_state,anticommonsense,KEEP,yes,yes,1,1,167,182,,Novita,stop,0,9.5345e-05,content,0.0,700
meta-llama/llama-3.3-70b-instruct,45,17724,RAW,arrowhead,3,ett,gender_pay,anticommonsense,KEEP,yes,yes,1,1,127,104,,Novita,stop,0,5.8745e-05,content,0.0,700
meta-llama/llama-3.3-70b-instruct,45,17724,ORACLE,arrowhead,3,ett,gender_pay,anticommonsense,KEEP,yes,yes,1,1,173,355,,Novita,stop,0,0.000165355,content,0.0,700
meta-llama/llama-3.3-70b-instruct,45,17724,ORACLE_NI,arrowhead,3,ett,gender_pay,anticommonsense,KEEP,yes,yes,1,1,166,241,,Novita,stop,0,0.00011881,content,0.0,700
meta-llama/llama-3.3-70b-instruct,45,17724,DR_k1,arrowhead,3,ett,gender_pay,anticommonsense,KEEP,yes,yes,1,1,173,308,,Novita,stop,0,0.000146555,content,0.0,700
meta-llama/llama-3.3-70b-instruct,45,17724,DR_k1_NI,arrowhead,3,ett,gender_pay,anticommonsense,KEEP,yes,yes,1,1,166,377,,Novita,stop,0,0.00017321,content,0.0,700
meta-llama/llama-3.3-70b-instruct,45,17724,DR_k2,arrowhead,3,ett,gender_pay,anticommonsense,KEEP,yes,yes,1,1,175,418,,Novita,stop,0,0.000190825,content,0.0,700
meta-llama/llama-3.3-70b-instruct,45,17724,DR_k2_NI,arrowhead,3,ett,gender_pay,anticommonsense,KEEP,yes,yes,1,1,168,312,,Novita,stop,0,0.00014748,content,0.0,700
meta-llama/llama-3.3-70b-instruct,45,17724,DR_k3,arrowhead,3,ett,gender_pay,anticommonsense,KEEP,yes,yes,1,1,175,358,,Novita,stop,0,0.000166825,content,0.0,700
meta-llama/llama-3.3-70b-instruct,45,17724,DR_k3_NI,arrowhead,3,ett,gender_pay,anticommonsense,KEEP,yes,yes,1,1,168,352,,Novita,stop,0,0.00016348,content,0.0,700
meta-llama/llama-3.3-70b-instruct,46,17785,RAW,arrowhead,3,ett,gender_pay,anticommonsense,KEEP,no,yes,0,1,127,345,,Novita,stop,0,0.000155145,content,0.0,700
meta-llama/llama-3.3-70b-instruct,46,17785,ORACLE,arrowhead,3,ett,gender_pay,anticommonsense,KEEP,no,no,1,1,173,389,,Novita,stop,0,0.000178955,content,0.0,700
meta-llama/llama-3.3-70b-instruct,46,17785,ORACLE_NI,arrowhead,3,ett,gender_pay,anticommonsense,KEEP,no,yes,0,1,166,521,,Novita,stop,0,0.00023081,content,0.0,700
meta-llama/llama-3.3-70b-instruct,46,17785,DR_k1,arrowhead,3,ett,gender_pay,anticommonsense,KEEP,no,no,1,1,175,521,,Novita,stop,0,0.000232025,content,0.0,700
meta-llama/llama-3.3-70b-instruct,46,17785,DR_k1_NI,arrowhead,3,ett,gender_pay,anticommonsense,KEEP,no,no,1,1,168,375,,Novita,stop,0,0.00017268,content,0.0,700
meta-llama/llama-3.3-70b-instruct,46,17785,DR_k2,arrowhead,3,ett,gender_pay,anticommonsense,KEEP,no,no,1,1,175,593,,Novita,stop,0,0.000260825,content,0.0,700
meta-llama/llama-3.3-70b-instruct,46,17785,DR_k2_NI,arrowhead,3,ett,gender_pay,anticommonsense,KEEP,no,no,1,1,168,473,,Novita,stop,0,0.00021188,content,0.0,700
meta-llama/llama-3.3-70b-instruct,46,17785,DR_k3,arrowhead,3,ett,gender_pay,anticommonsense,KEEP,no,no,1,1,175,547,,Novita,stop,0,0.000242425,content,0.0,700
meta-llama/llama-3.3-70b-instruct,46,17785,DR_k3_NI,arrowhead,3,ett,gender_pay,anticommonsense,KEEP,no,no,1,1,168,336,,Novita,stop,0,0.00015708,content,0.0,700
meta-llama/llama-3.3-70b-instruct,47,18127,RAW,arrowhead,3,ett,nature_vs_nurture,anticommonsense,KEEP,no,yes,0,1,135,354,,Novita,stop,0,0.000159825,content,0.0,700
meta-llama/llama-3.3-70b-instruct,47,18127,ORACLE,arrowhead,3,ett,nature_vs_nurture,anticommonsense,KEEP,no,no,1,1,199,470,,Novita,stop,0,0.000214865,content,0.0,700
meta-llama/llama-3.3-70b-instruct,47,18127,ORACLE_NI,arrowhead,3,ett,nature_vs_nurture,anticommonsense,KEEP,no,no,1,1,192,236,,Novita,stop,0,0.00012032,content,0.0,700
meta-llama/llama-3.3-70b-instruct,47,18127,DR_k1,arrowhead,3,ett,nature_vs_nurture,anticommonsense,KEEP,no,no,1,1,200,444,,Novita,stop,0,0.0002046,content,0.0,700
meta-llama/llama-3.3-70b-instruct,47,18127,DR_k1_NI,arrowhead,3,ett,nature_vs_nurture,anticommonsense,KEEP,no,no,1,1,193,380,,Novita,stop,0,0.000178055,content,0.0,700
meta-llama/llama-3.3-70b-instruct,47,18127,DR_k2,arrowhead,3,ett,nature_vs_nurture,anticommonsense,KEEP,no,no,1,1,199,606,,Novita,stop,0,0.000269265,content,0.0,700
meta-llama/llama-3.3-70b-instruct,47,18127,DR_k2_NI,arrowhead,3,ett,nature_vs_nurture,anticommonsense,KEEP,no,no,1,1,192,666,,Novita,stop,0,0.00029232,content,0.0,700
meta-llama/llama-3.3-70b-instruct,47,18127,DR_k3,arrowhead,3,ett,nature_vs_nurture,anticommonsense,KEEP,no,no,1,1,200,545,,Novita,stop,0,0.000245,content,0.0,700
meta-llama/llama-3.3-70b-instruct,47,18127,DR_k3_NI,arrowhead,3,ett,nature_vs_nurture,anticommonsense,KEEP,no,no,1,1,193,501,,Novita,stop,0,0.000226455,content,0.0,700
meta-llama/llama-3.3-70b-instruct,48,8913,RAW,arrowhead,3,ett,smoke_birthWeight,hard,KEEP,yes,no,0,1,129,314,,Novita,stop,0,0.000143015,content,0.0,700
meta-llama/llama-3.3-70b-instruct,48,8913,ORACLE,arrowhead,3,ett,smoke_birthWeight,hard,KEEP,yes,no,0,1,188,438,,Novita,stop,0,0.00020058,content,0.0,700
meta-llama/llama-3.3-70b-instruct,48,8913,ORACLE_NI,arrowhead,3,ett,smoke_birthWeight,hard,KEEP,yes,no,0,1,181,308,,Novita,stop,0,0.000147635,content,0.0,700
meta-llama/llama-3.3-70b-instruct,48,8913,DR_k1,arrowhead,3,ett,smoke_birthWeight,hard,KEEP,yes,no,0,1,186,366,,Novita,stop,0,0.00017151,content,0.0,700
meta-llama/llama-3.3-70b-instruct,48,8913,DR_k1_NI,arrowhead,3,ett,smoke_birthWeight,hard,KEEP,yes,no,0,1,179,301,,Novita,stop,0,0.000144565,content,0.0,700
meta-llama/llama-3.3-70b-instruct,48,8913,DR_k2,arrowhead,3,ett,smoke_birthWeight,hard,KEEP,yes,no,0,1,185,284,,Novita,stop,0,0.000138575,content,0.0,700
meta-llama/llama-3.3-70b-instruct,48,8913,DR_k2_NI,arrowhead,3,ett,smoke_birthWeight,hard,KEEP,yes,yes,1,1,178,329,,Novita,stop,0,0.00015563,content,0.0,700
meta-llama/llama-3.3-70b-instruct,48,8913,DR_k3,arrowhead,3,ett,smoke_birthWeight,hard,KEEP,yes,no,0,1,189,412,,Novita,stop,0,0.000190315,content,0.0,700
meta-llama/llama-3.3-70b-instruct,48,8913,DR_k3_NI,arrowhead,3,ett,smoke_birthWeight,hard,KEEP,yes,no,0,1,182,363,,Novita,stop,0,0.00016977,content,0.0,700
meta-llama/llama-3.3-70b-instruct,49,3260,RAW,arrowhead,3,ett,obesity_mortality,easy,KEEP,no,no,1,1,116,296,,Novita,stop,0,0.00013406,content,0.0,700
meta-llama/llama-3.3-70b-instruct,49,3260,ORACLE,arrowhead,3,ett,obesity_mortality,easy,KEEP,no,no,1,1,160,435,,Novita,stop,0,0.0001956,content,0.0,700
meta-llama/llama-3.3-70b-instruct,49,3260,ORACLE_NI,arrowhead,3,ett,obesity_mortality,easy,KEEP,no,no,1,1,153,437,,Novita,stop,0,0.000195455,content,0.0,700
meta-llama/llama-3.3-70b-instruct,49,3260,DR_k1,arrowhead,3,ett,obesity_mortality,easy,KEEP,no,no,1,1,161,188,,Novita,stop,0,9.6935e-05,content,0.0,700
meta-llama/llama-3.3-70b-instruct,49,3260,DR_k1_NI,arrowhead,3,ett,obesity_mortality,easy,KEEP,no,no,1,1,154,226,,Novita,stop,0,0.00011119,content,0.0,700
meta-llama/llama-3.3-70b-instruct,49,3260,DR_k2,arrowhead,3,ett,obesity_mortality,easy,KEEP,no,yes,0,1,162,197,,Novita,stop,0,0.00010067,content,0.0,700
meta-llama/llama-3.3-70b-instruct,49,3260,DR_k2_NI,arrowhead,3,ett,obesity_mortality,easy,KEEP,no,no,1,1,155,188,,Novita,stop,0,9.6125e-05,content,0.0,700
meta-llama/llama-3.3-70b-instruct,49,3260,DR_k3,arrowhead,3,ett,obesity_mortality,easy,KEEP,no,no,1,1,162,485,,Novita,stop,0,0.00021587,content,0.0,700
meta-llama/llama-3.3-70b-instruct,49,3260,DR_k3_NI,arrowhead,3,ett,obesity_mortality,easy,KEEP,no,no,1,1,155,262,,Novita,stop,0,0.000125725,content,0.0,700
meta-llama/llama-3.3-70b-instruct,50,13228,RAW,arrowhead,3,ett,nature_vs_nurture,anticommonsense,KEEP,no,no,1,1,131,245,,Novita,stop,0,0.000115685,content,0.0,700
meta-llama/llama-3.3-70b-instruct,50,13228,ORACLE,arrowhead,3,ett,nature_vs_nurture,anticommonsense,KEEP,no,no,1,1,196,602,,Novita,stop,0,0.00026726,content,0.0,700
meta-llama/llama-3.3-70b-instruct,50,13228,ORACLE_NI,arrowhead,3,ett,nature_vs_nurture,anticommonsense,KEEP,no,no,1,1,189,380,,Novita,stop,0,0.000177515,content,0.0,700
meta-llama/llama-3.3-70b-instruct,50,13228,DR_k1,arrowhead,3,ett,nature_vs_nurture,anticommonsense,KEEP,no,no,1,1,195,518,,Novita,stop,0,0.000233525,content,0.0,700
meta-llama/llama-3.3-70b-instruct,50,13228,DR_k1_NI,arrowhead,3,ett,nature_vs_nurture,anticommonsense,KEEP,no,no,1,1,188,524,,Novita,stop,0,0.00023498,content,0.0,700
meta-llama/llama-3.3-70b-instruct,50,13228,DR_k2,arrowhead,3,ett,nature_vs_nurture,anticommonsense,KEEP,no,no,1,1,196,530,,Novita,stop,0,0.00023846,content,0.0,700
meta-llama/llama-3.3-70b-instruct,50,13228,DR_k2_NI,arrowhead,3,ett,nature_vs_nurture,anticommonsense,KEEP,no,no,1,1,189,460,,Novita,stop,0,0.000209515,content,0.0,700
meta-llama/llama-3.3-70b-instruct,50,13228,DR_k3,arrowhead,3,ett,nature_vs_nurture,anticommonsense,KEEP,no,no,1,1,195,433,,Novita,stop,0,0.000199525,content,0.0,700
meta-llama/llama-3.3-70b-instruct,50,13228,DR_k3_NI,arrowhead,3,ett,nature_vs_nurture,anticommonsense,KEEP,no,no,1,1,188,478,,Novita,stop,0,0.00021658,content,0.0,700
meta-llama/llama-3.3-70b-instruct,51,4087,RAW,arrowhead,3,ett,smoke_birthWeight,easy,KEEP,no,no,1,1,129,279,,Novita,stop,0,0.000129015,content,0.0,700
meta-llama/llama-3.3-70b-instruct,51,4087,ORACLE,arrowhead,3,ett,smoke_birthWeight,easy,KEEP,no,no,1,1,188,379,,Novita,stop,0,0.00017698,content,0.0,700
meta-llama/llama-3.3-70b-instruct,51,4087,ORACLE_NI,arrowhead,3,ett,smoke_birthWeight,easy,KEEP,no,no,1,1,181,424,,Novita,stop,0,0.000194035,content,0.0,700
meta-llama/llama-3.3-70b-instruct,51,4087,DR_k1,arrowhead,3,ett,smoke_birthWeight,easy,KEEP,no,no,1,1,187,362,,Novita,stop,0,0.000170045,content,0.0,700
meta-llama/llama-3.3-70b-instruct,51,4087,DR_k1_NI,arrowhead,3,ett,smoke_birthWeight,easy,KEEP,no,no,1,1,180,396,,Novita,stop,0,0.0001827,content,0.0,700
meta-llama/llama-3.3-70b-instruct,51,4087,DR_k2,arrowhead,3,ett,smoke_birthWeight,easy,KEEP,no,no,1,1,187,427,,Novita,stop,0,0.000196045,content,0.0,700
meta-llama/llama-3.3-70b-instruct,51,4087,DR_k2_NI,arrowhead,3,ett,smoke_birthWeight,easy,KEEP,no,no,1,1,180,416,,Novita,stop,0,0.0001907,content,0.0,700
meta-llama/llama-3.3-70b-instruct,51,4087,DR_k3,arrowhead,3,ett,smoke_birthWeight,easy,KEEP,no,no,1,1,186,445,,Novita,stop,0,0.00020311,content,0.0,700
meta-llama/llama-3.3-70b-instruct,51,4087,DR_k3_NI,arrowhead,3,ett,smoke_birthWeight,easy,KEEP,no,no,1,1,179,324,,Novita,stop,0,0.000153765,content,0.0,700
meta-llama/llama-3.3-70b-instruct,52,8892,RAW,arrowhead,3,ett,smoke_birthWeight,hard,KEEP,yes,no,0,1,129,125,,Novita,stop,0,6.7415e-05,content,0.0,700
meta-llama/llama-3.3-70b-instruct,52,8892,ORACLE,arrowhead,3,ett,smoke_birthWeight,hard,KEEP,yes,no,0,1,188,326,,Novita,stop,0,0.00015578,content,0.0,700
meta-llama/llama-3.3-70b-instruct,52,8892,ORACLE_NI,arrowhead,3,ett,smoke_birthWeight,hard,KEEP,yes,no,0,1,181,373,,Novita,stop,0,0.000173635,content,0.0,700
meta-llama/llama-3.3-70b-instruct,52,8892,DR_k1,arrowhead,3,ett,smoke_birthWeight,hard,KEEP,yes,no,0,1,186,207,,Novita,stop,0,0.00010791,content,0.0,700
meta-llama/llama-3.3-70b-instruct,52,8892,DR_k1_NI,arrowhead,3,ett,smoke_birthWeight,hard,KEEP,yes,yes,1,1,179,307,,Novita,stop,0,0.000146965,content,0.0,700
meta-llama/llama-3.3-70b-instruct,52,8892,DR_k2,arrowhead,3,ett,smoke_birthWeight,hard,KEEP,yes,no,0,1,186,441,,Novita,stop,0,0.00020151,content,0.0,700
meta-llama/llama-3.3-70b-instruct,52,8892,DR_k2_NI,arrowhead,3,ett,smoke_birthWeight,hard,KEEP,yes,no,0,1,179,410,,Novita,stop,0,0.000188165,content,0.0,700
meta-llama/llama-3.3-70b-instruct,52,8892,DR_k3,arrowhead,3,ett,smoke_birthWeight,hard,KEEP,yes,no,0,1,184,418,,Novita,stop,0,0.00019204,content,0.0,700
meta-llama/llama-3.3-70b-instruct,52,8892,DR_k3_NI,arrowhead,3,ett,smoke_birthWeight,hard,KEEP,yes,no,0,1,177,454,,Novita,stop,0,0.000205495,content,0.0,700
meta-llama/llama-3.3-70b-instruct,53,4092,RAW,arrowhead,3,ett,smoke_birthWeight,easy,KEEP,yes,yes,1,1,129,107,,Novita,stop,0,6.0215e-05,content,0.0,700
meta-llama/llama-3.3-70b-instruct,53,4092,ORACLE,arrowhead,3,ett,smoke_birthWeight,easy,KEEP,yes,yes,1,1,188,253,,Novita,stop,0,0.00012658,content,0.0,700
meta-llama/llama-3.3-70b-instruct,53,4092,ORACLE_NI,arrowhead,3,ett,smoke_birthWeight,easy,KEEP,yes,yes,1,1,181,107,,Novita,stop,0,6.7235e-05,content,0.0,700
meta-llama/llama-3.3-70b-instruct,53,4092,DR_k1,arrowhead,3,ett,smoke_birthWeight,easy,KEEP,yes,yes,1,1,188,245,,Novita,stop,0,0.00012338,content,0.0,700
meta-llama/llama-3.3-70b-instruct,53,4092,DR_k1_NI,arrowhead,3,ett,smoke_birthWeight,easy,KEEP,yes,yes,1,1,181,263,,Novita,stop,0,0.000129635,content,0.0,700
meta-llama/llama-3.3-70b-instruct,53,4092,DR_k2,arrowhead,3,ett,smoke_birthWeight,easy,KEEP,yes,yes,1,1,188,311,,Novita,stop,0,0.00014978,content,0.0,700
meta-llama/llama-3.3-70b-instruct,53,4092,DR_k2_NI,arrowhead,3,ett,smoke_birthWeight,easy,KEEP,yes,yes,1,1,181,240,,Novita,stop,0,0.000120435,content,0.0,700
meta-llama/llama-3.3-70b-instruct,53,4092,DR_k3,arrowhead,3,ett,smoke_birthWeight,easy,KEEP,yes,yes,1,1,188,337,,Novita,stop,0,0.00016018,content,0.0,700
meta-llama/llama-3.3-70b-instruct,53,4092,DR_k3_NI,arrowhead,3,ett,smoke_birthWeight,easy,KEEP,yes,yes,1,1,181,378,,Novita,stop,0,0.000175635,content,0.0,700
meta-llama/llama-3.3-70b-instruct,54,17607,RAW,arrowhead,3,ett,gender_admission_state,anticommonsense,KEEP,yes,yes,1,1,127,108,,Novita,stop,0,6.0345e-05,content,0.0,700
meta-llama/llama-3.3-70b-instruct,54,17607,ORACLE,arrowhead,3,ett,gender_admission_state,anticommonsense,KEEP,yes,yes,1,1,181,179,,Novita,stop,0,9.6035e-05,content,0.0,700
meta-llama/llama-3.3-70b-instruct,54,17607,ORACLE_NI,arrowhead,3,ett,gender_admission_state,anticommonsense,KEEP,yes,yes,1,1,174,171,,Novita,stop,0,9.189e-05,content,0.0,700
meta-llama/llama-3.3-70b-instruct,54,17607,DR_k1,arrowhead,3,ett,gender_admission_state,anticommonsense,KEEP,yes,yes,1,1,180,189,,Novita,stop,0,9.99e-05,content,0.0,700
meta-llama/llama-3.3-70b-instruct,54,17607,DR_k1_NI,arrowhead,3,ett,gender_admission_state,anticommonsense,KEEP,yes,yes,1,1,173,166,,Novita,stop,0,8.9755e-05,content,0.0,700
meta-llama/llama-3.3-70b-instruct,54,17607,DR_k2,arrowhead,3,ett,gender_admission_state,anticommonsense,KEEP,yes,yes,1,1,179,158,,Novita,stop,0,8.7365e-05,content,0.0,700
meta-llama/llama-3.3-70b-instruct,54,17607,DR_k2_NI,arrowhead,3,ett,gender_admission_state,anticommonsense,KEEP,yes,yes,1,1,172,184,,Novita,stop,0,9.682e-05,content,0.0,700
meta-llama/llama-3.3-70b-instruct,54,17607,DR_k3,arrowhead,3,ett,gender_admission_state,anticommonsense,KEEP,yes,yes,1,1,179,193,,Novita,stop,0,0.000101365,content,0.0,700
meta-llama/llama-3.3-70b-instruct,54,17607,DR_k3_NI,arrowhead,3,ett,gender_admission_state,anticommonsense,KEEP,yes,yes,1,1,172,185,,Novita,stop,0,9.722e-05,content,0.0,700
meta-llama/llama-3.3-70b-instruct,55,18357,RAW,arrowhead,3,ett,obesity_mortality,anticommonsense,KEEP,no,no,1,1,127,93,,Novita,stop,0,5.4345e-05,content,0.0,700
meta-llama/llama-3.3-70b-instruct,55,18357,ORACLE,arrowhead,3,ett,obesity_mortality,anticommonsense,KEEP,no,no,1,1,173,368,,Novita,stop,0,0.000170555,content,0.0,700
meta-llama/llama-3.3-70b-instruct,55,18357,ORACLE_NI,arrowhead,3,ett,obesity_mortality,anticommonsense,KEEP,no,no,1,1,166,275,,Novita,stop,0,0.00013241,content,0.0,700
meta-llama/llama-3.3-70b-instruct,55,18357,DR_k1,arrowhead,3,ett,obesity_mortality,anticommonsense,KEEP,no,no,1,1,174,248,,Novita,stop,0,0.00012269,content,0.0,700
meta-llama/llama-3.3-70b-instruct,55,18357,DR_k1_NI,arrowhead,3,ett,obesity_mortality,anticommonsense,KEEP,no,no,1,1,167,253,,Novita,stop,0,0.000123745,content,0.0,700
meta-llama/llama-3.3-70b-instruct,55,18357,DR_k2,arrowhead,3,ett,obesity_mortality,anticommonsense,KEEP,no,no,1,1,175,181,,Novita,stop,0,9.6025e-05,content,0.0,700
meta-llama/llama-3.3-70b-instruct,55,18357,DR_k2_NI,arrowhead,3,ett,obesity_mortality,anticommonsense,KEEP,no,no,1,1,168,307,,Novita,stop,0,0.00014548,content,0.0,700
meta-llama/llama-3.3-70b-instruct,55,18357,DR_k3,arrowhead,3,ett,obesity_mortality,anticommonsense,KEEP,no,no,1,1,176,257,,Novita,stop,0,0.00012656,content,0.0,700
meta-llama/llama-3.3-70b-instruct,55,18357,DR_k3_NI,arrowhead,3,ett,obesity_mortality,anticommonsense,KEEP,no,no,1,1,169,300,,Novita,stop,0,0.000142815,content,0.0,700
meta-llama/llama-3.3-70b-instruct,56,18030,RAW,arrowhead,3,ett,nature_vs_nurture,anticommonsense,KEEP,no,no,1,1,135,286,,Novita,stop,0,0.000132625,content,0.0,700
meta-llama/llama-3.3-70b-instruct,56,18030,ORACLE,arrowhead,3,ett,nature_vs_nurture,anticommonsense,KEEP,no,no,1,1,199,282,,Novita,stop,0,0.000139665,content,0.0,700
meta-llama/llama-3.3-70b-instruct,56,18030,ORACLE_NI,arrowhead,3,ett,nature_vs_nurture,anticommonsense,KEEP,no,yes,0,1,192,373,,Novita,stop,0,0.00017512,content,0.0,700
meta-llama/llama-3.3-70b-instruct,56,18030,DR_k1,arrowhead,3,ett,nature_vs_nurture,anticommonsense,KEEP,no,yes,0,1,198,375,,Novita,stop,0,0.00017673,content,0.0,700
meta-llama/llama-3.3-70b-instruct,56,18030,DR_k1_NI,arrowhead,3,ett,nature_vs_nurture,anticommonsense,KEEP,no,no,1,1,191,346,,Novita,stop,0,0.000164185,content,0.0,700
meta-llama/llama-3.3-70b-instruct,56,18030,DR_k2,arrowhead,3,ett,nature_vs_nurture,anticommonsense,KEEP,no,no,1,1,199,638,,Novita,stop,0,0.000282065,content,0.0,700
meta-llama/llama-3.3-70b-instruct,56,18030,DR_k2_NI,arrowhead,3,ett,nature_vs_nurture,anticommonsense,KEEP,no,yes,0,1,192,377,,Novita,stop,0,0.00017672,content,0.0,700
meta-llama/llama-3.3-70b-instruct,56,18030,DR_k3,arrowhead,3,ett,nature_vs_nurture,anticommonsense,KEEP,no,no,1,1,202,302,,Novita,stop,0,0.00014807,content,0.0,700
meta-llama/llama-3.3-70b-instruct,56,18030,DR_k3_NI,arrowhead,3,ett,nature_vs_nurture,anticommonsense,KEEP,no,no,1,1,195,315,,Novita,stop,0,0.000152325,content,0.0,700
meta-llama/llama-3.3-70b-instruct,57,4344,RAW,arrowhead,3,ett,smoking_gene_cancer,easy,KEEP,no,no,1,1,125,110,,Novita,stop,0,6.0875e-05,content,0.0,700
meta-llama/llama-3.3-70b-instruct,57,4344,ORACLE,arrowhead,3,ett,smoking_gene_cancer,easy,KEEP,no,no,1,1,171,250,,Novita,stop,0,0.000123085,content,0.0,700
meta-llama/llama-3.3-70b-instruct,57,4344,ORACLE_NI,arrowhead,3,ett,smoking_gene_cancer,easy,KEEP,no,no,1,1,164,310,,Novita,stop,0,0.00014614,content,0.0,700
meta-llama/llama-3.3-70b-instruct,57,4344,DR_k1,arrowhead,3,ett,smoking_gene_cancer,easy,KEEP,no,no,1,1,171,213,,Novita,stop,0,0.000108285,content,0.0,700
meta-llama/llama-3.3-70b-instruct,57,4344,DR_k1_NI,arrowhead,3,ett,smoking_gene_cancer,easy,KEEP,no,no,1,1,164,261,,Novita,stop,0,0.00012654,content,0.0,700
meta-llama/llama-3.3-70b-instruct,57,4344,DR_k2,arrowhead,3,ett,smoking_gene_cancer,easy,KEEP,no,no,1,1,170,397,,Novita,stop,0,0.00018175,content,0.0,700
meta-llama/llama-3.3-70b-instruct,57,4344,DR_k2_NI,arrowhead,3,ett,smoking_gene_cancer,easy,KEEP,no,no,1,1,163,222,,Novita,stop,0,0.000110805,content,0.0,700
meta-llama/llama-3.3-70b-instruct,57,4344,DR_k3,arrowhead,3,ett,smoking_gene_cancer,easy,KEEP,no,no,1,1,171,223,,Novita,stop,0,0.000112285,content,0.0,700
meta-llama/llama-3.3-70b-instruct,57,4344,DR_k3_NI,arrowhead,3,ett,smoking_gene_cancer,easy,KEEP,no,no,1,1,164,334,,Novita,stop,0,0.00015574,content,0.0,700
meta-llama/llama-3.3-70b-instruct,58,2942,RAW,arrowhead,3,ett,nature_vs_nurture,easy,KEEP,yes,yes,1,1,126,117,,Novita,stop,0,6.381e-05,content,0.0,700
meta-llama/llama-3.3-70b-instruct,58,2942,ORACLE,arrowhead,3,ett,nature_vs_nurture,easy,KEEP,yes,yes,1,1,190,366,,Novita,stop,0,0.00017205,content,0.0,700
meta-llama/llama-3.3-70b-instruct,58,2942,ORACLE_NI,arrowhead,3,ett,nature_vs_nurture,easy,KEEP,yes,yes,1,1,183,433,,Novita,stop,0,0.000197905,content,0.0,700
meta-llama/llama-3.3-70b-instruct,58,2942,DR_k1,arrowhead,3,ett,nature_vs_nurture,easy,KEEP,yes,yes,1,1,190,193,,Novita,stop,0,0.00010285,content,0.0,700
meta-llama/llama-3.3-70b-instruct,58,2942,DR_k1_NI,arrowhead,3,ett,nature_vs_nurture,easy,KEEP,yes,no,0,1,183,290,,Novita,stop,0,0.000140705,content,0.0,700
meta-llama/llama-3.3-70b-instruct,58,2942,DR_k2,arrowhead,3,ett,nature_vs_nurture,easy,KEEP,yes,no,0,1,190,343,,Novita,stop,0,0.00016285,content,0.0,700
meta-llama/llama-3.3-70b-instruct,58,2942,DR_k2_NI,arrowhead,3,ett,nature_vs_nurture,easy,KEEP,yes,yes,1,1,183,446,,Novita,stop,0,0.000203105,content,0.0,700
meta-llama/llama-3.3-70b-instruct,58,2942,DR_k3,arrowhead,3,ett,nature_vs_nurture,easy,KEEP,yes,yes,1,1,192,187,,Novita,stop,0,0.00010072,content,0.0,700
meta-llama/llama-3.3-70b-instruct,58,2942,DR_k3_NI,arrowhead,3,ett,nature_vs_nurture,easy,KEEP,yes,yes,1,1,185,430,,Novita,stop,0,0.000196975,content,0.0,700
meta-llama/llama-3.3-70b-instruct,59,8028,RAW,arrowhead,3,ett,obesity_mortality,hard,KEEP,yes,yes,1,1,116,96,,Novita,stop,0,5.406e-05,content,0.0,700
meta-llama/llama-3.3-70b-instruct,59,8028,ORACLE,arrowhead,3,ett,obesity_mortality,hard,KEEP,yes,yes,1,1,160,245,,Novita,stop,0,0.0001196,content,0.0,700
meta-llama/llama-3.3-70b-instruct,59,8028,ORACLE_NI,arrowhead,3,ett,obesity_mortality,hard,KEEP,yes,yes,1,1,153,251,,Novita,stop,0,0.000121055,content,0.0,700
meta-llama/llama-3.3-70b-instruct,59,8028,DR_k1,arrowhead,3,ett,obesity_mortality,hard,KEEP,yes,yes,1,1,160,166,,Novita,stop,0,8.8e-05,content,0.0,700
meta-llama/llama-3.3-70b-instruct,59,8028,DR_k1_NI,arrowhead,3,ett,obesity_mortality,hard,KEEP,yes,yes,1,1,153,164,,Novita,stop,0,8.6255e-05,content,0.0,700
meta-llama/llama-3.3-70b-instruct,59,8028,DR_k2,arrowhead,3,ett,obesity_mortality,hard,KEEP,yes,yes,1,1,162,313,,Novita,stop,0,0.00014707,content,0.0,700
meta-llama/llama-3.3-70b-instruct,59,8028,DR_k2_NI,arrowhead,3,ett,obesity_mortality,hard,KEEP,yes,yes,1,1,155,386,,Novita,stop,0,0.000175325,content,0.0,700
meta-llama/llama-3.3-70b-instruct,59,8028,DR_k3,arrowhead,3,ett,obesity_mortality,hard,KEEP,yes,yes,1,1,162,189,,Novita,stop,0,9.747e-05,content,0.0,700
meta-llama/llama-3.3-70b-instruct,59,8028,DR_k3_NI,arrowhead,3,ett,obesity_mortality,hard,KEEP,yes,yes,1,1,155,189,,Novita,stop,0,9.6525e-05,content,0.0,700
meta-llama/llama-3.3-70b-instruct,60,3288,RAW,chain,2,ate,orange_scurvy,easy,KEEP,no,no,1,1,104,83,,Novita,stop,0,4.724e-05,content,0.0,700
meta-llama/llama-3.3-70b-instruct,60,3288,ORACLE,chain,2,ate,orange_scurvy,easy,KEEP,no,no,1,1,143,206,,Novita,stop,0,0.000101705,content,0.0,700
meta-llama/llama-3.3-70b-instruct,60,3288,ORACLE_NI,chain,2,ate,orange_scurvy,easy,KEEP,no,no,1,1,136,78,,Novita,stop,0,4.956e-05,content,0.0,700
meta-llama/llama-3.3-70b-instruct,60,3288,DR_k1,chain,2,ate,orange_scurvy,easy,KEEP,no,no,1,1,143,230,,Novita,stop,0,0.000111305,content,0.0,700
meta-llama/llama-3.3-70b-instruct,60,3288,DR_k1_NI,chain,2,ate,orange_scurvy,easy,KEEP,no,no,1,1,136,75,,Novita,stop,0,4.836e-05,content,0.0,700
meta-llama/llama-3.3-70b-instruct,60,3288,DR_k2,chain,2,ate,orange_scurvy,easy,KEEP,no,no,1,1,142,266,,Novita,stop,0,0.00012557,content,0.0,700
meta-llama/llama-3.3-70b-instruct,60,3288,DR_k2_NI,chain,2,ate,orange_scurvy,easy,KEEP,no,no,1,1,135,162,,Novita,stop,0,8.3025e-05,content,0.0,700
meta-llama/llama-3.3-70b-instruct,61,3306,RAW,chain,2,ate,orange_scurvy,easy,KEEP,yes,yes,1,1,104,85,,Novita,stop,0,4.804e-05,content,0.0,700
meta-llama/llama-3.3-70b-instruct,61,3306,ORACLE,chain,2,ate,orange_scurvy,easy,KEEP,yes,yes,1,1,143,173,,Novita,stop,0,8.8505e-05,content,0.0,700
meta-llama/llama-3.3-70b-instruct,61,3306,ORACLE_NI,chain,2,ate,orange_scurvy,easy,KEEP,yes,yes,1,1,136,78,,Novita,stop,0,4.956e-05,content,0.0,700
meta-llama/llama-3.3-70b-instruct,61,3306,DR_k1,chain,2,ate,orange_scurvy,easy,KEEP,yes,yes,1,1,135,225,,Novita,stop,0,0.000108225,content,0.0,700
meta-llama/llama-3.3-70b-instruct,61,3306,DR_k1_NI,chain,2,ate,orange_scurvy,easy,KEEP,yes,yes,1,1,128,78,,Novita,stop,0,4.848e-05,content,0.0,700
meta-llama/llama-3.3-70b-instruct,61,3306,DR_k2,chain,2,ate,orange_scurvy,easy,KEEP,yes,yes,1,1,142,314,,Novita,stop,0,0.00014477,content,0.0,700
meta-llama/llama-3.3-70b-instruct,61,3306,DR_k2_NI,chain,2,ate,orange_scurvy,easy,KEEP,yes,yes,1,1,135,154,,Novita,stop,0,7.9825e-05,content,0.0,700
meta-llama/llama-3.3-70b-instruct,62,18530,RAW,chain,2,ate,orange_scurvy,anticommonsense,KEEP,no,no,1,1,101,73,,Novita,stop,0,4.2835e-05,content,0.0,700
meta-llama/llama-3.3-70b-instruct,62,18530,ORACLE,chain,2,ate,orange_scurvy,anticommonsense,KEEP,no,no,1,1,139,171,,Novita,stop,0,8.7165e-05,content,0.0,700
meta-llama/llama-3.3-70b-instruct,62,18530,ORACLE_NI,chain,2,ate,orange_scurvy,anticommonsense,KEEP,no,no,1,1,132,95,,Novita,stop,0,5.582e-05,content,0.0,700
meta-llama/llama-3.3-70b-instruct,62,18530,DR_k1,chain,2,ate,orange_scurvy,anticommonsense,KEEP,no,no,1,1,131,212,,Novita,stop,0,0.000102485,content,0.0,700
meta-llama/llama-3.3-70b-instruct,62,18530,DR_k1_NI,chain,2,ate,orange_scurvy,anticommonsense,KEEP,no,no,1,1,124,91,,Novita,stop,0,5.314e-05,content,0.0,700
meta-llama/llama-3.3-70b-instruct,62,18530,DR_k2,chain,2,ate,orange_scurvy,anticommonsense,KEEP,no,no,1,1,139,374,,Novita,stop,0,0.000168365,content,0.0,700
meta-llama/llama-3.3-70b-instruct,62,18530,DR_k2_NI,chain,2,ate,orange_scurvy,anticommonsense,KEEP,no,no,1,1,132,224,,Novita,stop,0,0.00010742,content,0.0,700
meta-llama/llama-3.3-70b-instruct,63,9205,RAW,chain,2,ate,smoking_tar_cancer,hard,KEEP,yes,yes,1,1,97,73,,Novita,stop,0,4.2295e-05,content,0.0,700
meta-llama/llama-3.3-70b-instruct,63,9205,ORACLE,chain,2,ate,smoking_tar_cancer,hard,KEEP,yes,yes,1,1,132,193,,Novita,stop,0,9.502e-05,content,0.0,700
meta-llama/llama-3.3-70b-instruct,63,9205,ORACLE_NI,chain,2,ate,smoking_tar_cancer,hard,KEEP,yes,yes,1,1,125,144,,Novita,stop,0,7.4475e-05,content,0.0,700
meta-llama/llama-3.3-70b-instruct,63,9205,DR_k1,chain,2,ate,smoking_tar_cancer,hard,KEEP,yes,yes,1,1,124,272,,Novita,stop,0,0.00012554,content,0.0,700
meta-llama/llama-3.3-70b-instruct,63,9205,DR_k1_NI,chain,2,ate,smoking_tar_cancer,hard,KEEP,yes,yes,1,1,117,116,,Novita,stop,0,6.2195e-05,content,0.0,700
meta-llama/llama-3.3-70b-instruct,63,9205,DR_k2,chain,2,ate,smoking_tar_cancer,hard,KEEP,yes,no,0,1,132,229,,Novita,stop,0,0.00010942,content,0.0,700
meta-llama/llama-3.3-70b-instruct,63,9205,DR_k2_NI,chain,2,ate,smoking_tar_cancer,hard,KEEP,yes,no,0,1,125,290,,Novita,stop,0,0.000132875,content,0.0,700
meta-llama/llama-3.3-70b-instruct,64,12159,RAW,chain,2,ate,college_salary,anticommonsense,KEEP,yes,yes,1,1,108,105,,Novita,stop,0,5.658e-05,content,0.0,700
meta-llama/llama-3.3-70b-instruct,64,12159,ORACLE,chain,2,ate,college_salary,anticommonsense,KEEP,yes,yes,1,1,141,222,,Novita,stop,0,0.000107835,content,0.0,700
meta-llama/llama-3.3-70b-instruct,64,12159,ORACLE_NI,chain,2,ate,college_salary,anticommonsense,KEEP,yes,yes,1,1,134,167,,Novita,stop,0,8.489e-05,content,0.0,700
meta-llama/llama-3.3-70b-instruct,64,12159,DR_k1,chain,2,ate,college_salary,anticommonsense,KEEP,yes,yes,1,1,141,316,,Novita,stop,0,0.000145435,content,0.0,700
meta-llama/llama-3.3-70b-instruct,64,12159,DR_k1_NI,chain,2,ate,college_salary,anticommonsense,KEEP,yes,yes,1,1,134,263,,Novita,stop,0,0.00012329,content,0.0,700
meta-llama/llama-3.3-70b-instruct,64,12159,DR_k2,chain,2,ate,college_salary,anticommonsense,KEEP,yes,no,0,1,141,270,,Novita,stop,0,0.000127035,content,0.0,700
meta-llama/llama-3.3-70b-instruct,64,12159,DR_k2_NI,chain,2,ate,college_salary,anticommonsense,KEEP,yes,no,0,1,134,298,,Novita,stop,0,0.00013729,content,0.0,700
meta-llama/llama-3.3-70b-instruct,65,13704,RAW,chain,2,ate,orange_scurvy,anticommonsense,KEEP,yes,yes,1,1,101,75,,Novita,stop,0,4.3635e-05,content,0.0,700
meta-llama/llama-3.3-70b-instruct,65,13704,ORACLE,chain,2,ate,orange_scurvy,anticommonsense,KEEP,yes,yes,1,1,139,178,,Novita,stop,0,8.9965e-05,content,0.0,700
meta-llama/llama-3.3-70b-instruct,65,13704,ORACLE_NI,chain,2,ate,orange_scurvy,anticommonsense,KEEP,yes,yes,1,1,132,92,,Novita,stop,0,5.462e-05,content,0.0,700
meta-llama/llama-3.3-70b-instruct,65,13704,DR_k1,chain,2,ate,orange_scurvy,anticommonsense,KEEP,yes,yes,1,1,131,174,,Novita,stop,0,8.7285e-05,content,0.0,700
meta-llama/llama-3.3-70b-instruct,65,13704,DR_k1_NI,chain,2,ate,orange_scurvy,anticommonsense,KEEP,yes,yes,1,1,124,74,,Novita,stop,0,4.634e-05,content,0.0,700
meta-llama/llama-3.3-70b-instruct,65,13704,DR_k2,chain,2,ate,orange_scurvy,anticommonsense,KEEP,yes,no,0,1,139,224,,Novita,stop,0,0.000108365,content,0.0,700
meta-llama/llama-3.3-70b-instruct,65,13704,DR_k2_NI,chain,2,ate,orange_scurvy,anticommonsense,KEEP,yes,yes,1,1,132,181,,Novita,stop,0,9.022e-05,content,0.0,700
meta-llama/llama-3.3-70b-instruct,66,8161,RAW,chain,2,ate,orange_scurvy,hard,KEEP,no,no,1,1,104,83,,Novita,stop,0,4.724e-05,content,0.0,700
meta-llama/llama-3.3-70b-instruct,66,8161,ORACLE,chain,2,ate,orange_scurvy,hard,KEEP,no,no,1,1,143,217,,Novita,stop,0,0.000106105,content,0.0,700
meta-llama/llama-3.3-70b-instruct,66,8161,ORACLE_NI,chain,2,ate,orange_scurvy,hard,KEEP,no,no,1,1,136,78,,Novita,stop,0,4.956e-05,content,0.0,700
meta-llama/llama-3.3-70b-instruct,66,8161,DR_k1,chain,2,ate,orange_scurvy,hard,KEEP,no,no,1,1,143,232,,Novita,stop,0,0.000112105,content,0.0,700
meta-llama/llama-3.3-70b-instruct,66,8161,DR_k1_NI,chain,2,ate,orange_scurvy,hard,KEEP,no,no,1,1,136,76,,Novita,stop,0,4.876e-05,content,0.0,700
meta-llama/llama-3.3-70b-instruct,66,8161,DR_k2,chain,2,ate,orange_scurvy,hard,KEEP,no,no,1,1,142,334,,Novita,stop,0,0.00015277,content,0.0,700
meta-llama/llama-3.3-70b-instruct,66,8161,DR_k2_NI,chain,2,ate,orange_scurvy,hard,KEEP,no,no,1,1,135,260,,Novita,stop,0,0.000122225,content,0.0,700
meta-llama/llama-3.3-70b-instruct,67,13736,RAW,chain,2,ate,orange_scurvy,anticommonsense,KEEP,no,no,1,1,101,74,,Novita,stop,0,4.3235e-05,content,0.0,700
meta-llama/llama-3.3-70b-instruct,67,13736,ORACLE,chain,2,ate,orange_scurvy,anticommonsense,KEEP,no,no,1,1,139,166,,Novita,stop,0,8.5165e-05,content,0.0,700
meta-llama/llama-3.3-70b-instruct,67,13736,ORACLE_NI,chain,2,ate,orange_scurvy,anticommonsense,KEEP,no,no,1,1,132,94,,Novita,stop,0,5.542e-05,content,0.0,700
meta-llama/llama-3.3-70b-instruct,67,13736,DR_k1,chain,2,ate,orange_scurvy,anticommonsense,KEEP,no,no,1,1,139,170,,Novita,stop,0,8.6765e-05,content,0.0,700
meta-llama/llama-3.3-70b-instruct,67,13736,DR_k1_NI,chain,2,ate,orange_scurvy,anticommonsense,KEEP,no,no,1,1,132,89,,Novita,stop,0,5.342e-05,content,0.0,700
meta-llama/llama-3.3-70b-instruct,67,13736,DR_k2,chain,2,ate,orange_scurvy,anticommonsense,KEEP,no,no,1,1,139,292,,Novita,stop,0,0.000135565,content,0.0,700
meta-llama/llama-3.3-70b-instruct,67,13736,DR_k2_NI,chain,2,ate,orange_scurvy,anticommonsense,KEEP,no,no,1,1,132,156,,Novita,stop,0,8.022e-05,content,0.0,700
meta-llama/llama-3.3-70b-instruct,68,16949,RAW,chain,2,ate,college_salary,anticommonsense,KEEP,yes,yes,1,1,107,89,,Novita,stop,0,5.0045e-05,content,0.0,700
meta-llama/llama-3.3-70b-instruct,68,16949,ORACLE,chain,2,ate,college_salary,anticommonsense,KEEP,yes,yes,1,1,140,247,,Novita,stop,0,0.0001177,content,0.0,700
meta-llama/llama-3.3-70b-instruct,68,16949,ORACLE_NI,chain,2,ate,college_salary,anticommonsense,KEEP,yes,yes,1,1,133,197,,Novita,stop,0,9.6755e-05,content,0.0,700
meta-llama/llama-3.3-70b-instruct,68,16949,DR_k1,chain,2,ate,college_salary,anticommonsense,KEEP,yes,no,0,1,134,356,,Novita,stop,0,0.00016049,content,0.0,700
meta-llama/llama-3.3-70b-instruct,68,16949,DR_k1_NI,chain,2,ate,college_salary,anticommonsense,KEEP,yes,yes,1,1,127,323,,Novita,stop,0,0.000146345,content,0.0,700
meta-llama/llama-3.3-70b-instruct,68,16949,DR_k2,chain,2,ate,college_salary,anticommonsense,KEEP,yes,no,0,1,140,315,,Novita,stop,0,0.0001449,content,0.0,700
meta-llama/llama-3.3-70b-instruct,68,16949,DR_k2_NI,chain,2,ate,college_salary,anticommonsense,KEEP,yes,yes,1,1,133,211,,Novita,stop,0,0.000102355,content,0.0,700
meta-llama/llama-3.3-70b-instruct,69,16924,RAW,chain,2,ate,college_salary,anticommonsense,KEEP,yes,yes,1,1,107,101,,Novita,stop,0,5.4845e-05,content,0.0,700
meta-llama/llama-3.3-70b-instruct,69,16924,ORACLE,chain,2,ate,college_salary,anticommonsense,KEEP,yes,yes,1,1,140,239,,Novita,stop,0,0.0001145,content,0.0,700
meta-llama/llama-3.3-70b-instruct,69,16924,ORACLE_NI,chain,2,ate,college_salary,anticommonsense,KEEP,yes,yes,1,1,133,188,,Novita,stop,0,9.3155e-05,content,0.0,700
meta-llama/llama-3.3-70b-instruct,69,16924,DR_k1,chain,2,ate,college_salary,anticommonsense,KEEP,yes,no,0,1,134,310,,Novita,stop,0,0.00014209,content,0.0,700
meta-llama/llama-3.3-70b-instruct,69,16924,DR_k1_NI,chain,2,ate,college_salary,anticommonsense,KEEP,yes,no,0,1,127,336,,Novita,stop,0,0.000151545,content,0.0,700
meta-llama/llama-3.3-70b-instruct,69,16924,DR_k2,chain,2,ate,college_salary,anticommonsense,KEEP,yes,no,0,1,140,310,,Novita,stop,0,0.0001429,content,0.0,700
meta-llama/llama-3.3-70b-instruct,69,16924,DR_k2_NI,chain,2,ate,college_salary,anticommonsense,KEEP,yes,no,0,1,133,340,,Novita,stop,0,0.000153955,content,0.0,700
meta-llama/llama-3.3-70b-instruct,70,1714,RAW,chain,2,ate,college_salary,easy,KEEP,no,no,1,1,108,99,,Novita,stop,0,5.418e-05,content,0.0,700
meta-llama/llama-3.3-70b-instruct,70,1714,ORACLE,chain,2,ate,college_salary,easy,KEEP,no,no,1,1,140,217,,Novita,stop,0,0.0001057,content,0.0,700
meta-llama/llama-3.3-70b-instruct,70,1714,ORACLE_NI,chain,2,ate,college_salary,easy,KEEP,no,no,1,1,133,109,,Novita,stop,0,6.1555e-05,content,0.0,700
meta-llama/llama-3.3-70b-instruct,70,1714,DR_k1,chain,2,ate,college_salary,easy,KEEP,no,no,1,1,140,201,,Novita,stop,0,9.93e-05,content,0.0,700
meta-llama/llama-3.3-70b-instruct,70,1714,DR_k1_NI,chain,2,ate,college_salary,easy,KEEP,no,no,1,1,133,96,,Novita,stop,0,5.6355e-05,content,0.0,700
meta-llama/llama-3.3-70b-instruct,70,1714,DR_k2,chain,2,ate,college_salary,easy,KEEP,no,no,1,1,140,220,,Novita,stop,0,0.0001069,content,0.0,700
meta-llama/llama-3.3-70b-instruct,70,1714,DR_k2_NI,chain,2,ate,college_salary,easy,KEEP,no,no,1,1,133,190,,Novita,stop,0,9.3955e-05,content,0.0,700
meta-llama/llama-3.3-70b-instruct,71,13780,RAW,chain,2,ate,orange_scurvy,anticommonsense,KEEP,yes,yes,1,1,101,77,,Novita,stop,0,4.4435e-05,content,0.0,700
meta-llama/llama-3.3-70b-instruct,71,13780,ORACLE,chain,2,ate,orange_scurvy,anticommonsense,KEEP,yes,yes,1,1,139,174,,Novita,stop,0,8.8365e-05,content,0.0,700
meta-llama/llama-3.3-70b-instruct,71,13780,ORACLE_NI,chain,2,ate,orange_scurvy,anticommonsense,KEEP,yes,yes,1,1,132,92,,Novita,stop,0,5.462e-05,content,0.0,700
meta-llama/llama-3.3-70b-instruct,71,13780,DR_k1,chain,2,ate,orange_scurvy,anticommonsense,KEEP,yes,yes,1,1,131,311,,Novita,stop,0,0.000142085,content,0.0,700
meta-llama/llama-3.3-70b-instruct,71,13780,DR_k1_NI,chain,2,ate,orange_scurvy,anticommonsense,KEEP,yes,yes,1,1,124,71,,Novita,stop,0,4.514e-05,content,0.0,700
meta-llama/llama-3.3-70b-instruct,71,13780,DR_k2,chain,2,ate,orange_scurvy,anticommonsense,KEEP,yes,no,0,1,139,340,,Novita,stop,0,0.000154765,content,0.0,700
meta-llama/llama-3.3-70b-instruct,71,13780,DR_k2_NI,chain,2,ate,orange_scurvy,anticommonsense,KEEP,yes,yes,1,1,132,215,,Novita,stop,0,0.00010382,content,0.0,700
meta-llama/llama-3.3-70b-instruct,72,3291,RAW,chain,2,ate,orange_scurvy,easy,KEEP,yes,yes,1,1,104,85,,Novita,stop,0,4.804e-05,content,0.0,700
meta-llama/llama-3.3-70b-instruct,72,3291,ORACLE,chain,2,ate,orange_scurvy,easy,KEEP,yes,yes,1,1,143,196,,Novita,stop,0,9.7705e-05,content,0.0,700
meta-llama/llama-3.3-70b-instruct,72,3291,ORACLE_NI,chain,2,ate,orange_scurvy,easy,KEEP,yes,yes,1,1,136,78,,Novita,stop,0,4.956e-05,content,0.0,700
meta-llama/llama-3.3-70b-instruct,72,3291,DR_k1,chain,2,ate,orange_scurvy,easy,KEEP,yes,yes,1,1,143,178,,Novita,stop,0,9.0505e-05,content,0.0,700
meta-llama/llama-3.3-70b-instruct,72,3291,DR_k1_NI,chain,2,ate,orange_scurvy,easy,KEEP,yes,yes,1,1,136,78,,Novita,stop,0,4.956e-05,content,0.0,700
meta-llama/llama-3.3-70b-instruct,72,3291,DR_k2,chain,2,ate,orange_scurvy,easy,KEEP,yes,yes,1,1,142,262,,Novita,stop,0,0.00012397,content,0.0,700
meta-llama/llama-3.3-70b-instruct,72,3291,DR_k2_NI,chain,2,ate,orange_scurvy,easy,KEEP,yes,yes,1,1,135,154,,Novita,stop,0,7.9825e-05,content,0.0,700
meta-llama/llama-3.3-70b-instruct,73,3344,RAW,chain,2,ate,orange_scurvy,easy,KEEP,no,no,1,1,104,83,,Novita,stop,0,4.724e-05,content,0.0,700
meta-llama/llama-3.3-70b-instruct,73,3344,ORACLE,chain,2,ate,orange_scurvy,easy,KEEP,no,no,1,1,143,193,,Novita,stop,0,9.6505e-05,content,0.0,700
meta-llama/llama-3.3-70b-instruct,73,3344,ORACLE_NI,chain,2,ate,orange_scurvy,easy,KEEP,no,no,1,1,136,94,,Novita,stop,0,5.596e-05,content,0.0,700
meta-llama/llama-3.3-70b-instruct,73,3344,DR_k1,chain,2,ate,orange_scurvy,easy,KEEP,no,no,1,1,135,191,,Novita,stop,0,9.4625e-05,content,0.0,700
meta-llama/llama-3.3-70b-instruct,73,3344,DR_k1_NI,chain,2,ate,orange_scurvy,easy,KEEP,no,no,1,1,128,82,,Novita,stop,0,5.008e-05,content,0.0,700
meta-llama/llama-3.3-70b-instruct,73,3344,DR_k2,chain,2,ate,orange_scurvy,easy,KEEP,no,no,1,1,142,205,,Novita,stop,0,0.00010117,content,0.0,700
meta-llama/llama-3.3-70b-instruct,73,3344,DR_k2_NI,chain,2,ate,orange_scurvy,easy,KEEP,no,no,1,1,135,219,,Novita,stop,0,0.000105825,content,0.0,700
meta-llama/llama-3.3-70b-instruct,74,6572,RAW,chain,2,ate,college_salary,hard,KEEP,no,no,1,1,108,95,,Novita,stop,0,5.258e-05,content,0.0,700
meta-llama/llama-3.3-70b-instruct,74,6572,ORACLE,chain,2,ate,college_salary,hard,KEEP,no,no,1,1,140,228,,Novita,stop,0,0.0001101,content,0.0,700
meta-llama/llama-3.3-70b-instruct,74,6572,ORACLE_NI,chain,2,ate,college_salary,hard,KEEP,no,no,1,1,133,155,,Novita,stop,0,7.9955e-05,content,0.0,700
meta-llama/llama-3.3-70b-instruct,74,6572,DR_k1,chain,2,ate,college_salary,hard,KEEP,no,no,1,1,140,173,,Novita,stop,0,8.81e-05,content,0.0,700
meta-llama/llama-3.3-70b-instruct,74,6572,DR_k1_NI,chain,2,ate,college_salary,hard,KEEP,no,no,1,1,133,95,,Novita,stop,0,5.5955e-05,content,0.0,700
meta-llama/llama-3.3-70b-instruct,74,6572,DR_k2,chain,2,ate,college_salary,hard,KEEP,no,no,1,1,140,249,,Novita,stop,0,0.0001185,content,0.0,700
meta-llama/llama-3.3-70b-instruct,74,6572,DR_k2_NI,chain,2,ate,college_salary,hard,KEEP,no,no,1,1,133,185,,Novita,stop,0,9.1955e-05,content,0.0,700
meta-llama/llama-3.3-70b-instruct,75,14885,RAW,chain,2,ate,smoking_tar_cancer,anticommonsense,KEEP,no,no,1,1,107,97,,Novita,stop,0,5.3245e-05,content,0.0,700
meta-llama/llama-3.3-70b-instruct,75,14885,ORACLE,chain,2,ate,smoking_tar_cancer,anticommonsense,KEEP,no,no,1,1,143,159,,Novita,stop,0,8.2905e-05,content,0.0,700
meta-llama/llama-3.3-70b-instruct,75,14885,ORACLE_NI,chain,2,ate,smoking_tar_cancer,anticommonsense,KEEP,no,no,1,1,136,193,,Novita,stop,0,9.556e-05,content,0.0,700
meta-llama/llama-3.3-70b-instruct,75,14885,DR_k1,chain,2,ate,smoking_tar_cancer,anticommonsense,KEEP,no,no,1,1,136,267,,Novita,stop,0,0.00012516,content,0.0,700
meta-llama/llama-3.3-70b-instruct,75,14885,DR_k1_NI,chain,2,ate,smoking_tar_cancer,anticommonsense,KEEP,no,no,1,1,129,285,,Novita,stop,0,0.000131415,content,0.0,700
meta-llama/llama-3.3-70b-instruct,75,14885,DR_k2,chain,2,ate,smoking_tar_cancer,anticommonsense,KEEP,no,no,1,1,144,347,,Novita,stop,0,0.00015824,content,0.0,700
meta-llama/llama-3.3-70b-instruct,75,14885,DR_k2_NI,chain,2,ate,smoking_tar_cancer,anticommonsense,KEEP,no,no,1,1,137,346,,Novita,stop,0,0.000156895,content,0.0,700
meta-llama/llama-3.3-70b-instruct,76,16970,RAW,chain,2,ate,college_salary,anticommonsense,KEEP,no,no,1,1,107,88,,Novita,stop,0,4.9645e-05,content,0.0,700
meta-llama/llama-3.3-70b-instruct,76,16970,ORACLE,chain,2,ate,college_salary,anticommonsense,KEEP,no,no,1,1,140,208,,Novita,stop,0,0.0001021,content,0.0,700
meta-llama/llama-3.3-70b-instruct,76,16970,ORACLE_NI,chain,2,ate,college_salary,anticommonsense,KEEP,no,no,1,1,133,150,,Novita,stop,0,7.7955e-05,content,0.0,700
meta-llama/llama-3.3-70b-instruct,76,16970,DR_k1,chain,2,ate,college_salary,anticommonsense,KEEP,no,no,1,1,140,146,,Novita,stop,0,7.73e-05,content,0.0,700
meta-llama/llama-3.3-70b-instruct,76,16970,DR_k1_NI,chain,2,ate,college_salary,anticommonsense,KEEP,no,no,1,1,133,87,,Novita,stop,0,5.2755e-05,content,0.0,700
meta-llama/llama-3.3-70b-instruct,76,16970,DR_k2,chain,2,ate,college_salary,anticommonsense,KEEP,no,no,1,1,140,318,,Novita,stop,0,0.0001461,content,0.0,700
meta-llama/llama-3.3-70b-instruct,76,16970,DR_k2_NI,chain,2,ate,college_salary,anticommonsense,KEEP,no,no,1,1,133,301,,Novita,stop,0,0.000138355,content,0.0,700
meta-llama/llama-3.3-70b-instruct,77,19669,RAW,chain,2,ate,smoking_tar_cancer,anticommonsense,KEEP,no,no,1,1,107,85,,Novita,stop,0,4.8445e-05,content,0.0,700
meta-llama/llama-3.3-70b-instruct,77,19669,ORACLE,chain,2,ate,smoking_tar_cancer,anticommonsense,KEEP,no,no,1,1,143,177,,Novita,stop,0,9.0105e-05,content,0.0,700
meta-llama/llama-3.3-70b-instruct,77,19669,ORACLE_NI,chain,2,ate,smoking_tar_cancer,anticommonsense,KEEP,no,no,1,1,136,80,,Novita,stop,0,5.036e-05,content,0.0,700
meta-llama/llama-3.3-70b-instruct,77,19669,DR_k1,chain,2,ate,smoking_tar_cancer,anticommonsense,KEEP,no,no,1,1,143,189,,Novita,stop,0,9.4905e-05,content,0.0,700
meta-llama/llama-3.3-70b-instruct,77,19669,DR_k1_NI,chain,2,ate,smoking_tar_cancer,anticommonsense,KEEP,no,no,1,1,136,175,,Novita,stop,0,8.836e-05,content,0.0,700
meta-llama/llama-3.3-70b-instruct,77,19669,DR_k2,chain,2,ate,smoking_tar_cancer,anticommonsense,KEEP,no,no,1,1,144,315,,Novita,stop,0,0.00014544,content,0.0,700
meta-llama/llama-3.3-70b-instruct,77,19669,DR_k2_NI,chain,2,ate,smoking_tar_cancer,anticommonsense,KEEP,no,no,1,1,137,182,,Novita,stop,0,9.1295e-05,content,0.0,700
meta-llama/llama-3.3-70b-instruct,78,12167,RAW,chain,2,ate,college_salary,anticommonsense,KEEP,no,no,1,1,108,96,,Novita,stop,0,5.298e-05,content,0.0,700
meta-llama/llama-3.3-70b-instruct,78,12167,ORACLE,chain,2,ate,college_salary,anticommonsense,KEEP,no,no,1,1,141,166,,Novita,stop,0,8.5435e-05,content,0.0,700
meta-llama/llama-3.3-70b-instruct,78,12167,ORACLE_NI,chain,2,ate,college_salary,anticommonsense,KEEP,no,no,1,1,134,92,,Novita,stop,0,5.489e-05,content,0.0,700
meta-llama/llama-3.3-70b-instruct,78,12167,DR_k1,chain,2,ate,college_salary,anticommonsense,KEEP,no,no,1,1,141,245,,Novita,stop,0,0.000117035,content,0.0,700
meta-llama/llama-3.3-70b-instruct,78,12167,DR_k1_NI,chain,2,ate,college_salary,anticommonsense,KEEP,no,no,1,1,134,233,,Novita,stop,0,0.00011129,content,0.0,700
meta-llama/llama-3.3-70b-instruct,78,12167,DR_k2,chain,2,ate,college_salary,anticommonsense,KEEP,no,no,1,1,141,263,,Novita,stop,0,0.000124235,content,0.0,700
meta-llama/llama-3.3-70b-instruct,78,12167,DR_k2_NI,chain,2,ate,college_salary,anticommonsense,KEEP,no,no,1,1,134,211,,Novita,stop,0,0.00010249,content,0.0,700
meta-llama/llama-3.3-70b-instruct,79,13698,RAW,chain,2,ate,orange_scurvy,anticommonsense,KEEP,yes,yes,1,1,101,75,,Novita,stop,0,4.3635e-05,content,0.0,700
meta-llama/llama-3.3-70b-instruct,79,13698,ORACLE,chain,2,ate,orange_scurvy,anticommonsense,KEEP,yes,yes,1,1,139,177,,Novita,stop,0,8.9565e-05,content,0.0,700
meta-llama/llama-3.3-70b-instruct,79,13698,ORACLE_NI,chain,2,ate,orange_scurvy,anticommonsense,KEEP,yes,yes,1,1,132,92,,Novita,stop,0,5.462e-05,content,0.0,700
meta-llama/llama-3.3-70b-instruct,79,13698,DR_k1,chain,2,ate,orange_scurvy,anticommonsense,KEEP,yes,yes,1,1,131,214,,Novita,stop,0,0.000103285,content,0.0,700
meta-llama/llama-3.3-70b-instruct,79,13698,DR_k1_NI,chain,2,ate,orange_scurvy,anticommonsense,KEEP,yes,yes,1,1,124,71,,Novita,stop,0,4.514e-05,content,0.0,700
meta-llama/llama-3.3-70b-instruct,79,13698,DR_k2,chain,2,ate,orange_scurvy,anticommonsense,KEEP,yes,no,0,1,139,346,,Novita,stop,0,0.000157165,content,0.0,700
meta-llama/llama-3.3-70b-instruct,79,13698,DR_k2_NI,chain,2,ate,orange_scurvy,anticommonsense,KEEP,yes,yes,1,1,132,236,,Novita,stop,0,0.00011222,content,0.0,700
meta-llama/llama-3.3-70b-instruct,80,1791,RAW,chain,3,ett,college_salary,easy,KEEP,no,no,1,1,124,228,,Novita,stop,0,0.00010794,content,0.0,700
meta-llama/llama-3.3-70b-instruct,80,1791,ORACLE,chain,3,ett,college_salary,easy,KEEP,no,no,1,1,156,202,,Novita,stop,0,0.00010186,content,0.0,700
meta-llama/llama-3.3-70b-instruct,80,1791,ORACLE_NI,chain,3,ett,college_salary,easy,KEEP,no,no,1,1,149,239,,Novita,stop,0,0.000115715,content,0.0,700
meta-llama/llama-3.3-70b-instruct,80,1791,DR_k1,chain,3,ett,college_salary,easy,KEEP,no,no,1,1,156,254,,Novita,stop,0,0.00012266,content,0.0,700
meta-llama/llama-3.3-70b-instruct,80,1791,DR_k1_NI,chain,3,ett,college_salary,easy,KEEP,no,no,1,1,149,328,,Novita,stop,0,0.000151315,content,0.0,700
meta-llama/llama-3.3-70b-instruct,80,1791,DR_k2,chain,3,ett,college_salary,easy,KEEP,no,no,1,1,156,557,,Novita,stop,0,0.00024386,content,0.0,700
meta-llama/llama-3.3-70b-instruct,80,1791,DR_k2_NI,chain,3,ett,college_salary,easy,KEEP,no,no,1,1,149,305,,Novita,stop,0,0.000142115,content,0.0,700
meta-llama/llama-3.3-70b-instruct,81,18598,RAW,chain,3,ett,orange_scurvy,anticommonsense,KEEP,no,yes,0,1,113,98,,Novita,stop,0,5.4455e-05,content,0.0,700
meta-llama/llama-3.3-70b-instruct,81,18598,ORACLE,chain,3,ett,orange_scurvy,anticommonsense,KEEP,no,no,1,1,151,210,,Novita,stop,0,0.000104385,content,0.0,700
meta-llama/llama-3.3-70b-instruct,81,18598,ORACLE_NI,chain,3,ett,orange_scurvy,anticommonsense,KEEP,no,no,1,1,144,207,,Novita,stop,0,0.00010224,content,0.0,700
meta-llama/llama-3.3-70b-instruct,81,18598,DR_k1,chain,3,ett,orange_scurvy,anticommonsense,KEEP,no,no,1,1,151,330,,Novita,stop,0,0.000152385,content,0.0,700
meta-llama/llama-3.3-70b-instruct,81,18598,DR_k1_NI,chain,3,ett,orange_scurvy,anticommonsense,KEEP,no,no,1,1,144,243,,Novita,stop,0,0.00011664,content,0.0,700
meta-llama/llama-3.3-70b-instruct,81,18598,DR_k2,chain,3,ett,orange_scurvy,anticommonsense,KEEP,no,no,1,1,151,350,,Novita,stop,0,0.000160385,content,0.0,700
meta-llama/llama-3.3-70b-instruct,81,18598,DR_k2_NI,chain,3,ett,orange_scurvy,anticommonsense,KEEP,no,no,1,1,144,581,,Novita,stop,0,0.00025184,content,0.0,700
meta-llama/llama-3.3-70b-instruct,82,8212,RAW,chain,3,ett,orange_scurvy,hard,KEEP,no,no,1,1,116,108,,Novita,stop,0,5.886e-05,content,0.0,700
meta-llama/llama-3.3-70b-instruct,82,8212,ORACLE,chain,3,ett,orange_scurvy,hard,KEEP,no,no,1,1,155,215,,Novita,stop,0,0.000106925,content,0.0,700
meta-llama/llama-3.3-70b-instruct,82,8212,ORACLE_NI,chain,3,ett,orange_scurvy,hard,KEEP,no,no,1,1,148,183,,Novita,stop,0,9.318e-05,content,0.0,700
meta-llama/llama-3.3-70b-instruct,82,8212,DR_k1,chain,3,ett,orange_scurvy,hard,KEEP,no,no,1,1,155,261,,Novita,stop,0,0.000125325,content,0.0,700
meta-llama/llama-3.3-70b-instruct,82,8212,DR_k1_NI,chain,3,ett,orange_scurvy,hard,KEEP,no,no,1,1,148,183,,Novita,stop,0,9.318e-05,content,0.0,700
meta-llama/llama-3.3-70b-instruct,82,8212,DR_k2,chain,3,ett,orange_scurvy,hard,KEEP,no,no,1,1,154,335,,Novita,stop,0,0.00015479,content,0.0,700
meta-llama/llama-3.3-70b-instruct,82,8212,DR_k2_NI,chain,3,ett,orange_scurvy,hard,KEEP,no,no,1,1,147,294,,Novita,stop,0,0.000137445,content,0.0,700
meta-llama/llama-3.3-70b-instruct,83,8181,RAW,chain,3,ett,orange_scurvy,hard,KEEP,no,no,1,1,116,167,,Novita,stop,0,8.246e-05,content,0.0,700
meta-llama/llama-3.3-70b-instruct,83,8181,ORACLE,chain,3,ett,orange_scurvy,hard,KEEP,no,no,1,1,155,350,,Novita,stop,0,0.000160925,content,0.0,700
meta-llama/llama-3.3-70b-instruct,83,8181,ORACLE_NI,chain,3,ett,orange_scurvy,hard,KEEP,no,no,1,1,148,247,,Novita,stop,0,0.00011878,content,0.0,700
meta-llama/llama-3.3-70b-instruct,83,8181,DR_k1,chain,3,ett,orange_scurvy,hard,KEEP,no,yes,0,1,147,231,,Novita,stop,0,0.000112245,content,0.0,700
meta-llama/llama-3.3-70b-instruct,83,8181,DR_k1_NI,chain,3,ett,orange_scurvy,hard,KEEP,no,no,1,1,140,274,,Novita,stop,0,0.0001285,content,0.0,700
meta-llama/llama-3.3-70b-instruct,83,8181,DR_k2,chain,3,ett,orange_scurvy,hard,KEEP,no,no,1,1,154,290,,Novita,stop,0,0.00013679,content,0.0,700
meta-llama/llama-3.3-70b-instruct,83,8181,DR_k2_NI,chain,3,ett,orange_scurvy,hard,KEEP,no,no,1,1,147,234,,Novita,stop,0,0.000113445,content,0.0,700
meta-llama/llama-3.3-70b-instruct,84,16965,RAW,chain,3,ett,college_salary,anticommonsense,KEEP,yes,yes,1,1,121,83,,Novita,stop,0,4.9535e-05,content,0.0,700
meta-llama/llama-3.3-70b-instruct,84,16965,ORACLE,chain,3,ett,college_salary,anticommonsense,KEEP,yes,yes,1,1,154,273,,Novita,stop,0,0.00012999,content,0.0,700
meta-llama/llama-3.3-70b-instruct,84,16965,ORACLE_NI,chain,3,ett,college_salary,anticommonsense,KEEP,yes,no,0,1,147,240,,Novita,stop,0,0.000115845,content,0.0,700
meta-llama/llama-3.3-70b-instruct,84,16965,DR_k1,chain,3,ett,college_salary,anticommonsense,KEEP,yes,yes,1,1,148,334,,Novita,stop,0,0.00015358,content,0.0,700
meta-llama/llama-3.3-70b-instruct,84,16965,DR_k1_NI,chain,3,ett,college_salary,anticommonsense,KEEP,yes,yes,1,1,141,332,,Novita,stop,0,0.000151835,content,0.0,700
meta-llama/llama-3.3-70b-instruct,84,16965,DR_k2,chain,3,ett,college_salary,anticommonsense,KEEP,yes,yes,1,1,154,507,,Novita,stop,0,0.00022359,content,0.0,700
meta-llama/llama-3.3-70b-instruct,84,16965,DR_k2_NI,chain,3,ett,college_salary,anticommonsense,KEEP,yes,no,0,1,147,412,,Novita,stop,0,0.000184645,content,0.0,700
meta-llama/llama-3.3-70b-instruct,85,16890,RAW,chain,3,ett,college_salary,anticommonsense,KEEP,no,no,1,1,121,93,,Novita,stop,0,5.3535e-05,content,0.0,700
meta-llama/llama-3.3-70b-instruct,85,16890,ORACLE,chain,3,ett,college_salary,anticommonsense,KEEP,no,no,1,1,154,260,,Novita,stop,0,0.00012479,content,0.0,700
meta-llama/llama-3.3-70b-instruct,85,16890,ORACLE_NI,chain,3,ett,college_salary,anticommonsense,KEEP,no,no,1,1,147,310,,Novita,stop,0,0.000143845,content,0.0,700
meta-llama/llama-3.3-70b-instruct,85,16890,DR_k1,chain,3,ett,college_salary,anticommonsense,KEEP,no,no,1,1,154,303,,Novita,stop,0,0.00014199,content,0.0,700
meta-llama/llama-3.3-70b-instruct,85,16890,DR_k1_NI,chain,3,ett,college_salary,anticommonsense,KEEP,no,no,1,1,147,293,,Novita,stop,0,0.000137045,content,0.0,700
meta-llama/llama-3.3-70b-instruct,85,16890,DR_k2,chain,3,ett,college_salary,anticommonsense,KEEP,no,no,1,1,154,415,,Novita,stop,0,0.00018679,content,0.0,700
meta-llama/llama-3.3-70b-instruct,85,16890,DR_k2_NI,chain,3,ett,college_salary,anticommonsense,KEEP,no,no,1,1,147,411,,Novita,stop,0,0.000184245,content,0.0,700
meta-llama/llama-3.3-70b-instruct,86,14951,RAW,chain,3,ett,smoking_tar_cancer,anticommonsense,KEEP,no,no,1,1,121,113,,Novita,stop,0,6.1535e-05,content,0.0,700
meta-llama/llama-3.3-70b-instruct,86,14951,ORACLE,chain,3,ett,smoking_tar_cancer,anticommonsense,KEEP,no,no,1,1,157,314,,Novita,stop,0,0.000146795,content,0.0,700
meta-llama/llama-3.3-70b-instruct,86,14951,ORACLE_NI,chain,3,ett,smoking_tar_cancer,anticommonsense,KEEP,no,no,1,1,150,308,,Novita,stop,0,0.00014345,content,0.0,700
meta-llama/llama-3.3-70b-instruct,86,14951,DR_k1,chain,3,ett,smoking_tar_cancer,anticommonsense,KEEP,no,no,1,1,150,276,,Novita,stop,0,0.00013065,content,0.0,700
meta-llama/llama-3.3-70b-instruct,86,14951,DR_k1_NI,chain,3,ett,smoking_tar_cancer,anticommonsense,KEEP,no,no,1,1,143,273,,Novita,stop,0,0.000128505,content,0.0,700
meta-llama/llama-3.3-70b-instruct,86,14951,DR_k2,chain,3,ett,smoking_tar_cancer,anticommonsense,KEEP,no,no,1,1,158,335,,Novita,stop,0,0.00015533,content,0.0,700
meta-llama/llama-3.3-70b-instruct,86,14951,DR_k2_NI,chain,3,ett,smoking_tar_cancer,anticommonsense,KEEP,no,no,1,1,151,392,,Novita,stop,0,0.000177185,content,0.0,700
meta-llama/llama-3.3-70b-instruct,87,3417,RAW,chain,3,ett,orange_scurvy,easy,KEEP,yes,yes,1,1,116,170,,Novita,stop,0,8.366e-05,content,0.0,700
meta-llama/llama-3.3-70b-instruct,87,3417,ORACLE,chain,3,ett,orange_scurvy,easy,KEEP,yes,yes,1,1,155,163,,Novita,stop,0,8.6125e-05,content,0.0,700
meta-llama/llama-3.3-70b-instruct,87,3417,ORACLE_NI,chain,3,ett,orange_scurvy,easy,KEEP,yes,yes,1,1,148,151,,Novita,stop,0,8.038e-05,content,0.0,700
meta-llama/llama-3.3-70b-instruct,87,3417,DR_k1,chain,3,ett,orange_scurvy,easy,KEEP,yes,yes,1,1,147,302,,Novita,stop,0,0.000140645,content,0.0,700
meta-llama/llama-3.3-70b-instruct,87,3417,DR_k1_NI,chain,3,ett,orange_scurvy,easy,KEEP,yes,yes,1,1,140,136,,Novita,stop,0,7.33e-05,content,0.0,700
meta-llama/llama-3.3-70b-instruct,87,3417,DR_k2,chain,3,ett,orange_scurvy,easy,KEEP,yes,yes,1,1,154,336,,Novita,stop,0,0.00015519,content,0.0,700
meta-llama/llama-3.3-70b-instruct,87,3417,DR_k2_NI,chain,3,ett,orange_scurvy,easy,KEEP,yes,yes,1,1,147,255,,Novita,stop,0,0.000121845,content,0.0,700
meta-llama/llama-3.3-70b-instruct,88,4608,RAW,chain,3,ett,smoking_tar_cancer,easy,KEEP,yes,yes,1,1,110,78,,Novita,stop,0,4.605e-05,content,0.0,700
meta-llama/llama-3.3-70b-instruct,88,4608,ORACLE,chain,3,ett,smoking_tar_cancer,easy,KEEP,yes,yes,1,1,145,184,,Novita,stop,0,9.3175e-05,content,0.0,700
meta-llama/llama-3.3-70b-instruct,88,4608,ORACLE_NI,chain,3,ett,smoking_tar_cancer,easy,KEEP,yes,yes,1,1,138,188,,Novita,stop,0,9.383e-05,content,0.0,700
meta-llama/llama-3.3-70b-instruct,88,4608,DR_k1,chain,3,ett,smoking_tar_cancer,easy,KEEP,yes,yes,1,1,137,217,,Novita,stop,0,0.000105295,content,0.0,700
meta-llama/llama-3.3-70b-instruct,88,4608,DR_k1_NI,chain,3,ett,smoking_tar_cancer,easy,KEEP,yes,yes,1,1,130,249,,Novita,stop,0,0.00011715,content,0.0,700
meta-llama/llama-3.3-70b-instruct,88,4608,DR_k2,chain,3,ett,smoking_tar_cancer,easy,KEEP,yes,yes,1,1,145,404,,Novita,stop,0,0.000181175,content,0.0,700
meta-llama/llama-3.3-70b-instruct,88,4608,DR_k2_NI,chain,3,ett,smoking_tar_cancer,easy,KEEP,yes,yes,1,1,138,260,,Novita,stop,0,0.00012263,content,0.0,700
meta-llama/llama-3.3-70b-instruct,89,1760,RAW,chain,3,ett,college_salary,easy,KEEP,no,no,1,1,124,207,,Novita,stop,0,9.954e-05,content,0.0,700
meta-llama/llama-3.3-70b-instruct,89,1760,ORACLE,chain,3,ett,college_salary,easy,KEEP,no,no,1,1,156,260,,Novita,stop,0,0.00012506,content,0.0,700
meta-llama/llama-3.3-70b-instruct,89,1760,ORACLE_NI,chain,3,ett,college_salary,easy,KEEP,no,no,1,1,149,255,,Novita,stop,0,0.000122115,content,0.0,700
meta-llama/llama-3.3-70b-instruct,89,1760,DR_k1,chain,3,ett,college_salary,easy,KEEP,no,no,1,1,156,300,,Novita,stop,0,0.00014106,content,0.0,700
meta-llama/llama-3.3-70b-instruct,89,1760,DR_k1_NI,chain,3,ett,college_salary,easy,KEEP,no,no,1,1,149,298,,Novita,stop,0,0.000139315,content,0.0,700
meta-llama/llama-3.3-70b-instruct,89,1760,DR_k2,chain,3,ett,college_salary,easy,KEEP,no,no,1,1,156,340,,Novita,stop,0,0.00015706,content,0.0,700
meta-llama/llama-3.3-70b-instruct,89,1760,DR_k2_NI,chain,3,ett,college_salary,easy,KEEP,no,no,1,1,149,469,,Novita,stop,0,0.000207715,content,0.0,700
meta-llama/llama-3.3-70b-instruct,90,14916,RAW,chain,3,ett,smoking_tar_cancer,anticommonsense,KEEP,no,no,1,1,121,120,,Novita,stop,0,6.4335e-05,content,0.0,700
meta-llama/llama-3.3-70b-instruct,90,14916,ORACLE,chain,3,ett,smoking_tar_cancer,anticommonsense,KEEP,no,no,1,1,157,229,,Novita,stop,0,0.000112795,content,0.0,700
meta-llama/llama-3.3-70b-instruct,90,14916,ORACLE_NI,chain,3,ett,smoking_tar_cancer,anticommonsense,KEEP,no,no,1,1,150,243,,Novita,stop,0,0.00011745,content,0.0,700
meta-llama/llama-3.3-70b-instruct,90,14916,DR_k1,chain,3,ett,smoking_tar_cancer,anticommonsense,KEEP,no,no,1,1,157,326,,Novita,stop,0,0.000151595,content,0.0,700
meta-llama/llama-3.3-70b-instruct,90,14916,DR_k1_NI,chain,3,ett,smoking_tar_cancer,anticommonsense,KEEP,no,no,1,1,150,202,,Novita,stop,0,0.00010105,content,0.0,700
meta-llama/llama-3.3-70b-instruct,90,14916,DR_k2,chain,3,ett,smoking_tar_cancer,anticommonsense,KEEP,no,no,1,1,158,324,,Novita,stop,0,0.00015093,content,0.0,700
meta-llama/llama-3.3-70b-instruct,90,14916,DR_k2_NI,chain,3,ett,smoking_tar_cancer,anticommonsense,KEEP,no,no,1,1,151,289,,Novita,stop,0,0.000135985,content,0.0,700
meta-llama/llama-3.3-70b-instruct,91,6487,RAW,chain,3,ett,college_salary,hard,KEEP,yes,yes,1,1,124,144,,Novita,stop,0,7.434e-05,content,0.0,700
meta-llama/llama-3.3-70b-instruct,91,6487,ORACLE,chain,3,ett,college_salary,hard,KEEP,yes,yes,1,1,156,242,,Novita,stop,0,0.00011786,content,0.0,700
meta-llama/llama-3.3-70b-instruct,91,6487,ORACLE_NI,chain,3,ett,college_salary,hard,KEEP,yes,yes,1,1,149,261,,Novita,stop,0,0.000124515,content,0.0,700
meta-llama/llama-3.3-70b-instruct,91,6487,DR_k1,chain,3,ett,college_salary,hard,KEEP,yes,yes,1,1,156,314,,Novita,stop,0,0.00014666,content,0.0,700
meta-llama/llama-3.3-70b-instruct,91,6487,DR_k1_NI,chain,3,ett,college_salary,hard,KEEP,yes,yes,1,1,149,230,,Novita,stop,0,0.000112115,content,0.0,700
meta-llama/llama-3.3-70b-instruct,91,6487,DR_k2,chain,3,ett,college_salary,hard,KEEP,yes,yes,1,1,156,465,,Novita,stop,0,0.00020706,content,0.0,700
meta-llama/llama-3.3-70b-instruct,91,6487,DR_k2_NI,chain,3,ett,college_salary,hard,KEEP,yes,yes,1,1,149,378,,Novita,stop,0,0.000171315,content,0.0,700
meta-llama/llama-3.3-70b-instruct,92,15011,RAW,chain,3,ett,smoking_tar_cancer,anticommonsense,KEEP,yes,yes,1,1,121,136,,Novita,stop,0,7.0735e-05,content,0.0,700
meta-llama/llama-3.3-70b-instruct,92,15011,ORACLE,chain,3,ett,smoking_tar_cancer,anticommonsense,KEEP,yes,yes,1,1,157,235,,Novita,stop,0,0.000115195,content,0.0,700
meta-llama/llama-3.3-70b-instruct,92,15011,ORACLE_NI,chain,3,ett,smoking_tar_cancer,anticommonsense,KEEP,yes,yes,1,1,150,198,,Novita,stop,0,9.945e-05,content,0.0,700
meta-llama/llama-3.3-70b-instruct,92,15011,DR_k1,chain,3,ett,smoking_tar_cancer,anticommonsense,KEEP,yes,yes,1,1,157,224,,Novita,stop,0,0.000110795,content,0.0,700
meta-llama/llama-3.3-70b-instruct,92,15011,DR_k1_NI,chain,3,ett,smoking_tar_cancer,anticommonsense,KEEP,yes,yes,1,1,150,213,,Novita,stop,0,0.00010545,content,0.0,700
meta-llama/llama-3.3-70b-instruct,92,15011,DR_k2,chain,3,ett,smoking_tar_cancer,anticommonsense,KEEP,yes,no,0,1,158,358,,Novita,stop,0,0.00016453,content,0.0,700
meta-llama/llama-3.3-70b-instruct,92,15011,DR_k2_NI,chain,3,ett,smoking_tar_cancer,anticommonsense,KEEP,yes,yes,1,1,151,320,,Novita,stop,0,0.000148385,content,0.0,700
meta-llama/llama-3.3-70b-instruct,93,16913,RAW,chain,3,ett,college_salary,anticommonsense,KEEP,yes,yes,1,1,121,224,,Novita,stop,0,0.000105935,content,0.0,700
meta-llama/llama-3.3-70b-instruct,93,16913,ORACLE,chain,3,ett,college_salary,anticommonsense,KEEP,yes,yes,1,1,154,301,,Novita,stop,0,0.00014119,content,0.0,700
meta-llama/llama-3.3-70b-instruct,93,16913,ORACLE_NI,chain,3,ett,college_salary,anticommonsense,KEEP,yes,yes,1,1,147,319,,Novita,stop,0,0.000147445,content,0.0,700
meta-llama/llama-3.3-70b-instruct,93,16913,DR_k1,chain,3,ett,college_salary,anticommonsense,KEEP,yes,yes,1,1,154,283,,Novita,stop,0,0.00013399,content,0.0,700
meta-llama/llama-3.3-70b-instruct,93,16913,DR_k1_NI,chain,3,ett,college_salary,anticommonsense,KEEP,yes,yes,1,1,147,427,,Novita,stop,0,0.000190645,content,0.0,700
meta-llama/llama-3.3-70b-instruct,93,16913,DR_k2,chain,3,ett,college_salary,anticommonsense,KEEP,yes,yes,1,1,154,390,,Novita,stop,0,0.00017679,content,0.0,700
meta-llama/llama-3.3-70b-instruct,93,16913,DR_k2_NI,chain,3,ett,college_salary,anticommonsense,KEEP,yes,yes,1,1,147,314,,Novita,stop,0,0.000145445,content,0.0,700
meta-llama/llama-3.3-70b-instruct,94,14974,RAW,chain,3,ett,smoking_tar_cancer,anticommonsense,KEEP,yes,yes,1,1,121,99,,Novita,stop,0,5.5935e-05,content,0.0,700
meta-llama/llama-3.3-70b-instruct,94,14974,ORACLE,chain,3,ett,smoking_tar_cancer,anticommonsense,KEEP,yes,yes,1,1,157,234,,Novita,stop,0,0.000114795,content,0.0,700
meta-llama/llama-3.3-70b-instruct,94,14974,ORACLE_NI,chain,3,ett,smoking_tar_cancer,anticommonsense,KEEP,yes,yes,1,1,150,212,,Novita,stop,0,0.00010505,content,0.0,700
meta-llama/llama-3.3-70b-instruct,94,14974,DR_k1,chain,3,ett,smoking_tar_cancer,anticommonsense,KEEP,yes,yes,1,1,150,506,,Novita,stop,0,0.00022265,content,0.0,700
meta-llama/llama-3.3-70b-instruct,94,14974,DR_k1_NI,chain,3,ett,smoking_tar_cancer,anticommonsense,KEEP,yes,yes,1,1,143,496,,Novita,stop,0,0.000217705,content,0.0,700
meta-llama/llama-3.3-70b-instruct,94,14974,DR_k2,chain,3,ett,smoking_tar_cancer,anticommonsense,KEEP,yes,no,0,1,158,410,,Novita,stop,0,0.00018533,content,0.0,700
meta-llama/llama-3.3-70b-instruct,94,14974,DR_k2_NI,chain,3,ett,smoking_tar_cancer,anticommonsense,KEEP,yes,yes,1,1,151,342,,Novita,stop,0,0.000157185,content,0.0,700
meta-llama/llama-3.3-70b-instruct,95,16891,RAW,chain,3,ett,college_salary,anticommonsense,KEEP,yes,yes,1,1,121,261,,Novita,stop,0,0.000120735,content,0.0,700
meta-llama/llama-3.3-70b-instruct,95,16891,ORACLE,chain,3,ett,college_salary,anticommonsense,KEEP,yes,yes,1,1,154,285,,Novita,stop,0,0.00013479,content,0.0,700
meta-llama/llama-3.3-70b-instruct,95,16891,ORACLE_NI,chain,3,ett,college_salary,anticommonsense,KEEP,yes,no,0,1,147,349,,Novita,stop,0,0.000159445,content,0.0,700
meta-llama/llama-3.3-70b-instruct,95,16891,DR_k1,chain,3,ett,college_salary,anticommonsense,KEEP,yes,yes,1,1,154,333,,Novita,stop,0,0.00015399,content,0.0,700
meta-llama/llama-3.3-70b-instruct,95,16891,DR_k1_NI,chain,3,ett,college_salary,anticommonsense,KEEP,yes,yes,1,1,147,312,,Novita,stop,0,0.000144645,content,0.0,700
meta-llama/llama-3.3-70b-instruct,95,16891,DR_k2,chain,3,ett,college_salary,anticommonsense,KEEP,yes,,0,0,154,700,,Novita,length,0,0.00030079,content,0.0,700
meta-llama/llama-3.3-70b-instruct,95,16891,DR_k2_NI,chain,3,ett,college_salary,anticommonsense,KEEP,yes,yes,1,1,147,387,,Novita,stop,0,0.000174645,content,0.0,700
meta-llama/llama-3.3-70b-instruct,96,14943,RAW,chain,3,ett,smoking_tar_cancer,anticommonsense,KEEP,no,no,1,1,121,113,,Novita,stop,0,6.1535e-05,content,0.0,700
meta-llama/llama-3.3-70b-instruct,96,14943,ORACLE,chain,3,ett,smoking_tar_cancer,anticommonsense,KEEP,no,no,1,1,157,229,,Novita,stop,0,0.000112795,content,0.0,700
meta-llama/llama-3.3-70b-instruct,96,14943,ORACLE_NI,chain,3,ett,smoking_tar_cancer,anticommonsense,KEEP,no,no,1,1,150,254,,Novita,stop,0,0.00012185,content,0.0,700
meta-llama/llama-3.3-70b-instruct,96,14943,DR_k1,chain,3,ett,smoking_tar_cancer,anticommonsense,KEEP,no,no,1,1,157,350,,Novita,stop,0,0.000161195,content,0.0,700
meta-llama/llama-3.3-70b-instruct,96,14943,DR_k1_NI,chain,3,ett,smoking_tar_cancer,anticommonsense,KEEP,no,no,1,1,150,196,,Novita,stop,0,9.865e-05,content,0.0,700
meta-llama/llama-3.3-70b-instruct,96,14943,DR_k2,chain,3,ett,smoking_tar_cancer,anticommonsense,KEEP,no,no,1,1,158,257,,Novita,stop,0,0.00012413,content,0.0,700
meta-llama/llama-3.3-70b-instruct,96,14943,DR_k2_NI,chain,3,ett,smoking_tar_cancer,anticommonsense,KEEP,no,no,1,1,151,505,,Novita,stop,0,0.000222385,content,0.0,700
meta-llama/llama-3.3-70b-instruct,97,9258,RAW,chain,3,ett,smoking_tar_cancer,hard,KEEP,no,no,1,1,110,233,,Novita,stop,0,0.00010805,content,0.0,700
meta-llama/llama-3.3-70b-instruct,97,9258,ORACLE,chain,3,ett,smoking_tar_cancer,hard,KEEP,no,no,1,1,145,233,,Novita,stop,0,0.000112775,content,0.0,700
meta-llama/llama-3.3-70b-instruct,97,9258,ORACLE_NI,chain,3,ett,smoking_tar_cancer,hard,KEEP,no,no,1,1,138,250,,Novita,stop,0,0.00011863,content,0.0,700
meta-llama/llama-3.3-70b-instruct,97,9258,DR_k1,chain,3,ett,smoking_tar_cancer,hard,KEEP,no,no,1,1,137,215,,Novita,stop,0,0.000104495,content,0.0,700
meta-llama/llama-3.3-70b-instruct,97,9258,DR_k1_NI,chain,3,ett,smoking_tar_cancer,hard,KEEP,no,no,1,1,130,439,,Novita,stop,0,0.00019315,content,0.0,700
meta-llama/llama-3.3-70b-instruct,97,9258,DR_k2,chain,3,ett,smoking_tar_cancer,hard,KEEP,no,no,1,1,145,357,,Novita,stop,0,0.000162375,content,0.0,700
meta-llama/llama-3.3-70b-instruct,97,9258,DR_k2_NI,chain,3,ett,smoking_tar_cancer,hard,KEEP,no,no,1,1,138,462,,Novita,stop,0,0.00020343,content,0.0,700
meta-llama/llama-3.3-70b-instruct,98,18508,RAW,chain,3,ett,orange_scurvy,anticommonsense,KEEP,no,yes,0,1,113,111,,Novita,stop,0,5.9655e-05,content,0.0,700
meta-llama/llama-3.3-70b-instruct,98,18508,ORACLE,chain,3,ett,orange_scurvy,anticommonsense,KEEP,no,no,1,1,151,359,,Novita,stop,0,0.000163985,content,0.0,700
meta-llama/llama-3.3-70b-instruct,98,18508,ORACLE_NI,chain,3,ett,orange_scurvy,anticommonsense,KEEP,no,no,1,1,144,204,,Novita,stop,0,0.00010104,content,0.0,700
meta-llama/llama-3.3-70b-instruct,98,18508,DR_k1,chain,3,ett,orange_scurvy,anticommonsense,KEEP,no,yes,0,1,143,208,,Novita,stop,0,0.000102505,content,0.0,700
meta-llama/llama-3.3-70b-instruct,98,18508,DR_k1_NI,chain,3,ett,orange_scurvy,anticommonsense,KEEP,no,no,1,1,136,437,,Novita,stop,0,0.00019316,content,0.0,700
meta-llama/llama-3.3-70b-instruct,98,18508,DR_k2,chain,3,ett,orange_scurvy,anticommonsense,KEEP,no,no,1,1,151,553,,Novita,stop,0,0.000241585,content,0.0,700
meta-llama/llama-3.3-70b-instruct,98,18508,DR_k2_NI,chain,3,ett,orange_scurvy,anticommonsense,KEEP,no,no,1,1,144,470,,Novita,stop,0,0.00020744,content,0.0,700
meta-llama/llama-3.3-70b-instruct,99,12074,RAW,chain,3,ett,college_salary,anticommonsense,KEEP,yes,yes,1,1,124,167,,Novita,stop,0,8.354e-05,content,0.0,700
meta-llama/llama-3.3-70b-instruct,99,12074,ORACLE,chain,3,ett,college_salary,anticommonsense,KEEP,yes,yes,1,1,157,249,,Novita,stop,0,0.000120795,content,0.0,700
meta-llama/llama-3.3-70b-instruct,99,12074,ORACLE_NI,chain,3,ett,college_salary,anticommonsense,KEEP,yes,yes,1,1,150,211,,Novita,stop,0,0.00010465,content,0.0,700
meta-llama/llama-3.3-70b-instruct,99,12074,DR_k1,chain,3,ett,college_salary,anticommonsense,KEEP,yes,yes,1,1,157,393,,Novita,stop,0,0.000178395,content,0.0,700
meta-llama/llama-3.3-70b-instruct,99,12074,DR_k1_NI,chain,3,ett,college_salary,anticommonsense,KEEP,yes,yes,1,1,150,328,,Novita,stop,0,0.00015145,content,0.0,700
meta-llama/llama-3.3-70b-instruct,99,12074,DR_k2,chain,3,ett,college_salary,anticommonsense,KEEP,yes,yes,1,1,157,282,,Novita,stop,0,0.000133995,content,0.0,700
meta-llama/llama-3.3-70b-instruct,99,12074,DR_k2_NI,chain,3,ett,college_salary,anticommonsense,KEEP,yes,no,0,1,150,454,,Novita,stop,0,0.00020185,content,0.0,700
meta-llama/llama-3.3-70b-instruct,100,19072,RAW,confounding,2,ate,simpson_vaccine,anticommonsense,KEEP,no,no,1,1,180,608,,Novita,stop,0,0.0002675,content,0.0,700
meta-llama/llama-3.3-70b-instruct,100,19072,ORACLE,confounding,2,ate,simpson_vaccine,anticommonsense,KEEP,no,no,1,1,219,544,,Novita,stop,0,0.000247165,content,0.0,700
meta-llama/llama-3.3-70b-instruct,100,19072,ORACLE_NI,confounding,2,ate,simpson_vaccine,anticommonsense,KEEP,no,no,1,1,212,700,,Novita,length,0,0.00030862,content,0.0,700
meta-llama/llama-3.3-70b-instruct,100,19072,DR_k1,confounding,2,ate,simpson_vaccine,anticommonsense,KEEP,no,no,1,1,219,700,,Novita,length,0,0.000309565,content,0.0,700
meta-llama/llama-3.3-70b-instruct,100,19072,DR_k1_NI,confounding,2,ate,simpson_vaccine,anticommonsense,KEEP,no,no,1,1,212,700,,Novita,length,0,0.00030862,content,0.0,700
meta-llama/llama-3.3-70b-instruct,100,19072,DR_k2,confounding,2,ate,simpson_vaccine,anticommonsense,KEEP,no,no,1,1,222,643,,Novita,stop,0,0.00028717,content,0.0,700
meta-llama/llama-3.3-70b-instruct,100,19072,DR_k2_NI,confounding,2,ate,simpson_vaccine,anticommonsense,KEEP,no,no,1,1,215,451,,Novita,stop,0,0.000209425,content,0.0,700
meta-llama/llama-3.3-70b-instruct,100,19072,DR_k3,confounding,2,ate,simpson_vaccine,anticommonsense,KEEP,no,no,1,1,222,612,,Novita,stop,0,0.00027477,content,0.0,700
meta-llama/llama-3.3-70b-instruct,100,19072,DR_k3_NI,confounding,2,ate,simpson_vaccine,anticommonsense,KEEP,no,no,1,1,215,700,,Novita,length,0,0.000309025,content,0.0,700
meta-llama/llama-3.3-70b-instruct,101,19027,RAW,confounding,2,ate,simpson_kidneystone,anticommonsense,KEEP,no,no,1,1,162,617,,Novita,stop,0,0.00026867,content,0.0,700
meta-llama/llama-3.3-70b-instruct,101,19027,ORACLE,confounding,2,ate,simpson_kidneystone,anticommonsense,KEEP,no,no,1,1,204,300,,Novita,stop,0,0.00014754,content,0.0,700
meta-llama/llama-3.3-70b-instruct,101,19027,ORACLE_NI,confounding,2,ate,simpson_kidneystone,anticommonsense,KEEP,no,,0,0,197,700,,Novita,length,0,0.000306595,content,0.0,700
meta-llama/llama-3.3-70b-instruct,101,19027,DR_k1,confounding,2,ate,simpson_kidneystone,anticommonsense,KEEP,no,,0,0,203,700,,Novita,length,0,0.000307405,content,0.0,700
meta-llama/llama-3.3-70b-instruct,101,19027,DR_k1_NI,confounding,2,ate,simpson_kidneystone,anticommonsense,KEEP,no,no,1,1,196,603,,Novita,stop,0,0.00026766,content,0.0,700
meta-llama/llama-3.3-70b-instruct,101,19027,DR_k2,confounding,2,ate,simpson_kidneystone,anticommonsense,KEEP,no,no,1,1,206,410,,Novita,stop,0,0.00019181,content,0.0,700
meta-llama/llama-3.3-70b-instruct,101,19027,DR_k2_NI,confounding,2,ate,simpson_kidneystone,anticommonsense,KEEP,no,no,1,1,199,600,,Novita,stop,0,0.000266865,content,0.0,700
meta-llama/llama-3.3-70b-instruct,101,19027,DR_k3,confounding,2,ate,simpson_kidneystone,anticommonsense,KEEP,no,no,1,1,205,512,,Novita,stop,0,0.000232475,content,0.0,700
meta-llama/llama-3.3-70b-instruct,101,19027,DR_k3_NI,confounding,2,ate,simpson_kidneystone,anticommonsense,KEEP,no,no,1,1,198,310,,Novita,stop,0,0.00015073,content,0.0,700
meta-llama/llama-3.3-70b-instruct,102,3574,RAW,confounding,2,ate,simpson_drug,easy,KEEP,no,no,1,1,153,548,,Novita,stop,0,0.000239855,content,0.0,700
meta-llama/llama-3.3-70b-instruct,102,3574,ORACLE,confounding,2,ate,simpson_drug,easy,KEEP,no,no,1,1,186,464,,Novita,stop,0,0.00021071,content,0.0,700
meta-llama/llama-3.3-70b-instruct,102,3574,ORACLE_NI,confounding,2,ate,simpson_drug,easy,KEEP,no,no,1,1,179,465,,Novita,stop,0,0.000210165,content,0.0,700
meta-llama/llama-3.3-70b-instruct,102,3574,DR_k1,confounding,2,ate,simpson_drug,easy,KEEP,no,no,1,1,186,700,,Novita,length,0,0.00030511,content,0.0,700
meta-llama/llama-3.3-70b-instruct,102,3574,DR_k1_NI,confounding,2,ate,simpson_drug,easy,KEEP,no,no,1,1,179,608,,Novita,stop,0,0.000267365,content,0.0,700
meta-llama/llama-3.3-70b-instruct,102,3574,DR_k2,confounding,2,ate,simpson_drug,easy,KEEP,no,no,1,1,186,454,,Novita,stop,0,0.00020671,content,0.0,700
meta-llama/llama-3.3-70b-instruct,102,3574,DR_k2_NI,confounding,2,ate,simpson_drug,easy,KEEP,no,no,1,1,179,555,,Novita,stop,0,0.000246165,content,0.0,700
meta-llama/llama-3.3-70b-instruct,102,3574,DR_k3,confounding,2,ate,simpson_drug,easy,KEEP,no,no,1,1,187,305,,Novita,stop,0,0.000147245,content,0.0,700
meta-llama/llama-3.3-70b-instruct,102,3574,DR_k3_NI,confounding,2,ate,simpson_drug,easy,KEEP,no,no,1,1,180,571,,Novita,stop,0,0.0002527,content,0.0,700
meta-llama/llama-3.3-70b-instruct,103,14355,RAW,confounding,2,ate,simpson_vaccine,anticommonsense,KEEP,yes,no,0,1,181,700,,Novita,length,0,0.000304435,content,0.0,700
meta-llama/llama-3.3-70b-instruct,103,14355,ORACLE,confounding,2,ate,simpson_vaccine,anticommonsense,KEEP,yes,yes,1,1,221,627,,Novita,stop,0,0.000280635,content,0.0,700
meta-llama/llama-3.3-70b-instruct,103,14355,ORACLE_NI,confounding,2,ate,simpson_vaccine,anticommonsense,KEEP,yes,yes,1,1,214,673,,Novita,stop,0,0.00029809,content,0.0,700
meta-llama/llama-3.3-70b-instruct,103,14355,DR_k1,confounding,2,ate,simpson_vaccine,anticommonsense,KEEP,yes,yes,1,1,223,624,,Novita,stop,0,0.000279705,content,0.0,700
meta-llama/llama-3.3-70b-instruct,103,14355,DR_k1_NI,confounding,2,ate,simpson_vaccine,anticommonsense,KEEP,yes,yes,1,1,216,697,,Novita,stop,0,0.00030796,content,0.0,700
meta-llama/llama-3.3-70b-instruct,103,14355,DR_k2,confounding,2,ate,simpson_vaccine,anticommonsense,KEEP,yes,yes,1,1,221,522,,Novita,stop,0,0.000238635,content,0.0,700
meta-llama/llama-3.3-70b-instruct,103,14355,DR_k2_NI,confounding,2,ate,simpson_vaccine,anticommonsense,KEEP,yes,yes,1,1,214,688,,Novita,stop,0,0.00030409,content,0.0,700
meta-llama/llama-3.3-70b-instruct,103,14355,DR_k3,confounding,2,ate,simpson_vaccine,anticommonsense,KEEP,yes,no,0,1,222,700,,Novita,length,0,0.00030997,content,0.0,700
meta-llama/llama-3.3-70b-instruct,103,14355,DR_k3_NI,confounding,2,ate,simpson_vaccine,anticommonsense,KEEP,yes,yes,1,1,215,586,,Novita,stop,0,0.000263425,content,0.0,700
meta-llama/llama-3.3-70b-instruct,104,14042,RAW,confounding,2,ate,simpson_hospital,anticommonsense,KEEP,no,no,1,1,172,527,,Novita,stop,0,0.00023402,content,0.0,700
meta-llama/llama-3.3-70b-instruct,104,14042,ORACLE,confounding,2,ate,simpson_hospital,anticommonsense,KEEP,no,no,1,1,211,371,,Novita,stop,0,0.000176885,content,0.0,700
meta-llama/llama-3.3-70b-instruct,104,14042,ORACLE_NI,confounding,2,ate,simpson_hospital,anticommonsense,KEEP,no,no,1,1,204,489,,Novita,stop,0,0.00022314,content,0.0,700
meta-llama/llama-3.3-70b-instruct,104,14042,DR_k1,confounding,2,ate,simpson_hospital,anticommonsense,KEEP,no,,0,0,211,700,,Novita,length,0,0.000308485,content,0.0,700
meta-llama/llama-3.3-70b-instruct,104,14042,DR_k1_NI,confounding,2,ate,simpson_hospital,anticommonsense,KEEP,no,no,1,1,204,417,,Novita,stop,0,0.00019434,content,0.0,700
meta-llama/llama-3.3-70b-instruct,104,14042,DR_k2,confounding,2,ate,simpson_hospital,anticommonsense,KEEP,no,no,1,1,210,398,,Novita,stop,0,0.00018755,content,0.0,700
meta-llama/llama-3.3-70b-instruct,104,14042,DR_k2_NI,confounding,2,ate,simpson_hospital,anticommonsense,KEEP,no,no,1,1,203,253,,Novita,stop,0,0.000128605,content,0.0,700
meta-llama/llama-3.3-70b-instruct,104,14042,DR_k3,confounding,2,ate,simpson_hospital,anticommonsense,KEEP,no,no,1,1,209,395,,Novita,stop,0,0.000186215,content,0.0,700
meta-llama/llama-3.3-70b-instruct,104,14042,DR_k3_NI,confounding,2,ate,simpson_hospital,anticommonsense,KEEP,no,no,1,1,202,268,,Novita,stop,0,0.00013447,content,0.0,700
meta-llama/llama-3.3-70b-instruct,105,8409,RAW,confounding,2,ate,simpson_drug,hard,KEEP,yes,yes,1,1,153,567,,Novita,stop,0,0.000247455,content,0.0,700
meta-llama/llama-3.3-70b-instruct,105,8409,ORACLE,confounding,2,ate,simpson_drug,hard,KEEP,yes,yes,1,1,186,554,,Novita,stop,0,0.00024671,content,0.0,700
meta-llama/llama-3.3-70b-instruct,105,8409,ORACLE_NI,confounding,2,ate,simpson_drug,hard,KEEP,yes,yes,1,1,179,499,,Novita,stop,0,0.000223765,content,0.0,700
meta-llama/llama-3.3-70b-instruct,105,8409,DR_k1,confounding,2,ate,simpson_drug,hard,KEEP,yes,yes,1,1,186,423,,Novita,stop,0,0.00019431,content,0.0,700
meta-llama/llama-3.3-70b-instruct,105,8409,DR_k1_NI,confounding,2,ate,simpson_drug,hard,KEEP,yes,yes,1,1,179,512,,Novita,stop,0,0.000228965,content,0.0,700
meta-llama/llama-3.3-70b-instruct,105,8409,DR_k2,confounding,2,ate,simpson_drug,hard,KEEP,yes,yes,1,1,186,589,,Novita,stop,0,0.00026071,content,0.0,700
meta-llama/llama-3.3-70b-instruct,105,8409,DR_k2_NI,confounding,2,ate,simpson_drug,hard,KEEP,yes,yes,1,1,179,512,,Novita,stop,0,0.000228965,content,0.0,700
meta-llama/llama-3.3-70b-instruct,105,8409,DR_k3,confounding,2,ate,simpson_drug,hard,KEEP,yes,yes,1,1,187,362,,Novita,stop,0,0.000170045,content,0.0,700
meta-llama/llama-3.3-70b-instruct,105,8409,DR_k3_NI,confounding,2,ate,simpson_drug,hard,KEEP,yes,yes,1,1,180,503,,Novita,stop,0,0.0002255,content,0.0,700
meta-llama/llama-3.3-70b-instruct,106,3858,RAW,confounding,2,ate,simpson_kidneystone,easy,KEEP,no,no,1,1,160,526,,Novita,stop,0,0.000232,content,0.0,700
meta-llama/llama-3.3-70b-instruct,106,3858,ORACLE,confounding,2,ate,simpson_kidneystone,easy,KEEP,no,no,1,1,196,573,,Novita,stop,0,0.00025566,content,0.0,700
meta-llama/llama-3.3-70b-instruct,106,3858,ORACLE_NI,confounding,2,ate,simpson_kidneystone,easy,KEEP,no,no,1,1,189,548,,Novita,stop,0,0.000244715,content,0.0,700
meta-llama/llama-3.3-70b-instruct,106,3858,DR_k1,confounding,2,ate,simpson_kidneystone,easy,KEEP,no,no,1,1,198,688,,Novita,stop,0,0.00030193,content,0.0,700
meta-llama/llama-3.3-70b-instruct,106,3858,DR_k1_NI,confounding,2,ate,simpson_kidneystone,easy,KEEP,no,no,1,1,191,505,,Novita,stop,0,0.000227785,content,0.0,700
meta-llama/llama-3.3-70b-instruct,106,3858,DR_k2,confounding,2,ate,simpson_kidneystone,easy,KEEP,no,no,1,1,198,625,,Novita,stop,0,0.00027673,content,0.0,700
meta-llama/llama-3.3-70b-instruct,106,3858,DR_k2_NI,confounding,2,ate,simpson_kidneystone,easy,KEEP,no,no,1,1,191,378,,Novita,stop,0,0.000176985,content,0.0,700
meta-llama/llama-3.3-70b-instruct,106,3858,DR_k3,confounding,2,ate,simpson_kidneystone,easy,KEEP,no,no,1,1,198,481,,Novita,stop,0,0.00021913,content,0.0,700
meta-llama/llama-3.3-70b-instruct,106,3858,DR_k3_NI,confounding,2,ate,simpson_kidneystone,easy,KEEP,no,no,1,1,191,601,,Novita,stop,0,0.000266185,content,0.0,700
meta-llama/llama-3.3-70b-instruct,107,8493,RAW,confounding,2,ate,simpson_hospital,hard,KEEP,yes,yes,1,1,162,214,,Novita,stop,0,0.00010747,content,0.0,700
meta-llama/llama-3.3-70b-instruct,107,8493,ORACLE,confounding,2,ate,simpson_hospital,hard,KEEP,yes,yes,1,1,197,334,,Novita,stop,0,0.000160195,content,0.0,700
meta-llama/llama-3.3-70b-instruct,107,8493,ORACLE_NI,confounding,2,ate,simpson_hospital,hard,KEEP,yes,yes,1,1,190,247,,Novita,stop,0,0.00012445,content,0.0,700
meta-llama/llama-3.3-70b-instruct,107,8493,DR_k1,confounding,2,ate,simpson_hospital,hard,KEEP,yes,yes,1,1,197,422,,Novita,stop,0,0.000195395,content,0.0,700
meta-llama/llama-3.3-70b-instruct,107,8493,DR_k1_NI,confounding,2,ate,simpson_hospital,hard,KEEP,yes,yes,1,1,190,295,,Novita,stop,0,0.00014365,content,0.0,700
meta-llama/llama-3.3-70b-instruct,107,8493,DR_k2,confounding,2,ate,simpson_hospital,hard,KEEP,yes,yes,1,1,196,323,,Novita,stop,0,0.00015566,content,0.0,700
meta-llama/llama-3.3-70b-instruct,107,8493,DR_k2_NI,confounding,2,ate,simpson_hospital,hard,KEEP,yes,yes,1,1,189,195,,Novita,stop,0,0.000103515,content,0.0,700
meta-llama/llama-3.3-70b-instruct,107,8493,DR_k3,confounding,2,ate,simpson_hospital,hard,KEEP,yes,yes,1,1,197,229,,Novita,stop,0,0.000118195,content,0.0,700
meta-llama/llama-3.3-70b-instruct,107,8493,DR_k3_NI,confounding,2,ate,simpson_hospital,hard,KEEP,yes,yes,1,1,190,262,,Novita,stop,0,0.00013045,content,0.0,700
meta-llama/llama-3.3-70b-instruct,108,3529,RAW,confounding,2,ate,simpson_drug,easy,KEEP,yes,yes,1,1,153,542,,Novita,stop,0,0.000237455,content,0.0,700
meta-llama/llama-3.3-70b-instruct,108,3529,ORACLE,confounding,2,ate,simpson_drug,easy,KEEP,yes,yes,1,1,186,301,,Novita,stop,0,0.00014551,content,0.0,700
meta-llama/llama-3.3-70b-instruct,108,3529,ORACLE_NI,confounding,2,ate,simpson_drug,easy,KEEP,yes,yes,1,1,179,579,,Novita,stop,0,0.000255765,content,0.0,700
meta-llama/llama-3.3-70b-instruct,108,3529,DR_k1,confounding,2,ate,simpson_drug,easy,KEEP,yes,yes,1,1,186,454,,Novita,stop,0,0.00020671,content,0.0,700
meta-llama/llama-3.3-70b-instruct,108,3529,DR_k1_NI,confounding,2,ate,simpson_drug,easy,KEEP,yes,yes,1,1,179,656,,Novita,stop,0,0.000286565,content,0.0,700
meta-llama/llama-3.3-70b-instruct,108,3529,DR_k2,confounding,2,ate,simpson_drug,easy,KEEP,yes,yes,1,1,186,477,,Novita,stop,0,0.00021591,content,0.0,700
meta-llama/llama-3.3-70b-instruct,108,3529,DR_k2_NI,confounding,2,ate,simpson_drug,easy,KEEP,yes,yes,1,1,179,363,,Novita,stop,0,0.000169365,content,0.0,700
meta-llama/llama-3.3-70b-instruct,108,3529,DR_k3,confounding,2,ate,simpson_drug,easy,KEEP,yes,yes,1,1,187,329,,Novita,stop,0,0.000156845,content,0.0,700
meta-llama/llama-3.3-70b-instruct,108,3529,DR_k3_NI,confounding,2,ate,simpson_drug,easy,KEEP,yes,yes,1,1,180,512,,Novita,stop,0,0.0002291,content,0.0,700
meta-llama/llama-3.3-70b-instruct,109,13989,RAW,confounding,2,ate,simpson_drug,anticommonsense,KEEP,no,no,1,1,160,289,,Novita,stop,0,0.0001372,content,0.0,700
meta-llama/llama-3.3-70b-instruct,109,13989,ORACLE,confounding,2,ate,simpson_drug,anticommonsense,KEEP,no,no,1,1,197,239,,Novita,stop,0,0.000122195,content,0.0,700
meta-llama/llama-3.3-70b-instruct,109,13989,ORACLE_NI,confounding,2,ate,simpson_drug,anticommonsense,KEEP,no,no,1,1,190,159,,Novita,stop,0,8.925e-05,content,0.0,700
meta-llama/llama-3.3-70b-instruct,109,13989,DR_k1,confounding,2,ate,simpson_drug,anticommonsense,KEEP,no,no,1,1,197,478,,Novita,stop,0,0.000217795,content,0.0,700
meta-llama/llama-3.3-70b-instruct,109,13989,DR_k1_NI,confounding,2,ate,simpson_drug,anticommonsense,KEEP,no,no,1,1,190,172,,Novita,stop,0,9.445e-05,content,0.0,700
meta-llama/llama-3.3-70b-instruct,109,13989,DR_k2,confounding,2,ate,simpson_drug,anticommonsense,KEEP,no,no,1,1,197,319,,Novita,stop,0,0.000154195,content,0.0,700
meta-llama/llama-3.3-70b-instruct,109,13989,DR_k2_NI,confounding,2,ate,simpson_drug,anticommonsense,KEEP,no,no,1,1,190,463,,Novita,stop,0,0.00021085,content,0.0,700
meta-llama/llama-3.3-70b-instruct,109,13989,DR_k3,confounding,2,ate,simpson_drug,anticommonsense,KEEP,no,no,1,1,197,312,,Novita,stop,0,0.000151395,content,0.0,700
meta-llama/llama-3.3-70b-instruct,109,13989,DR_k3_NI,confounding,2,ate,simpson_drug,anticommonsense,KEEP,no,no,1,1,190,438,,Novita,stop,0,0.00020085,content,0.0,700
meta-llama/llama-3.3-70b-instruct,110,18971,RAW,confounding,2,ate,simpson_kidneystone,anticommonsense,KEEP,no,no,1,1,162,572,,Novita,stop,0,0.00025067,content,0.0,700
meta-llama/llama-3.3-70b-instruct,110,18971,ORACLE,confounding,2,ate,simpson_kidneystone,anticommonsense,KEEP,no,no,1,1,204,409,,Novita,stop,0,0.00019114,content,0.0,700
meta-llama/llama-3.3-70b-instruct,110,18971,ORACLE_NI,confounding,2,ate,simpson_kidneystone,anticommonsense,KEEP,no,no,1,1,197,336,,Novita,stop,0,0.000160995,content,0.0,700
meta-llama/llama-3.3-70b-instruct,110,18971,DR_k1,confounding,2,ate,simpson_kidneystone,anticommonsense,KEEP,no,no,1,1,204,402,,Novita,stop,0,0.00018834,content,0.0,700
meta-llama/llama-3.3-70b-instruct,110,18971,DR_k1_NI,confounding,2,ate,simpson_kidneystone,anticommonsense,KEEP,no,no,1,1,197,572,,Novita,stop,0,0.000255395,content,0.0,700
meta-llama/llama-3.3-70b-instruct,110,18971,DR_k2,confounding,2,ate,simpson_kidneystone,anticommonsense,KEEP,no,no,1,1,206,394,,Novita,stop,0,0.00018541,content,0.0,700
meta-llama/llama-3.3-70b-instruct,110,18971,DR_k2_NI,confounding,2,ate,simpson_kidneystone,anticommonsense,KEEP,no,no,1,1,199,428,,Novita,stop,0,0.000198065,content,0.0,700
meta-llama/llama-3.3-70b-instruct,110,18971,DR_k3,confounding,2,ate,simpson_kidneystone,anticommonsense,KEEP,no,no,1,1,205,538,,Novita,stop,0,0.000242875,content,0.0,700
meta-llama/llama-3.3-70b-instruct,110,18971,DR_k3_NI,confounding,2,ate,simpson_kidneystone,anticommonsense,KEEP,no,no,1,1,198,515,,Novita,stop,0,0.00023273,content,0.0,700
meta-llama/llama-3.3-70b-instruct,111,14341,RAW,confounding,2,ate,simpson_vaccine,anticommonsense,KEEP,yes,no,0,1,181,700,,Novita,length,0,0.000304435,content,0.0,700
meta-llama/llama-3.3-70b-instruct,111,14341,ORACLE,confounding,2,ate,simpson_vaccine,anticommonsense,KEEP,yes,yes,1,1,221,627,,Novita,stop,0,0.000280635,content,0.0,700
meta-llama/llama-3.3-70b-instruct,111,14341,ORACLE_NI,confounding,2,ate,simpson_vaccine,anticommonsense,KEEP,yes,yes,1,1,214,657,,Novita,stop,0,0.00029169,content,0.0,700
meta-llama/llama-3.3-70b-instruct,111,14341,DR_k1,confounding,2,ate,simpson_vaccine,anticommonsense,KEEP,yes,yes,1,1,223,659,,Novita,stop,0,0.000293705,content,0.0,700
meta-llama/llama-3.3-70b-instruct,111,14341,DR_k1_NI,confounding,2,ate,simpson_vaccine,anticommonsense,KEEP,yes,yes,1,1,216,668,,Novita,stop,0,0.00029636,content,0.0,700
meta-llama/llama-3.3-70b-instruct,111,14341,DR_k2,confounding,2,ate,simpson_vaccine,anticommonsense,KEEP,yes,yes,1,1,221,665,,Novita,stop,0,0.000295835,content,0.0,700
meta-llama/llama-3.3-70b-instruct,111,14341,DR_k2_NI,confounding,2,ate,simpson_vaccine,anticommonsense,KEEP,yes,yes,1,1,214,681,,Novita,stop,0,0.00030129,content,0.0,700
meta-llama/llama-3.3-70b-instruct,111,14341,DR_k3,confounding,2,ate,simpson_vaccine,anticommonsense,KEEP,yes,no,0,1,222,700,,Novita,length,0,0.00030997,content,0.0,700
meta-llama/llama-3.3-70b-instruct,111,14341,DR_k3_NI,confounding,2,ate,simpson_vaccine,anticommonsense,KEEP,yes,yes,1,1,215,592,,Novita,stop,0,0.000265825,content,0.0,700
meta-llama/llama-3.3-70b-instruct,112,18955,RAW,confounding,2,ate,simpson_kidneystone,anticommonsense,KEEP,no,no,1,1,162,585,,Novita,stop,0,0.00025587,content,0.0,700
meta-llama/llama-3.3-70b-instruct,112,18955,ORACLE,confounding,2,ate,simpson_kidneystone,anticommonsense,KEEP,no,no,1,1,204,384,,Novita,stop,0,0.00018114,content,0.0,700
meta-llama/llama-3.3-70b-instruct,112,18955,ORACLE_NI,confounding,2,ate,simpson_kidneystone,anticommonsense,KEEP,no,no,1,1,197,560,,Novita,stop,0,0.000250595,content,0.0,700
meta-llama/llama-3.3-70b-instruct,112,18955,DR_k1,confounding,2,ate,simpson_kidneystone,anticommonsense,KEEP,no,no,1,1,204,472,,Novita,stop,0,0.00021634,content,0.0,700
meta-llama/llama-3.3-70b-instruct,112,18955,DR_k1_NI,confounding,2,ate,simpson_kidneystone,anticommonsense,KEEP,no,no,1,1,197,326,,Novita,stop,0,0.000156995,content,0.0,700
meta-llama/llama-3.3-70b-instruct,112,18955,DR_k2,confounding,2,ate,simpson_kidneystone,anticommonsense,KEEP,no,no,1,1,206,633,,Novita,stop,0,0.00028101,content,0.0,700
meta-llama/llama-3.3-70b-instruct,112,18955,DR_k2_NI,confounding,2,ate,simpson_kidneystone,anticommonsense,KEEP,no,no,1,1,199,516,,Novita,stop,0,0.000233265,content,0.0,700
meta-llama/llama-3.3-70b-instruct,112,18955,DR_k3,confounding,2,ate,simpson_kidneystone,anticommonsense,KEEP,no,no,1,1,205,230,,Novita,stop,0,0.000119675,content,0.0,700
meta-llama/llama-3.3-70b-instruct,112,18955,DR_k3_NI,confounding,2,ate,simpson_kidneystone,anticommonsense,KEEP,no,,0,0,198,700,,Novita,length,0,0.00030673,content,0.0,700
meta-llama/llama-3.3-70b-instruct,113,3572,RAW,confounding,2,ate,simpson_drug,easy,KEEP,yes,yes,1,1,153,538,,Novita,stop,0,0.000235855,content,0.0,700
meta-llama/llama-3.3-70b-instruct,113,3572,ORACLE,confounding,2,ate,simpson_drug,easy,KEEP,yes,yes,1,1,186,433,,Novita,stop,0,0.00019831,content,0.0,700
meta-llama/llama-3.3-70b-instruct,113,3572,ORACLE_NI,confounding,2,ate,simpson_drug,easy,KEEP,yes,yes,1,1,179,429,,Novita,stop,0,0.000195765,content,0.0,700
meta-llama/llama-3.3-70b-instruct,113,3572,DR_k1,confounding,2,ate,simpson_drug,easy,KEEP,yes,yes,1,1,186,231,,Novita,stop,0,0.00011751,content,0.0,700
meta-llama/llama-3.3-70b-instruct,113,3572,DR_k1_NI,confounding,2,ate,simpson_drug,easy,KEEP,yes,yes,1,1,179,326,,Novita,stop,0,0.000154565,content,0.0,700
meta-llama/llama-3.3-70b-instruct,113,3572,DR_k2,confounding,2,ate,simpson_drug,easy,KEEP,yes,yes,1,1,186,494,,Novita,stop,0,0.00022271,content,0.0,700
meta-llama/llama-3.3-70b-instruct,113,3572,DR_k2_NI,confounding,2,ate,simpson_drug,easy,KEEP,yes,yes,1,1,179,376,,Novita,stop,0,0.000174565,content,0.0,700
meta-llama/llama-3.3-70b-instruct,113,3572,DR_k3,confounding,2,ate,simpson_drug,easy,KEEP,yes,yes,1,1,187,397,,Novita,stop,0,0.000184045,content,0.0,700
meta-llama/llama-3.3-70b-instruct,113,3572,DR_k3_NI,confounding,2,ate,simpson_drug,easy,KEEP,yes,yes,1,1,180,450,,Novita,stop,0,0.0002043,content,0.0,700
meta-llama/llama-3.3-70b-instruct,114,3921,RAW,confounding,2,ate,simpson_vaccine,easy,KEEP,no,no,1,1,176,485,,Novita,stop,0,0.00021776,content,0.0,700
meta-llama/llama-3.3-70b-instruct,114,3921,ORACLE,confounding,2,ate,simpson_vaccine,easy,KEEP,no,no,1,1,212,633,,Novita,stop,0,0.00028182,content,0.0,700
meta-llama/llama-3.3-70b-instruct,114,3921,ORACLE_NI,confounding,2,ate,simpson_vaccine,easy,KEEP,no,no,1,1,205,380,,Novita,stop,0,0.000179675,content,0.0,700
meta-llama/llama-3.3-70b-instruct,114,3921,DR_k1,confounding,2,ate,simpson_vaccine,easy,KEEP,no,no,1,1,214,700,,Novita,length,0,0.00030889,content,0.0,700
meta-llama/llama-3.3-70b-instruct,114,3921,DR_k1_NI,confounding,2,ate,simpson_vaccine,easy,KEEP,no,no,1,1,207,669,,Novita,stop,0,0.000295545,content,0.0,700
meta-llama/llama-3.3-70b-instruct,114,3921,DR_k2,confounding,2,ate,simpson_vaccine,easy,KEEP,no,no,1,1,214,565,,Novita,stop,0,0.00025489,content,0.0,700
meta-llama/llama-3.3-70b-instruct,114,3921,DR_k2_NI,confounding,2,ate,simpson_vaccine,easy,KEEP,no,no,1,1,207,454,,Novita,stop,0,0.000209545,content,0.0,700
meta-llama/llama-3.3-70b-instruct,114,3921,DR_k3,confounding,2,ate,simpson_vaccine,easy,KEEP,no,no,1,1,215,552,,Novita,stop,0,0.000249825,content,0.0,700
meta-llama/llama-3.3-70b-instruct,114,3921,DR_k3_NI,confounding,2,ate,simpson_vaccine,easy,KEEP,no,no,1,1,208,481,,Novita,stop,0,0.00022048,content,0.0,700
meta-llama/llama-3.3-70b-instruct,115,3835,RAW,confounding,2,ate,simpson_kidneystone,easy,KEEP,no,no,1,1,160,507,,Novita,stop,0,0.0002244,content,0.0,700
meta-llama/llama-3.3-70b-instruct,115,3835,ORACLE,confounding,2,ate,simpson_kidneystone,easy,KEEP,no,no,1,1,196,376,,Novita,stop,0,0.00017686,content,0.0,700
meta-llama/llama-3.3-70b-instruct,115,3835,ORACLE_NI,confounding,2,ate,simpson_kidneystone,easy,KEEP,no,no,1,1,189,559,,Novita,stop,0,0.000249115,content,0.0,700
meta-llama/llama-3.3-70b-instruct,115,3835,DR_k1,confounding,2,ate,simpson_kidneystone,easy,KEEP,no,no,1,1,198,468,,Novita,stop,0,0.00021393,content,0.0,700
meta-llama/llama-3.3-70b-instruct,115,3835,DR_k1_NI,confounding,2,ate,simpson_kidneystone,easy,KEEP,no,no,1,1,191,568,,Novita,stop,0,0.000252985,content,0.0,700
meta-llama/llama-3.3-70b-instruct,115,3835,DR_k2,confounding,2,ate,simpson_kidneystone,easy,KEEP,no,no,1,1,198,365,,Novita,stop,0,0.00017273,content,0.0,700
meta-llama/llama-3.3-70b-instruct,115,3835,DR_k2_NI,confounding,2,ate,simpson_kidneystone,easy,KEEP,no,no,1,1,191,622,,Novita,stop,0,0.000274585,content,0.0,700
meta-llama/llama-3.3-70b-instruct,115,3835,DR_k3,confounding,2,ate,simpson_kidneystone,easy,KEEP,no,no,1,1,198,344,,Novita,stop,0,0.00016433,content,0.0,700
meta-llama/llama-3.3-70b-instruct,115,3835,DR_k3_NI,confounding,2,ate,simpson_kidneystone,easy,KEEP,no,no,1,1,191,516,,Novita,stop,0,0.000232185,content,0.0,700
meta-llama/llama-3.3-70b-instruct,116,8667,RAW,confounding,2,ate,simpson_vaccine,hard,KEEP,no,no,1,1,176,531,,Novita,stop,0,0.00023616,content,0.0,700
meta-llama/llama-3.3-70b-instruct,116,8667,ORACLE,confounding,2,ate,simpson_vaccine,hard,KEEP,no,no,1,1,212,523,,Novita,stop,0,0.00023782,content,0.0,700
meta-llama/llama-3.3-70b-instruct,116,8667,ORACLE_NI,confounding,2,ate,simpson_vaccine,hard,KEEP,no,no,1,1,205,624,,Novita,stop,0,0.000277275,content,0.0,700
meta-llama/llama-3.3-70b-instruct,116,8667,DR_k1,confounding,2,ate,simpson_vaccine,hard,KEEP,no,no,1,1,214,700,,Novita,length,0,0.00030889,content,0.0,700
meta-llama/llama-3.3-70b-instruct,116,8667,DR_k1_NI,confounding,2,ate,simpson_vaccine,hard,KEEP,no,no,1,1,207,609,,Novita,stop,0,0.000271545,content,0.0,700
meta-llama/llama-3.3-70b-instruct,116,8667,DR_k2,confounding,2,ate,simpson_vaccine,hard,KEEP,no,no,1,1,215,685,,Novita,stop,0,0.000303025,content,0.0,700
meta-llama/llama-3.3-70b-instruct,116,8667,DR_k2_NI,confounding,2,ate,simpson_vaccine,hard,KEEP,no,no,1,1,208,664,,Novita,stop,0,0.00029368,content,0.0,700
meta-llama/llama-3.3-70b-instruct,116,8667,DR_k3,confounding,2,ate,simpson_vaccine,hard,KEEP,no,no,1,1,215,626,,Novita,stop,0,0.000279425,content,0.0,700
meta-llama/llama-3.3-70b-instruct,116,8667,DR_k3_NI,confounding,2,ate,simpson_vaccine,hard,KEEP,no,no,1,1,208,576,,Novita,stop,0,0.00025848,content,0.0,700
meta-llama/llama-3.3-70b-instruct,117,3773,RAW,confounding,2,ate,simpson_kidneystone,easy,KEEP,yes,yes,1,1,160,526,,Novita,stop,0,0.000232,content,0.0,700
meta-llama/llama-3.3-70b-instruct,117,3773,ORACLE,confounding,2,ate,simpson_kidneystone,easy,KEEP,yes,yes,1,1,196,357,,Novita,stop,0,0.00016926,content,0.0,700
meta-llama/llama-3.3-70b-instruct,117,3773,ORACLE_NI,confounding,2,ate,simpson_kidneystone,easy,KEEP,yes,yes,1,1,189,572,,Novita,stop,0,0.000254315,content,0.0,700
meta-llama/llama-3.3-70b-instruct,117,3773,DR_k1,confounding,2,ate,simpson_kidneystone,easy,KEEP,yes,yes,1,1,198,490,,Novita,stop,0,0.00022273,content,0.0,700
meta-llama/llama-3.3-70b-instruct,117,3773,DR_k1_NI,confounding,2,ate,simpson_kidneystone,easy,KEEP,yes,yes,1,1,191,625,,Novita,stop,0,0.000275785,content,0.0,700
meta-llama/llama-3.3-70b-instruct,117,3773,DR_k2,confounding,2,ate,simpson_kidneystone,easy,KEEP,yes,yes,1,1,198,570,,Novita,stop,0,0.00025473,content,0.0,700
meta-llama/llama-3.3-70b-instruct,117,3773,DR_k2_NI,confounding,2,ate,simpson_kidneystone,easy,KEEP,yes,yes,1,1,191,554,,Novita,stop,0,0.000247385,content,0.0,700
meta-llama/llama-3.3-70b-instruct,117,3773,DR_k3,confounding,2,ate,simpson_kidneystone,easy,KEEP,yes,yes,1,1,198,669,,Novita,stop,0,0.00029433,content,0.0,700
meta-llama/llama-3.3-70b-instruct,117,3773,DR_k3_NI,confounding,2,ate,simpson_kidneystone,easy,KEEP,yes,yes,1,1,191,553,,Novita,stop,0,0.000246985,content,0.0,700
meta-llama/llama-3.3-70b-instruct,118,3804,RAW,confounding,2,ate,simpson_kidneystone,easy,KEEP,yes,yes,1,1,160,537,,Novita,stop,0,0.0002364,content,0.0,700
meta-llama/llama-3.3-70b-instruct,118,3804,ORACLE,confounding,2,ate,simpson_kidneystone,easy,KEEP,yes,yes,1,1,196,288,,Novita,stop,0,0.00014166,content,0.0,700
meta-llama/llama-3.3-70b-instruct,118,3804,ORACLE_NI,confounding,2,ate,simpson_kidneystone,easy,KEEP,yes,yes,1,1,189,345,,Novita,stop,0,0.000163515,content,0.0,700
meta-llama/llama-3.3-70b-instruct,118,3804,DR_k1,confounding,2,ate,simpson_kidneystone,easy,KEEP,yes,yes,1,1,196,592,,Novita,stop,0,0.00026326,content,0.0,700
meta-llama/llama-3.3-70b-instruct,118,3804,DR_k1_NI,confounding,2,ate,simpson_kidneystone,easy,KEEP,yes,yes,1,1,189,306,,Novita,stop,0,0.000147915,content,0.0,700
meta-llama/llama-3.3-70b-instruct,118,3804,DR_k2,confounding,2,ate,simpson_kidneystone,easy,KEEP,yes,yes,1,1,198,295,,Novita,stop,0,0.00014473,content,0.0,700
meta-llama/llama-3.3-70b-instruct,118,3804,DR_k2_NI,confounding,2,ate,simpson_kidneystone,easy,KEEP,yes,yes,1,1,191,490,,Novita,stop,0,0.000221785,content,0.0,700
meta-llama/llama-3.3-70b-instruct,118,3804,DR_k3,confounding,2,ate,simpson_kidneystone,easy,KEEP,yes,yes,1,1,198,361,,Novita,stop,0,0.00017113,content,0.0,700
meta-llama/llama-3.3-70b-instruct,118,3804,DR_k3_NI,confounding,2,ate,simpson_kidneystone,easy,KEEP,yes,yes,1,1,191,291,,Novita,stop,0,0.000142185,content,0.0,700
meta-llama/llama-3.3-70b-instruct,119,19056,RAW,confounding,2,ate,simpson_vaccine,anticommonsense,KEEP,yes,yes,1,1,180,494,,Novita,stop,0,0.0002219,content,0.0,700
meta-llama/llama-3.3-70b-instruct,119,19056,ORACLE,confounding,2,ate,simpson_vaccine,anticommonsense,KEEP,yes,yes,1,1,219,412,,Novita,stop,0,0.000194365,content,0.0,700
meta-llama/llama-3.3-70b-instruct,119,19056,ORACLE_NI,confounding,2,ate,simpson_vaccine,anticommonsense,KEEP,yes,yes,1,1,212,434,,Novita,stop,0,0.00020222,content,0.0,700
meta-llama/llama-3.3-70b-instruct,119,19056,DR_k1,confounding,2,ate,simpson_vaccine,anticommonsense,KEEP,yes,yes,1,1,220,414,,Novita,stop,0,0.0001953,content,0.0,700
meta-llama/llama-3.3-70b-instruct,119,19056,DR_k1_NI,confounding,2,ate,simpson_vaccine,anticommonsense,KEEP,yes,yes,1,1,213,519,,Novita,stop,0,0.000236355,content,0.0,700
meta-llama/llama-3.3-70b-instruct,119,19056,DR_k2,confounding,2,ate,simpson_vaccine,anticommonsense,KEEP,yes,yes,1,1,220,498,,Novita,stop,0,0.0002289,content,0.0,700
meta-llama/llama-3.3-70b-instruct,119,19056,DR_k2_NI,confounding,2,ate,simpson_vaccine,anticommonsense,KEEP,yes,yes,1,1,213,443,,Novita,stop,0,0.000205955,content,0.0,700
meta-llama/llama-3.3-70b-instruct,119,19056,DR_k3,confounding,2,ate,simpson_vaccine,anticommonsense,KEEP,yes,yes,1,1,222,384,,Novita,stop,0,0.00018357,content,0.0,700
meta-llama/llama-3.3-70b-instruct,119,19056,DR_k3_NI,confounding,2,ate,simpson_vaccine,anticommonsense,KEEP,yes,yes,1,1,215,507,,Novita,stop,0,0.000231825,content,0.0,700
meta-llama/llama-3.3-70b-instruct,120,14110,RAW,confounding,3,ett,simpson_hospital,anticommonsense,KEEP,yes,,0,0,189,700,,Novita,length,0,0.000305515,content,0.0,700
meta-llama/llama-3.3-70b-instruct,120,14110,ORACLE,confounding,3,ett,simpson_hospital,anticommonsense,KEEP,yes,yes,1,1,228,336,,Novita,stop,0,0.00016518,content,0.0,700
meta-llama/llama-3.3-70b-instruct,120,14110,ORACLE_NI,confounding,3,ett,simpson_hospital,anticommonsense,KEEP,yes,yes,1,1,221,330,,Novita,stop,0,0.000161835,content,0.0,700
meta-llama/llama-3.3-70b-instruct,120,14110,DR_k1,confounding,3,ett,simpson_hospital,anticommonsense,KEEP,yes,yes,1,1,227,387,,Novita,stop,0,0.000185445,content,0.0,700
meta-llama/llama-3.3-70b-instruct,120,14110,DR_k1_NI,confounding,3,ett,simpson_hospital,anticommonsense,KEEP,yes,yes,1,1,220,339,,Novita,stop,0,0.0001653,content,0.0,700
meta-llama/llama-3.3-70b-instruct,120,14110,DR_k2,confounding,3,ett,simpson_hospital,anticommonsense,KEEP,yes,yes,1,1,226,690,,Novita,stop,0,0.00030651,content,0.0,700
meta-llama/llama-3.3-70b-instruct,120,14110,DR_k2_NI,confounding,3,ett,simpson_hospital,anticommonsense,KEEP,yes,yes,1,1,219,570,,Novita,stop,0,0.000257565,content,0.0,700
meta-llama/llama-3.3-70b-instruct,120,14110,DR_k3,confounding,3,ett,simpson_hospital,anticommonsense,KEEP,yes,yes,1,1,226,409,,Novita,stop,0,0.00019411,content,0.0,700
meta-llama/llama-3.3-70b-instruct,120,14110,DR_k3_NI,confounding,3,ett,simpson_hospital,anticommonsense,KEEP,yes,yes,1,1,219,400,,Novita,stop,0,0.000189565,content,0.0,700
meta-llama/llama-3.3-70b-instruct,121,14365,RAW,confounding,3,ett,simpson_vaccine,anticommonsense,KEEP,no,yes,0,1,194,359,,Novita,stop,0,0.00016979,content,0.0,700
meta-llama/llama-3.3-70b-instruct,121,14365,ORACLE,confounding,3,ett,simpson_vaccine,anticommonsense,KEEP,no,no,1,1,234,700,,Novita,length,0,0.00031159,content,0.0,700
meta-llama/llama-3.3-70b-instruct,121,14365,ORACLE_NI,confounding,3,ett,simpson_vaccine,anticommonsense,KEEP,no,yes,0,1,227,582,,Novita,stop,0,0.000263445,content,0.0,700
meta-llama/llama-3.3-70b-instruct,121,14365,DR_k1,confounding,3,ett,simpson_vaccine,anticommonsense,KEEP,no,no,1,1,236,544,,Novita,stop,0,0.00024946,content,0.0,700
meta-llama/llama-3.3-70b-instruct,121,14365,DR_k1_NI,confounding,3,ett,simpson_vaccine,anticommonsense,KEEP,no,no,1,1,229,700,,Novita,length,0,0.000310915,content,0.0,700
meta-llama/llama-3.3-70b-instruct,121,14365,DR_k2,confounding,3,ett,simpson_vaccine,anticommonsense,KEEP,no,yes,0,1,234,543,,Novita,stop,0,0.00024879,content,0.0,700
meta-llama/llama-3.3-70b-instruct,121,14365,DR_k2_NI,confounding,3,ett,simpson_vaccine,anticommonsense,KEEP,no,no,1,1,227,516,,Novita,stop,0,0.000237045,content,0.0,700
meta-llama/llama-3.3-70b-instruct,121,14365,DR_k3,confounding,3,ett,simpson_vaccine,anticommonsense,KEEP,no,yes,0,1,235,590,,Novita,stop,0,0.000267725,content,0.0,700
meta-llama/llama-3.3-70b-instruct,121,14365,DR_k3_NI,confounding,3,ett,simpson_vaccine,anticommonsense,KEEP,no,no,1,1,228,549,,Novita,stop,0,0.00025038,content,0.0,700
meta-llama/llama-3.3-70b-instruct,122,14333,RAW,confounding,3,ett,simpson_vaccine,anticommonsense,KEEP,no,yes,0,1,194,375,,Novita,stop,0,0.00017619,content,0.0,700
meta-llama/llama-3.3-70b-instruct,122,14333,ORACLE,confounding,3,ett,simpson_vaccine,anticommonsense,KEEP,no,yes,0,1,234,521,,Novita,stop,0,0.00023999,content,0.0,700
meta-llama/llama-3.3-70b-instruct,122,14333,ORACLE_NI,confounding,3,ett,simpson_vaccine,anticommonsense,KEEP,no,no,1,1,227,700,,Novita,length,0,0.000310645,content,0.0,700
meta-llama/llama-3.3-70b-instruct,122,14333,DR_k1,confounding,3,ett,simpson_vaccine,anticommonsense,KEEP,no,no,1,1,234,582,,Novita,stop,0,0.00026439,content,0.0,700
meta-llama/llama-3.3-70b-instruct,122,14333,DR_k1_NI,confounding,3,ett,simpson_vaccine,anticommonsense,KEEP,no,no,1,1,227,464,,Novita,stop,0,0.000216245,content,0.0,700
meta-llama/llama-3.3-70b-instruct,122,14333,DR_k2,confounding,3,ett,simpson_vaccine,anticommonsense,KEEP,no,no,1,1,234,700,,Novita,length,0,0.00031159,content,0.0,700
meta-llama/llama-3.3-70b-instruct,122,14333,DR_k2_NI,confounding,3,ett,simpson_vaccine,anticommonsense,KEEP,no,no,1,1,227,563,,Novita,stop,0,0.000255845,content,0.0,700
meta-llama/llama-3.3-70b-instruct,122,14333,DR_k3,confounding,3,ett,simpson_vaccine,anticommonsense,KEEP,no,yes,0,1,235,428,,Novita,stop,0,0.000202925,content,0.0,700
meta-llama/llama-3.3-70b-instruct,122,14333,DR_k3_NI,confounding,3,ett,simpson_vaccine,anticommonsense,KEEP,no,no,1,1,228,700,,Novita,length,0,0.00031078,content,0.0,700
meta-llama/llama-3.3-70b-instruct,123,18882,RAW,confounding,3,ett,simpson_hospital,anticommonsense,KEEP,yes,yes,1,1,184,660,,Novita,stop,0,0.00028884,content,0.0,700
meta-llama/llama-3.3-70b-instruct,123,18882,ORACLE,confounding,3,ett,simpson_hospital,anticommonsense,KEEP,yes,yes,1,1,221,632,,Novita,stop,0,0.000282635,content,0.0,700
meta-llama/llama-3.3-70b-instruct,123,18882,ORACLE_NI,confounding,3,ett,simpson_hospital,anticommonsense,KEEP,yes,yes,1,1,214,439,,Novita,stop,0,0.00020449,content,0.0,700
meta-llama/llama-3.3-70b-instruct,123,18882,DR_k1,confounding,3,ett,simpson_hospital,anticommonsense,KEEP,yes,yes,1,1,221,537,,Novita,stop,0,0.000244635,content,0.0,700
meta-llama/llama-3.3-70b-instruct,123,18882,DR_k1_NI,confounding,3,ett,simpson_hospital,anticommonsense,KEEP,yes,yes,1,1,214,509,,Novita,stop,0,0.00023249,content,0.0,700
meta-llama/llama-3.3-70b-instruct,123,18882,DR_k2,confounding,3,ett,simpson_hospital,anticommonsense,KEEP,yes,yes,1,1,220,626,,Novita,stop,0,0.0002801,content,0.0,700
meta-llama/llama-3.3-70b-instruct,123,18882,DR_k2_NI,confounding,3,ett,simpson_hospital,anticommonsense,KEEP,yes,yes,1,1,213,459,,Novita,stop,0,0.000212355,content,0.0,700
meta-llama/llama-3.3-70b-instruct,123,18882,DR_k3,confounding,3,ett,simpson_hospital,anticommonsense,KEEP,yes,yes,1,1,220,414,,Novita,stop,0,0.0001953,content,0.0,700
meta-llama/llama-3.3-70b-instruct,123,18882,DR_k3_NI,confounding,3,ett,simpson_hospital,anticommonsense,KEEP,yes,yes,1,1,213,644,,Novita,stop,0,0.000286355,content,0.0,700
meta-llama/llama-3.3-70b-instruct,124,3784,RAW,confounding,3,ett,simpson_kidneystone,easy,KEEP,no,no,1,1,172,700,,Novita,length,0,0.00030322,content,0.0,700
meta-llama/llama-3.3-70b-instruct,124,3784,ORACLE,confounding,3,ett,simpson_kidneystone,easy,KEEP,no,no,1,1,208,700,,Novita,length,0,0.00030808,content,0.0,700
meta-llama/llama-3.3-70b-instruct,124,3784,ORACLE_NI,confounding,3,ett,simpson_kidneystone,easy,KEEP,no,no,1,1,201,579,,Novita,stop,0,0.000258735,content,0.0,700
meta-llama/llama-3.3-70b-instruct,124,3784,DR_k1,confounding,3,ett,simpson_kidneystone,easy,KEEP,no,no,1,1,210,700,,Novita,length,0,0.00030835,content,0.0,700
meta-llama/llama-3.3-70b-instruct,124,3784,DR_k1_NI,confounding,3,ett,simpson_kidneystone,easy,KEEP,no,no,1,1,203,700,,Novita,length,0,0.000307405,content,0.0,700
meta-llama/llama-3.3-70b-instruct,124,3784,DR_k2,confounding,3,ett,simpson_kidneystone,easy,KEEP,no,no,1,1,210,554,,Novita,stop,0,0.00024995,content,0.0,700
meta-llama/llama-3.3-70b-instruct,124,3784,DR_k2_NI,confounding,3,ett,simpson_kidneystone,easy,KEEP,no,no,1,1,203,382,,Novita,stop,0,0.000180205,content,0.0,700
meta-llama/llama-3.3-70b-instruct,124,3784,DR_k3,confounding,3,ett,simpson_kidneystone,easy,KEEP,no,no,1,1,210,397,,Novita,stop,0,0.00018715,content,0.0,700
meta-llama/llama-3.3-70b-instruct,124,3784,DR_k3_NI,confounding,3,ett,simpson_kidneystone,easy,KEEP,no,no,1,1,203,543,,Novita,stop,0,0.000244605,content,0.0,700
meta-llama/llama-3.3-70b-instruct,125,3916,RAW,confounding,3,ett,simpson_vaccine,easy,KEEP,yes,no,0,1,189,575,,Novita,stop,0,0.000255515,content,0.0,700
meta-llama/llama-3.3-70b-instruct,125,3916,ORACLE,confounding,3,ett,simpson_vaccine,easy,KEEP,yes,no,0,1,225,488,,Novita,stop,0,0.000225575,content,0.0,700
meta-llama/llama-3.3-70b-instruct,125,3916,ORACLE_NI,confounding,3,ett,simpson_vaccine,easy,KEEP,yes,no,0,1,218,332,,Novita,stop,0,0.00016223,content,0.0,700
meta-llama/llama-3.3-70b-instruct,125,3916,DR_k1,confounding,3,ett,simpson_vaccine,easy,KEEP,yes,no,0,1,227,421,,Novita,stop,0,0.000199045,content,0.0,700
meta-llama/llama-3.3-70b-instruct,125,3916,DR_k1_NI,confounding,3,ett,simpson_vaccine,easy,KEEP,yes,no,0,1,220,420,,Novita,stop,0,0.0001977,content,0.0,700
meta-llama/llama-3.3-70b-instruct,125,3916,DR_k2,confounding,3,ett,simpson_vaccine,easy,KEEP,yes,no,0,1,228,354,,Novita,stop,0,0.00017238,content,0.0,700
meta-llama/llama-3.3-70b-instruct,125,3916,DR_k2_NI,confounding,3,ett,simpson_vaccine,easy,KEEP,yes,no,0,1,221,497,,Novita,stop,0,0.000228635,content,0.0,700
meta-llama/llama-3.3-70b-instruct,125,3916,DR_k3,confounding,3,ett,simpson_vaccine,easy,KEEP,yes,no,0,1,228,586,,Novita,stop,0,0.00026518,content,0.0,700
meta-llama/llama-3.3-70b-instruct,125,3916,DR_k3_NI,confounding,3,ett,simpson_vaccine,easy,KEEP,yes,no,0,1,221,556,,Novita,stop,0,0.000252235,content,0.0,700
meta-llama/llama-3.3-70b-instruct,126,14082,RAW,confounding,3,ett,simpson_hospital,anticommonsense,KEEP,no,no,1,1,189,345,,Novita,stop,0,0.000163515,content,0.0,700
meta-llama/llama-3.3-70b-instruct,126,14082,ORACLE,confounding,3,ett,simpson_hospital,anticommonsense,KEEP,no,,0,0,228,700,,Novita,length,0,0.00031078,content,0.0,700
meta-llama/llama-3.3-70b-instruct,126,14082,ORACLE_NI,confounding,3,ett,simpson_hospital,anticommonsense,KEEP,no,,0,0,221,700,,Novita,length,0,0.000309835,content,0.0,700
meta-llama/llama-3.3-70b-instruct,126,14082,DR_k1,confounding,3,ett,simpson_hospital,anticommonsense,KEEP,no,no,1,1,227,626,,Novita,stop,0,0.000281045,content,0.0,700
meta-llama/llama-3.3-70b-instruct,126,14082,DR_k1_NI,confounding,3,ett,simpson_hospital,anticommonsense,KEEP,no,no,1,1,220,651,,Novita,stop,0,0.0002901,content,0.0,700
meta-llama/llama-3.3-70b-instruct,126,14082,DR_k2,confounding,3,ett,simpson_hospital,anticommonsense,KEEP,no,no,1,1,227,550,,Novita,stop,0,0.000250645,content,0.0,700
meta-llama/llama-3.3-70b-instruct,126,14082,DR_k2_NI,confounding,3,ett,simpson_hospital,anticommonsense,KEEP,no,no,1,1,220,318,,Novita,stop,0,0.0001569,content,0.0,700
meta-llama/llama-3.3-70b-instruct,126,14082,DR_k3,confounding,3,ett,simpson_hospital,anticommonsense,KEEP,no,no,1,1,226,442,,Novita,stop,0,0.00020731,content,0.0,700
meta-llama/llama-3.3-70b-instruct,126,14082,DR_k3_NI,confounding,3,ett,simpson_hospital,anticommonsense,KEEP,no,no,1,1,219,457,,Novita,stop,0,0.000212365,content,0.0,700
meta-llama/llama-3.3-70b-instruct,127,8642,RAW,confounding,3,ett,simpson_kidneystone,hard,KEEP,yes,yes,1,1,172,357,,Novita,stop,0,0.00016602,content,0.0,700
meta-llama/llama-3.3-70b-instruct,127,8642,ORACLE,confounding,3,ett,simpson_kidneystone,hard,KEEP,yes,no,0,1,208,700,,Novita,length,0,0.00030808,content,0.0,700
meta-llama/llama-3.3-70b-instruct,127,8642,ORACLE_NI,confounding,3,ett,simpson_kidneystone,hard,KEEP,yes,yes,1,1,201,621,,Novita,stop,0,0.000275535,content,0.0,700
meta-llama/llama-3.3-70b-instruct,127,8642,DR_k1,confounding,3,ett,simpson_kidneystone,hard,KEEP,yes,no,0,1,208,700,,Novita,length,0,0.00030808,content,0.0,700
meta-llama/llama-3.3-70b-instruct,127,8642,DR_k1_NI,confounding,3,ett,simpson_kidneystone,hard,KEEP,yes,yes,1,1,201,494,,Novita,stop,0,0.000224735,content,0.0,700
meta-llama/llama-3.3-70b-instruct,127,8642,DR_k2,confounding,3,ett,simpson_kidneystone,hard,KEEP,yes,no,0,1,210,700,,Novita,length,0,0.00030835,content,0.0,700
meta-llama/llama-3.3-70b-instruct,127,8642,DR_k2_NI,confounding,3,ett,simpson_kidneystone,hard,KEEP,yes,no,0,1,203,700,,Novita,length,0,0.000307405,content,0.0,700
meta-llama/llama-3.3-70b-instruct,127,8642,DR_k3,confounding,3,ett,simpson_kidneystone,hard,KEEP,yes,yes,1,1,210,699,,Novita,stop,0,0.00030795,content,0.0,700
meta-llama/llama-3.3-70b-instruct,127,8642,DR_k3_NI,confounding,3,ett,simpson_kidneystone,hard,KEEP,yes,yes,1,1,203,378,,Novita,stop,0,0.000178605,content,0.0,700
meta-llama/llama-3.3-70b-instruct,128,8533,RAW,confounding,3,ett,simpson_hospital,hard,KEEP,yes,yes,1,1,179,301,,Novita,stop,0,0.000144565,content,0.0,700
meta-llama/llama-3.3-70b-instruct,128,8533,ORACLE,confounding,3,ett,simpson_hospital,hard,KEEP,yes,yes,1,1,214,279,,Novita,stop,0,0.00014049,content,0.0,700
meta-llama/llama-3.3-70b-instruct,128,8533,ORACLE_NI,confounding,3,ett,simpson_hospital,hard,KEEP,yes,yes,1,1,207,305,,Novita,stop,0,0.000149945,content,0.0,700
meta-llama/llama-3.3-70b-instruct,128,8533,DR_k1,confounding,3,ett,simpson_hospital,hard,KEEP,yes,yes,1,1,213,448,,Novita,stop,0,0.000207955,content,0.0,700
meta-llama/llama-3.3-70b-instruct,128,8533,DR_k1_NI,confounding,3,ett,simpson_hospital,hard,KEEP,yes,yes,1,1,206,299,,Novita,stop,0,0.00014741,content,0.0,700
meta-llama/llama-3.3-70b-instruct,128,8533,DR_k2,confounding,3,ett,simpson_hospital,hard,KEEP,yes,yes,1,1,214,406,,Novita,stop,0,0.00019129,content,0.0,700
meta-llama/llama-3.3-70b-instruct,128,8533,DR_k2_NI,confounding,3,ett,simpson_hospital,hard,KEEP,yes,yes,1,1,207,288,,Novita,stop,0,0.000143145,content,0.0,700
meta-llama/llama-3.3-70b-instruct,128,8533,DR_k3,confounding,3,ett,simpson_hospital,hard,KEEP,yes,yes,1,1,214,534,,Novita,stop,0,0.00024249,content,0.0,700
meta-llama/llama-3.3-70b-instruct,128,8533,DR_k3_NI,confounding,3,ett,simpson_hospital,hard,KEEP,yes,yes,1,1,207,273,,Novita,stop,0,0.000137145,content,0.0,700
meta-llama/llama-3.3-70b-instruct,129,14228,RAW,confounding,3,ett,simpson_kidneystone,anticommonsense,KEEP,no,no,1,1,177,405,,Novita,stop,0,0.000185895,content,0.0,700
meta-llama/llama-3.3-70b-instruct,129,14228,ORACLE,confounding,3,ett,simpson_kidneystone,anticommonsense,KEEP,no,no,1,1,215,700,,Novita,length,0,0.000309025,content,0.0,700
meta-llama/llama-3.3-70b-instruct,129,14228,ORACLE_NI,confounding,3,ett,simpson_kidneystone,anticommonsense,KEEP,no,no,1,1,208,629,,Novita,stop,0,0.00027968,content,0.0,700
meta-llama/llama-3.3-70b-instruct,129,14228,DR_k1,confounding,3,ett,simpson_kidneystone,anticommonsense,KEEP,no,no,1,1,215,605,,Novita,stop,0,0.000271025,content,0.0,700
meta-llama/llama-3.3-70b-instruct,129,14228,DR_k1_NI,confounding,3,ett,simpson_kidneystone,anticommonsense,KEEP,no,no,1,1,208,577,,Novita,stop,0,0.00025888,content,0.0,700
meta-llama/llama-3.3-70b-instruct,129,14228,DR_k2,confounding,3,ett,simpson_kidneystone,anticommonsense,KEEP,no,no,1,1,216,636,,Novita,stop,0,0.00028356,content,0.0,700
meta-llama/llama-3.3-70b-instruct,129,14228,DR_k2_NI,confounding,3,ett,simpson_kidneystone,anticommonsense,KEEP,no,no,1,1,209,449,,Novita,stop,0,0.000207815,content,0.0,700
meta-llama/llama-3.3-70b-instruct,129,14228,DR_k3,confounding,3,ett,simpson_kidneystone,anticommonsense,KEEP,no,no,1,1,216,427,,Novita,stop,0,0.00019996,content,0.0,700
meta-llama/llama-3.3-70b-instruct,129,14228,DR_k3_NI,confounding,3,ett,simpson_kidneystone,anticommonsense,KEEP,no,no,1,1,209,528,,Novita,stop,0,0.000239415,content,0.0,700
meta-llama/llama-3.3-70b-instruct,130,8565,RAW,confounding,3,ett,simpson_kidneystone,hard,KEEP,no,yes,0,1,172,336,,Novita,stop,0,0.00015762,content,0.0,700
meta-llama/llama-3.3-70b-instruct,130,8565,ORACLE,confounding,3,ett,simpson_kidneystone,hard,KEEP,no,no,1,1,208,700,,Novita,length,0,0.00030808,content,0.0,700
meta-llama/llama-3.3-70b-instruct,130,8565,ORACLE_NI,confounding,3,ett,simpson_kidneystone,hard,KEEP,no,yes,0,1,201,421,,Novita,stop,0,0.000195535,content,0.0,700
meta-llama/llama-3.3-70b-instruct,130,8565,DR_k1,confounding,3,ett,simpson_kidneystone,hard,KEEP,no,no,1,1,210,623,,Novita,stop,0,0.00027755,content,0.0,700
meta-llama/llama-3.3-70b-instruct,130,8565,DR_k1_NI,confounding,3,ett,simpson_kidneystone,hard,KEEP,no,yes,0,1,203,361,,Novita,stop,0,0.000171805,content,0.0,700
meta-llama/llama-3.3-70b-instruct,130,8565,DR_k2,confounding,3,ett,simpson_kidneystone,hard,KEEP,no,yes,0,1,210,536,,Novita,stop,0,0.00024275,content,0.0,700
meta-llama/llama-3.3-70b-instruct,130,8565,DR_k2_NI,confounding,3,ett,simpson_kidneystone,hard,KEEP,no,yes,0,1,203,484,,Novita,stop,0,0.000221005,content,0.0,700
meta-llama/llama-3.3-70b-instruct,130,8565,DR_k3,confounding,3,ett,simpson_kidneystone,hard,KEEP,no,yes,0,1,210,532,,Novita,stop,0,0.00024115,content,0.0,700
meta-llama/llama-3.3-70b-instruct,130,8565,DR_k3_NI,confounding,3,ett,simpson_kidneystone,hard,KEEP,no,yes,0,1,203,486,,Novita,stop,0,0.000221805,content,0.0,700
meta-llama/llama-3.3-70b-instruct,131,14176,RAW,confounding,3,ett,simpson_kidneystone,anticommonsense,KEEP,no,no,1,1,177,518,,Novita,stop,0,0.000231095,content,0.0,700
meta-llama/llama-3.3-70b-instruct,131,14176,ORACLE,confounding,3,ett,simpson_kidneystone,anticommonsense,KEEP,no,no,1,1,215,688,,Novita,stop,0,0.000304225,content,0.0,700
meta-llama/llama-3.3-70b-instruct,131,14176,ORACLE_NI,confounding,3,ett,simpson_kidneystone,anticommonsense,KEEP,no,no,1,1,208,651,,Novita,stop,0,0.00028848,content,0.0,700
meta-llama/llama-3.3-70b-instruct,131,14176,DR_k1,confounding,3,ett,simpson_kidneystone,anticommonsense,KEEP,no,no,1,1,215,700,,Novita,length,0,0.000309025,content,0.0,700
meta-llama/llama-3.3-70b-instruct,131,14176,DR_k1_NI,confounding,3,ett,simpson_kidneystone,anticommonsense,KEEP,no,no,1,1,208,676,,Novita,stop,0,0.00029848,content,0.0,700
meta-llama/llama-3.3-70b-instruct,131,14176,DR_k2,confounding,3,ett,simpson_kidneystone,anticommonsense,KEEP,no,no,1,1,216,625,,Novita,stop,0,0.00027916,content,0.0,700
meta-llama/llama-3.3-70b-instruct,131,14176,DR_k2_NI,confounding,3,ett,simpson_kidneystone,anticommonsense,KEEP,no,no,1,1,209,700,,Novita,length,0,0.000308215,content,0.0,700
meta-llama/llama-3.3-70b-instruct,131,14176,DR_k3,confounding,3,ett,simpson_kidneystone,anticommonsense,KEEP,no,no,1,1,216,298,,Novita,stop,0,0.00014836,content,0.0,700
meta-llama/llama-3.3-70b-instruct,131,14176,DR_k3_NI,confounding,3,ett,simpson_kidneystone,anticommonsense,KEEP,no,no,1,1,209,700,,Novita,length,0,0.000308215,content,0.0,700
meta-llama/llama-3.3-70b-instruct,132,14320,RAW,confounding,3,ett,simpson_vaccine,anticommonsense,KEEP,no,yes,0,1,194,295,,Novita,stop,0,0.00014419,content,0.0,700
meta-llama/llama-3.3-70b-instruct,132,14320,ORACLE,confounding,3,ett,simpson_vaccine,anticommonsense,KEEP,no,no,1,1,234,476,,Novita,stop,0,0.00022199,content,0.0,700
meta-llama/llama-3.3-70b-instruct,132,14320,ORACLE_NI,confounding,3,ett,simpson_vaccine,anticommonsense,KEEP,no,no,1,1,227,493,,Novita,stop,0,0.000227845,content,0.0,700
meta-llama/llama-3.3-70b-instruct,132,14320,DR_k1,confounding,3,ett,simpson_vaccine,anticommonsense,KEEP,no,no,1,1,234,451,,Novita,stop,0,0.00021199,content,0.0,700
meta-llama/llama-3.3-70b-instruct,132,14320,DR_k1_NI,confounding,3,ett,simpson_vaccine,anticommonsense,KEEP,no,yes,0,1,227,459,,Novita,stop,0,0.000214245,content,0.0,700
meta-llama/llama-3.3-70b-instruct,132,14320,DR_k2,confounding,3,ett,simpson_vaccine,anticommonsense,KEEP,no,yes,0,1,234,471,,Novita,stop,0,0.00021999,content,0.0,700
meta-llama/llama-3.3-70b-instruct,132,14320,DR_k2_NI,confounding,3,ett,simpson_vaccine,anticommonsense,KEEP,no,yes,0,1,227,396,,Novita,stop,0,0.000189045,content,0.0,700
meta-llama/llama-3.3-70b-instruct,132,14320,DR_k3,confounding,3,ett,simpson_vaccine,anticommonsense,KEEP,no,no,1,1,235,578,,Novita,stop,0,0.000262925,content,0.0,700
meta-llama/llama-3.3-70b-instruct,132,14320,DR_k3_NI,confounding,3,ett,simpson_vaccine,anticommonsense,KEEP,no,no,1,1,228,526,,Novita,stop,0,0.00024118,content,0.0,700
meta-llama/llama-3.3-70b-instruct,133,14170,RAW,confounding,3,ett,simpson_kidneystone,anticommonsense,KEEP,no,no,1,1,177,656,,Novita,stop,0,0.000286295,content,0.0,700
meta-llama/llama-3.3-70b-instruct,133,14170,ORACLE,confounding,3,ett,simpson_kidneystone,anticommonsense,KEEP,no,no,1,1,215,700,,Novita,length,0,0.000309025,content,0.0,700
meta-llama/llama-3.3-70b-instruct,133,14170,ORACLE_NI,confounding,3,ett,simpson_kidneystone,anticommonsense,KEEP,no,no,1,1,208,700,,Novita,length,0,0.00030808,content,0.0,700
meta-llama/llama-3.3-70b-instruct,133,14170,DR_k1,confounding,3,ett,simpson_kidneystone,anticommonsense,KEEP,no,no,1,1,217,365,,Novita,stop,0,0.000175295,content,0.0,700
meta-llama/llama-3.3-70b-instruct,133,14170,DR_k1_NI,confounding,3,ett,simpson_kidneystone,anticommonsense,KEEP,no,no,1,1,210,668,,Novita,stop,0,0.00029555,content,0.0,700
meta-llama/llama-3.3-70b-instruct,133,14170,DR_k2,confounding,3,ett,simpson_kidneystone,anticommonsense,KEEP,no,yes,0,1,217,367,,Novita,stop,0,0.000176095,content,0.0,700
meta-llama/llama-3.3-70b-instruct,133,14170,DR_k2_NI,confounding,3,ett,simpson_kidneystone,anticommonsense,KEEP,no,no,1,1,210,587,,Novita,stop,0,0.00026315,content,0.0,700
meta-llama/llama-3.3-70b-instruct,133,14170,DR_k3,confounding,3,ett,simpson_kidneystone,anticommonsense,KEEP,no,no,1,1,216,581,,Novita,stop,0,0.00026156,content,0.0,700
meta-llama/llama-3.3-70b-instruct,133,14170,DR_k3_NI,confounding,3,ett,simpson_kidneystone,anticommonsense,KEEP,no,no,1,1,209,514,,Novita,stop,0,0.000233815,content,0.0,700
meta-llama/llama-3.3-70b-instruct,134,18975,RAW,confounding,3,ett,simpson_kidneystone,anticommonsense,KEEP,yes,yes,1,1,175,371,,Novita,stop,0,0.000172025,content,0.0,700
meta-llama/llama-3.3-70b-instruct,134,18975,ORACLE,confounding,3,ett,simpson_kidneystone,anticommonsense,KEEP,yes,yes,1,1,217,511,,Novita,stop,0,0.000233695,content,0.0,700
meta-llama/llama-3.3-70b-instruct,134,18975,ORACLE_NI,confounding,3,ett,simpson_kidneystone,anticommonsense,KEEP,yes,yes,1,1,210,602,,Novita,stop,0,0.00026915,content,0.0,700
meta-llama/llama-3.3-70b-instruct,134,18975,DR_k1,confounding,3,ett,simpson_kidneystone,anticommonsense,KEEP,yes,,0,0,217,700,,Novita,length,0,0.000309295,content,0.0,700
meta-llama/llama-3.3-70b-instruct,134,18975,DR_k1_NI,confounding,3,ett,simpson_kidneystone,anticommonsense,KEEP,yes,no,0,1,210,628,,Novita,stop,0,0.00027955,content,0.0,700
meta-llama/llama-3.3-70b-instruct,134,18975,DR_k2,confounding,3,ett,simpson_kidneystone,anticommonsense,KEEP,yes,yes,1,1,215,513,,Novita,stop,0,0.000234225,content,0.0,700
meta-llama/llama-3.3-70b-instruct,134,18975,DR_k2_NI,confounding,3,ett,simpson_kidneystone,anticommonsense,KEEP,yes,yes,1,1,208,532,,Novita,stop,0,0.00024088,content,0.0,700
meta-llama/llama-3.3-70b-instruct,134,18975,DR_k3,confounding,3,ett,simpson_kidneystone,anticommonsense,KEEP,yes,yes,1,1,218,611,,Novita,stop,0,0.00027383,content,0.0,700
meta-llama/llama-3.3-70b-instruct,134,18975,DR_k3_NI,confounding,3,ett,simpson_kidneystone,anticommonsense,KEEP,yes,no,0,1,211,687,,Novita,stop,0,0.000303285,content,0.0,700
meta-llama/llama-3.3-70b-instruct,135,8370,RAW,confounding,3,ett,simpson_drug,hard,KEEP,no,yes,0,1,165,516,,Novita,stop,0,0.000228675,content,0.0,700
meta-llama/llama-3.3-70b-instruct,135,8370,ORACLE,confounding,3,ett,simpson_drug,hard,KEEP,no,yes,0,1,198,545,,Novita,stop,0,0.00024473,content,0.0,700
meta-llama/llama-3.3-70b-instruct,135,8370,ORACLE_NI,confounding,3,ett,simpson_drug,hard,KEEP,no,yes,0,1,191,417,,Novita,stop,0,0.000192585,content,0.0,700
meta-llama/llama-3.3-70b-instruct,135,8370,DR_k1,confounding,3,ett,simpson_drug,hard,KEEP,no,yes,0,1,198,686,,Novita,stop,0,0.00030113,content,0.0,700
meta-llama/llama-3.3-70b-instruct,135,8370,DR_k1_NI,confounding,3,ett,simpson_drug,hard,KEEP,no,no,1,1,191,700,,Novita,length,0,0.000305785,content,0.0,700
meta-llama/llama-3.3-70b-instruct,135,8370,DR_k2,confounding,3,ett,simpson_drug,hard,KEEP,no,no,1,1,199,622,,Novita,stop,0,0.000275665,content,0.0,700
meta-llama/llama-3.3-70b-instruct,135,8370,DR_k2_NI,confounding,3,ett,simpson_drug,hard,KEEP,no,no,1,1,192,493,,Novita,stop,0,0.00022312,content,0.0,700
meta-llama/llama-3.3-70b-instruct,135,8370,DR_k3,confounding,3,ett,simpson_drug,hard,KEEP,no,yes,0,1,199,485,,Novita,stop,0,0.000220865,content,0.0,700
meta-llama/llama-3.3-70b-instruct,135,8370,DR_k3_NI,confounding,3,ett,simpson_drug,hard,KEEP,no,no,1,1,192,657,,Novita,stop,0,0.00028872,content,0.0,700
meta-llama/llama-3.3-70b-instruct,136,13990,RAW,confounding,3,ett,simpson_drug,anticommonsense,KEEP,yes,yes,1,1,174,194,,Novita,stop,0,0.00010109,content,0.0,700
meta-llama/llama-3.3-70b-instruct,136,13990,ORACLE,confounding,3,ett,simpson_drug,anticommonsense,KEEP,yes,yes,1,1,211,301,,Novita,stop,0,0.000148885,content,0.0,700
meta-llama/llama-3.3-70b-instruct,136,13990,ORACLE_NI,confounding,3,ett,simpson_drug,anticommonsense,KEEP,yes,yes,1,1,204,235,,Novita,stop,0,0.00012154,content,0.0,700
meta-llama/llama-3.3-70b-instruct,136,13990,DR_k1,confounding,3,ett,simpson_drug,anticommonsense,KEEP,yes,yes,1,1,209,283,,Novita,stop,0,0.000141415,content,0.0,700
meta-llama/llama-3.3-70b-instruct,136,13990,DR_k1_NI,confounding,3,ett,simpson_drug,anticommonsense,KEEP,yes,yes,1,1,202,234,,Novita,stop,0,0.00012087,content,0.0,700
meta-llama/llama-3.3-70b-instruct,136,13990,DR_k2,confounding,3,ett,simpson_drug,anticommonsense,KEEP,yes,yes,1,1,209,416,,Novita,stop,0,0.000194615,content,0.0,700
meta-llama/llama-3.3-70b-instruct,136,13990,DR_k2_NI,confounding,3,ett,simpson_drug,anticommonsense,KEEP,yes,yes,1,1,202,198,,Novita,stop,0,0.00010647,content,0.0,700
meta-llama/llama-3.3-70b-instruct,136,13990,DR_k3,confounding,3,ett,simpson_drug,anticommonsense,KEEP,yes,yes,1,1,211,429,,Novita,stop,0,0.000200085,content,0.0,700
meta-llama/llama-3.3-70b-instruct,136,13990,DR_k3_NI,confounding,3,ett,simpson_drug,anticommonsense,KEEP,yes,yes,1,1,204,374,,Novita,stop,0,0.00017714,content,0.0,700
meta-llama/llama-3.3-70b-instruct,137,19033,RAW,confounding,3,ett,simpson_kidneystone,anticommonsense,KEEP,no,no,1,1,175,425,,Novita,stop,0,0.000193625,content,0.0,700
meta-llama/llama-3.3-70b-instruct,137,19033,ORACLE,confounding,3,ett,simpson_kidneystone,anticommonsense,KEEP,no,,0,0,217,700,,Novita,length,0,0.000309295,content,0.0,700
meta-llama/llama-3.3-70b-instruct,137,19033,ORACLE_NI,confounding,3,ett,simpson_kidneystone,anticommonsense,KEEP,no,no,1,1,210,677,,Novita,stop,0,0.00029915,content,0.0,700
meta-llama/llama-3.3-70b-instruct,137,19033,DR_k1,confounding,3,ett,simpson_kidneystone,anticommonsense,KEEP,no,no,1,1,216,433,,Novita,stop,0,0.00020236,content,0.0,700
meta-llama/llama-3.3-70b-instruct,137,19033,DR_k1_NI,confounding,3,ett,simpson_kidneystone,anticommonsense,KEEP,no,,0,0,209,700,,Novita,length,0,0.000308215,content,0.0,700
meta-llama/llama-3.3-70b-instruct,137,19033,DR_k2,confounding,3,ett,simpson_kidneystone,anticommonsense,KEEP,no,no,1,1,219,577,,Novita,stop,0,0.000260365,content,0.0,700
meta-llama/llama-3.3-70b-instruct,137,19033,DR_k2_NI,confounding,3,ett,simpson_kidneystone,anticommonsense,KEEP,no,no,1,1,212,592,,Novita,stop,0,0.00026542,content,0.0,700
meta-llama/llama-3.3-70b-instruct,137,19033,DR_k3,confounding,3,ett,simpson_kidneystone,anticommonsense,KEEP,no,no,1,1,218,686,,Novita,stop,0,0.00030383,content,0.0,700
meta-llama/llama-3.3-70b-instruct,137,19033,DR_k3_NI,confounding,3,ett,simpson_kidneystone,anticommonsense,KEEP,no,,0,0,211,700,,Novita,length,0,0.000308485,content,0.0,700
meta-llama/llama-3.3-70b-instruct,138,18948,RAW,confounding,3,ett,simpson_kidneystone,anticommonsense,KEEP,yes,yes,1,1,175,441,,Novita,stop,0,0.000200025,content,0.0,700
meta-llama/llama-3.3-70b-instruct,138,18948,ORACLE,confounding,3,ett,simpson_kidneystone,anticommonsense,KEEP,yes,yes,1,1,217,633,,Novita,stop,0,0.000282495,content,0.0,700
meta-llama/llama-3.3-70b-instruct,138,18948,ORACLE_NI,confounding,3,ett,simpson_kidneystone,anticommonsense,KEEP,yes,,0,0,210,700,,Novita,length,0,0.00030835,content,0.0,700
meta-llama/llama-3.3-70b-instruct,138,18948,DR_k1,confounding,3,ett,simpson_kidneystone,anticommonsense,KEEP,yes,,0,0,216,700,,Novita,length,0,0.00030916,content,0.0,700
meta-llama/llama-3.3-70b-instruct,138,18948,DR_k1_NI,confounding,3,ett,simpson_kidneystone,anticommonsense,KEEP,yes,,0,0,209,700,,Novita,length,0,0.000308215,content,0.0,700
meta-llama/llama-3.3-70b-instruct,138,18948,DR_k2,confounding,3,ett,simpson_kidneystone,anticommonsense,KEEP,yes,,0,0,219,700,,Novita,length,0,0.000309565,content,0.0,700
meta-llama/llama-3.3-70b-instruct,138,18948,DR_k2_NI,confounding,3,ett,simpson_kidneystone,anticommonsense,KEEP,yes,yes,1,1,212,608,,Novita,stop,0,0.00027182,content,0.0,700
meta-llama/llama-3.3-70b-instruct,138,18948,DR_k3,confounding,3,ett,simpson_kidneystone,anticommonsense,KEEP,yes,yes,1,1,218,586,,Novita,stop,0,0.00026383,content,0.0,700
meta-llama/llama-3.3-70b-instruct,138,18948,DR_k3_NI,confounding,3,ett,simpson_kidneystone,anticommonsense,KEEP,yes,yes,1,1,211,368,,Novita,stop,0,0.000175685,content,0.0,700
meta-llama/llama-3.3-70b-instruct,139,19129,RAW,confounding,3,ett,simpson_vaccine,anticommonsense,KEEP,yes,yes,1,1,194,432,,Novita,stop,0,0.00019899,content,0.0,700
meta-llama/llama-3.3-70b-instruct,139,19129,ORACLE,confounding,3,ett,simpson_vaccine,anticommonsense,KEEP,yes,yes,1,1,233,342,,Novita,stop,0,0.000168255,content,0.0,700
meta-llama/llama-3.3-70b-instruct,139,19129,ORACLE_NI,confounding,3,ett,simpson_vaccine,anticommonsense,KEEP,yes,yes,1,1,226,279,,Novita,stop,0,0.00014211,content,0.0,700
meta-llama/llama-3.3-70b-instruct,139,19129,DR_k1,confounding,3,ett,simpson_vaccine,anticommonsense,KEEP,yes,no,0,1,234,575,,Novita,stop,0,0.00026159,content,0.0,700
meta-llama/llama-3.3-70b-instruct,139,19129,DR_k1_NI,confounding,3,ett,simpson_vaccine,anticommonsense,KEEP,yes,no,0,1,227,700,,Novita,length,0,0.000310645,content,0.0,700
meta-llama/llama-3.3-70b-instruct,139,19129,DR_k2,confounding,3,ett,simpson_vaccine,anticommonsense,KEEP,yes,yes,1,1,236,603,,Novita,stop,0,0.00027306,content,0.0,700
meta-llama/llama-3.3-70b-instruct,139,19129,DR_k2_NI,confounding,3,ett,simpson_vaccine,anticommonsense,KEEP,yes,no,0,1,229,700,,Novita,length,0,0.000310915,content,0.0,700
meta-llama/llama-3.3-70b-instruct,139,19129,DR_k3,confounding,3,ett,simpson_vaccine,anticommonsense,KEEP,yes,yes,1,1,236,538,,Novita,stop,0,0.00024706,content,0.0,700
meta-llama/llama-3.3-70b-instruct,139,19129,DR_k3_NI,confounding,3,ett,simpson_vaccine,anticommonsense,KEEP,yes,yes,1,1,229,511,,Novita,stop,0,0.000235315,content,0.0,700
meta-llama/llama-3.3-70b-instruct,140,11617,RAW,diamond,2,ate,vaccine_kills,anticommonsense,KEEP,no,no,1,1,113,79,,Novita,stop,0,4.6855e-05,content,0.0,700
meta-llama/llama-3.3-70b-instruct,140,11617,ORACLE,diamond,2,ate,vaccine_kills,anticommonsense,KEEP,no,no,1,1,171,203,,Novita,stop,0,0.000104285,content,0.0,700
meta-llama/llama-3.3-70b-instruct,140,11617,ORACLE_NI,diamond,2,ate,vaccine_kills,anticommonsense,KEEP,no,no,1,1,164,236,,Novita,stop,0,0.00011654,content,0.0,700
meta-llama/llama-3.3-70b-instruct,140,11617,DR_k1,diamond,2,ate,vaccine_kills,anticommonsense,KEEP,no,no,1,1,170,234,,Novita,stop,0,0.00011655,content,0.0,700
meta-llama/llama-3.3-70b-instruct,140,11617,DR_k1_NI,diamond,2,ate,vaccine_kills,anticommonsense,KEEP,no,no,1,1,163,176,,Novita,stop,0,9.2405e-05,content,0.0,700
meta-llama/llama-3.3-70b-instruct,140,11617,DR_k2,diamond,2,ate,vaccine_kills,anticommonsense,KEEP,no,no,1,1,161,184,,Novita,stop,0,9.5335e-05,content,0.0,700
meta-llama/llama-3.3-70b-instruct,140,11617,DR_k2_NI,diamond,2,ate,vaccine_kills,anticommonsense,KEEP,no,no,1,1,154,107,,Novita,stop,0,6.359e-05,content,0.0,700
meta-llama/llama-3.3-70b-instruct,140,11617,DR_k3,diamond,2,ate,vaccine_kills,anticommonsense,KEEP,no,no,1,1,170,199,,Novita,stop,0,0.00010255,content,0.0,700
meta-llama/llama-3.3-70b-instruct,140,11617,DR_k3_NI,diamond,2,ate,vaccine_kills,anticommonsense,KEEP,no,no,1,1,163,83,,Novita,stop,0,5.5205e-05,content,0.0,700
meta-llama/llama-3.3-70b-instruct,141,15795,RAW,diamond,2,ate,floor_wet,anticommonsense,KEEP,no,no,1,1,103,85,,Novita,stop,0,4.7905e-05,content,0.0,700
meta-llama/llama-3.3-70b-instruct,141,15795,ORACLE,diamond,2,ate,floor_wet,anticommonsense,KEEP,no,no,1,1,147,180,,Novita,stop,0,9.1845e-05,content,0.0,700
meta-llama/llama-3.3-70b-instruct,141,15795,ORACLE_NI,diamond,2,ate,floor_wet,anticommonsense,KEEP,no,no,1,1,140,51,,Novita,stop,0,3.93e-05,content,0.0,700
meta-llama/llama-3.3-70b-instruct,141,15795,DR_k1,diamond,2,ate,floor_wet,anticommonsense,KEEP,no,no,1,1,147,187,,Novita,stop,0,9.4645e-05,content,0.0,700
meta-llama/llama-3.3-70b-instruct,141,15795,DR_k1_NI,diamond,2,ate,floor_wet,anticommonsense,KEEP,no,no,1,1,140,83,,Novita,stop,0,5.21e-05,content,0.0,700
meta-llama/llama-3.3-70b-instruct,141,15795,DR_k2,diamond,2,ate,floor_wet,anticommonsense,KEEP,no,no,1,1,141,127,,Novita,stop,0,6.9835e-05,content,0.0,700
meta-llama/llama-3.3-70b-instruct,141,15795,DR_k2_NI,diamond,2,ate,floor_wet,anticommonsense,KEEP,no,no,1,1,134,86,,Novita,stop,0,5.249e-05,content,0.0,700
meta-llama/llama-3.3-70b-instruct,141,15795,DR_k3,diamond,2,ate,floor_wet,anticommonsense,KEEP,no,no,1,1,147,111,,Novita,stop,0,6.4245e-05,content,0.0,700
meta-llama/llama-3.3-70b-instruct,141,15795,DR_k3_NI,diamond,2,ate,floor_wet,anticommonsense,KEEP,no,no,1,1,140,82,,Novita,stop,0,5.17e-05,content,0.0,700
meta-llama/llama-3.3-70b-instruct,142,635,RAW,diamond,2,ate,floor_wet,easy,KEEP,yes,yes,1,1,103,84,,Novita,stop,0,4.7505e-05,content,0.0,700
meta-llama/llama-3.3-70b-instruct,142,635,ORACLE,diamond,2,ate,floor_wet,easy,KEEP,yes,yes,1,1,147,141,,Novita,stop,0,7.6245e-05,content,0.0,700
meta-llama/llama-3.3-70b-instruct,142,635,ORACLE_NI,diamond,2,ate,floor_wet,easy,KEEP,yes,yes,1,1,140,102,,Novita,stop,0,5.97e-05,content,0.0,700
meta-llama/llama-3.3-70b-instruct,142,635,DR_k1,diamond,2,ate,floor_wet,easy,KEEP,yes,yes,1,1,146,125,,Novita,stop,0,6.971e-05,content,0.0,700
meta-llama/llama-3.3-70b-instruct,142,635,DR_k1_NI,diamond,2,ate,floor_wet,easy,KEEP,yes,yes,1,1,139,205,,Novita,stop,0,0.000100765,content,0.0,700
meta-llama/llama-3.3-70b-instruct,142,635,DR_k2,diamond,2,ate,floor_wet,easy,KEEP,yes,yes,1,1,140,174,,Novita,stop,0,8.85e-05,content,0.0,700
meta-llama/llama-3.3-70b-instruct,142,635,DR_k2_NI,diamond,2,ate,floor_wet,easy,KEEP,yes,yes,1,1,133,82,,Novita,stop,0,5.0755e-05,content,0.0,700
meta-llama/llama-3.3-70b-instruct,142,635,DR_k3,diamond,2,ate,floor_wet,easy,KEEP,yes,yes,1,1,147,171,,Novita,stop,0,8.8245e-05,content,0.0,700
meta-llama/llama-3.3-70b-instruct,142,635,DR_k3_NI,diamond,2,ate,floor_wet,easy,KEEP,yes,yes,1,1,140,85,,Novita,stop,0,5.29e-05,content,0.0,700
meta-llama/llama-3.3-70b-instruct,143,10948,RAW,diamond,2,ate,floor_wet,anticommonsense,KEEP,yes,yes,1,1,108,92,,Novita,stop,0,5.138e-05,content,0.0,700
meta-llama/llama-3.3-70b-instruct,143,10948,ORACLE,diamond,2,ate,floor_wet,anticommonsense,KEEP,yes,yes,1,1,153,202,,Novita,stop,0,0.000101455,content,0.0,700
meta-llama/llama-3.3-70b-instruct,143,10948,ORACLE_NI,diamond,2,ate,floor_wet,anticommonsense,KEEP,yes,yes,1,1,146,167,,Novita,stop,0,8.651e-05,content,0.0,700
meta-llama/llama-3.3-70b-instruct,143,10948,DR_k1,diamond,2,ate,floor_wet,anticommonsense,KEEP,yes,yes,1,1,153,192,,Novita,stop,0,9.7455e-05,content,0.0,700
meta-llama/llama-3.3-70b-instruct,143,10948,DR_k1_NI,diamond,2,ate,floor_wet,anticommonsense,KEEP,yes,yes,1,1,146,135,,Novita,stop,0,7.371e-05,content,0.0,700
meta-llama/llama-3.3-70b-instruct,143,10948,DR_k2,diamond,2,ate,floor_wet,anticommonsense,KEEP,yes,yes,1,1,147,383,,Novita,stop,0,0.000173045,content,0.0,700
meta-llama/llama-3.3-70b-instruct,143,10948,DR_k2_NI,diamond,2,ate,floor_wet,anticommonsense,KEEP,yes,yes,1,1,140,225,,Novita,stop,0,0.0001089,content,0.0,700
meta-llama/llama-3.3-70b-instruct,143,10948,DR_k3,diamond,2,ate,floor_wet,anticommonsense,KEEP,yes,yes,1,1,154,338,,Novita,stop,0,0.00015599,content,0.0,700
meta-llama/llama-3.3-70b-instruct,143,10948,DR_k3_NI,diamond,2,ate,floor_wet,anticommonsense,KEEP,yes,yes,1,1,147,184,,Novita,stop,0,9.3445e-05,content,0.0,700
meta-llama/llama-3.3-70b-instruct,144,5432,RAW,diamond,2,ate,floor_wet,hard,KEEP,no,no,1,1,103,84,,Novita,stop,0,4.7505e-05,content,0.0,700
meta-llama/llama-3.3-70b-instruct,144,5432,ORACLE,diamond,2,ate,floor_wet,hard,KEEP,no,no,1,1,147,171,,Novita,stop,0,8.8245e-05,content,0.0,700
meta-llama/llama-3.3-70b-instruct,144,5432,ORACLE_NI,diamond,2,ate,floor_wet,hard,KEEP,no,no,1,1,140,54,,Novita,stop,0,4.05e-05,content,0.0,700
meta-llama/llama-3.3-70b-instruct,144,5432,DR_k1,diamond,2,ate,floor_wet,hard,KEEP,no,no,1,1,146,108,,Novita,stop,0,6.291e-05,content,0.0,700
meta-llama/llama-3.3-70b-instruct,144,5432,DR_k1_NI,diamond,2,ate,floor_wet,hard,KEEP,no,no,1,1,139,82,,Novita,stop,0,5.1565e-05,content,0.0,700
meta-llama/llama-3.3-70b-instruct,144,5432,DR_k2,diamond,2,ate,floor_wet,hard,KEEP,no,no,1,1,146,70,,Novita,stop,0,4.771e-05,content,0.0,700
meta-llama/llama-3.3-70b-instruct,144,5432,DR_k2_NI,diamond,2,ate,floor_wet,hard,KEEP,no,no,1,1,139,99,,Novita,stop,0,5.8365e-05,content,0.0,700
meta-llama/llama-3.3-70b-instruct,144,5432,DR_k3,diamond,2,ate,floor_wet,hard,KEEP,no,no,1,1,147,80,,Novita,stop,0,5.1845e-05,content,0.0,700
meta-llama/llama-3.3-70b-instruct,144,5432,DR_k3_NI,diamond,2,ate,floor_wet,hard,KEEP,no,no,1,1,140,83,,Novita,stop,0,5.21e-05,content,0.0,700
meta-llama/llama-3.3-70b-instruct,145,11607,RAW,diamond,2,ate,vaccine_kills,anticommonsense,KEEP,yes,yes,1,1,113,78,,Novita,stop,0,4.6455e-05,content,0.0,700
meta-llama/llama-3.3-70b-instruct,145,11607,ORACLE,diamond,2,ate,vaccine_kills,anticommonsense,KEEP,yes,yes,1,1,171,190,,Novita,stop,0,9.9085e-05,content,0.0,700
meta-llama/llama-3.3-70b-instruct,145,11607,ORACLE_NI,diamond,2,ate,vaccine_kills,anticommonsense,KEEP,yes,yes,1,1,164,214,,Novita,stop,0,0.00010774,content,0.0,700
meta-llama/llama-3.3-70b-instruct,145,11607,DR_k1,diamond,2,ate,vaccine_kills,anticommonsense,KEEP,yes,yes,1,1,172,337,,Novita,stop,0,0.00015802,content,0.0,700
meta-llama/llama-3.3-70b-instruct,145,11607,DR_k1_NI,diamond,2,ate,vaccine_kills,anticommonsense,KEEP,yes,yes,1,1,165,200,,Novita,stop,0,0.000102275,content,0.0,700
meta-llama/llama-3.3-70b-instruct,145,11607,DR_k2,diamond,2,ate,vaccine_kills,anticommonsense,KEEP,yes,yes,1,1,172,207,,Novita,stop,0,0.00010602,content,0.0,700
meta-llama/llama-3.3-70b-instruct,145,11607,DR_k2_NI,diamond,2,ate,vaccine_kills,anticommonsense,KEEP,yes,yes,1,1,165,83,,Novita,stop,0,5.5475e-05,content,0.0,700
meta-llama/llama-3.3-70b-instruct,145,11607,DR_k3,diamond,2,ate,vaccine_kills,anticommonsense,KEEP,yes,yes,1,1,169,339,,Novita,stop,0,0.000158415,content,0.0,700
meta-llama/llama-3.3-70b-instruct,145,11607,DR_k3_NI,diamond,2,ate,vaccine_kills,anticommonsense,KEEP,yes,yes,1,1,162,81,,Novita,stop,0,5.427e-05,content,0.0,700
meta-llama/llama-3.3-70b-instruct,146,15606,RAW,diamond,2,ate,firing_squad,anticommonsense,KEEP,no,no,1,1,112,97,,Novita,stop,0,5.392e-05,content,0.0,700
meta-llama/llama-3.3-70b-instruct,146,15606,ORACLE,diamond,2,ate,firing_squad,anticommonsense,KEEP,no,no,1,1,162,221,,Novita,stop,0,0.00011027,content,0.0,700
meta-llama/llama-3.3-70b-instruct,146,15606,ORACLE_NI,diamond,2,ate,firing_squad,anticommonsense,KEEP,no,no,1,1,155,174,,Novita,stop,0,9.0525e-05,content,0.0,700
meta-llama/llama-3.3-70b-instruct,146,15606,DR_k1,diamond,2,ate,firing_squad,anticommonsense,KEEP,no,no,1,1,163,206,,Novita,stop,0,0.000104405,content,0.0,700
meta-llama/llama-3.3-70b-instruct,146,15606,DR_k1_NI,diamond,2,ate,firing_squad,anticommonsense,KEEP,no,no,1,1,156,211,,Novita,stop,0,0.00010546,content,0.0,700
meta-llama/llama-3.3-70b-instruct,146,15606,DR_k2,diamond,2,ate,firing_squad,anticommonsense,KEEP,no,no,1,1,156,205,,Novita,stop,0,0.00010306,content,0.0,700
meta-llama/llama-3.3-70b-instruct,146,15606,DR_k2_NI,diamond,2,ate,firing_squad,anticommonsense,KEEP,no,no,1,1,149,124,,Novita,stop,0,6.9715e-05,content,0.0,700
meta-llama/llama-3.3-70b-instruct,146,15606,DR_k3,diamond,2,ate,firing_squad,anticommonsense,KEEP,no,no,1,1,164,285,,Novita,stop,0,0.00013614,content,0.0,700
meta-llama/llama-3.3-70b-instruct,146,15606,DR_k3_NI,diamond,2,ate,firing_squad,anticommonsense,KEEP,no,no,1,1,157,196,,Novita,stop,0,9.9595e-05,content,0.0,700
meta-llama/llama-3.3-70b-instruct,147,1285,RAW,diamond,2,ate,vaccine_kills,easy,KEEP,no,no,1,1,106,77,,Novita,stop,0,4.511e-05,content,0.0,700
meta-llama/llama-3.3-70b-instruct,147,1285,ORACLE,diamond,2,ate,vaccine_kills,easy,KEEP,no,no,1,1,164,244,,Novita,stop,0,0.00011974,content,0.0,700
meta-llama/llama-3.3-70b-instruct,147,1285,ORACLE_NI,diamond,2,ate,vaccine_kills,easy,KEEP,no,no,1,1,157,76,,Novita,stop,0,5.1595e-05,content,0.0,700
meta-llama/llama-3.3-70b-instruct,147,1285,DR_k1,diamond,2,ate,vaccine_kills,easy,KEEP,no,no,1,1,162,193,,Novita,stop,0,9.907e-05,content,0.0,700
meta-llama/llama-3.3-70b-instruct,147,1285,DR_k1_NI,diamond,2,ate,vaccine_kills,easy,KEEP,no,no,1,1,155,76,,Novita,stop,0,5.1325e-05,content,0.0,700
meta-llama/llama-3.3-70b-instruct,147,1285,DR_k2,diamond,2,ate,vaccine_kills,easy,KEEP,no,no,1,1,154,94,,Novita,stop,0,5.839e-05,content,0.0,700
meta-llama/llama-3.3-70b-instruct,147,1285,DR_k2_NI,diamond,2,ate,vaccine_kills,easy,KEEP,no,no,1,1,147,77,,Novita,stop,0,5.0645e-05,content,0.0,700
meta-llama/llama-3.3-70b-instruct,147,1285,DR_k3,diamond,2,ate,vaccine_kills,easy,KEEP,no,no,1,1,162,161,,Novita,stop,0,8.627e-05,content,0.0,700
meta-llama/llama-3.3-70b-instruct,147,1285,DR_k3_NI,diamond,2,ate,vaccine_kills,easy,KEEP,no,no,1,1,155,80,,Novita,stop,0,5.2925e-05,content,0.0,700
meta-llama/llama-3.3-70b-instruct,148,6009,RAW,diamond,2,ate,vaccine_kills,hard,KEEP,yes,yes,1,1,106,77,,Novita,stop,0,4.511e-05,content,0.0,700
meta-llama/llama-3.3-70b-instruct,148,6009,ORACLE,diamond,2,ate,vaccine_kills,hard,KEEP,yes,yes,1,1,164,310,,Novita,stop,0,0.00014614,content,0.0,700
meta-llama/llama-3.3-70b-instruct,148,6009,ORACLE_NI,diamond,2,ate,vaccine_kills,hard,KEEP,yes,yes,1,1,157,235,,Novita,stop,0,0.000115195,content,0.0,700
meta-llama/llama-3.3-70b-instruct,148,6009,DR_k1,diamond,2,ate,vaccine_kills,hard,KEEP,yes,yes,1,1,162,213,,Novita,stop,0,0.00010707,content,0.0,700
meta-llama/llama-3.3-70b-instruct,148,6009,DR_k1_NI,diamond,2,ate,vaccine_kills,hard,KEEP,yes,yes,1,1,155,106,,Novita,stop,0,6.3325e-05,content,0.0,700
meta-llama/llama-3.3-70b-instruct,148,6009,DR_k2,diamond,2,ate,vaccine_kills,hard,KEEP,yes,yes,1,1,154,253,,Novita,stop,0,0.00012199,content,0.0,700
meta-llama/llama-3.3-70b-instruct,148,6009,DR_k2_NI,diamond,2,ate,vaccine_kills,hard,KEEP,yes,yes,1,1,147,81,,Novita,stop,0,5.2245e-05,content,0.0,700
meta-llama/llama-3.3-70b-instruct,148,6009,DR_k3,diamond,2,ate,vaccine_kills,hard,KEEP,yes,yes,1,1,161,202,,Novita,stop,0,0.000102535,content,0.0,700
meta-llama/llama-3.3-70b-instruct,148,6009,DR_k3_NI,diamond,2,ate,vaccine_kills,hard,KEEP,yes,yes,1,1,154,101,,Novita,stop,0,6.119e-05,content,0.0,700
meta-llama/llama-3.3-70b-instruct,149,453,RAW,diamond,2,ate,firing_squad,easy,KEEP,no,no,1,1,114,108,,Novita,stop,0,5.859e-05,content,0.0,700
meta-llama/llama-3.3-70b-instruct,149,453,ORACLE,diamond,2,ate,firing_squad,easy,KEEP,no,no,1,1,162,231,,Novita,stop,0,0.00011427,content,0.0,700
meta-llama/llama-3.3-70b-instruct,149,453,ORACLE_NI,diamond,2,ate,firing_squad,easy,KEEP,no,no,1,1,155,146,,Novita,stop,0,7.9325e-05,content,0.0,700
meta-llama/llama-3.3-70b-instruct,149,453,DR_k1,diamond,2,ate,firing_squad,easy,KEEP,no,no,1,1,162,133,,Novita,stop,0,7.507e-05,content,0.0,700
meta-llama/llama-3.3-70b-instruct,149,453,DR_k1_NI,diamond,2,ate,firing_squad,easy,KEEP,no,no,1,1,155,164,,Novita,stop,0,8.6525e-05,content,0.0,700
meta-llama/llama-3.3-70b-instruct,149,453,DR_k2,diamond,2,ate,firing_squad,easy,KEEP,no,no,1,1,163,121,,Novita,stop,0,7.0405e-05,content,0.0,700
meta-llama/llama-3.3-70b-instruct,149,453,DR_k2_NI,diamond,2,ate,firing_squad,easy,KEEP,no,no,1,1,156,116,,Novita,stop,0,6.746e-05,content,0.0,700
meta-llama/llama-3.3-70b-instruct,149,453,DR_k3,diamond,2,ate,firing_squad,easy,KEEP,no,no,1,1,164,220,,Novita,stop,0,0.00011014,content,0.0,700
meta-llama/llama-3.3-70b-instruct,149,453,DR_k3_NI,diamond,2,ate,firing_squad,easy,KEEP,no,no,1,1,157,130,,Novita,stop,0,7.3195e-05,content,0.0,700
meta-llama/llama-3.3-70b-instruct,150,15617,RAW,diamond,2,ate,firing_squad,anticommonsense,KEEP,yes,yes,1,1,112,101,,Novita,stop,0,5.552e-05,content,0.0,700
meta-llama/llama-3.3-70b-instruct,150,15617,ORACLE,diamond,2,ate,firing_squad,anticommonsense,KEEP,yes,yes,1,1,162,196,,Novita,stop,0,0.00010027,content,0.0,700
meta-llama/llama-3.3-70b-instruct,150,15617,ORACLE_NI,diamond,2,ate,firing_squad,anticommonsense,KEEP,yes,yes,1,1,155,226,,Novita,stop,0,0.000111325,content,0.0,700
meta-llama/llama-3.3-70b-instruct,150,15617,DR_k1,diamond,2,ate,firing_squad,anticommonsense,KEEP,yes,yes,1,1,164,239,,Novita,stop,0,0.00011774,content,0.0,700
meta-llama/llama-3.3-70b-instruct,150,15617,DR_k1_NI,diamond,2,ate,firing_squad,anticommonsense,KEEP,yes,yes,1,1,157,371,,Novita,stop,0,0.000169595,content,0.0,700
meta-llama/llama-3.3-70b-instruct,150,15617,DR_k2,diamond,2,ate,firing_squad,anticommonsense,KEEP,yes,yes,1,1,157,226,,Novita,stop,0,0.000111595,content,0.0,700
meta-llama/llama-3.3-70b-instruct,150,15617,DR_k2_NI,diamond,2,ate,firing_squad,anticommonsense,KEEP,yes,yes,1,1,150,260,,Novita,stop,0,0.00012425,content,0.0,700
meta-llama/llama-3.3-70b-instruct,150,15617,DR_k3,diamond,2,ate,firing_squad,anticommonsense,KEEP,yes,yes,1,1,164,365,,Novita,stop,0,0.00016814,content,0.0,700
meta-llama/llama-3.3-70b-instruct,150,15617,DR_k3_NI,diamond,2,ate,firing_squad,anticommonsense,KEEP,yes,yes,1,1,157,213,,Novita,stop,0,0.000106395,content,0.0,700
meta-llama/llama-3.3-70b-instruct,151,5306,RAW,diamond,2,ate,firing_squad,hard,KEEP,no,no,1,1,114,96,,Novita,stop,0,5.379e-05,content,0.0,700
meta-llama/llama-3.3-70b-instruct,151,5306,ORACLE,diamond,2,ate,firing_squad,hard,KEEP,no,no,1,1,162,317,,Novita,stop,0,0.00014867,content,0.0,700
meta-llama/llama-3.3-70b-instruct,151,5306,ORACLE_NI,diamond,2,ate,firing_squad,hard,KEEP,no,no,1,1,155,136,,Novita,stop,0,7.5325e-05,content,0.0,700
meta-llama/llama-3.3-70b-instruct,151,5306,DR_k1,diamond,2,ate,firing_squad,hard,KEEP,no,no,1,1,163,331,,Novita,stop,0,0.000154405,content,0.0,700
meta-llama/llama-3.3-70b-instruct,151,5306,DR_k1_NI,diamond,2,ate,firing_squad,hard,KEEP,no,no,1,1,156,146,,Novita,stop,0,7.946e-05,content,0.0,700
meta-llama/llama-3.3-70b-instruct,151,5306,DR_k2,diamond,2,ate,firing_squad,hard,KEEP,no,no,1,1,162,131,,Novita,stop,0,7.427e-05,content,0.0,700
meta-llama/llama-3.3-70b-instruct,151,5306,DR_k2_NI,diamond,2,ate,firing_squad,hard,KEEP,no,no,1,1,155,91,,Novita,stop,0,5.7325e-05,content,0.0,700
meta-llama/llama-3.3-70b-instruct,151,5306,DR_k3,diamond,2,ate,firing_squad,hard,KEEP,no,no,1,1,164,209,,Novita,stop,0,0.00010574,content,0.0,700
meta-llama/llama-3.3-70b-instruct,151,5306,DR_k3_NI,diamond,2,ate,firing_squad,hard,KEEP,no,no,1,1,157,130,,Novita,stop,0,7.3195e-05,content,0.0,700
meta-llama/llama-3.3-70b-instruct,152,15623,RAW,diamond,2,ate,firing_squad,anticommonsense,KEEP,yes,yes,1,1,112,104,,Novita,stop,0,5.672e-05,content,0.0,700
meta-llama/llama-3.3-70b-instruct,152,15623,ORACLE,diamond,2,ate,firing_squad,anticommonsense,KEEP,yes,yes,1,1,162,238,,Novita,stop,0,0.00011707,content,0.0,700
meta-llama/llama-3.3-70b-instruct,152,15623,ORACLE_NI,diamond,2,ate,firing_squad,anticommonsense,KEEP,yes,yes,1,1,155,213,,Novita,stop,0,0.000106125,content,0.0,700
meta-llama/llama-3.3-70b-instruct,152,15623,DR_k1,diamond,2,ate,firing_squad,anticommonsense,KEEP,yes,yes,1,1,163,312,,Novita,stop,0,0.000146805,content,0.0,700
meta-llama/llama-3.3-70b-instruct,152,15623,DR_k1_NI,diamond,2,ate,firing_squad,anticommonsense,KEEP,yes,yes,1,1,156,269,,Novita,stop,0,0.00012866,content,0.0,700
meta-llama/llama-3.3-70b-instruct,152,15623,DR_k2,diamond,2,ate,firing_squad,anticommonsense,KEEP,yes,yes,1,1,164,282,,Novita,stop,0,0.00013494,content,0.0,700
meta-llama/llama-3.3-70b-instruct,152,15623,DR_k2_NI,diamond,2,ate,firing_squad,anticommonsense,KEEP,yes,yes,1,1,157,196,,Novita,stop,0,9.9595e-05,content,0.0,700
meta-llama/llama-3.3-70b-instruct,152,15623,DR_k3,diamond,2,ate,firing_squad,anticommonsense,KEEP,yes,yes,1,1,166,230,,Novita,stop,0,0.00011441,content,0.0,700
meta-llama/llama-3.3-70b-instruct,152,15623,DR_k3_NI,diamond,2,ate,firing_squad,anticommonsense,KEEP,yes,yes,1,1,159,238,,Novita,stop,0,0.000116665,content,0.0,700
meta-llama/llama-3.3-70b-instruct,153,6067,RAW,diamond,2,ate,vaccine_kills,hard,KEEP,no,no,1,1,106,78,,Novita,stop,0,4.551e-05,content,0.0,700
meta-llama/llama-3.3-70b-instruct,153,6067,ORACLE,diamond,2,ate,vaccine_kills,hard,KEEP,no,no,1,1,164,228,,Novita,stop,0,0.00011334,content,0.0,700
meta-llama/llama-3.3-70b-instruct,153,6067,ORACLE_NI,diamond,2,ate,vaccine_kills,hard,KEEP,no,no,1,1,157,89,,Novita,stop,0,5.6795e-05,content,0.0,700
meta-llama/llama-3.3-70b-instruct,153,6067,DR_k1,diamond,2,ate,vaccine_kills,hard,KEEP,no,no,1,1,164,155,,Novita,stop,0,8.414e-05,content,0.0,700
meta-llama/llama-3.3-70b-instruct,153,6067,DR_k1_NI,diamond,2,ate,vaccine_kills,hard,KEEP,no,no,1,1,157,77,,Novita,stop,0,5.1995e-05,content,0.0,700
meta-llama/llama-3.3-70b-instruct,153,6067,DR_k2,diamond,2,ate,vaccine_kills,hard,KEEP,no,no,1,1,154,154,,Novita,stop,0,8.239e-05,content,0.0,700
meta-llama/llama-3.3-70b-instruct,153,6067,DR_k2_NI,diamond,2,ate,vaccine_kills,hard,KEEP,no,no,1,1,147,77,,Novita,stop,0,5.0645e-05,content,0.0,700
meta-llama/llama-3.3-70b-instruct,153,6067,DR_k3,diamond,2,ate,vaccine_kills,hard,KEEP,no,no,1,1,161,238,,Novita,stop,0,0.000116935,content,0.0,700
meta-llama/llama-3.3-70b-instruct,153,6067,DR_k3_NI,diamond,2,ate,vaccine_kills,hard,KEEP,no,no,1,1,154,77,,Novita,stop,0,5.159e-05,content,0.0,700
meta-llama/llama-3.3-70b-instruct,154,11004,RAW,diamond,2,ate,floor_wet,anticommonsense,KEEP,yes,yes,1,1,108,89,,Novita,stop,0,5.018e-05,content,0.0,700
meta-llama/llama-3.3-70b-instruct,154,11004,ORACLE,diamond,2,ate,floor_wet,anticommonsense,KEEP,yes,yes,1,1,153,219,,Novita,stop,0,0.000108255,content,0.0,700
meta-llama/llama-3.3-70b-instruct,154,11004,ORACLE_NI,diamond,2,ate,floor_wet,anticommonsense,KEEP,yes,yes,1,1,146,172,,Novita,stop,0,8.851e-05,content,0.0,700
meta-llama/llama-3.3-70b-instruct,154,11004,DR_k1,diamond,2,ate,floor_wet,anticommonsense,KEEP,yes,yes,1,1,153,304,,Novita,stop,0,0.000142255,content,0.0,700
meta-llama/llama-3.3-70b-instruct,154,11004,DR_k1_NI,diamond,2,ate,floor_wet,anticommonsense,KEEP,yes,yes,1,1,146,133,,Novita,stop,0,7.291e-05,content,0.0,700
meta-llama/llama-3.3-70b-instruct,154,11004,DR_k2,diamond,2,ate,floor_wet,anticommonsense,KEEP,yes,yes,1,1,153,199,,Novita,stop,0,0.000100255,content,0.0,700
meta-llama/llama-3.3-70b-instruct,154,11004,DR_k2_NI,diamond,2,ate,floor_wet,anticommonsense,KEEP,yes,yes,1,1,146,214,,Novita,stop,0,0.00010531,content,0.0,700
meta-llama/llama-3.3-70b-instruct,154,11004,DR_k3,diamond,2,ate,floor_wet,anticommonsense,KEEP,yes,yes,1,1,153,318,,Novita,stop,0,0.000147855,content,0.0,700
meta-llama/llama-3.3-70b-instruct,154,11004,DR_k3_NI,diamond,2,ate,floor_wet,anticommonsense,KEEP,yes,yes,1,1,146,135,,Novita,stop,0,7.371e-05,content,0.0,700
meta-llama/llama-3.3-70b-instruct,155,11590,RAW,diamond,2,ate,vaccine_kills,anticommonsense,KEEP,yes,yes,1,1,113,82,,Novita,stop,0,4.8055e-05,content,0.0,700
meta-llama/llama-3.3-70b-instruct,155,11590,ORACLE,diamond,2,ate,vaccine_kills,anticommonsense,KEEP,yes,yes,1,1,171,182,,Novita,stop,0,9.5885e-05,content,0.0,700
meta-llama/llama-3.3-70b-instruct,155,11590,ORACLE_NI,diamond,2,ate,vaccine_kills,anticommonsense,KEEP,yes,yes,1,1,164,214,,Novita,stop,0,0.00010774,content,0.0,700
meta-llama/llama-3.3-70b-instruct,155,11590,DR_k1,diamond,2,ate,vaccine_kills,anticommonsense,KEEP,yes,yes,1,1,170,275,,Novita,stop,0,0.00013295,content,0.0,700
meta-llama/llama-3.3-70b-instruct,155,11590,DR_k1_NI,diamond,2,ate,vaccine_kills,anticommonsense,KEEP,yes,yes,1,1,163,87,,Novita,stop,0,5.6805e-05,content,0.0,700
meta-llama/llama-3.3-70b-instruct,155,11590,DR_k2,diamond,2,ate,vaccine_kills,anticommonsense,KEEP,yes,yes,1,1,172,204,,Novita,stop,0,0.00010482,content,0.0,700
meta-llama/llama-3.3-70b-instruct,155,11590,DR_k2_NI,diamond,2,ate,vaccine_kills,anticommonsense,KEEP,yes,yes,1,1,165,250,,Novita,stop,0,0.000122275,content,0.0,700
meta-llama/llama-3.3-70b-instruct,155,11590,DR_k3,diamond,2,ate,vaccine_kills,anticommonsense,KEEP,yes,yes,1,1,169,210,,Novita,stop,0,0.000106815,content,0.0,700
meta-llama/llama-3.3-70b-instruct,155,11590,DR_k3_NI,diamond,2,ate,vaccine_kills,anticommonsense,KEEP,yes,yes,1,1,162,214,,Novita,stop,0,0.00010747,content,0.0,700
meta-llama/llama-3.3-70b-instruct,156,532,RAW,diamond,2,ate,firing_squad,easy,KEEP,yes,yes,1,1,114,96,,Novita,stop,0,5.379e-05,content,0.0,700
meta-llama/llama-3.3-70b-instruct,156,532,ORACLE,diamond,2,ate,firing_squad,easy,KEEP,yes,yes,1,1,162,200,,Novita,stop,0,0.00010187,content,0.0,700
meta-llama/llama-3.3-70b-instruct,156,532,ORACLE_NI,diamond,2,ate,firing_squad,easy,KEEP,yes,yes,1,1,155,140,,Novita,stop,0,7.6925e-05,content,0.0,700
meta-llama/llama-3.3-70b-instruct,156,532,DR_k1,diamond,2,ate,firing_squad,easy,KEEP,yes,yes,1,1,161,267,,Novita,stop,0,0.000128535,content,0.0,700
meta-llama/llama-3.3-70b-instruct,156,532,DR_k1_NI,diamond,2,ate,firing_squad,easy,KEEP,yes,yes,1,1,154,83,,Novita,stop,0,5.399e-05,content,0.0,700
meta-llama/llama-3.3-70b-instruct,156,532,DR_k2,diamond,2,ate,firing_squad,easy,KEEP,yes,yes,1,1,162,131,,Novita,stop,0,7.427e-05,content,0.0,700
meta-llama/llama-3.3-70b-instruct,156,532,DR_k2_NI,diamond,2,ate,firing_squad,easy,KEEP,yes,yes,1,1,155,83,,Novita,stop,0,5.4125e-05,content,0.0,700
meta-llama/llama-3.3-70b-instruct,156,532,DR_k3,diamond,2,ate,firing_squad,easy,KEEP,yes,yes,1,1,164,195,,Novita,stop,0,0.00010014,content,0.0,700
meta-llama/llama-3.3-70b-instruct,156,532,DR_k3_NI,diamond,2,ate,firing_squad,easy,KEEP,yes,yes,1,1,157,125,,Novita,stop,0,7.1195e-05,content,0.0,700
meta-llama/llama-3.3-70b-instruct,157,16402,RAW,diamond,2,ate,vaccine_kills,anticommonsense,KEEP,no,no,1,1,100,83,,Novita,stop,0,4.67e-05,content,0.0,700
meta-llama/llama-3.3-70b-instruct,157,16402,ORACLE,diamond,2,ate,vaccine_kills,anticommonsense,KEEP,no,no,1,1,154,227,,Novita,stop,0,0.00011159,content,0.0,700
meta-llama/llama-3.3-70b-instruct,157,16402,ORACLE_NI,diamond,2,ate,vaccine_kills,anticommonsense,KEEP,no,no,1,1,147,201,,Novita,stop,0,0.000100245,content,0.0,700
meta-llama/llama-3.3-70b-instruct,157,16402,DR_k1,diamond,2,ate,vaccine_kills,anticommonsense,KEEP,no,no,1,1,154,195,,Novita,stop,0,9.879e-05,content,0.0,700
meta-llama/llama-3.3-70b-instruct,157,16402,DR_k1_NI,diamond,2,ate,vaccine_kills,anticommonsense,KEEP,no,no,1,1,147,181,,Novita,stop,0,9.2245e-05,content,0.0,700
meta-llama/llama-3.3-70b-instruct,157,16402,DR_k2,diamond,2,ate,vaccine_kills,anticommonsense,KEEP,no,no,1,1,154,194,,Novita,stop,0,9.839e-05,content,0.0,700
meta-llama/llama-3.3-70b-instruct,157,16402,DR_k2_NI,diamond,2,ate,vaccine_kills,anticommonsense,KEEP,no,no,1,1,147,192,,Novita,stop,0,9.6645e-05,content,0.0,700
meta-llama/llama-3.3-70b-instruct,157,16402,DR_k3,diamond,2,ate,vaccine_kills,anticommonsense,KEEP,no,no,1,1,151,237,,Novita,stop,0,0.000115185,content,0.0,700
meta-llama/llama-3.3-70b-instruct,157,16402,DR_k3_NI,diamond,2,ate,vaccine_kills,anticommonsense,KEEP,no,no,1,1,144,187,,Novita,stop,0,9.424e-05,content,0.0,700
meta-llama/llama-3.3-70b-instruct,158,15827,RAW,diamond,2,ate,floor_wet,anticommonsense,KEEP,no,no,1,1,103,86,,Novita,stop,0,4.8305e-05,content,0.0,700
meta-llama/llama-3.3-70b-instruct,158,15827,ORACLE,diamond,2,ate,floor_wet,anticommonsense,KEEP,no,no,1,1,147,187,,Novita,stop,0,9.4645e-05,content,0.0,700
meta-llama/llama-3.3-70b-instruct,158,15827,ORACLE_NI,diamond,2,ate,floor_wet,anticommonsense,KEEP,no,no,1,1,140,92,,Novita,stop,0,5.57e-05,content,0.0,700
meta-llama/llama-3.3-70b-instruct,158,15827,DR_k1,diamond,2,ate,floor_wet,anticommonsense,KEEP,no,no,1,1,147,174,,Novita,stop,0,8.9445e-05,content,0.0,700
meta-llama/llama-3.3-70b-instruct,158,15827,DR_k1_NI,diamond,2,ate,floor_wet,anticommonsense,KEEP,no,no,1,1,140,92,,Novita,stop,0,5.57e-05,content,0.0,700
meta-llama/llama-3.3-70b-instruct,158,15827,DR_k2,diamond,2,ate,floor_wet,anticommonsense,KEEP,no,no,1,1,147,121,,Novita,stop,0,6.8245e-05,content,0.0,700
meta-llama/llama-3.3-70b-instruct,158,15827,DR_k2_NI,diamond,2,ate,floor_wet,anticommonsense,KEEP,no,no,1,1,140,82,,Novita,stop,0,5.17e-05,content,0.0,700
meta-llama/llama-3.3-70b-instruct,158,15827,DR_k3,diamond,2,ate,floor_wet,anticommonsense,KEEP,no,no,1,1,147,172,,Novita,stop,0,8.8645e-05,content,0.0,700
meta-llama/llama-3.3-70b-instruct,158,15827,DR_k3_NI,diamond,2,ate,floor_wet,anticommonsense,KEEP,no,no,1,1,140,82,,Novita,stop,0,5.17e-05,content,0.0,700
meta-llama/llama-3.3-70b-instruct,159,10839,RAW,diamond,2,ate,firing_squad,anticommonsense,KEEP,no,no,1,1,113,91,,Novita,stop,0,5.1655e-05,content,0.0,700
meta-llama/llama-3.3-70b-instruct,159,10839,ORACLE,diamond,2,ate,firing_squad,anticommonsense,KEEP,no,no,1,1,162,179,,Novita,stop,0,9.347e-05,content,0.0,700
meta-llama/llama-3.3-70b-instruct,159,10839,ORACLE_NI,diamond,2,ate,firing_squad,anticommonsense,KEEP,no,no,1,1,155,199,,Novita,stop,0,0.000100525,content,0.0,700
meta-llama/llama-3.3-70b-instruct,159,10839,DR_k1,diamond,2,ate,firing_squad,anticommonsense,KEEP,no,no,1,1,163,265,,Novita,stop,0,0.000128005,content,0.0,700
meta-llama/llama-3.3-70b-instruct,159,10839,DR_k1_NI,diamond,2,ate,firing_squad,anticommonsense,KEEP,no,no,1,1,156,87,,Novita,stop,0,5.586e-05,content,0.0,700
meta-llama/llama-3.3-70b-instruct,159,10839,DR_k2,diamond,2,ate,firing_squad,anticommonsense,KEEP,no,no,1,1,164,274,,Novita,stop,0,0.00013174,content,0.0,700
meta-llama/llama-3.3-70b-instruct,159,10839,DR_k2_NI,diamond,2,ate,firing_squad,anticommonsense,KEEP,no,no,1,1,157,90,,Novita,stop,0,5.7195e-05,content,0.0,700
meta-llama/llama-3.3-70b-instruct,159,10839,DR_k3,diamond,2,ate,firing_squad,anticommonsense,KEEP,no,no,1,1,165,227,,Novita,stop,0,0.000113075,content,0.0,700
meta-llama/llama-3.3-70b-instruct,159,10839,DR_k3_NI,diamond,2,ate,firing_squad,anticommonsense,KEEP,no,no,1,1,158,228,,Novita,stop,0,0.00011253,content,0.0,700
meta-llama/llama-3.3-70b-instruct,160,11053,RAW,diamond,3,ett,floor_wet,anticommonsense,KEEP,no,yes,0,1,123,58,,Novita,stop,0,3.9805e-05,content,0.0,700
meta-llama/llama-3.3-70b-instruct,160,11053,ORACLE,diamond,3,ett,floor_wet,anticommonsense,KEEP,no,yes,0,1,168,126,,Novita,stop,0,7.308e-05,content,0.0,700
meta-llama/llama-3.3-70b-instruct,160,11053,ORACLE_NI,diamond,3,ett,floor_wet,anticommonsense,KEEP,no,yes,0,1,161,85,,Novita,stop,0,5.5735e-05,content,0.0,700
meta-llama/llama-3.3-70b-instruct,160,11053,DR_k1,diamond,3,ett,floor_wet,anticommonsense,KEEP,no,yes,0,1,169,250,,Novita,stop,0,0.000122815,content,0.0,700
meta-llama/llama-3.3-70b-instruct,160,11053,DR_k1_NI,diamond,3,ett,floor_wet,anticommonsense,KEEP,no,yes,0,1,162,92,,Novita,stop,0,5.867e-05,content,0.0,700
meta-llama/llama-3.3-70b-instruct,160,11053,DR_k2,diamond,3,ett,floor_wet,anticommonsense,KEEP,no,yes,0,1,162,97,,Novita,stop,0,6.067e-05,content,0.0,700
meta-llama/llama-3.3-70b-instruct,160,11053,DR_k2_NI,diamond,3,ett,floor_wet,anticommonsense,KEEP,no,yes,0,1,155,79,,Novita,stop,0,5.2525e-05,content,0.0,700
meta-llama/llama-3.3-70b-instruct,160,11053,DR_k3,diamond,3,ett,floor_wet,anticommonsense,KEEP,no,yes,0,1,169,119,,Novita,stop,0,7.0415e-05,content,0.0,700
meta-llama/llama-3.3-70b-instruct,160,11053,DR_k3_NI,diamond,3,ett,floor_wet,anticommonsense,KEEP,no,yes,0,1,162,80,,Novita,stop,0,5.387e-05,content,0.0,700
meta-llama/llama-3.3-70b-instruct,161,11016,RAW,diamond,3,ett,floor_wet,anticommonsense,KEEP,yes,no,0,1,123,84,,Novita,stop,0,5.0205e-05,content,0.0,700
meta-llama/llama-3.3-70b-instruct,161,11016,ORACLE,diamond,3,ett,floor_wet,anticommonsense,KEEP,yes,no,0,1,168,166,,Novita,stop,0,8.908e-05,content,0.0,700
meta-llama/llama-3.3-70b-instruct,161,11016,ORACLE_NI,diamond,3,ett,floor_wet,anticommonsense,KEEP,yes,no,0,1,161,81,,Novita,stop,0,5.4135e-05,content,0.0,700
meta-llama/llama-3.3-70b-instruct,161,11016,DR_k1,diamond,3,ett,floor_wet,anticommonsense,KEEP,yes,no,0,1,168,153,,Novita,stop,0,8.388e-05,content,0.0,700
meta-llama/llama-3.3-70b-instruct,161,11016,DR_k1_NI,diamond,3,ett,floor_wet,anticommonsense,KEEP,yes,no,0,1,161,57,,Novita,stop,0,4.4535e-05,content,0.0,700
meta-llama/llama-3.3-70b-instruct,161,11016,DR_k2,diamond,3,ett,floor_wet,anticommonsense,KEEP,yes,no,0,1,168,57,,Novita,stop,0,4.548e-05,content,0.0,700
meta-llama/llama-3.3-70b-instruct,161,11016,DR_k2_NI,diamond,3,ett,floor_wet,anticommonsense,KEEP,yes,no,0,1,161,71,,Novita,stop,0,5.0135e-05,content,0.0,700
meta-llama/llama-3.3-70b-instruct,161,11016,DR_k3,diamond,3,ett,floor_wet,anticommonsense,KEEP,yes,no,0,1,168,83,,Novita,stop,0,5.588e-05,content,0.0,700
meta-llama/llama-3.3-70b-instruct,161,11016,DR_k3_NI,diamond,3,ett,floor_wet,anticommonsense,KEEP,yes,no,0,1,161,57,,Novita,stop,0,4.4535e-05,content,0.0,700
meta-llama/llama-3.3-70b-instruct,162,11051,RAW,diamond,3,ett,floor_wet,anticommonsense,KEEP,yes,no,0,1,123,61,,Novita,stop,0,4.1005e-05,content,0.0,700
meta-llama/llama-3.3-70b-instruct,162,11051,ORACLE,diamond,3,ett,floor_wet,anticommonsense,KEEP,yes,no,0,1,168,244,,Novita,stop,0,0.00012028,content,0.0,700
meta-llama/llama-3.3-70b-instruct,162,11051,ORACLE_NI,diamond,3,ett,floor_wet,anticommonsense,KEEP,yes,no,0,1,161,90,,Novita,stop,0,5.7735e-05,content,0.0,700
meta-llama/llama-3.3-70b-instruct,162,11051,DR_k1,diamond,3,ett,floor_wet,anticommonsense,KEEP,yes,no,0,1,167,147,,Novita,stop,0,8.1345e-05,content,0.0,700
meta-llama/llama-3.3-70b-instruct,162,11051,DR_k1_NI,diamond,3,ett,floor_wet,anticommonsense,KEEP,yes,no,0,1,160,71,,Novita,stop,0,5e-05,content,0.0,700
meta-llama/llama-3.3-70b-instruct,162,11051,DR_k2,diamond,3,ett,floor_wet,anticommonsense,KEEP,yes,no,0,1,168,57,,Novita,stop,0,4.548e-05,content,0.0,700
meta-llama/llama-3.3-70b-instruct,162,11051,DR_k2_NI,diamond,3,ett,floor_wet,anticommonsense,KEEP,yes,no,0,1,161,71,,Novita,stop,0,5.0135e-05,content,0.0,700
meta-llama/llama-3.3-70b-instruct,162,11051,DR_k3,diamond,3,ett,floor_wet,anticommonsense,KEEP,yes,no,0,1,169,111,,Novita,stop,0,6.7215e-05,content,0.0,700
meta-llama/llama-3.3-70b-instruct,162,11051,DR_k3_NI,diamond,3,ett,floor_wet,anticommonsense,KEEP,yes,no,0,1,162,51,,Novita,stop,0,4.227e-05,content,0.0,700
meta-llama/llama-3.3-70b-instruct,163,16393,RAW,diamond,3,ett,vaccine_kills,anticommonsense,KEEP,no,no,1,1,111,45,,Novita,stop,0,3.2985e-05,content,0.0,700
meta-llama/llama-3.3-70b-instruct,163,16393,ORACLE,diamond,3,ett,vaccine_kills,anticommonsense,KEEP,no,no,1,1,165,225,,Novita,stop,0,0.000112275,content,0.0,700
meta-llama/llama-3.3-70b-instruct,163,16393,ORACLE_NI,diamond,3,ett,vaccine_kills,anticommonsense,KEEP,no,no,1,1,158,145,,Novita,stop,0,7.933e-05,content,0.0,700
meta-llama/llama-3.3-70b-instruct,163,16393,DR_k1,diamond,3,ett,vaccine_kills,anticommonsense,KEEP,no,no,1,1,164,133,,Novita,stop,0,7.534e-05,content,0.0,700
meta-llama/llama-3.3-70b-instruct,163,16393,DR_k1_NI,diamond,3,ett,vaccine_kills,anticommonsense,KEEP,no,no,1,1,157,105,,Novita,stop,0,6.3195e-05,content,0.0,700
meta-llama/llama-3.3-70b-instruct,163,16393,DR_k2,diamond,3,ett,vaccine_kills,anticommonsense,KEEP,no,no,1,1,157,118,,Novita,stop,0,6.8395e-05,content,0.0,700
meta-llama/llama-3.3-70b-instruct,163,16393,DR_k2_NI,diamond,3,ett,vaccine_kills,anticommonsense,KEEP,no,no,1,1,150,58,,Novita,stop,0,4.345e-05,content,0.0,700
meta-llama/llama-3.3-70b-instruct,163,16393,DR_k3,diamond,3,ett,vaccine_kills,anticommonsense,KEEP,no,no,1,1,164,147,,Novita,stop,0,8.094e-05,content,0.0,700
meta-llama/llama-3.3-70b-instruct,163,16393,DR_k3_NI,diamond,3,ett,vaccine_kills,anticommonsense,KEEP,no,no,1,1,157,136,,Novita,stop,0,7.5595e-05,content,0.0,700
meta-llama/llama-3.3-70b-instruct,164,10950,RAW,diamond,3,ett,floor_wet,anticommonsense,KEEP,yes,no,0,1,123,62,,Novita,stop,0,4.1405e-05,content,0.0,700
meta-llama/llama-3.3-70b-instruct,164,10950,ORACLE,diamond,3,ett,floor_wet,anticommonsense,KEEP,yes,no,0,1,168,215,,Novita,stop,0,0.00010868,content,0.0,700
meta-llama/llama-3.3-70b-instruct,164,10950,ORACLE_NI,diamond,3,ett,floor_wet,anticommonsense,KEEP,yes,no,0,1,161,57,,Novita,stop,0,4.4535e-05,content,0.0,700
meta-llama/llama-3.3-70b-instruct,164,10950,DR_k1,diamond,3,ett,floor_wet,anticommonsense,KEEP,yes,no,0,1,168,125,,Novita,stop,0,7.268e-05,content,0.0,700
meta-llama/llama-3.3-70b-instruct,164,10950,DR_k1_NI,diamond,3,ett,floor_wet,anticommonsense,KEEP,yes,no,0,1,161,71,,Novita,stop,0,5.0135e-05,content,0.0,700
meta-llama/llama-3.3-70b-instruct,164,10950,DR_k2,diamond,3,ett,floor_wet,anticommonsense,KEEP,yes,no,0,1,168,86,,Novita,stop,0,5.708e-05,content,0.0,700
meta-llama/llama-3.3-70b-instruct,164,10950,DR_k2_NI,diamond,3,ett,floor_wet,anticommonsense,KEEP,yes,no,0,1,161,71,,Novita,stop,0,5.0135e-05,content,0.0,700
meta-llama/llama-3.3-70b-instruct,164,10950,DR_k3,diamond,3,ett,floor_wet,anticommonsense,KEEP,yes,no,0,1,168,150,,Novita,stop,0,8.268e-05,content,0.0,700
meta-llama/llama-3.3-70b-instruct,164,10950,DR_k3_NI,diamond,3,ett,floor_wet,anticommonsense,KEEP,yes,no,0,1,161,80,,Novita,stop,0,5.3735e-05,content,0.0,700
meta-llama/llama-3.3-70b-instruct,165,6099,RAW,diamond,3,ett,vaccine_kills,hard,KEEP,no,yes,0,1,117,82,,Novita,stop,0,4.8595e-05,content,0.0,700
meta-llama/llama-3.3-70b-instruct,165,6099,ORACLE,diamond,3,ett,vaccine_kills,hard,KEEP,no,no,1,1,175,450,,Novita,stop,0,0.000203625,content,0.0,700
meta-llama/llama-3.3-70b-instruct,165,6099,ORACLE_NI,diamond,3,ett,vaccine_kills,hard,KEEP,no,yes,0,1,168,106,,Novita,stop,0,6.508e-05,content,0.0,700
meta-llama/llama-3.3-70b-instruct,165,6099,DR_k1,diamond,3,ett,vaccine_kills,hard,KEEP,no,yes,0,1,175,225,,Novita,stop,0,0.000113625,content,0.0,700
meta-llama/llama-3.3-70b-instruct,165,6099,DR_k1_NI,diamond,3,ett,vaccine_kills,hard,KEEP,no,yes,0,1,168,96,,Novita,stop,0,6.108e-05,content,0.0,700
meta-llama/llama-3.3-70b-instruct,165,6099,DR_k2,diamond,3,ett,vaccine_kills,hard,KEEP,no,yes,0,1,172,131,,Novita,stop,0,7.562e-05,content,0.0,700
meta-llama/llama-3.3-70b-instruct,165,6099,DR_k2_NI,diamond,3,ett,vaccine_kills,hard,KEEP,no,yes,0,1,165,105,,Novita,stop,0,6.4275e-05,content,0.0,700
meta-llama/llama-3.3-70b-instruct,165,6099,DR_k3,diamond,3,ett,vaccine_kills,hard,KEEP,no,yes,0,1,172,220,,Novita,stop,0,0.00011122,content,0.0,700
meta-llama/llama-3.3-70b-instruct,165,6099,DR_k3_NI,diamond,3,ett,vaccine_kills,hard,KEEP,no,yes,0,1,165,153,,Novita,stop,0,8.3475e-05,content,0.0,700
meta-llama/llama-3.3-70b-instruct,166,11637,RAW,diamond,3,ett,vaccine_kills,anticommonsense,KEEP,no,no,1,1,127,90,,Novita,stop,0,5.3145e-05,content,0.0,700
meta-llama/llama-3.3-70b-instruct,166,11637,ORACLE,diamond,3,ett,vaccine_kills,anticommonsense,KEEP,no,no,1,1,185,367,,Novita,stop,0,0.000171775,content,0.0,700
meta-llama/llama-3.3-70b-instruct,166,11637,ORACLE_NI,diamond,3,ett,vaccine_kills,anticommonsense,KEEP,no,no,1,1,178,319,,Novita,stop,0,0.00015163,content,0.0,700
meta-llama/llama-3.3-70b-instruct,166,11637,DR_k1,diamond,3,ett,vaccine_kills,anticommonsense,KEEP,no,no,1,1,186,347,,Novita,stop,0,0.00016391,content,0.0,700
meta-llama/llama-3.3-70b-instruct,166,11637,DR_k1_NI,diamond,3,ett,vaccine_kills,anticommonsense,KEEP,no,no,1,1,179,333,,Novita,stop,0,0.000157365,content,0.0,700
meta-llama/llama-3.3-70b-instruct,166,11637,DR_k2,diamond,3,ett,vaccine_kills,anticommonsense,KEEP,no,no,1,1,183,498,,Novita,stop,0,0.000223905,content,0.0,700
meta-llama/llama-3.3-70b-instruct,166,11637,DR_k2_NI,diamond,3,ett,vaccine_kills,anticommonsense,KEEP,no,no,1,1,176,291,,Novita,stop,0,0.00014016,content,0.0,700
meta-llama/llama-3.3-70b-instruct,166,11637,DR_k3,diamond,3,ett,vaccine_kills,anticommonsense,KEEP,no,no,1,1,183,228,,Novita,stop,0,0.000115905,content,0.0,700
meta-llama/llama-3.3-70b-instruct,166,11637,DR_k3_NI,diamond,3,ett,vaccine_kills,anticommonsense,KEEP,no,no,1,1,176,290,,Novita,stop,0,0.00013976,content,0.0,700
meta-llama/llama-3.3-70b-instruct,167,16464,RAW,diamond,3,ett,vaccine_kills,anticommonsense,KEEP,no,yes,0,1,111,94,,Novita,stop,0,5.2585e-05,content,0.0,700
meta-llama/llama-3.3-70b-instruct,167,16464,ORACLE,diamond,3,ett,vaccine_kills,anticommonsense,KEEP,no,yes,0,1,165,188,,Novita,stop,0,9.7475e-05,content,0.0,700
meta-llama/llama-3.3-70b-instruct,167,16464,ORACLE_NI,diamond,3,ett,vaccine_kills,anticommonsense,KEEP,no,yes,0,1,158,144,,Novita,stop,0,7.893e-05,content,0.0,700
meta-llama/llama-3.3-70b-instruct,167,16464,DR_k1,diamond,3,ett,vaccine_kills,anticommonsense,KEEP,no,yes,0,1,163,204,,Novita,stop,0,0.000103605,content,0.0,700
meta-llama/llama-3.3-70b-instruct,167,16464,DR_k1_NI,diamond,3,ett,vaccine_kills,anticommonsense,KEEP,no,yes,0,1,156,112,,Novita,stop,0,6.586e-05,content,0.0,700
meta-llama/llama-3.3-70b-instruct,167,16464,DR_k2,diamond,3,ett,vaccine_kills,anticommonsense,KEEP,no,yes,0,1,165,187,,Novita,stop,0,9.7075e-05,content,0.0,700
meta-llama/llama-3.3-70b-instruct,167,16464,DR_k2_NI,diamond,3,ett,vaccine_kills,anticommonsense,KEEP,no,yes,0,1,158,124,,Novita,stop,0,7.093e-05,content,0.0,700
meta-llama/llama-3.3-70b-instruct,167,16464,DR_k3,diamond,3,ett,vaccine_kills,anticommonsense,KEEP,no,yes,0,1,165,214,,Novita,stop,0,0.000107875,content,0.0,700
meta-llama/llama-3.3-70b-instruct,167,16464,DR_k3_NI,diamond,3,ett,vaccine_kills,anticommonsense,KEEP,no,yes,0,1,158,139,,Novita,stop,0,7.693e-05,content,0.0,700
meta-llama/llama-3.3-70b-instruct,168,421,RAW,diamond,3,ett,firing_squad,easy,KEEP,yes,yes,1,1,124,98,,Novita,stop,0,5.594e-05,content,0.0,700
meta-llama/llama-3.3-70b-instruct,168,421,ORACLE,diamond,3,ett,firing_squad,easy,KEEP,yes,yes,1,1,172,129,,Novita,stop,0,7.482e-05,content,0.0,700
meta-llama/llama-3.3-70b-instruct,168,421,ORACLE_NI,diamond,3,ett,firing_squad,easy,KEEP,yes,yes,1,1,165,135,,Novita,stop,0,7.6275e-05,content,0.0,700
meta-llama/llama-3.3-70b-instruct,168,421,DR_k1,diamond,3,ett,firing_squad,easy,KEEP,yes,yes,1,1,172,98,,Novita,stop,0,6.242e-05,content,0.0,700
meta-llama/llama-3.3-70b-instruct,168,421,DR_k1_NI,diamond,3,ett,firing_squad,easy,KEEP,yes,yes,1,1,165,95,,Novita,stop,0,6.0275e-05,content,0.0,700
meta-llama/llama-3.3-70b-instruct,168,421,DR_k2,diamond,3,ett,firing_squad,easy,KEEP,yes,yes,1,1,167,97,,Novita,stop,0,6.1345e-05,content,0.0,700
meta-llama/llama-3.3-70b-instruct,168,421,DR_k2_NI,diamond,3,ett,firing_squad,easy,KEEP,yes,yes,1,1,160,95,,Novita,stop,0,5.96e-05,content,0.0,700
meta-llama/llama-3.3-70b-instruct,168,421,DR_k3,diamond,3,ett,firing_squad,easy,KEEP,yes,yes,1,1,174,159,,Novita,stop,0,8.709e-05,content,0.0,700
meta-llama/llama-3.3-70b-instruct,168,421,DR_k3_NI,diamond,3,ett,firing_squad,easy,KEEP,yes,yes,1,1,167,128,,Novita,stop,0,7.3745e-05,content,0.0,700
meta-llama/llama-3.3-70b-instruct,169,15619,RAW,diamond,3,ett,firing_squad,anticommonsense,KEEP,yes,yes,1,1,125,168,,Novita,stop,0,8.4075e-05,content,0.0,700
meta-llama/llama-3.3-70b-instruct,169,15619,ORACLE,diamond,3,ett,firing_squad,anticommonsense,KEEP,yes,yes,1,1,175,224,,Novita,stop,0,0.000113225,content,0.0,700
meta-llama/llama-3.3-70b-instruct,169,15619,ORACLE_NI,diamond,3,ett,firing_squad,anticommonsense,KEEP,yes,yes,1,1,168,201,,Novita,stop,0,0.00010308,content,0.0,700
meta-llama/llama-3.3-70b-instruct,169,15619,DR_k1,diamond,3,ett,firing_squad,anticommonsense,KEEP,yes,yes,1,1,177,244,,Novita,stop,0,0.000121495,content,0.0,700
meta-llama/llama-3.3-70b-instruct,169,15619,DR_k1_NI,diamond,3,ett,firing_squad,anticommonsense,KEEP,yes,yes,1,1,170,221,,Novita,stop,0,0.00011135,content,0.0,700
meta-llama/llama-3.3-70b-instruct,169,15619,DR_k2,diamond,3,ett,firing_squad,anticommonsense,KEEP,yes,yes,1,1,178,335,,Novita,stop,0,0.00015803,content,0.0,700
meta-llama/llama-3.3-70b-instruct,169,15619,DR_k2_NI,diamond,3,ett,firing_squad,anticommonsense,KEEP,yes,yes,1,1,171,130,,Novita,stop,0,7.5085e-05,content,0.0,700
meta-llama/llama-3.3-70b-instruct,169,15619,DR_k3,diamond,3,ett,firing_squad,anticommonsense,KEEP,yes,yes,1,1,179,272,,Novita,stop,0,0.000132965,content,0.0,700
meta-llama/llama-3.3-70b-instruct,169,15619,DR_k3_NI,diamond,3,ett,firing_squad,anticommonsense,KEEP,yes,yes,1,1,172,234,,Novita,stop,0,0.00011682,content,0.0,700
meta-llama/llama-3.3-70b-instruct,170,10903,RAW,diamond,3,ett,firing_squad,anticommonsense,KEEP,yes,yes,1,1,127,119,,Novita,stop,0,6.4745e-05,content,0.0,700
meta-llama/llama-3.3-70b-instruct,170,10903,ORACLE,diamond,3,ett,firing_squad,anticommonsense,KEEP,yes,yes,1,1,176,331,,Novita,stop,0,0.00015616,content,0.0,700
meta-llama/llama-3.3-70b-instruct,170,10903,ORACLE_NI,diamond,3,ett,firing_squad,anticommonsense,KEEP,yes,yes,1,1,169,254,,Novita,stop,0,0.000124415,content,0.0,700
meta-llama/llama-3.3-70b-instruct,170,10903,DR_k1,diamond,3,ett,firing_squad,anticommonsense,KEEP,yes,yes,1,1,177,336,,Novita,stop,0,0.000158295,content,0.0,700
meta-llama/llama-3.3-70b-instruct,170,10903,DR_k1_NI,diamond,3,ett,firing_squad,anticommonsense,KEEP,yes,yes,1,1,170,263,,Novita,stop,0,0.00012815,content,0.0,700
meta-llama/llama-3.3-70b-instruct,170,10903,DR_k2,diamond,3,ett,firing_squad,anticommonsense,KEEP,yes,yes,1,1,169,234,,Novita,stop,0,0.000116415,content,0.0,700
meta-llama/llama-3.3-70b-instruct,170,10903,DR_k2_NI,diamond,3,ett,firing_squad,anticommonsense,KEEP,yes,yes,1,1,162,166,,Novita,stop,0,8.827e-05,content,0.0,700
meta-llama/llama-3.3-70b-instruct,170,10903,DR_k3,diamond,3,ett,firing_squad,anticommonsense,KEEP,yes,yes,1,1,178,415,,Novita,stop,0,0.00019003,content,0.0,700
meta-llama/llama-3.3-70b-instruct,170,10903,DR_k3_NI,diamond,3,ett,firing_squad,anticommonsense,KEEP,yes,yes,1,1,171,311,,Novita,stop,0,0.000147485,content,0.0,700
meta-llama/llama-3.3-70b-instruct,171,5423,RAW,diamond,3,ett,floor_wet,hard,KEEP,yes,no,0,1,115,294,,Novita,stop,0,0.000133125,content,0.0,700
meta-llama/llama-3.3-70b-instruct,171,5423,ORACLE,diamond,3,ett,floor_wet,hard,KEEP,yes,no,0,1,159,584,,Novita,stop,0,0.000255065,content,0.0,700
meta-llama/llama-3.3-70b-instruct,171,5423,ORACLE_NI,diamond,3,ett,floor_wet,hard,KEEP,yes,yes,1,1,152,463,,Novita,stop,0,0.00020572,content,0.0,700
meta-llama/llama-3.3-70b-instruct,171,5423,DR_k1,diamond,3,ett,floor_wet,hard,KEEP,yes,no,0,1,158,518,,Novita,stop,0,0.00022853,content,0.0,700
meta-llama/llama-3.3-70b-instruct,171,5423,DR_k1_NI,diamond,3,ett,floor_wet,hard,KEEP,yes,no,0,1,151,316,,Novita,stop,0,0.000146785,content,0.0,700
meta-llama/llama-3.3-70b-instruct,171,5423,DR_k2,diamond,3,ett,floor_wet,hard,KEEP,yes,yes,1,1,158,525,,Novita,stop,0,0.00023133,content,0.0,700
meta-llama/llama-3.3-70b-instruct,171,5423,DR_k2_NI,diamond,3,ett,floor_wet,hard,KEEP,yes,yes,1,1,151,330,,Novita,stop,0,0.000152385,content,0.0,700
meta-llama/llama-3.3-70b-instruct,171,5423,DR_k3,diamond,3,ett,floor_wet,hard,KEEP,yes,no,0,1,158,474,,Novita,stop,0,0.00021093,content,0.0,700
meta-llama/llama-3.3-70b-instruct,171,5423,DR_k3_NI,diamond,3,ett,floor_wet,hard,KEEP,yes,no,0,1,151,501,,Novita,stop,0,0.000220785,content,0.0,700
meta-llama/llama-3.3-70b-instruct,172,15593,RAW,diamond,3,ett,firing_squad,anticommonsense,KEEP,no,no,1,1,125,157,,Novita,stop,0,7.9675e-05,content,0.0,700
meta-llama/llama-3.3-70b-instruct,172,15593,ORACLE,diamond,3,ett,firing_squad,anticommonsense,KEEP,no,no,1,1,175,303,,Novita,stop,0,0.000144825,content,0.0,700
meta-llama/llama-3.3-70b-instruct,172,15593,ORACLE_NI,diamond,3,ett,firing_squad,anticommonsense,KEEP,no,no,1,1,168,330,,Novita,stop,0,0.00015468,content,0.0,700
meta-llama/llama-3.3-70b-instruct,172,15593,DR_k1,diamond,3,ett,firing_squad,anticommonsense,KEEP,no,no,1,1,176,318,,Novita,stop,0,0.00015096,content,0.0,700
meta-llama/llama-3.3-70b-instruct,172,15593,DR_k1_NI,diamond,3,ett,firing_squad,anticommonsense,KEEP,no,no,1,1,169,518,,Novita,stop,0,0.000230015,content,0.0,700
meta-llama/llama-3.3-70b-instruct,172,15593,DR_k2,diamond,3,ett,firing_squad,anticommonsense,KEEP,no,no,1,1,169,265,,Novita,stop,0,0.000128815,content,0.0,700
meta-llama/llama-3.3-70b-instruct,172,15593,DR_k2_NI,diamond,3,ett,firing_squad,anticommonsense,KEEP,no,no,1,1,162,424,,Novita,stop,0,0.00019147,content,0.0,700
meta-llama/llama-3.3-70b-instruct,172,15593,DR_k3,diamond,3,ett,firing_squad,anticommonsense,KEEP,no,no,1,1,178,503,,Novita,stop,0,0.00022523,content,0.0,700
meta-llama/llama-3.3-70b-instruct,172,15593,DR_k3_NI,diamond,3,ett,firing_squad,anticommonsense,KEEP,no,no,1,1,171,350,,Novita,stop,0,0.000163085,content,0.0,700
meta-llama/llama-3.3-70b-instruct,173,530,RAW,diamond,3,ett,firing_squad,easy,KEEP,yes,yes,1,1,124,98,,Novita,stop,0,5.594e-05,content,0.0,700
meta-llama/llama-3.3-70b-instruct,173,530,ORACLE,diamond,3,ett,firing_squad,easy,KEEP,yes,yes,1,1,172,129,,Novita,stop,0,7.482e-05,content,0.0,700
meta-llama/llama-3.3-70b-instruct,173,530,ORACLE_NI,diamond,3,ett,firing_squad,easy,KEEP,yes,yes,1,1,165,111,,Novita,stop,0,6.6675e-05,content,0.0,700
meta-llama/llama-3.3-70b-instruct,173,530,DR_k1,diamond,3,ett,firing_squad,easy,KEEP,yes,yes,1,1,171,186,,Novita,stop,0,9.7485e-05,content,0.0,700
meta-llama/llama-3.3-70b-instruct,173,530,DR_k1_NI,diamond,3,ett,firing_squad,easy,KEEP,yes,yes,1,1,164,111,,Novita,stop,0,6.654e-05,content,0.0,700
meta-llama/llama-3.3-70b-instruct,173,530,DR_k2,diamond,3,ett,firing_squad,easy,KEEP,yes,yes,1,1,167,151,,Novita,stop,0,8.2945e-05,content,0.0,700
meta-llama/llama-3.3-70b-instruct,173,530,DR_k2_NI,diamond,3,ett,firing_squad,easy,KEEP,yes,yes,1,1,160,99,,Novita,stop,0,6.12e-05,content,0.0,700
meta-llama/llama-3.3-70b-instruct,173,530,DR_k3,diamond,3,ett,firing_squad,easy,KEEP,yes,yes,1,1,174,197,,Novita,stop,0,0.00010229,content,0.0,700
meta-llama/llama-3.3-70b-instruct,173,530,DR_k3_NI,diamond,3,ett,firing_squad,easy,KEEP,yes,yes,1,1,167,111,,Novita,stop,0,6.6945e-05,content,0.0,700
meta-llama/llama-3.3-70b-instruct,174,11651,RAW,diamond,3,ett,vaccine_kills,anticommonsense,KEEP,yes,yes,1,1,127,215,,Novita,stop,0,0.000103145,content,0.0,700
meta-llama/llama-3.3-70b-instruct,174,11651,ORACLE,diamond,3,ett,vaccine_kills,anticommonsense,KEEP,yes,yes,1,1,185,300,,Novita,stop,0,0.000144975,content,0.0,700
meta-llama/llama-3.3-70b-instruct,174,11651,ORACLE_NI,diamond,3,ett,vaccine_kills,anticommonsense,KEEP,yes,yes,1,1,178,374,,Novita,stop,0,0.00017363,content,0.0,700
meta-llama/llama-3.3-70b-instruct,174,11651,DR_k1,diamond,3,ett,vaccine_kills,anticommonsense,KEEP,yes,yes,1,1,184,219,,Novita,stop,0,0.00011244,content,0.0,700
meta-llama/llama-3.3-70b-instruct,174,11651,DR_k1_NI,diamond,3,ett,vaccine_kills,anticommonsense,KEEP,yes,yes,1,1,177,330,,Novita,stop,0,0.000155895,content,0.0,700
meta-llama/llama-3.3-70b-instruct,174,11651,DR_k2,diamond,3,ett,vaccine_kills,anticommonsense,KEEP,yes,yes,1,1,183,280,,Novita,stop,0,0.000136705,content,0.0,700
meta-llama/llama-3.3-70b-instruct,174,11651,DR_k2_NI,diamond,3,ett,vaccine_kills,anticommonsense,KEEP,yes,yes,1,1,176,233,,Novita,stop,0,0.00011696,content,0.0,700
meta-llama/llama-3.3-70b-instruct,174,11651,DR_k3,diamond,3,ett,vaccine_kills,anticommonsense,KEEP,yes,yes,1,1,184,254,,Novita,stop,0,0.00012644,content,0.0,700
meta-llama/llama-3.3-70b-instruct,174,11651,DR_k3_NI,diamond,3,ett,vaccine_kills,anticommonsense,KEEP,yes,yes,1,1,177,255,,Novita,stop,0,0.000125895,content,0.0,700
meta-llama/llama-3.3-70b-instruct,175,15752,RAW,diamond,3,ett,floor_wet,anticommonsense,KEEP,yes,no,0,1,115,86,,Novita,stop,0,4.9925e-05,content,0.0,700
meta-llama/llama-3.3-70b-instruct,175,15752,ORACLE,diamond,3,ett,floor_wet,anticommonsense,KEEP,yes,no,0,1,159,225,,Novita,stop,0,0.000111465,content,0.0,700
meta-llama/llama-3.3-70b-instruct,175,15752,ORACLE_NI,diamond,3,ett,floor_wet,anticommonsense,KEEP,yes,no,0,1,152,125,,Novita,stop,0,7.052e-05,content,0.0,700
meta-llama/llama-3.3-70b-instruct,175,15752,DR_k1,diamond,3,ett,floor_wet,anticommonsense,KEEP,yes,no,0,1,159,250,,Novita,stop,0,0.000121465,content,0.0,700
meta-llama/llama-3.3-70b-instruct,175,15752,DR_k1_NI,diamond,3,ett,floor_wet,anticommonsense,KEEP,yes,no,0,1,152,168,,Novita,stop,0,8.772e-05,content,0.0,700
meta-llama/llama-3.3-70b-instruct,175,15752,DR_k2,diamond,3,ett,floor_wet,anticommonsense,KEEP,yes,no,0,1,153,119,,Novita,stop,0,6.8255e-05,content,0.0,700
meta-llama/llama-3.3-70b-instruct,175,15752,DR_k2_NI,diamond,3,ett,floor_wet,anticommonsense,KEEP,yes,no,0,1,146,76,,Novita,stop,0,5.011e-05,content,0.0,700
meta-llama/llama-3.3-70b-instruct,175,15752,DR_k3,diamond,3,ett,floor_wet,anticommonsense,KEEP,yes,no,0,1,159,328,,Novita,stop,0,0.000152665,content,0.0,700
meta-llama/llama-3.3-70b-instruct,175,15752,DR_k3_NI,diamond,3,ett,floor_wet,anticommonsense,KEEP,yes,no,0,1,152,138,,Novita,stop,0,7.572e-05,content,0.0,700
meta-llama/llama-3.3-70b-instruct,176,5405,RAW,diamond,3,ett,floor_wet,hard,KEEP,yes,yes,1,1,115,122,,Novita,stop,0,6.4325e-05,content,0.0,700
meta-llama/llama-3.3-70b-instruct,176,5405,ORACLE,diamond,3,ett,floor_wet,hard,KEEP,yes,yes,1,1,159,336,,Novita,stop,0,0.000155865,content,0.0,700
meta-llama/llama-3.3-70b-instruct,176,5405,ORACLE_NI,diamond,3,ett,floor_wet,hard,KEEP,yes,no,0,1,152,632,,Novita,stop,0,0.00027332,content,0.0,700
meta-llama/llama-3.3-70b-instruct,176,5405,DR_k1,diamond,3,ett,floor_wet,hard,KEEP,yes,yes,1,1,159,311,,Novita,stop,0,0.000145865,content,0.0,700
meta-llama/llama-3.3-70b-instruct,176,5405,DR_k1_NI,diamond,3,ett,floor_wet,hard,KEEP,yes,no,0,1,152,533,,Novita,stop,0,0.00023372,content,0.0,700
meta-llama/llama-3.3-70b-instruct,176,5405,DR_k2,diamond,3,ett,floor_wet,hard,KEEP,yes,yes,1,1,158,374,,Novita,stop,0,0.00017093,content,0.0,700
meta-llama/llama-3.3-70b-instruct,176,5405,DR_k2_NI,diamond,3,ett,floor_wet,hard,KEEP,yes,no,0,1,151,516,,Novita,stop,0,0.000226785,content,0.0,700
meta-llama/llama-3.3-70b-instruct,176,5405,DR_k3,diamond,3,ett,floor_wet,hard,KEEP,yes,yes,1,1,159,279,,Novita,stop,0,0.000133065,content,0.0,700
meta-llama/llama-3.3-70b-instruct,176,5405,DR_k3_NI,diamond,3,ett,floor_wet,hard,KEEP,yes,yes,1,1,152,333,,Novita,stop,0,0.00015372,content,0.0,700
meta-llama/llama-3.3-70b-instruct,177,399,RAW,diamond,3,ett,firing_squad,easy,KEEP,yes,yes,1,1,124,98,,Novita,stop,0,5.594e-05,content,0.0,700
meta-llama/llama-3.3-70b-instruct,177,399,ORACLE,diamond,3,ett,firing_squad,easy,KEEP,yes,yes,1,1,172,123,,Novita,stop,0,7.242e-05,content,0.0,700
meta-llama/llama-3.3-70b-instruct,177,399,ORACLE_NI,diamond,3,ett,firing_squad,easy,KEEP,yes,yes,1,1,165,111,,Novita,stop,0,6.6675e-05,content,0.0,700
meta-llama/llama-3.3-70b-instruct,177,399,DR_k1,diamond,3,ett,firing_squad,easy,KEEP,yes,yes,1,1,173,115,,Novita,stop,0,6.9355e-05,content,0.0,700
meta-llama/llama-3.3-70b-instruct,177,399,DR_k1_NI,diamond,3,ett,firing_squad,easy,KEEP,yes,yes,1,1,166,111,,Novita,stop,0,6.681e-05,content,0.0,700
meta-llama/llama-3.3-70b-instruct,177,399,DR_k2,diamond,3,ett,firing_squad,easy,KEEP,yes,yes,1,1,172,103,,Novita,stop,0,6.442e-05,content,0.0,700
meta-llama/llama-3.3-70b-instruct,177,399,DR_k2_NI,diamond,3,ett,firing_squad,easy,KEEP,yes,yes,1,1,165,111,,Novita,stop,0,6.6675e-05,content,0.0,700
meta-llama/llama-3.3-70b-instruct,177,399,DR_k3,diamond,3,ett,firing_squad,easy,KEEP,yes,yes,1,1,174,136,,Novita,stop,0,7.789e-05,content,0.0,700
meta-llama/llama-3.3-70b-instruct,177,399,DR_k3_NI,diamond,3,ett,firing_squad,easy,KEEP,yes,yes,1,1,167,111,,Novita,stop,0,6.6945e-05,content,0.0,700
meta-llama/llama-3.3-70b-instruct,178,10854,RAW,diamond,3,ett,firing_squad,anticommonsense,KEEP,no,no,1,1,127,313,,Novita,stop,0,0.000142345,content,0.0,700
meta-llama/llama-3.3-70b-instruct,178,10854,ORACLE,diamond,3,ett,firing_squad,anticommonsense,KEEP,no,no,1,1,176,283,,Novita,stop,0,0.00013696,content,0.0,700
meta-llama/llama-3.3-70b-instruct,178,10854,ORACLE_NI,diamond,3,ett,firing_squad,anticommonsense,KEEP,no,no,1,1,169,470,,Novita,stop,0,0.000210815,content,0.0,700
meta-llama/llama-3.3-70b-instruct,178,10854,DR_k1,diamond,3,ett,firing_squad,anticommonsense,KEEP,no,no,1,1,177,316,,Novita,stop,0,0.000150295,content,0.0,700
meta-llama/llama-3.3-70b-instruct,178,10854,DR_k1_NI,diamond,3,ett,firing_squad,anticommonsense,KEEP,no,no,1,1,170,205,,Novita,stop,0,0.00010495,content,0.0,700
meta-llama/llama-3.3-70b-instruct,178,10854,DR_k2,diamond,3,ett,firing_squad,anticommonsense,KEEP,no,no,1,1,177,582,,Novita,stop,0,0.000256695,content,0.0,700
meta-llama/llama-3.3-70b-instruct,178,10854,DR_k2_NI,diamond,3,ett,firing_squad,anticommonsense,KEEP,no,no,1,1,170,370,,Novita,stop,0,0.00017095,content,0.0,700
meta-llama/llama-3.3-70b-instruct,178,10854,DR_k3,diamond,3,ett,firing_squad,anticommonsense,KEEP,no,no,1,1,179,327,,Novita,stop,0,0.000154965,content,0.0,700
meta-llama/llama-3.3-70b-instruct,178,10854,DR_k3_NI,diamond,3,ett,firing_squad,anticommonsense,KEEP,no,no,1,1,172,591,,Novita,stop,0,0.00025962,content,0.0,700
meta-llama/llama-3.3-70b-instruct,179,15767,RAW,diamond,3,ett,floor_wet,anticommonsense,KEEP,no,no,1,1,115,417,,Novita,stop,0,0.000182325,content,0.0,700
meta-llama/llama-3.3-70b-instruct,179,15767,ORACLE,diamond,3,ett,floor_wet,anticommonsense,KEEP,no,no,1,1,159,515,,Novita,stop,0,0.000227465,content,0.0,700
meta-llama/llama-3.3-70b-instruct,179,15767,ORACLE_NI,diamond,3,ett,floor_wet,anticommonsense,KEEP,no,no,1,1,152,394,,Novita,stop,0,0.00017812,content,0.0,700
meta-llama/llama-3.3-70b-instruct,179,15767,DR_k1,diamond,3,ett,floor_wet,anticommonsense,KEEP,no,no,1,1,158,308,,Novita,stop,0,0.00014453,content,0.0,700
meta-llama/llama-3.3-70b-instruct,179,15767,DR_k1_NI,diamond,3,ett,floor_wet,anticommonsense,KEEP,no,no,1,1,151,338,,Novita,stop,0,0.000155585,content,0.0,700
meta-llama/llama-3.3-70b-instruct,179,15767,DR_k2,diamond,3,ett,floor_wet,anticommonsense,KEEP,no,no,1,1,152,391,,Novita,stop,0,0.00017692,content,0.0,700
meta-llama/llama-3.3-70b-instruct,179,15767,DR_k2_NI,diamond,3,ett,floor_wet,anticommonsense,KEEP,no,no,1,1,145,404,,Novita,stop,0,0.000181175,content,0.0,700
meta-llama/llama-3.3-70b-instruct,179,15767,DR_k3,diamond,3,ett,floor_wet,anticommonsense,KEEP,no,no,1,1,159,344,,Novita,stop,0,0.000159065,content,0.0,700
meta-llama/llama-3.3-70b-instruct,179,15767,DR_k3_NI,diamond,3,ett,floor_wet,anticommonsense,KEEP,no,no,1,1,152,290,,Novita,stop,0,0.00013652,content,0.0,700
meta-llama/llama-3.3-70b-instruct,180,5166,RAW,diamondcut,2,ate,firing_employee,hard,KEEP,no,no,1,1,183,296,,Novita,stop,0,0.000143105,content,0.0,700
meta-llama/llama-3.3-70b-instruct,180,5166,ORACLE,diamondcut,2,ate,firing_employee,hard,KEEP,no,no,1,1,225,426,,Novita,stop,0,0.000200775,content,0.0,700
meta-llama/llama-3.3-70b-instruct,180,5166,ORACLE_NI,diamondcut,2,ate,firing_employee,hard,KEEP,no,no,1,1,218,362,,Novita,stop,0,0.00017423,content,0.0,700
meta-llama/llama-3.3-70b-instruct,180,5166,DR_k1,diamondcut,2,ate,firing_employee,hard,KEEP,no,no,1,1,225,462,,Novita,stop,0,0.000215175,content,0.0,700
meta-llama/llama-3.3-70b-instruct,180,5166,DR_k1_NI,diamondcut,2,ate,firing_employee,hard,KEEP,no,no,1,1,218,361,,Novita,stop,0,0.00017383,content,0.0,700
meta-llama/llama-3.3-70b-instruct,180,5166,DR_k2,diamondcut,2,ate,firing_employee,hard,KEEP,no,no,1,1,226,378,,Novita,stop,0,0.00018171,content,0.0,700
meta-llama/llama-3.3-70b-instruct,180,5166,DR_k2_NI,diamondcut,2,ate,firing_employee,hard,KEEP,no,no,1,1,219,368,,Novita,stop,0,0.000176765,content,0.0,700
meta-llama/llama-3.3-70b-instruct,180,5166,DR_k3,diamondcut,2,ate,firing_employee,hard,KEEP,no,no,1,1,226,450,,Novita,stop,0,0.00021051,content,0.0,700
meta-llama/llama-3.3-70b-instruct,180,5166,DR_k3_NI,diamondcut,2,ate,firing_employee,hard,KEEP,no,no,1,1,219,365,,Novita,stop,0,0.000175565,content,0.0,700
meta-llama/llama-3.3-70b-instruct,181,15543,RAW,diamondcut,2,ate,firing_employee,anticommonsense,KEEP,yes,yes,1,1,178,300,,Novita,stop,0,0.00014403,content,0.0,700
meta-llama/llama-3.3-70b-instruct,181,15543,ORACLE,diamondcut,2,ate,firing_employee,anticommonsense,KEEP,yes,yes,1,1,222,366,,Novita,stop,0,0.00017637,content,0.0,700
meta-llama/llama-3.3-70b-instruct,181,15543,ORACLE_NI,diamondcut,2,ate,firing_employee,anticommonsense,KEEP,yes,yes,1,1,215,335,,Novita,stop,0,0.000163025,content,0.0,700
meta-llama/llama-3.3-70b-instruct,181,15543,DR_k1,diamondcut,2,ate,firing_employee,anticommonsense,KEEP,yes,yes,1,1,223,296,,Novita,stop,0,0.000148505,content,0.0,700
meta-llama/llama-3.3-70b-instruct,181,15543,DR_k1_NI,diamondcut,2,ate,firing_employee,anticommonsense,KEEP,yes,yes,1,1,216,501,,Novita,stop,0,0.00022956,content,0.0,700
meta-llama/llama-3.3-70b-instruct,181,15543,DR_k2,diamondcut,2,ate,firing_employee,anticommonsense,KEEP,yes,yes,1,1,223,345,,Novita,stop,0,0.000168105,content,0.0,700
meta-llama/llama-3.3-70b-instruct,181,15543,DR_k2_NI,diamondcut,2,ate,firing_employee,anticommonsense,KEEP,yes,yes,1,1,216,328,,Novita,stop,0,0.00016036,content,0.0,700
meta-llama/llama-3.3-70b-instruct,181,15543,DR_k3,diamondcut,2,ate,firing_employee,anticommonsense,KEEP,yes,yes,1,1,223,404,,Novita,stop,0,0.000191705,content,0.0,700
meta-llama/llama-3.3-70b-instruct,181,15543,DR_k3_NI,diamondcut,2,ate,firing_employee,anticommonsense,KEEP,yes,yes,1,1,216,387,,Novita,stop,0,0.00018396,content,0.0,700
meta-llama/llama-3.3-70b-instruct,182,10770,RAW,diamondcut,2,ate,firing_employee,anticommonsense,KEEP,no,no,1,1,171,350,,Novita,stop,0,0.000163085,content,0.0,700
meta-llama/llama-3.3-70b-instruct,182,10770,ORACLE,diamondcut,2,ate,firing_employee,anticommonsense,KEEP,no,no,1,1,219,421,,Novita,stop,0,0.000197965,content,0.0,700
meta-llama/llama-3.3-70b-instruct,182,10770,ORACLE_NI,diamondcut,2,ate,firing_employee,anticommonsense,KEEP,no,no,1,1,212,410,,Novita,stop,0,0.00019262,content,0.0,700
meta-llama/llama-3.3-70b-instruct,182,10770,DR_k1,diamondcut,2,ate,firing_employee,anticommonsense,KEEP,no,no,1,1,217,493,,Novita,stop,0,0.000226495,content,0.0,700
meta-llama/llama-3.3-70b-instruct,182,10770,DR_k1_NI,diamondcut,2,ate,firing_employee,anticommonsense,KEEP,no,no,1,1,210,382,,Novita,stop,0,0.00018115,content,0.0,700
meta-llama/llama-3.3-70b-instruct,182,10770,DR_k2,diamondcut,2,ate,firing_employee,anticommonsense,KEEP,no,no,1,1,213,528,,Novita,stop,0,0.000239955,content,0.0,700
meta-llama/llama-3.3-70b-instruct,182,10770,DR_k2_NI,diamondcut,2,ate,firing_employee,anticommonsense,KEEP,no,no,1,1,206,322,,Novita,stop,0,0.00015661,content,0.0,700
meta-llama/llama-3.3-70b-instruct,182,10770,DR_k3,diamondcut,2,ate,firing_employee,anticommonsense,KEEP,no,no,1,1,220,500,,Novita,stop,0,0.0002297,content,0.0,700
meta-llama/llama-3.3-70b-instruct,182,10770,DR_k3_NI,diamondcut,2,ate,firing_employee,anticommonsense,KEEP,no,no,1,1,213,328,,Novita,stop,0,0.000159955,content,0.0,700
meta-llama/llama-3.3-70b-instruct,183,321,RAW,diamondcut,2,ate,firing_employee,easy,KEEP,no,no,1,1,183,493,,Novita,stop,0,0.000221905,content,0.0,700
meta-llama/llama-3.3-70b-instruct,183,321,ORACLE,diamondcut,2,ate,firing_employee,easy,KEEP,no,no,1,1,225,673,,Novita,stop,0,0.000299575,content,0.0,700
meta-llama/llama-3.3-70b-instruct,183,321,ORACLE_NI,diamondcut,2,ate,firing_employee,easy,KEEP,no,no,1,1,218,404,,Novita,stop,0,0.00019103,content,0.0,700
meta-llama/llama-3.3-70b-instruct,183,321,DR_k1,diamondcut,2,ate,firing_employee,easy,KEEP,no,no,1,1,226,522,,Novita,stop,0,0.00023931,content,0.0,700
meta-llama/llama-3.3-70b-instruct,183,321,DR_k1_NI,diamondcut,2,ate,firing_employee,easy,KEEP,no,no,1,1,219,522,,Novita,stop,0,0.000238365,content,0.0,700
meta-llama/llama-3.3-70b-instruct,183,321,DR_k2,diamondcut,2,ate,firing_employee,easy,KEEP,no,no,1,1,220,382,,Novita,stop,0,0.0001825,content,0.0,700
meta-llama/llama-3.3-70b-instruct,183,321,DR_k2_NI,diamondcut,2,ate,firing_employee,easy,KEEP,no,no,1,1,213,503,,Novita,stop,0,0.000229955,content,0.0,700
meta-llama/llama-3.3-70b-instruct,183,321,DR_k3,diamondcut,2,ate,firing_employee,easy,KEEP,no,no,1,1,226,414,,Novita,stop,0,0.00019611,content,0.0,700
meta-llama/llama-3.3-70b-instruct,183,321,DR_k3_NI,diamondcut,2,ate,firing_employee,easy,KEEP,no,no,1,1,219,322,,Novita,stop,0,0.000158365,content,0.0,700
meta-llama/llama-3.3-70b-instruct,184,378,RAW,diamondcut,2,ate,firing_employee,easy,KEEP,no,no,1,1,183,324,,Novita,stop,0,0.000154305,content,0.0,700
meta-llama/llama-3.3-70b-instruct,184,378,ORACLE,diamondcut,2,ate,firing_employee,easy,KEEP,no,no,1,1,225,373,,Novita,stop,0,0.000179575,content,0.0,700
meta-llama/llama-3.3-70b-instruct,184,378,ORACLE_NI,diamondcut,2,ate,firing_employee,easy,KEEP,no,no,1,1,218,309,,Novita,stop,0,0.00015303,content,0.0,700
meta-llama/llama-3.3-70b-instruct,184,378,DR_k1,diamondcut,2,ate,firing_employee,easy,KEEP,no,no,1,1,226,561,,Novita,stop,0,0.00025491,content,0.0,700
meta-llama/llama-3.3-70b-instruct,184,378,DR_k1_NI,diamondcut,2,ate,firing_employee,easy,KEEP,no,no,1,1,219,321,,Novita,stop,0,0.000157965,content,0.0,700
meta-llama/llama-3.3-70b-instruct,184,378,DR_k2,diamondcut,2,ate,firing_employee,easy,KEEP,no,no,1,1,226,507,,Novita,stop,0,0.00023331,content,0.0,700
meta-llama/llama-3.3-70b-instruct,184,378,DR_k2_NI,diamondcut,2,ate,firing_employee,easy,KEEP,no,no,1,1,219,347,,Novita,stop,0,0.000168365,content,0.0,700
meta-llama/llama-3.3-70b-instruct,184,378,DR_k3,diamondcut,2,ate,firing_employee,easy,KEEP,no,no,1,1,226,385,,Novita,stop,0,0.00018451,content,0.0,700
meta-llama/llama-3.3-70b-instruct,184,378,DR_k3_NI,diamondcut,2,ate,firing_employee,easy,KEEP,no,no,1,1,219,469,,Novita,stop,0,0.000217165,content,0.0,700
meta-llama/llama-3.3-70b-instruct,185,15540,RAW,diamondcut,2,ate,firing_employee,anticommonsense,KEEP,no,no,1,1,178,454,,Novita,stop,0,0.00020563,content,0.0,700
meta-llama/llama-3.3-70b-instruct,185,15540,ORACLE,diamondcut,2,ate,firing_employee,anticommonsense,KEEP,no,no,1,1,222,424,,Novita,stop,0,0.00019957,content,0.0,700
meta-llama/llama-3.3-70b-instruct,185,15540,ORACLE_NI,diamondcut,2,ate,firing_employee,anticommonsense,KEEP,no,no,1,1,215,400,,Novita,stop,0,0.000189025,content,0.0,700
meta-llama/llama-3.3-70b-instruct,185,15540,DR_k1,diamondcut,2,ate,firing_employee,anticommonsense,KEEP,no,no,1,1,223,409,,Novita,stop,0,0.000193705,content,0.0,700
meta-llama/llama-3.3-70b-instruct,185,15540,DR_k1_NI,diamondcut,2,ate,firing_employee,anticommonsense,KEEP,no,no,1,1,216,416,,Novita,stop,0,0.00019556,content,0.0,700
meta-llama/llama-3.3-70b-instruct,185,15540,DR_k2,diamondcut,2,ate,firing_employee,anticommonsense,KEEP,no,no,1,1,217,424,,Novita,stop,0,0.000198895,content,0.0,700
meta-llama/llama-3.3-70b-instruct,185,15540,DR_k2_NI,diamondcut,2,ate,firing_employee,anticommonsense,KEEP,no,no,1,1,210,355,,Novita,stop,0,0.00017035,content,0.0,700
meta-llama/llama-3.3-70b-instruct,185,15540,DR_k3,diamondcut,2,ate,firing_employee,anticommonsense,KEEP,no,no,1,1,222,537,,Novita,stop,0,0.00024477,content,0.0,700
meta-llama/llama-3.3-70b-instruct,185,15540,DR_k3_NI,diamondcut,2,ate,firing_employee,anticommonsense,KEEP,no,no,1,1,215,450,,Novita,stop,0,0.000209025,content,0.0,700
meta-llama/llama-3.3-70b-instruct,186,10683,RAW,diamondcut,2,ate,firing_employee,anticommonsense,KEEP,yes,yes,1,1,171,442,,Novita,stop,0,0.000199885,content,0.0,700
meta-llama/llama-3.3-70b-instruct,186,10683,ORACLE,diamondcut,2,ate,firing_employee,anticommonsense,KEEP,yes,yes,1,1,219,539,,Novita,stop,0,0.000245165,content,0.0,700
meta-llama/llama-3.3-70b-instruct,186,10683,ORACLE_NI,diamondcut,2,ate,firing_employee,anticommonsense,KEEP,yes,yes,1,1,212,391,,Novita,stop,0,0.00018502,content,0.0,700
meta-llama/llama-3.3-70b-instruct,186,10683,DR_k1,diamondcut,2,ate,firing_employee,anticommonsense,KEEP,yes,yes,1,1,219,480,,Novita,stop,0,0.000221565,content,0.0,700
meta-llama/llama-3.3-70b-instruct,186,10683,DR_k1_NI,diamondcut,2,ate,firing_employee,anticommonsense,KEEP,yes,yes,1,1,212,349,,Novita,stop,0,0.00016822,content,0.0,700
meta-llama/llama-3.3-70b-instruct,186,10683,DR_k2,diamondcut,2,ate,firing_employee,anticommonsense,KEEP,yes,yes,1,1,213,524,,Novita,stop,0,0.000238355,content,0.0,700
meta-llama/llama-3.3-70b-instruct,186,10683,DR_k2_NI,diamondcut,2,ate,firing_employee,anticommonsense,KEEP,yes,yes,1,1,206,399,,Novita,stop,0,0.00018741,content,0.0,700
meta-llama/llama-3.3-70b-instruct,186,10683,DR_k3,diamondcut,2,ate,firing_employee,anticommonsense,KEEP,yes,yes,1,1,220,416,,Novita,stop,0,0.0001961,content,0.0,700
meta-llama/llama-3.3-70b-instruct,186,10683,DR_k3_NI,diamondcut,2,ate,firing_employee,anticommonsense,KEEP,yes,yes,1,1,213,363,,Novita,stop,0,0.000173955,content,0.0,700
meta-llama/llama-3.3-70b-instruct,187,5151,RAW,diamondcut,2,ate,firing_employee,hard,KEEP,yes,yes,1,1,183,330,,Novita,stop,0,0.000156705,content,0.0,700
meta-llama/llama-3.3-70b-instruct,187,5151,ORACLE,diamondcut,2,ate,firing_employee,hard,KEEP,yes,yes,1,1,225,372,,Novita,stop,0,0.000179175,content,0.0,700
meta-llama/llama-3.3-70b-instruct,187,5151,ORACLE_NI,diamondcut,2,ate,firing_employee,hard,KEEP,yes,no,0,1,218,461,,Novita,stop,0,0.00021383,content,0.0,700
meta-llama/llama-3.3-70b-instruct,187,5151,DR_k1,diamondcut,2,ate,firing_employee,hard,KEEP,yes,yes,1,1,225,397,,Novita,stop,0,0.000189175,content,0.0,700
meta-llama/llama-3.3-70b-instruct,187,5151,DR_k1_NI,diamondcut,2,ate,firing_employee,hard,KEEP,yes,yes,1,1,218,323,,Novita,stop,0,0.00015863,content,0.0,700
meta-llama/llama-3.3-70b-instruct,187,5151,DR_k2,diamondcut,2,ate,firing_employee,hard,KEEP,yes,yes,1,1,226,362,,Novita,stop,0,0.00017531,content,0.0,700
meta-llama/llama-3.3-70b-instruct,187,5151,DR_k2_NI,diamondcut,2,ate,firing_employee,hard,KEEP,yes,yes,1,1,219,336,,Novita,stop,0,0.000163965,content,0.0,700
meta-llama/llama-3.3-70b-instruct,187,5151,DR_k3,diamondcut,2,ate,firing_employee,hard,KEEP,yes,yes,1,1,226,412,,Novita,stop,0,0.00019531,content,0.0,700
meta-llama/llama-3.3-70b-instruct,187,5151,DR_k3_NI,diamondcut,2,ate,firing_employee,hard,KEEP,yes,yes,1,1,219,338,,Novita,stop,0,0.000164765,content,0.0,700
meta-llama/llama-3.3-70b-instruct,188,5144,RAW,diamondcut,2,ate,firing_employee,hard,KEEP,yes,yes,1,1,183,380,,Novita,stop,0,0.000176705,content,0.0,700
meta-llama/llama-3.3-70b-instruct,188,5144,ORACLE,diamondcut,2,ate,firing_employee,hard,KEEP,yes,yes,1,1,225,434,,Novita,stop,0,0.000203975,content,0.0,700
meta-llama/llama-3.3-70b-instruct,188,5144,ORACLE_NI,diamondcut,2,ate,firing_employee,hard,KEEP,yes,no,0,1,218,408,,Novita,stop,0,0.00019263,content,0.0,700
meta-llama/llama-3.3-70b-instruct,188,5144,DR_k1,diamondcut,2,ate,firing_employee,hard,KEEP,yes,yes,1,1,226,493,,Novita,stop,0,0.00022771,content,0.0,700
meta-llama/llama-3.3-70b-instruct,188,5144,DR_k1_NI,diamondcut,2,ate,firing_employee,hard,KEEP,yes,yes,1,1,219,323,,Novita,stop,0,0.000158765,content,0.0,700
meta-llama/llama-3.3-70b-instruct,188,5144,DR_k2,diamondcut,2,ate,firing_employee,hard,KEEP,yes,yes,1,1,226,345,,Novita,stop,0,0.00016851,content,0.0,700
meta-llama/llama-3.3-70b-instruct,188,5144,DR_k2_NI,diamondcut,2,ate,firing_employee,hard,KEEP,yes,yes,1,1,219,425,,Novita,stop,0,0.000199565,content,0.0,700
meta-llama/llama-3.3-70b-instruct,188,5144,DR_k3,diamondcut,2,ate,firing_employee,hard,KEEP,yes,yes,1,1,226,368,,Novita,stop,0,0.00017771,content,0.0,700
meta-llama/llama-3.3-70b-instruct,188,5144,DR_k3_NI,diamondcut,2,ate,firing_employee,hard,KEEP,yes,yes,1,1,219,380,,Novita,stop,0,0.000181565,content,0.0,700
meta-llama/llama-3.3-70b-instruct,189,291,RAW,diamondcut,2,ate,firing_employee,easy,KEEP,yes,yes,1,1,183,335,,Novita,stop,0,0.000158705,content,0.0,700
meta-llama/llama-3.3-70b-instruct,189,291,ORACLE,diamondcut,2,ate,firing_employee,easy,KEEP,yes,yes,1,1,225,392,,Novita,stop,0,0.000187175,content,0.0,700
meta-llama/llama-3.3-70b-instruct,189,291,ORACLE_NI,diamondcut,2,ate,firing_employee,easy,KEEP,yes,yes,1,1,218,380,,Novita,stop,0,0.00018143,content,0.0,700
meta-llama/llama-3.3-70b-instruct,189,291,DR_k1,diamondcut,2,ate,firing_employee,easy,KEEP,yes,yes,1,1,226,537,,Novita,stop,0,0.00024531,content,0.0,700
meta-llama/llama-3.3-70b-instruct,189,291,DR_k1_NI,diamondcut,2,ate,firing_employee,easy,KEEP,yes,yes,1,1,219,389,,Novita,stop,0,0.000185165,content,0.0,700
meta-llama/llama-3.3-70b-instruct,189,291,DR_k2,diamondcut,2,ate,firing_employee,easy,KEEP,yes,yes,1,1,220,503,,Novita,stop,0,0.0002309,content,0.0,700
meta-llama/llama-3.3-70b-instruct,189,291,DR_k2_NI,diamondcut,2,ate,firing_employee,easy,KEEP,yes,yes,1,1,213,320,,Novita,stop,0,0.000156755,content,0.0,700
meta-llama/llama-3.3-70b-instruct,189,291,DR_k3,diamondcut,2,ate,firing_employee,easy,KEEP,yes,yes,1,1,226,511,,Novita,stop,0,0.00023491,content,0.0,700
meta-llama/llama-3.3-70b-instruct,189,291,DR_k3_NI,diamondcut,2,ate,firing_employee,easy,KEEP,yes,yes,1,1,219,339,,Novita,stop,0,0.000165165,content,0.0,700
meta-llama/llama-3.3-70b-instruct,190,15513,RAW,diamondcut,2,ate,firing_employee,anticommonsense,KEEP,no,no,1,1,178,326,,Novita,stop,0,0.00015443,content,0.0,700
meta-llama/llama-3.3-70b-instruct,190,15513,ORACLE,diamondcut,2,ate,firing_employee,anticommonsense,KEEP,no,no,1,1,222,618,,Novita,stop,0,0.00027717,content,0.0,700
meta-llama/llama-3.3-70b-instruct,190,15513,ORACLE_NI,diamondcut,2,ate,firing_employee,anticommonsense,KEEP,no,no,1,1,215,377,,Novita,stop,0,0.000179825,content,0.0,700
meta-llama/llama-3.3-70b-instruct,190,15513,DR_k1,diamondcut,2,ate,firing_employee,anticommonsense,KEEP,no,no,1,1,222,445,,Novita,stop,0,0.00020797,content,0.0,700
meta-llama/llama-3.3-70b-instruct,190,15513,DR_k1_NI,diamondcut,2,ate,firing_employee,anticommonsense,KEEP,no,no,1,1,215,348,,Novita,stop,0,0.000168225,content,0.0,700
meta-llama/llama-3.3-70b-instruct,190,15513,DR_k2,diamondcut,2,ate,firing_employee,anticommonsense,KEEP,no,no,1,1,217,514,,Novita,stop,0,0.000234895,content,0.0,700
meta-llama/llama-3.3-70b-instruct,190,15513,DR_k2_NI,diamondcut,2,ate,firing_employee,anticommonsense,KEEP,no,no,1,1,210,360,,Novita,stop,0,0.00017235,content,0.0,700
meta-llama/llama-3.3-70b-instruct,190,15513,DR_k3,diamondcut,2,ate,firing_employee,anticommonsense,KEEP,no,no,1,1,223,355,,Novita,stop,0,0.000172105,content,0.0,700
meta-llama/llama-3.3-70b-instruct,190,15513,DR_k3_NI,diamondcut,2,ate,firing_employee,anticommonsense,KEEP,no,no,1,1,216,287,,Novita,stop,0,0.00014396,content,0.0,700
meta-llama/llama-3.3-70b-instruct,191,10679,RAW,diamondcut,2,ate,firing_employee,anticommonsense,KEEP,no,no,1,1,171,256,,Novita,stop,0,0.000125485,content,0.0,700
meta-llama/llama-3.3-70b-instruct,191,10679,ORACLE,diamondcut,2,ate,firing_employee,anticommonsense,KEEP,no,no,1,1,219,419,,Novita,stop,0,0.000197165,content,0.0,700
meta-llama/llama-3.3-70b-instruct,191,10679,ORACLE_NI,diamondcut,2,ate,firing_employee,anticommonsense,KEEP,no,no,1,1,212,481,,Novita,stop,0,0.00022102,content,0.0,700
meta-llama/llama-3.3-70b-instruct,191,10679,DR_k1,diamondcut,2,ate,firing_employee,anticommonsense,KEEP,no,no,1,1,220,468,,Novita,stop,0,0.0002169,content,0.0,700
meta-llama/llama-3.3-70b-instruct,191,10679,DR_k1_NI,diamondcut,2,ate,firing_employee,anticommonsense,KEEP,no,no,1,1,213,322,,Novita,stop,0,0.000157555,content,0.0,700
meta-llama/llama-3.3-70b-instruct,191,10679,DR_k2,diamondcut,2,ate,firing_employee,anticommonsense,KEEP,no,no,1,1,211,422,,Novita,stop,0,0.000197285,content,0.0,700
meta-llama/llama-3.3-70b-instruct,191,10679,DR_k2_NI,diamondcut,2,ate,firing_employee,anticommonsense,KEEP,no,no,1,1,204,439,,Novita,stop,0,0.00020314,content,0.0,700
meta-llama/llama-3.3-70b-instruct,191,10679,DR_k3,diamondcut,2,ate,firing_employee,anticommonsense,KEEP,no,no,1,1,217,511,,Novita,stop,0,0.000233695,content,0.0,700
meta-llama/llama-3.3-70b-instruct,191,10679,DR_k3_NI,diamondcut,2,ate,firing_employee,anticommonsense,KEEP,no,no,1,1,210,372,,Novita,stop,0,0.00017715,content,0.0,700
meta-llama/llama-3.3-70b-instruct,192,363,RAW,diamondcut,2,ate,firing_employee,easy,KEEP,no,no,1,1,183,372,,Novita,stop,0,0.000173505,content,0.0,700
meta-llama/llama-3.3-70b-instruct,192,363,ORACLE,diamondcut,2,ate,firing_employee,easy,KEEP,no,no,1,1,225,625,,Novita,stop,0,0.000280375,content,0.0,700
meta-llama/llama-3.3-70b-instruct,192,363,ORACLE_NI,diamondcut,2,ate,firing_employee,easy,KEEP,no,no,1,1,218,328,,Novita,stop,0,0.00016063,content,0.0,700
meta-llama/llama-3.3-70b-instruct,192,363,DR_k1,diamondcut,2,ate,firing_employee,easy,KEEP,no,no,1,1,225,351,,Novita,stop,0,0.000170775,content,0.0,700
meta-llama/llama-3.3-70b-instruct,192,363,DR_k1_NI,diamondcut,2,ate,firing_employee,easy,KEEP,no,no,1,1,218,471,,Novita,stop,0,0.00021783,content,0.0,700
meta-llama/llama-3.3-70b-instruct,192,363,DR_k2,diamondcut,2,ate,firing_employee,easy,KEEP,no,no,1,1,220,394,,Novita,stop,0,0.0001873,content,0.0,700
meta-llama/llama-3.3-70b-instruct,192,363,DR_k2_NI,diamondcut,2,ate,firing_employee,easy,KEEP,no,no,1,1,213,417,,Novita,stop,0,0.000195555,content,0.0,700
meta-llama/llama-3.3-70b-instruct,192,363,DR_k3,diamondcut,2,ate,firing_employee,easy,KEEP,no,no,1,1,226,530,,Novita,stop,0,0.00024251,content,0.0,700
meta-llama/llama-3.3-70b-instruct,192,363,DR_k3_NI,diamondcut,2,ate,firing_employee,easy,KEEP,no,no,1,1,219,563,,Novita,stop,0,0.000254765,content,0.0,700
meta-llama/llama-3.3-70b-instruct,193,15517,RAW,diamondcut,2,ate,firing_employee,anticommonsense,KEEP,yes,yes,1,1,178,203,,Novita,stop,0,0.00010523,content,0.0,700
meta-llama/llama-3.3-70b-instruct,193,15517,ORACLE,diamondcut,2,ate,firing_employee,anticommonsense,KEEP,yes,yes,1,1,222,387,,Novita,stop,0,0.00018477,content,0.0,700
meta-llama/llama-3.3-70b-instruct,193,15517,ORACLE_NI,diamondcut,2,ate,firing_employee,anticommonsense,KEEP,yes,yes,1,1,215,364,,Novita,stop,0,0.000174625,content,0.0,700
meta-llama/llama-3.3-70b-instruct,193,15517,DR_k1,diamondcut,2,ate,firing_employee,anticommonsense,KEEP,yes,yes,1,1,222,413,,Novita,stop,0,0.00019517,content,0.0,700
meta-llama/llama-3.3-70b-instruct,193,15517,DR_k1_NI,diamondcut,2,ate,firing_employee,anticommonsense,KEEP,yes,yes,1,1,215,337,,Novita,stop,0,0.000163825,content,0.0,700
meta-llama/llama-3.3-70b-instruct,193,15517,DR_k2,diamondcut,2,ate,firing_employee,anticommonsense,KEEP,yes,yes,1,1,223,322,,Novita,stop,0,0.000158905,content,0.0,700
meta-llama/llama-3.3-70b-instruct,193,15517,DR_k2_NI,diamondcut,2,ate,firing_employee,anticommonsense,KEEP,yes,no,0,1,216,456,,Novita,stop,0,0.00021156,content,0.0,700
meta-llama/llama-3.3-70b-instruct,193,15517,DR_k3,diamondcut,2,ate,firing_employee,anticommonsense,KEEP,yes,yes,1,1,222,335,,Novita,stop,0,0.00016397,content,0.0,700
meta-llama/llama-3.3-70b-instruct,193,15517,DR_k3_NI,diamondcut,2,ate,firing_employee,anticommonsense,KEEP,yes,yes,1,1,215,352,,Novita,stop,0,0.000169825,content,0.0,700
meta-llama/llama-3.3-70b-instruct,194,312,RAW,diamondcut,2,ate,firing_employee,easy,KEEP,no,no,1,1,183,613,,Novita,stop,0,0.000269905,content,0.0,700
meta-llama/llama-3.3-70b-instruct,194,312,ORACLE,diamondcut,2,ate,firing_employee,easy,KEEP,no,no,1,1,225,439,,Novita,stop,0,0.000205975,content,0.0,700
meta-llama/llama-3.3-70b-instruct,194,312,ORACLE_NI,diamondcut,2,ate,firing_employee,easy,KEEP,no,no,1,1,218,450,,Novita,stop,0,0.00020943,content,0.0,700
meta-llama/llama-3.3-70b-instruct,194,312,DR_k1,diamondcut,2,ate,firing_employee,easy,KEEP,no,no,1,1,225,579,,Novita,stop,0,0.000261975,content,0.0,700
meta-llama/llama-3.3-70b-instruct,194,312,DR_k1_NI,diamondcut,2,ate,firing_employee,easy,KEEP,no,no,1,1,218,387,,Novita,stop,0,0.00018423,content,0.0,700
meta-llama/llama-3.3-70b-instruct,194,312,DR_k2,diamondcut,2,ate,firing_employee,easy,KEEP,no,no,1,1,219,361,,Novita,stop,0,0.000173965,content,0.0,700
meta-llama/llama-3.3-70b-instruct,194,312,DR_k2_NI,diamondcut,2,ate,firing_employee,easy,KEEP,no,no,1,1,212,260,,Novita,stop,0,0.00013262,content,0.0,700
meta-llama/llama-3.3-70b-instruct,194,312,DR_k3,diamondcut,2,ate,firing_employee,easy,KEEP,no,no,1,1,226,509,,Novita,stop,0,0.00023411,content,0.0,700
meta-llama/llama-3.3-70b-instruct,194,312,DR_k3_NI,diamondcut,2,ate,firing_employee,easy,KEEP,no,no,1,1,219,477,,Novita,stop,0,0.000220365,content,0.0,700
meta-llama/llama-3.3-70b-instruct,195,5134,RAW,diamondcut,2,ate,firing_employee,hard,KEEP,yes,yes,1,1,183,361,,Novita,stop,0,0.000169105,content,0.0,700
meta-llama/llama-3.3-70b-instruct,195,5134,ORACLE,diamondcut,2,ate,firing_employee,hard,KEEP,yes,yes,1,1,225,411,,Novita,stop,0,0.000194775,content,0.0,700
meta-llama/llama-3.3-70b-instruct,195,5134,ORACLE_NI,diamondcut,2,ate,firing_employee,hard,KEEP,yes,yes,1,1,218,375,,Novita,stop,0,0.00017943,content,0.0,700
meta-llama/llama-3.3-70b-instruct,195,5134,DR_k1,diamondcut,2,ate,firing_employee,hard,KEEP,yes,yes,1,1,226,442,,Novita,stop,0,0.00020731,content,0.0,700
meta-llama/llama-3.3-70b-instruct,195,5134,DR_k1_NI,diamondcut,2,ate,firing_employee,hard,KEEP,yes,yes,1,1,219,444,,Novita,stop,0,0.000207165,content,0.0,700
meta-llama/llama-3.3-70b-instruct,195,5134,DR_k2,diamondcut,2,ate,firing_employee,hard,KEEP,yes,yes,1,1,220,438,,Novita,stop,0,0.0002049,content,0.0,700
meta-llama/llama-3.3-70b-instruct,195,5134,DR_k2_NI,diamondcut,2,ate,firing_employee,hard,KEEP,yes,yes,1,1,213,420,,Novita,stop,0,0.000196755,content,0.0,700
meta-llama/llama-3.3-70b-instruct,195,5134,DR_k3,diamondcut,2,ate,firing_employee,hard,KEEP,yes,yes,1,1,226,479,,Novita,stop,0,0.00022211,content,0.0,700
meta-llama/llama-3.3-70b-instruct,195,5134,DR_k3_NI,diamondcut,2,ate,firing_employee,hard,KEEP,yes,no,0,1,219,397,,Novita,stop,0,0.000188365,content,0.0,700
meta-llama/llama-3.3-70b-instruct,196,5177,RAW,diamondcut,2,ate,firing_employee,hard,KEEP,yes,yes,1,1,183,343,,Novita,stop,0,0.000161905,content,0.0,700
meta-llama/llama-3.3-70b-instruct,196,5177,ORACLE,diamondcut,2,ate,firing_employee,hard,KEEP,yes,yes,1,1,225,408,,Novita,stop,0,0.000193575,content,0.0,700
meta-llama/llama-3.3-70b-instruct,196,5177,ORACLE_NI,diamondcut,2,ate,firing_employee,hard,KEEP,yes,yes,1,1,218,352,,Novita,stop,0,0.00017023,content,0.0,700
meta-llama/llama-3.3-70b-instruct,196,5177,DR_k1,diamondcut,2,ate,firing_employee,hard,KEEP,yes,yes,1,1,226,495,,Novita,stop,0,0.00022851,content,0.0,700
meta-llama/llama-3.3-70b-instruct,196,5177,DR_k1_NI,diamondcut,2,ate,firing_employee,hard,KEEP,yes,yes,1,1,219,362,,Novita,stop,0,0.000174365,content,0.0,700
meta-llama/llama-3.3-70b-instruct,196,5177,DR_k2,diamondcut,2,ate,firing_employee,hard,KEEP,yes,yes,1,1,226,404,,Novita,stop,0,0.00019211,content,0.0,700
meta-llama/llama-3.3-70b-instruct,196,5177,DR_k2_NI,diamondcut,2,ate,firing_employee,hard,KEEP,yes,yes,1,1,219,307,,Novita,stop,0,0.000152365,content,0.0,700
meta-llama/llama-3.3-70b-instruct,196,5177,DR_k3,diamondcut,2,ate,firing_employee,hard,KEEP,yes,yes,1,1,226,421,,Novita,stop,0,0.00019891,content,0.0,700
meta-llama/llama-3.3-70b-instruct,196,5177,DR_k3_NI,diamondcut,2,ate,firing_employee,hard,KEEP,yes,yes,1,1,219,377,,Novita,stop,0,0.000180365,content,0.0,700
meta-llama/llama-3.3-70b-instruct,197,5112,RAW,diamondcut,2,ate,firing_employee,hard,KEEP,no,no,1,1,183,531,,Novita,stop,0,0.000237105,content,0.0,700
meta-llama/llama-3.3-70b-instruct,197,5112,ORACLE,diamondcut,2,ate,firing_employee,hard,KEEP,no,no,1,1,225,516,,Novita,stop,0,0.000236775,content,0.0,700
meta-llama/llama-3.3-70b-instruct,197,5112,ORACLE_NI,diamondcut,2,ate,firing_employee,hard,KEEP,no,no,1,1,218,535,,Novita,stop,0,0.00024343,content,0.0,700
meta-llama/llama-3.3-70b-instruct,197,5112,DR_k1,diamondcut,2,ate,firing_employee,hard,KEEP,no,no,1,1,225,475,,Novita,stop,0,0.000220375,content,0.0,700
meta-llama/llama-3.3-70b-instruct,197,5112,DR_k1_NI,diamondcut,2,ate,firing_employee,hard,KEEP,no,no,1,1,218,250,,Novita,stop,0,0.00012943,content,0.0,700
meta-llama/llama-3.3-70b-instruct,197,5112,DR_k2,diamondcut,2,ate,firing_employee,hard,KEEP,no,no,1,1,226,404,,Novita,stop,0,0.00019211,content,0.0,700
meta-llama/llama-3.3-70b-instruct,197,5112,DR_k2_NI,diamondcut,2,ate,firing_employee,hard,KEEP,no,no,1,1,219,363,,Novita,stop,0,0.000174765,content,0.0,700
meta-llama/llama-3.3-70b-instruct,197,5112,DR_k3,diamondcut,2,ate,firing_employee,hard,KEEP,no,no,1,1,226,376,,Novita,stop,0,0.00018091,content,0.0,700
meta-llama/llama-3.3-70b-instruct,197,5112,DR_k3_NI,diamondcut,2,ate,firing_employee,hard,KEEP,no,no,1,1,219,432,,Novita,stop,0,0.000202365,content,0.0,700
meta-llama/llama-3.3-70b-instruct,198,5129,RAW,diamondcut,2,ate,firing_employee,hard,KEEP,yes,yes,1,1,183,330,,Novita,stop,0,0.000156705,content,0.0,700
meta-llama/llama-3.3-70b-instruct,198,5129,ORACLE,diamondcut,2,ate,firing_employee,hard,KEEP,yes,yes,1,1,225,443,,Novita,stop,0,0.000207575,content,0.0,700
meta-llama/llama-3.3-70b-instruct,198,5129,ORACLE_NI,diamondcut,2,ate,firing_employee,hard,KEEP,yes,no,0,1,218,517,,Novita,stop,0,0.00023623,content,0.0,700
meta-llama/llama-3.3-70b-instruct,198,5129,DR_k1,diamondcut,2,ate,firing_employee,hard,KEEP,yes,yes,1,1,226,521,,Novita,stop,0,0.00023891,content,0.0,700
meta-llama/llama-3.3-70b-instruct,198,5129,DR_k1_NI,diamondcut,2,ate,firing_employee,hard,KEEP,yes,yes,1,1,219,324,,Novita,stop,0,0.000159165,content,0.0,700
meta-llama/llama-3.3-70b-instruct,198,5129,DR_k2,diamondcut,2,ate,firing_employee,hard,KEEP,yes,no,0,1,226,567,,Novita,stop,0,0.00025731,content,0.0,700
meta-llama/llama-3.3-70b-instruct,198,5129,DR_k2_NI,diamondcut,2,ate,firing_employee,hard,KEEP,yes,yes,1,1,219,386,,Novita,stop,0,0.000183965,content,0.0,700
meta-llama/llama-3.3-70b-instruct,198,5129,DR_k3,diamondcut,2,ate,firing_employee,hard,KEEP,yes,yes,1,1,226,397,,Novita,stop,0,0.00018931,content,0.0,700
meta-llama/llama-3.3-70b-instruct,198,5129,DR_k3_NI,diamondcut,2,ate,firing_employee,hard,KEEP,yes,yes,1,1,219,522,,Novita,stop,0,0.000238365,content,0.0,700
meta-llama/llama-3.3-70b-instruct,199,15535,RAW,diamondcut,2,ate,firing_employee,anticommonsense,KEEP,no,no,1,1,178,341,,Novita,stop,0,0.00016043,content,0.0,700
meta-llama/llama-3.3-70b-instruct,199,15535,ORACLE,diamondcut,2,ate,firing_employee,anticommonsense,KEEP,no,no,1,1,222,356,,Novita,stop,0,0.00017237,content,0.0,700
meta-llama/llama-3.3-70b-instruct,199,15535,ORACLE_NI,diamondcut,2,ate,firing_employee,anticommonsense,KEEP,no,no,1,1,215,441,,Novita,stop,0,0.000205425,content,0.0,700
meta-llama/llama-3.3-70b-instruct,199,15535,DR_k1,diamondcut,2,ate,firing_employee,anticommonsense,KEEP,no,no,1,1,222,377,,Novita,stop,0,0.00018077,content,0.0,700
meta-llama/llama-3.3-70b-instruct,199,15535,DR_k1_NI,diamondcut,2,ate,firing_employee,anticommonsense,KEEP,no,no,1,1,215,536,,Novita,stop,0,0.000243425,content,0.0,700
meta-llama/llama-3.3-70b-instruct,199,15535,DR_k2,diamondcut,2,ate,firing_employee,anticommonsense,KEEP,no,no,1,1,223,383,,Novita,stop,0,0.000183305,content,0.0,700
meta-llama/llama-3.3-70b-instruct,199,15535,DR_k2_NI,diamondcut,2,ate,firing_employee,anticommonsense,KEEP,no,no,1,1,216,474,,Novita,stop,0,0.00021876,content,0.0,700
meta-llama/llama-3.3-70b-instruct,199,15535,DR_k3,diamondcut,2,ate,firing_employee,anticommonsense,KEEP,no,no,1,1,223,313,,Novita,stop,0,0.000155305,content,0.0,700
meta-llama/llama-3.3-70b-instruct,199,15535,DR_k3_NI,diamondcut,2,ate,firing_employee,anticommonsense,KEEP,no,no,1,1,216,234,,Novita,stop,0,0.00012276,content,0.0,700
meta-llama/llama-3.3-70b-instruct,200,382,RAW,diamondcut,3,ett,firing_employee,easy,KEEP,yes,yes,1,1,228,472,,Novita,stop,0,0.00021958,content,0.0,700
meta-llama/llama-3.3-70b-instruct,200,382,ORACLE,diamondcut,3,ett,firing_employee,easy,KEEP,yes,no,0,1,270,555,,Novita,stop,0,0.00025845,content,0.0,700
meta-llama/llama-3.3-70b-instruct,200,382,ORACLE_NI,diamondcut,3,ett,firing_employee,easy,KEEP,yes,,0,0,263,700,,Novita,length,0,0.000315505,content,0.0,700
meta-llama/llama-3.3-70b-instruct,200,382,DR_k1,diamondcut,3,ett,firing_employee,easy,KEEP,yes,yes,1,1,271,592,,Novita,stop,0,0.000273385,content,0.0,700
meta-llama/llama-3.3-70b-instruct,200,382,DR_k1_NI,diamondcut,3,ett,firing_employee,easy,KEEP,yes,,0,0,264,700,,Novita,length,0,0.00031564,content,0.0,700
meta-llama/llama-3.3-70b-instruct,200,382,DR_k2,diamondcut,3,ett,firing_employee,easy,KEEP,yes,no,0,1,264,504,,Novita,stop,0,0.00023724,content,0.0,700
meta-llama/llama-3.3-70b-instruct,200,382,DR_k2_NI,diamondcut,3,ett,firing_employee,easy,KEEP,yes,no,0,1,257,603,,Novita,stop,0,0.000275895,content,0.0,700
meta-llama/llama-3.3-70b-instruct,200,382,DR_k3,diamondcut,3,ett,firing_employee,easy,KEEP,yes,no,0,1,271,473,,Novita,stop,0,0.000225785,content,0.0,700
meta-llama/llama-3.3-70b-instruct,200,382,DR_k3_NI,diamondcut,3,ett,firing_employee,easy,KEEP,yes,,0,0,264,700,,Novita,length,0,0.00031564,content,0.0,700
meta-llama/llama-3.3-70b-instruct,201,313,RAW,diamondcut,3,ett,firing_employee,easy,KEEP,no,yes,0,1,228,635,,Novita,stop,0,0.00028478,content,0.0,700
meta-llama/llama-3.3-70b-instruct,201,313,ORACLE,diamondcut,3,ett,firing_employee,easy,KEEP,no,yes,0,1,270,539,,Novita,stop,0,0.00025205,content,0.0,700
meta-llama/llama-3.3-70b-instruct,201,313,ORACLE_NI,diamondcut,3,ett,firing_employee,easy,KEEP,no,yes,0,1,263,473,,Novita,stop,0,0.000224705,content,0.0,700
meta-llama/llama-3.3-70b-instruct,201,313,DR_k1,diamondcut,3,ett,firing_employee,easy,KEEP,no,yes,0,1,270,348,,Novita,stop,0,0.00017565,content,0.0,700
meta-llama/llama-3.3-70b-instruct,201,313,DR_k1_NI,diamondcut,3,ett,firing_employee,easy,KEEP,no,yes,0,1,263,492,,Novita,stop,0,0.000232305,content,0.0,700
meta-llama/llama-3.3-70b-instruct,201,313,DR_k2,diamondcut,3,ett,firing_employee,easy,KEEP,no,yes,0,1,271,508,,Novita,stop,0,0.000239785,content,0.0,700
meta-llama/llama-3.3-70b-instruct,201,313,DR_k2_NI,diamondcut,3,ett,firing_employee,easy,KEEP,no,yes,0,1,264,537,,Novita,stop,0,0.00025044,content,0.0,700
meta-llama/llama-3.3-70b-instruct,201,313,DR_k3,diamondcut,3,ett,firing_employee,easy,KEEP,no,yes,0,1,271,681,,Novita,stop,0,0.000308985,content,0.0,700
meta-llama/llama-3.3-70b-instruct,201,313,DR_k3_NI,diamondcut,3,ett,firing_employee,easy,KEEP,no,,0,0,264,700,,Novita,length,0,0.00031564,content,0.0,700
meta-llama/llama-3.3-70b-instruct,202,5081,RAW,diamondcut,3,ett,firing_employee,hard,KEEP,yes,,0,0,228,700,,Novita,length,0,0.00031078,content,0.0,700
meta-llama/llama-3.3-70b-instruct,202,5081,ORACLE,diamondcut,3,ett,firing_employee,hard,KEEP,yes,no,0,1,270,538,,Novita,stop,0,0.00025165,content,0.0,700
meta-llama/llama-3.3-70b-instruct,202,5081,ORACLE_NI,diamondcut,3,ett,firing_employee,hard,KEEP,yes,,0,0,263,700,,Novita,length,0,0.000315505,content,0.0,700
meta-llama/llama-3.3-70b-instruct,202,5081,DR_k1,diamondcut,3,ett,firing_employee,hard,KEEP,yes,,0,0,271,700,,Novita,length,0,0.000316585,content,0.0,700
meta-llama/llama-3.3-70b-instruct,202,5081,DR_k1_NI,diamondcut,3,ett,firing_employee,hard,KEEP,yes,,0,0,264,700,,Novita,length,0,0.00031564,content,0.0,700
meta-llama/llama-3.3-70b-instruct,202,5081,DR_k2,diamondcut,3,ett,firing_employee,hard,KEEP,yes,no,0,1,271,577,,Novita,stop,0,0.000267385,content,0.0,700
meta-llama/llama-3.3-70b-instruct,202,5081,DR_k2_NI,diamondcut,3,ett,firing_employee,hard,KEEP,yes,,0,0,264,700,,Novita,length,0,0.00031564,content,0.0,700
meta-llama/llama-3.3-70b-instruct,202,5081,DR_k3,diamondcut,3,ett,firing_employee,hard,KEEP,yes,no,0,1,271,546,,Novita,stop,0,0.000254985,content,0.0,700
meta-llama/llama-3.3-70b-instruct,202,5081,DR_k3_NI,diamondcut,3,ett,firing_employee,hard,KEEP,yes,,0,0,264,700,,Novita,length,0,0.00031564,content,0.0,700
meta-llama/llama-3.3-70b-instruct,203,15478,RAW,diamondcut,3,ett,firing_employee,anticommonsense,KEEP,yes,no,0,1,223,568,,Novita,stop,0,0.000257305,content,0.0,700
meta-llama/llama-3.3-70b-instruct,203,15478,ORACLE,diamondcut,3,ett,firing_employee,anticommonsense,KEEP,yes,,0,0,267,700,,Novita,length,0,0.000316045,content,0.0,700
meta-llama/llama-3.3-70b-instruct,203,15478,ORACLE_NI,diamondcut,3,ett,firing_employee,anticommonsense,KEEP,yes,,0,0,260,700,,Novita,length,0,0.0003151,content,0.0,700
meta-llama/llama-3.3-70b-instruct,203,15478,DR_k1,diamondcut,3,ett,firing_employee,anticommonsense,KEEP,yes,no,0,1,268,571,,Novita,stop,0,0.00026458,content,0.0,700
meta-llama/llama-3.3-70b-instruct,203,15478,DR_k1_NI,diamondcut,3,ett,firing_employee,anticommonsense,KEEP,yes,,0,0,261,700,,Novita,length,0,0.000315235,content,0.0,700
meta-llama/llama-3.3-70b-instruct,203,15478,DR_k2,diamondcut,3,ett,firing_employee,anticommonsense,KEEP,yes,no,0,1,268,574,,Novita,stop,0,0.00026578,content,0.0,700
meta-llama/llama-3.3-70b-instruct,203,15478,DR_k2_NI,diamondcut,3,ett,firing_employee,anticommonsense,KEEP,yes,,0,0,261,700,,Novita,length,0,0.000315235,content,0.0,700
meta-llama/llama-3.3-70b-instruct,203,15478,DR_k3,diamondcut,3,ett,firing_employee,anticommonsense,KEEP,yes,no,0,1,267,506,,Novita,stop,0,0.000238445,content,0.0,700
meta-llama/llama-3.3-70b-instruct,203,15478,DR_k3_NI,diamondcut,3,ett,firing_employee,anticommonsense,KEEP,yes,,0,0,260,700,,Novita,length,0,0.0003151,content,0.0,700
meta-llama/llama-3.3-70b-instruct,204,284,RAW,diamondcut,3,ett,firing_employee,easy,KEEP,no,yes,0,1,228,485,,Novita,stop,0,0.00022478,content,0.0,700
meta-llama/llama-3.3-70b-instruct,204,284,ORACLE,diamondcut,3,ett,firing_employee,easy,KEEP,no,yes,0,1,270,549,,Novita,stop,0,0.00025605,content,0.0,700
meta-llama/llama-3.3-70b-instruct,204,284,ORACLE_NI,diamondcut,3,ett,firing_employee,easy,KEEP,no,yes,0,1,263,548,,Novita,stop,0,0.000254705,content,0.0,700
meta-llama/llama-3.3-70b-instruct,204,284,DR_k1,diamondcut,3,ett,firing_employee,easy,KEEP,no,,0,0,270,700,,Novita,length,0,0.00031645,content,0.0,700
meta-llama/llama-3.3-70b-instruct,204,284,DR_k1_NI,diamondcut,3,ett,firing_employee,easy,KEEP,no,yes,0,1,263,522,,Novita,stop,0,0.000244305,content,0.0,700
meta-llama/llama-3.3-70b-instruct,204,284,DR_k2,diamondcut,3,ett,firing_employee,easy,KEEP,no,yes,0,1,271,672,,Novita,stop,0,0.000305385,content,0.0,700
meta-llama/llama-3.3-70b-instruct,204,284,DR_k2_NI,diamondcut,3,ett,firing_employee,easy,KEEP,no,yes,0,1,264,479,,Novita,stop,0,0.00022724,content,0.0,700
meta-llama/llama-3.3-70b-instruct,204,284,DR_k3,diamondcut,3,ett,firing_employee,easy,KEEP,no,yes,0,1,271,592,,Novita,stop,0,0.000273385,content,0.0,700
meta-llama/llama-3.3-70b-instruct,204,284,DR_k3_NI,diamondcut,3,ett,firing_employee,easy,KEEP,no,yes,0,1,264,533,,Novita,stop,0,0.00024884,content,0.0,700
meta-llama/llama-3.3-70b-instruct,205,341,RAW,diamondcut,3,ett,firing_employee,easy,KEEP,yes,yes,1,1,228,416,,Novita,stop,0,0.00019718,content,0.0,700
meta-llama/llama-3.3-70b-instruct,205,341,ORACLE,diamondcut,3,ett,firing_employee,easy,KEEP,yes,no,0,1,270,608,,Novita,stop,0,0.00027965,content,0.0,700
meta-llama/llama-3.3-70b-instruct,205,341,ORACLE_NI,diamondcut,3,ett,firing_employee,easy,KEEP,yes,,0,0,263,700,,Novita,length,0,0.000315505,content,0.0,700
meta-llama/llama-3.3-70b-instruct,205,341,DR_k1,diamondcut,3,ett,firing_employee,easy,KEEP,yes,no,0,1,270,560,,Novita,stop,0,0.00026045,content,0.0,700
meta-llama/llama-3.3-70b-instruct,205,341,DR_k1_NI,diamondcut,3,ett,firing_employee,easy,KEEP,yes,,0,0,263,700,,Novita,length,0,0.000315505,content,0.0,700
meta-llama/llama-3.3-70b-instruct,205,341,DR_k2,diamondcut,3,ett,firing_employee,easy,KEEP,yes,no,0,1,264,508,,Novita,stop,0,0.00023884,content,0.0,700
meta-llama/llama-3.3-70b-instruct,205,341,DR_k2_NI,diamondcut,3,ett,firing_employee,easy,KEEP,yes,,0,0,257,700,,Novita,length,0,0.000314695,content,0.0,700
meta-llama/llama-3.3-70b-instruct,205,341,DR_k3,diamondcut,3,ett,firing_employee,easy,KEEP,yes,no,0,1,271,617,,Novita,stop,0,0.000283385,content,0.0,700
meta-llama/llama-3.3-70b-instruct,205,341,DR_k3_NI,diamondcut,3,ett,firing_employee,easy,KEEP,yes,no,0,1,264,514,,Novita,stop,0,0.00024124,content,0.0,700
meta-llama/llama-3.3-70b-instruct,206,5107,RAW,diamondcut,3,ett,firing_employee,hard,KEEP,yes,,0,0,228,700,,Novita,length,0,0.00031078,content,0.0,700
meta-llama/llama-3.3-70b-instruct,206,5107,ORACLE,diamondcut,3,ett,firing_employee,hard,KEEP,yes,,0,0,270,700,,Novita,length,0,0.00031645,content,0.0,700
meta-llama/llama-3.3-70b-instruct,206,5107,ORACLE_NI,diamondcut,3,ett,firing_employee,hard,KEEP,yes,,0,0,263,700,,Novita,length,0,0.000315505,content,0.0,700
meta-llama/llama-3.3-70b-instruct,206,5107,DR_k1,diamondcut,3,ett,firing_employee,hard,KEEP,yes,,0,0,270,700,,Novita,length,0,0.00031645,content,0.0,700
meta-llama/llama-3.3-70b-instruct,206,5107,DR_k1_NI,diamondcut,3,ett,firing_employee,hard,KEEP,yes,,0,0,263,700,,Novita,length,0,0.000315505,content,0.0,700
meta-llama/llama-3.3-70b-instruct,206,5107,DR_k2,diamondcut,3,ett,firing_employee,hard,KEEP,yes,no,0,1,271,544,,Novita,stop,0,0.000254185,content,0.0,700
meta-llama/llama-3.3-70b-instruct,206,5107,DR_k2_NI,diamondcut,3,ett,firing_employee,hard,KEEP,yes,,0,0,264,700,,Novita,length,0,0.00031564,content,0.0,700
meta-llama/llama-3.3-70b-instruct,206,5107,DR_k3,diamondcut,3,ett,firing_employee,hard,KEEP,yes,no,0,1,271,595,,Novita,stop,0,0.000274585,content,0.0,700
meta-llama/llama-3.3-70b-instruct,206,5107,DR_k3_NI,diamondcut,3,ett,firing_employee,hard,KEEP,yes,,0,0,264,700,,Novita,length,0,0.00031564,content,0.0,700
meta-llama/llama-3.3-70b-instruct,207,297,RAW,diamondcut,3,ett,firing_employee,easy,KEEP,no,yes,0,1,228,642,,Novita,stop,0,0.00028758,content,0.0,700
meta-llama/llama-3.3-70b-instruct,207,297,ORACLE,diamondcut,3,ett,firing_employee,easy,KEEP,no,yes,0,1,270,581,,Novita,stop,0,0.00026885,content,0.0,700
meta-llama/llama-3.3-70b-instruct,207,297,ORACLE_NI,diamondcut,3,ett,firing_employee,easy,KEEP,no,,0,0,263,700,,Novita,length,0,0.000315505,content,0.0,700
meta-llama/llama-3.3-70b-instruct,207,297,DR_k1,diamondcut,3,ett,firing_employee,easy,KEEP,no,,0,0,270,700,,Novita,length,0,0.00031645,content,0.0,700
meta-llama/llama-3.3-70b-instruct,207,297,DR_k1_NI,diamondcut,3,ett,firing_employee,easy,KEEP,no,yes,0,1,263,500,,Novita,stop,0,0.000235505,content,0.0,700
meta-llama/llama-3.3-70b-instruct,207,297,DR_k2,diamondcut,3,ett,firing_employee,easy,KEEP,no,yes,0,1,264,513,,Novita,stop,0,0.00024084,content,0.0,700
meta-llama/llama-3.3-70b-instruct,207,297,DR_k2_NI,diamondcut,3,ett,firing_employee,easy,KEEP,no,yes,0,1,257,576,,Novita,stop,0,0.000265095,content,0.0,700
meta-llama/llama-3.3-70b-instruct,207,297,DR_k3,diamondcut,3,ett,firing_employee,easy,KEEP,no,yes,0,1,271,649,,Novita,stop,0,0.000296185,content,0.0,700
meta-llama/llama-3.3-70b-instruct,207,297,DR_k3_NI,diamondcut,3,ett,firing_employee,easy,KEEP,no,yes,0,1,264,523,,Novita,stop,0,0.00024484,content,0.0,700
meta-llama/llama-3.3-70b-instruct,208,5154,RAW,diamondcut,3,ett,firing_employee,hard,KEEP,no,yes,0,1,228,582,,Novita,stop,0,0.00026358,content,0.0,700
meta-llama/llama-3.3-70b-instruct,208,5154,ORACLE,diamondcut,3,ett,firing_employee,hard,KEEP,no,yes,0,1,270,438,,Novita,stop,0,0.00021165,content,0.0,700
meta-llama/llama-3.3-70b-instruct,208,5154,ORACLE_NI,diamondcut,3,ett,firing_employee,hard,KEEP,no,,0,0,263,700,,Novita,length,0,0.000315505,content,0.0,700
meta-llama/llama-3.3-70b-instruct,208,5154,DR_k1,diamondcut,3,ett,firing_employee,hard,KEEP,no,yes,0,1,271,555,,Novita,stop,0,0.000258585,content,0.0,700
meta-llama/llama-3.3-70b-instruct,208,5154,DR_k1_NI,diamondcut,3,ett,firing_employee,hard,KEEP,no,,0,0,264,700,,Novita,length,0,0.00031564,content,0.0,700
meta-llama/llama-3.3-70b-instruct,208,5154,DR_k2,diamondcut,3,ett,firing_employee,hard,KEEP,no,,0,0,264,700,,Novita,length,0,0.00031564,content,0.0,700
meta-llama/llama-3.3-70b-instruct,208,5154,DR_k2_NI,diamondcut,3,ett,firing_employee,hard,KEEP,no,yes,0,1,257,535,,Novita,stop,0,0.000248695,content,0.0,700
meta-llama/llama-3.3-70b-instruct,208,5154,DR_k3,diamondcut,3,ett,firing_employee,hard,KEEP,no,yes,0,1,271,648,,Novita,stop,0,0.000295785,content,0.0,700
meta-llama/llama-3.3-70b-instruct,208,5154,DR_k3_NI,diamondcut,3,ett,firing_employee,hard,KEEP,no,yes,0,1,264,494,,Novita,stop,0,0.00023324,content,0.0,700
meta-llama/llama-3.3-70b-instruct,209,10733,RAW,diamondcut,3,ett,firing_employee,anticommonsense,KEEP,yes,yes,1,1,224,683,,Novita,stop,0,0.00030344,content,0.0,700
meta-llama/llama-3.3-70b-instruct,209,10733,ORACLE,diamondcut,3,ett,firing_employee,anticommonsense,KEEP,yes,yes,1,1,272,450,,Novita,stop,0,0.00021672,content,0.0,700
meta-llama/llama-3.3-70b-instruct,209,10733,ORACLE_NI,diamondcut,3,ett,firing_employee,anticommonsense,KEEP,yes,yes,1,1,265,450,,Novita,stop,0,0.000215775,content,0.0,700
meta-llama/llama-3.3-70b-instruct,209,10733,DR_k1,diamondcut,3,ett,firing_employee,anticommonsense,KEEP,yes,yes,1,1,272,450,,Novita,stop,0,0.00021672,content,0.0,700
meta-llama/llama-3.3-70b-instruct,209,10733,DR_k1_NI,diamondcut,3,ett,firing_employee,anticommonsense,KEEP,yes,yes,1,1,265,450,,Novita,stop,0,0.000215775,content,0.0,700
meta-llama/llama-3.3-70b-instruct,209,10733,DR_k2,diamondcut,3,ett,firing_employee,anticommonsense,KEEP,yes,yes,1,1,264,450,,Novita,stop,0,0.00021564,content,0.0,700
meta-llama/llama-3.3-70b-instruct,209,10733,DR_k2_NI,diamondcut,3,ett,firing_employee,anticommonsense,KEEP,yes,yes,1,1,257,450,,Novita,stop,0,0.000214695,content,0.0,700
meta-llama/llama-3.3-70b-instruct,209,10733,DR_k3,diamondcut,3,ett,firing_employee,anticommonsense,KEEP,yes,yes,1,1,273,534,,Novita,stop,0,0.000250455,content,0.0,700
meta-llama/llama-3.3-70b-instruct,209,10733,DR_k3_NI,diamondcut,3,ett,firing_employee,anticommonsense,KEEP,yes,yes,1,1,266,450,,Novita,stop,0,0.00021591,content,0.0,700
meta-llama/llama-3.3-70b-instruct,210,380,RAW,diamondcut,3,ett,firing_employee,easy,KEEP,yes,no,0,1,228,542,,Novita,stop,0,0.00024758,content,0.0,700
meta-llama/llama-3.3-70b-instruct,210,380,ORACLE,diamondcut,3,ett,firing_employee,easy,KEEP,yes,yes,1,1,270,587,,Novita,stop,0,0.00027125,content,0.0,700
meta-llama/llama-3.3-70b-instruct,210,380,ORACLE_NI,diamondcut,3,ett,firing_employee,easy,KEEP,yes,no,0,1,263,537,,Novita,stop,0,0.000250305,content,0.0,700
meta-llama/llama-3.3-70b-instruct,210,380,DR_k1,diamondcut,3,ett,firing_employee,easy,KEEP,yes,,0,0,270,700,,Novita,length,0,0.00031645,content,0.0,700
meta-llama/llama-3.3-70b-instruct,210,380,DR_k1_NI,diamondcut,3,ett,firing_employee,easy,KEEP,yes,yes,1,1,263,621,,Novita,stop,0,0.000283905,content,0.0,700
meta-llama/llama-3.3-70b-instruct,210,380,DR_k2,diamondcut,3,ett,firing_employee,easy,KEEP,yes,no,0,1,271,502,,Novita,stop,0,0.000237385,content,0.0,700
meta-llama/llama-3.3-70b-instruct,210,380,DR_k2_NI,diamondcut,3,ett,firing_employee,easy,KEEP,yes,,0,0,264,700,,Novita,length,0,0.00031564,content,0.0,700
meta-llama/llama-3.3-70b-instruct,210,380,DR_k3,diamondcut,3,ett,firing_employee,easy,KEEP,yes,no,0,1,271,481,,Novita,stop,0,0.000228985,content,0.0,700
meta-llama/llama-3.3-70b-instruct,210,380,DR_k3_NI,diamondcut,3,ett,firing_employee,easy,KEEP,yes,yes,1,1,264,550,,Novita,stop,0,0.00025564,content,0.0,700
meta-llama/llama-3.3-70b-instruct,211,15487,RAW,diamondcut,3,ett,firing_employee,anticommonsense,KEEP,yes,,0,0,223,700,,Novita,length,0,0.000310105,content,0.0,700
meta-llama/llama-3.3-70b-instruct,211,15487,ORACLE,diamondcut,3,ett,firing_employee,anticommonsense,KEEP,yes,no,0,1,267,503,,Novita,stop,0,0.000237245,content,0.0,700
meta-llama/llama-3.3-70b-instruct,211,15487,ORACLE_NI,diamondcut,3,ett,firing_employee,anticommonsense,KEEP,yes,,0,0,260,700,,Novita,length,0,0.0003151,content,0.0,700
meta-llama/llama-3.3-70b-instruct,211,15487,DR_k1,diamondcut,3,ett,firing_employee,anticommonsense,KEEP,yes,no,0,1,268,536,,Novita,stop,0,0.00025058,content,0.0,700
meta-llama/llama-3.3-70b-instruct,211,15487,DR_k1_NI,diamondcut,3,ett,firing_employee,anticommonsense,KEEP,yes,,0,0,261,700,,Novita,length,0,0.000315235,content,0.0,700
meta-llama/llama-3.3-70b-instruct,211,15487,DR_k2,diamondcut,3,ett,firing_employee,anticommonsense,KEEP,yes,no,0,1,260,540,,Novita,stop,0,0.0002511,content,0.0,700
meta-llama/llama-3.3-70b-instruct,211,15487,DR_k2_NI,diamondcut,3,ett,firing_employee,anticommonsense,KEEP,yes,,0,0,253,700,,Novita,length,0,0.000314155,content,0.0,700
meta-llama/llama-3.3-70b-instruct,211,15487,DR_k3,diamondcut,3,ett,firing_employee,anticommonsense,KEEP,yes,no,0,1,267,694,,Novita,stop,0,0.000313645,content,0.0,700
meta-llama/llama-3.3-70b-instruct,211,15487,DR_k3_NI,diamondcut,3,ett,firing_employee,anticommonsense,KEEP,yes,,0,0,260,700,,Novita,length,0,0.0003151,content,0.0,700
meta-llama/llama-3.3-70b-instruct,212,10684,RAW,diamondcut,3,ett,firing_employee,anticommonsense,KEEP,no,,0,0,224,700,,Novita,length,0,0.00031024,content,0.0,700
meta-llama/llama-3.3-70b-instruct,212,10684,ORACLE,diamondcut,3,ett,firing_employee,anticommonsense,KEEP,no,,0,0,272,700,,Novita,length,0,0.00031672,content,0.0,700
meta-llama/llama-3.3-70b-instruct,212,10684,ORACLE_NI,diamondcut,3,ett,firing_employee,anticommonsense,KEEP,no,no,1,1,265,595,,Novita,stop,0,0.000273775,content,0.0,700
meta-llama/llama-3.3-70b-instruct,212,10684,DR_k1,diamondcut,3,ett,firing_employee,anticommonsense,KEEP,no,,0,0,270,700,,Novita,length,0,0.00031645,content,0.0,700
meta-llama/llama-3.3-70b-instruct,212,10684,DR_k1_NI,diamondcut,3,ett,firing_employee,anticommonsense,KEEP,no,no,1,1,263,506,,Novita,stop,0,0.000237905,content,0.0,700
meta-llama/llama-3.3-70b-instruct,212,10684,DR_k2,diamondcut,3,ett,firing_employee,anticommonsense,KEEP,no,no,1,1,264,534,,Novita,stop,0,0.00024924,content,0.0,700
meta-llama/llama-3.3-70b-instruct,212,10684,DR_k2_NI,diamondcut,3,ett,firing_employee,anticommonsense,KEEP,no,no,1,1,257,497,,Novita,stop,0,0.000233495,content,0.0,700
meta-llama/llama-3.3-70b-instruct,212,10684,DR_k3,diamondcut,3,ett,firing_employee,anticommonsense,KEEP,no,no,1,1,273,485,,Novita,stop,0,0.000230855,content,0.0,700
meta-llama/llama-3.3-70b-instruct,212,10684,DR_k3_NI,diamondcut,3,ett,firing_employee,anticommonsense,KEEP,no,,0,0,266,700,,Novita,length,0,0.00031591,content,0.0,700
meta-llama/llama-3.3-70b-instruct,213,5130,RAW,diamondcut,3,ett,firing_employee,hard,KEEP,no,yes,0,1,228,590,,Novita,stop,0,0.00026678,content,0.0,700
meta-llama/llama-3.3-70b-instruct,213,5130,ORACLE,diamondcut,3,ett,firing_employee,hard,KEEP,no,,0,0,270,700,,Novita,length,0,0.00031645,content,0.0,700
meta-llama/llama-3.3-70b-instruct,213,5130,ORACLE_NI,diamondcut,3,ett,firing_employee,hard,KEEP,no,,0,0,263,700,,Novita,length,0,0.000315505,content,0.0,700
meta-llama/llama-3.3-70b-instruct,213,5130,DR_k1,diamondcut,3,ett,firing_employee,hard,KEEP,no,,0,0,270,700,,Novita,length,0,0.00031645,content,0.0,700
meta-llama/llama-3.3-70b-instruct,213,5130,DR_k1_NI,diamondcut,3,ett,firing_employee,hard,KEEP,no,yes,0,1,263,506,,Novita,stop,0,0.000237905,content,0.0,700
meta-llama/llama-3.3-70b-instruct,213,5130,DR_k2,diamondcut,3,ett,firing_employee,hard,KEEP,no,yes,0,1,265,508,,Novita,stop,0,0.000238975,content,0.0,700
meta-llama/llama-3.3-70b-instruct,213,5130,DR_k2_NI,diamondcut,3,ett,firing_employee,hard,KEEP,no,yes,0,1,258,506,,Novita,stop,0,0.00023723,content,0.0,700
meta-llama/llama-3.3-70b-instruct,213,5130,DR_k3,diamondcut,3,ett,firing_employee,hard,KEEP,no,,0,0,271,700,,Novita,length,0,0.000316585,content,0.0,700
meta-llama/llama-3.3-70b-instruct,213,5130,DR_k3_NI,diamondcut,3,ett,firing_employee,hard,KEEP,no,yes,0,1,264,527,,Novita,stop,0,0.00024644,content,0.0,700
meta-llama/llama-3.3-70b-instruct,214,5139,RAW,diamondcut,3,ett,firing_employee,hard,KEEP,no,yes,0,1,228,581,,Novita,stop,0,0.00026318,content,0.0,700
meta-llama/llama-3.3-70b-instruct,214,5139,ORACLE,diamondcut,3,ett,firing_employee,hard,KEEP,no,,0,0,270,700,,Novita,length,0,0.00031645,content,0.0,700
meta-llama/llama-3.3-70b-instruct,214,5139,ORACLE_NI,diamondcut,3,ett,firing_employee,hard,KEEP,no,yes,0,1,263,525,,Novita,stop,0,0.000245505,content,0.0,700
meta-llama/llama-3.3-70b-instruct,214,5139,DR_k1,diamondcut,3,ett,firing_employee,hard,KEEP,no,yes,0,1,270,570,,Novita,stop,0,0.00026445,content,0.0,700
meta-llama/llama-3.3-70b-instruct,214,5139,DR_k1_NI,diamondcut,3,ett,firing_employee,hard,KEEP,no,yes,0,1,263,462,,Novita,stop,0,0.000220305,content,0.0,700
meta-llama/llama-3.3-70b-instruct,214,5139,DR_k2,diamondcut,3,ett,firing_employee,hard,KEEP,no,yes,0,1,271,542,,Novita,stop,0,0.000253385,content,0.0,700
meta-llama/llama-3.3-70b-instruct,214,5139,DR_k2_NI,diamondcut,3,ett,firing_employee,hard,KEEP,no,yes,0,1,264,490,,Novita,stop,0,0.00023164,content,0.0,700
meta-llama/llama-3.3-70b-instruct,214,5139,DR_k3,diamondcut,3,ett,firing_employee,hard,KEEP,no,yes,0,1,271,602,,Novita,stop,0,0.000277385,content,0.0,700
meta-llama/llama-3.3-70b-instruct,214,5139,DR_k3_NI,diamondcut,3,ett,firing_employee,hard,KEEP,no,yes,0,1,264,476,,Novita,stop,0,0.00022604,content,0.0,700
meta-llama/llama-3.3-70b-instruct,215,15897,RAW,fork,2,ate,forest_fire,anticommonsense,KEEP,yes,yes,1,1,110,89,,Novita,stop,0,5.045e-05,content,0.0,700
meta-llama/llama-3.3-70b-instruct,215,15897,ORACLE,fork,2,ate,forest_fire,anticommonsense,KEEP,yes,yes,1,1,147,144,,Novita,stop,0,7.7445e-05,content,0.0,700
meta-llama/llama-3.3-70b-instruct,215,15897,ORACLE_NI,fork,2,ate,forest_fire,anticommonsense,KEEP,yes,yes,1,1,140,152,,Novita,stop,0,7.97e-05,content,0.0,700
meta-llama/llama-3.3-70b-instruct,215,15897,DR_k1,fork,2,ate,forest_fire,anticommonsense,KEEP,yes,yes,1,1,147,172,,Novita,stop,0,8.8645e-05,content,0.0,700
meta-llama/llama-3.3-70b-instruct,215,15897,DR_k1_NI,fork,2,ate,forest_fire,anticommonsense,KEEP,yes,yes,1,1,140,180,,Novita,stop,0,9.09e-05,content,0.0,700
meta-llama/llama-3.3-70b-instruct,215,15897,DR_k2,fork,2,ate,forest_fire,anticommonsense,KEEP,yes,no,0,1,140,242,,Novita,stop,0,0.0001157,content,0.0,700
meta-llama/llama-3.3-70b-instruct,215,15897,DR_k2_NI,fork,2,ate,forest_fire,anticommonsense,KEEP,yes,no,0,1,133,179,,Novita,stop,0,8.9555e-05,content,0.0,700
meta-llama/llama-3.3-70b-instruct,216,15426,RAW,fork,2,ate,candle,anticommonsense,KEEP,no,no,1,1,104,98,,Novita,stop,0,5.324e-05,content,0.0,700
meta-llama/llama-3.3-70b-instruct,216,15426,ORACLE,fork,2,ate,candle,anticommonsense,KEEP,no,no,1,1,138,104,,Novita,stop,0,6.023e-05,content,0.0,700
meta-llama/llama-3.3-70b-instruct,216,15426,ORACLE_NI,fork,2,ate,candle,anticommonsense,KEEP,no,no,1,1,131,110,,Novita,stop,0,6.1685e-05,content,0.0,700
meta-llama/llama-3.3-70b-instruct,216,15426,DR_k1,fork,2,ate,candle,anticommonsense,KEEP,no,no,1,1,137,285,,Novita,stop,0,0.000132495,content,0.0,700
meta-llama/llama-3.3-70b-instruct,216,15426,DR_k1_NI,fork,2,ate,candle,anticommonsense,KEEP,no,no,1,1,130,503,,Novita,stop,0,0.00021875,content,0.0,700
meta-llama/llama-3.3-70b-instruct,216,15426,DR_k2,fork,2,ate,candle,anticommonsense,KEEP,no,no,1,1,131,389,,Novita,stop,0,0.000173285,content,0.0,700
meta-llama/llama-3.3-70b-instruct,216,15426,DR_k2_NI,fork,2,ate,candle,anticommonsense,KEEP,no,no,1,1,124,356,,Novita,stop,0,0.00015914,content,0.0,700
meta-llama/llama-3.3-70b-instruct,217,166,RAW,fork,2,ate,candle,easy,KEEP,no,no,1,1,106,91,,Novita,stop,0,5.071e-05,content,0.0,700
meta-llama/llama-3.3-70b-instruct,217,166,ORACLE,fork,2,ate,candle,easy,KEEP,no,no,1,1,142,201,,Novita,stop,0,9.957e-05,content,0.0,700
meta-llama/llama-3.3-70b-instruct,217,166,ORACLE_NI,fork,2,ate,candle,easy,KEEP,no,no,1,1,135,111,,Novita,stop,0,6.2625e-05,content,0.0,700
meta-llama/llama-3.3-70b-instruct,217,166,DR_k1,fork,2,ate,candle,easy,KEEP,no,no,1,1,142,307,,Novita,stop,0,0.00014197,content,0.0,700
meta-llama/llama-3.3-70b-instruct,217,166,DR_k1_NI,fork,2,ate,candle,easy,KEEP,no,no,1,1,135,234,,Novita,stop,0,0.000111825,content,0.0,700
meta-llama/llama-3.3-70b-instruct,217,166,DR_k2,fork,2,ate,candle,easy,KEEP,no,no,1,1,136,241,,Novita,stop,0,0.00011476,content,0.0,700
meta-llama/llama-3.3-70b-instruct,217,166,DR_k2_NI,fork,2,ate,candle,easy,KEEP,no,no,1,1,129,94,,Novita,stop,0,5.5015e-05,content,0.0,700
meta-llama/llama-3.3-70b-instruct,218,825,RAW,fork,2,ate,getting_late,easy,KEEP,yes,yes,1,1,117,93,,Novita,stop,0,5.2995e-05,content,0.0,700
meta-llama/llama-3.3-70b-instruct,218,825,ORACLE,fork,2,ate,getting_late,easy,KEEP,yes,yes,1,1,156,90,,Novita,stop,0,5.706e-05,content,0.0,700
meta-llama/llama-3.3-70b-instruct,218,825,ORACLE_NI,fork,2,ate,getting_late,easy,KEEP,yes,yes,1,1,149,90,,Novita,stop,0,5.6115e-05,content,0.0,700
meta-llama/llama-3.3-70b-instruct,218,825,DR_k1,fork,2,ate,getting_late,easy,KEEP,yes,yes,1,1,156,277,,Novita,stop,0,0.00013186,content,0.0,700
meta-llama/llama-3.3-70b-instruct,218,825,DR_k1_NI,fork,2,ate,getting_late,easy,KEEP,yes,yes,1,1,149,130,,Novita,stop,0,7.2115e-05,content,0.0,700
meta-llama/llama-3.3-70b-instruct,218,825,DR_k2,fork,2,ate,getting_late,easy,KEEP,yes,yes,1,1,147,212,,Novita,stop,0,0.000104645,content,0.0,700
meta-llama/llama-3.3-70b-instruct,218,825,DR_k2_NI,fork,2,ate,getting_late,easy,KEEP,yes,yes,1,1,140,90,,Novita,stop,0,5.49e-05,content,0.0,700
meta-llama/llama-3.3-70b-instruct,219,11158,RAW,fork,2,ate,forest_fire,anticommonsense,KEEP,no,no,1,1,113,96,,Novita,stop,0,5.3655e-05,content,0.0,700
meta-llama/llama-3.3-70b-instruct,219,11158,ORACLE,fork,2,ate,forest_fire,anticommonsense,KEEP,no,no,1,1,150,201,,Novita,stop,0,0.00010065,content,0.0,700
meta-llama/llama-3.3-70b-instruct,219,11158,ORACLE_NI,fork,2,ate,forest_fire,anticommonsense,KEEP,no,no,1,1,143,123,,Novita,stop,0,6.8505e-05,content,0.0,700
meta-llama/llama-3.3-70b-instruct,219,11158,DR_k1,fork,2,ate,forest_fire,anticommonsense,KEEP,no,no,1,1,149,269,,Novita,stop,0,0.000127715,content,0.0,700
meta-llama/llama-3.3-70b-instruct,219,11158,DR_k1_NI,fork,2,ate,forest_fire,anticommonsense,KEEP,no,no,1,1,142,231,,Novita,stop,0,0.00011157,content,0.0,700
meta-llama/llama-3.3-70b-instruct,219,11158,DR_k2,fork,2,ate,forest_fire,anticommonsense,KEEP,no,no,1,1,142,281,,Novita,stop,0,0.00013157,content,0.0,700
meta-llama/llama-3.3-70b-instruct,219,11158,DR_k2_NI,fork,2,ate,forest_fire,anticommonsense,KEEP,no,no,1,1,135,241,,Novita,stop,0,0.000114625,content,0.0,700
meta-llama/llama-3.3-70b-instruct,220,16033,RAW,fork,2,ate,getting_late,anticommonsense,KEEP,yes,yes,1,1,108,88,,Novita,stop,0,4.978e-05,content,0.0,700
meta-llama/llama-3.3-70b-instruct,220,16033,ORACLE,fork,2,ate,getting_late,anticommonsense,KEEP,yes,yes,1,1,141,331,,Novita,stop,0,0.000151435,content,0.0,700
meta-llama/llama-3.3-70b-instruct,220,16033,ORACLE_NI,fork,2,ate,getting_late,anticommonsense,KEEP,yes,yes,1,1,134,188,,Novita,stop,0,9.329e-05,content,0.0,700
meta-llama/llama-3.3-70b-instruct,220,16033,DR_k1,fork,2,ate,getting_late,anticommonsense,KEEP,yes,no,0,1,142,226,,Novita,stop,0,0.00010957,content,0.0,700
meta-llama/llama-3.3-70b-instruct,220,16033,DR_k1_NI,fork,2,ate,getting_late,anticommonsense,KEEP,yes,no,0,1,135,190,,Novita,stop,0,9.4225e-05,content,0.0,700
meta-llama/llama-3.3-70b-instruct,220,16033,DR_k2,fork,2,ate,getting_late,anticommonsense,KEEP,yes,no,0,1,136,243,,Novita,stop,0,0.00011556,content,0.0,700
meta-llama/llama-3.3-70b-instruct,220,16033,DR_k2_NI,fork,2,ate,getting_late,anticommonsense,KEEP,yes,no,0,1,129,239,,Novita,stop,0,0.000113015,content,0.0,700
meta-llama/llama-3.3-70b-instruct,221,15915,RAW,fork,2,ate,forest_fire,anticommonsense,KEEP,no,no,1,1,110,92,,Novita,stop,0,5.165e-05,content,0.0,700
meta-llama/llama-3.3-70b-instruct,221,15915,ORACLE,fork,2,ate,forest_fire,anticommonsense,KEEP,no,no,1,1,147,179,,Novita,stop,0,9.1445e-05,content,0.0,700
meta-llama/llama-3.3-70b-instruct,221,15915,ORACLE_NI,fork,2,ate,forest_fire,anticommonsense,KEEP,no,no,1,1,140,93,,Novita,stop,0,5.61e-05,content,0.0,700
meta-llama/llama-3.3-70b-instruct,221,15915,DR_k1,fork,2,ate,forest_fire,anticommonsense,KEEP,no,no,1,1,147,280,,Novita,stop,0,0.000131845,content,0.0,700
meta-llama/llama-3.3-70b-instruct,221,15915,DR_k1_NI,fork,2,ate,forest_fire,anticommonsense,KEEP,no,no,1,1,140,240,,Novita,stop,0,0.0001149,content,0.0,700
meta-llama/llama-3.3-70b-instruct,221,15915,DR_k2,fork,2,ate,forest_fire,anticommonsense,KEEP,no,no,1,1,140,173,,Novita,stop,0,8.81e-05,content,0.0,700
meta-llama/llama-3.3-70b-instruct,221,15915,DR_k2_NI,fork,2,ate,forest_fire,anticommonsense,KEEP,no,no,1,1,133,159,,Novita,stop,0,8.1555e-05,content,0.0,700
meta-llama/llama-3.3-70b-instruct,222,229,RAW,fork,2,ate,candle,easy,KEEP,no,no,1,1,106,93,,Novita,stop,0,5.151e-05,content,0.0,700
meta-llama/llama-3.3-70b-instruct,222,229,ORACLE,fork,2,ate,candle,easy,KEEP,no,no,1,1,142,175,,Novita,stop,0,8.917e-05,content,0.0,700
meta-llama/llama-3.3-70b-instruct,222,229,ORACLE_NI,fork,2,ate,candle,easy,KEEP,no,no,1,1,135,132,,Novita,stop,0,7.1025e-05,content,0.0,700
meta-llama/llama-3.3-70b-instruct,222,229,DR_k1,fork,2,ate,candle,easy,KEEP,no,no,1,1,142,245,,Novita,stop,0,0.00011717,content,0.0,700
meta-llama/llama-3.3-70b-instruct,222,229,DR_k1_NI,fork,2,ate,candle,easy,KEEP,no,no,1,1,135,201,,Novita,stop,0,9.8625e-05,content,0.0,700
meta-llama/llama-3.3-70b-instruct,222,229,DR_k2,fork,2,ate,candle,easy,KEEP,no,no,1,1,136,319,,Novita,stop,0,0.00014596,content,0.0,700
meta-llama/llama-3.3-70b-instruct,222,229,DR_k2_NI,fork,2,ate,candle,easy,KEEP,no,no,1,1,129,310,,Novita,stop,0,0.000141415,content,0.0,700
meta-llama/llama-3.3-70b-instruct,223,236,RAW,fork,2,ate,candle,easy,KEEP,yes,yes,1,1,106,123,,Novita,stop,0,6.351e-05,content,0.0,700
meta-llama/llama-3.3-70b-instruct,223,236,ORACLE,fork,2,ate,candle,easy,KEEP,yes,yes,1,1,142,212,,Novita,stop,0,0.00010397,content,0.0,700
meta-llama/llama-3.3-70b-instruct,223,236,ORACLE_NI,fork,2,ate,candle,easy,KEEP,yes,yes,1,1,135,155,,Novita,stop,0,8.0225e-05,content,0.0,700
meta-llama/llama-3.3-70b-instruct,223,236,DR_k1,fork,2,ate,candle,easy,KEEP,yes,yes,1,1,142,225,,Novita,stop,0,0.00010917,content,0.0,700
meta-llama/llama-3.3-70b-instruct,223,236,DR_k1_NI,fork,2,ate,candle,easy,KEEP,yes,yes,1,1,135,255,,Novita,stop,0,0.000120225,content,0.0,700
meta-llama/llama-3.3-70b-instruct,223,236,DR_k2,fork,2,ate,candle,easy,KEEP,yes,yes,1,1,136,339,,Novita,stop,0,0.00015396,content,0.0,700
meta-llama/llama-3.3-70b-instruct,223,236,DR_k2_NI,fork,2,ate,candle,easy,KEEP,yes,no,0,1,129,320,,Novita,stop,0,0.000145415,content,0.0,700
meta-llama/llama-3.3-70b-instruct,224,16098,RAW,fork,2,ate,getting_tanned,anticommonsense,KEEP,no,no,1,1,111,110,,Novita,stop,0,5.8985e-05,content,0.0,700
meta-llama/llama-3.3-70b-instruct,224,16098,ORACLE,fork,2,ate,getting_tanned,anticommonsense,KEEP,no,no,1,1,150,107,,Novita,stop,0,6.305e-05,content,0.0,700
meta-llama/llama-3.3-70b-instruct,224,16098,ORACLE_NI,fork,2,ate,getting_tanned,anticommonsense,KEEP,no,no,1,1,143,78,,Novita,stop,0,5.0505e-05,content,0.0,700
meta-llama/llama-3.3-70b-instruct,224,16098,DR_k1,fork,2,ate,getting_tanned,anticommonsense,KEEP,no,no,1,1,150,310,,Novita,stop,0,0.00014425,content,0.0,700
meta-llama/llama-3.3-70b-instruct,224,16098,DR_k1_NI,fork,2,ate,getting_tanned,anticommonsense,KEEP,no,no,1,1,143,382,,Novita,stop,0,0.000172105,content,0.0,700
meta-llama/llama-3.3-70b-instruct,224,16098,DR_k2,fork,2,ate,getting_tanned,anticommonsense,KEEP,no,no,1,1,143,240,,Novita,stop,0,0.000115305,content,0.0,700
meta-llama/llama-3.3-70b-instruct,224,16098,DR_k2_NI,fork,2,ate,getting_tanned,anticommonsense,KEEP,no,no,1,1,136,290,,Novita,stop,0,0.00013436,content,0.0,700
meta-llama/llama-3.3-70b-instruct,225,11212,RAW,fork,2,ate,getting_late,anticommonsense,KEEP,yes,yes,1,1,117,95,,Novita,stop,0,5.3795e-05,content,0.0,700
meta-llama/llama-3.3-70b-instruct,225,11212,ORACLE,fork,2,ate,getting_late,anticommonsense,KEEP,yes,yes,1,1,155,131,,Novita,stop,0,7.3325e-05,content,0.0,700
meta-llama/llama-3.3-70b-instruct,225,11212,ORACLE_NI,fork,2,ate,getting_late,anticommonsense,KEEP,yes,yes,1,1,148,154,,Novita,stop,0,8.158e-05,content,0.0,700
meta-llama/llama-3.3-70b-instruct,225,11212,DR_k1,fork,2,ate,getting_late,anticommonsense,KEEP,yes,yes,1,1,155,154,,Novita,stop,0,8.2525e-05,content,0.0,700
meta-llama/llama-3.3-70b-instruct,225,11212,DR_k1_NI,fork,2,ate,getting_late,anticommonsense,KEEP,yes,yes,1,1,148,171,,Novita,stop,0,8.838e-05,content,0.0,700
meta-llama/llama-3.3-70b-instruct,225,11212,DR_k2,fork,2,ate,getting_late,anticommonsense,KEEP,yes,no,0,1,146,414,,Novita,stop,0,0.00018531,content,0.0,700
meta-llama/llama-3.3-70b-instruct,225,11212,DR_k2_NI,fork,2,ate,getting_late,anticommonsense,KEEP,yes,yes,1,1,139,234,,Novita,stop,0,0.000112365,content,0.0,700
meta-llama/llama-3.3-70b-instruct,226,15408,RAW,fork,2,ate,candle,anticommonsense,KEEP,yes,yes,1,1,104,98,,Novita,stop,0,5.324e-05,content,0.0,700
meta-llama/llama-3.3-70b-instruct,226,15408,ORACLE,fork,2,ate,candle,anticommonsense,KEEP,yes,yes,1,1,138,160,,Novita,stop,0,8.263e-05,content,0.0,700
meta-llama/llama-3.3-70b-instruct,226,15408,ORACLE_NI,fork,2,ate,candle,anticommonsense,KEEP,yes,yes,1,1,131,88,,Novita,stop,0,5.2885e-05,content,0.0,700
meta-llama/llama-3.3-70b-instruct,226,15408,DR_k1,fork,2,ate,candle,anticommonsense,KEEP,yes,yes,1,1,138,165,,Novita,stop,0,8.463e-05,content,0.0,700
meta-llama/llama-3.3-70b-instruct,226,15408,DR_k1_NI,fork,2,ate,candle,anticommonsense,KEEP,yes,yes,1,1,131,103,,Novita,stop,0,5.8885e-05,content,0.0,700
meta-llama/llama-3.3-70b-instruct,226,15408,DR_k2,fork,2,ate,candle,anticommonsense,KEEP,yes,no,0,1,131,235,,Novita,stop,0,0.000111685,content,0.0,700
meta-llama/llama-3.3-70b-instruct,226,15408,DR_k2_NI,fork,2,ate,candle,anticommonsense,KEEP,yes,no,0,1,124,196,,Novita,stop,0,9.514e-05,content,0.0,700
meta-llama/llama-3.3-70b-instruct,227,911,RAW,fork,2,ate,getting_tanned,easy,KEEP,yes,yes,1,1,114,102,,Novita,stop,0,5.619e-05,content,0.0,700
meta-llama/llama-3.3-70b-instruct,227,911,ORACLE,fork,2,ate,getting_tanned,easy,KEEP,yes,yes,1,1,151,152,,Novita,stop,0,8.1185e-05,content,0.0,700
meta-llama/llama-3.3-70b-instruct,227,911,ORACLE_NI,fork,2,ate,getting_tanned,easy,KEEP,yes,yes,1,1,144,167,,Novita,stop,0,8.624e-05,content,0.0,700
meta-llama/llama-3.3-70b-instruct,227,911,DR_k1,fork,2,ate,getting_tanned,easy,KEEP,yes,yes,1,1,151,298,,Novita,stop,0,0.000139585,content,0.0,700
meta-llama/llama-3.3-70b-instruct,227,911,DR_k1_NI,fork,2,ate,getting_tanned,easy,KEEP,yes,yes,1,1,144,298,,Novita,stop,0,0.00013864,content,0.0,700
meta-llama/llama-3.3-70b-instruct,227,911,DR_k2,fork,2,ate,getting_tanned,easy,KEEP,yes,yes,1,1,145,304,,Novita,stop,0,0.000141175,content,0.0,700
meta-llama/llama-3.3-70b-instruct,227,911,DR_k2_NI,fork,2,ate,getting_tanned,easy,KEEP,yes,yes,1,1,138,208,,Novita,stop,0,0.00010183,content,0.0,700
meta-llama/llama-3.3-70b-instruct,228,796,RAW,fork,2,ate,getting_late,easy,KEEP,no,no,1,1,117,92,,Novita,stop,0,5.2595e-05,content,0.0,700
meta-llama/llama-3.3-70b-instruct,228,796,ORACLE,fork,2,ate,getting_late,easy,KEEP,no,no,1,1,156,95,,Novita,stop,0,5.906e-05,content,0.0,700
meta-llama/llama-3.3-70b-instruct,228,796,ORACLE_NI,fork,2,ate,getting_late,easy,KEEP,no,no,1,1,149,89,,Novita,stop,0,5.5715e-05,content,0.0,700
meta-llama/llama-3.3-70b-instruct,228,796,DR_k1,fork,2,ate,getting_late,easy,KEEP,no,no,1,1,156,201,,Novita,stop,0,0.00010146,content,0.0,700
meta-llama/llama-3.3-70b-instruct,228,796,DR_k1_NI,fork,2,ate,getting_late,easy,KEEP,no,no,1,1,149,135,,Novita,stop,0,7.4115e-05,content,0.0,700
meta-llama/llama-3.3-70b-instruct,228,796,DR_k2,fork,2,ate,getting_late,easy,KEEP,no,no,1,1,147,299,,Novita,stop,0,0.000139445,content,0.0,700
meta-llama/llama-3.3-70b-instruct,228,796,DR_k2_NI,fork,2,ate,getting_late,easy,KEEP,no,no,1,1,140,89,,Novita,stop,0,5.45e-05,content,0.0,700
meta-llama/llama-3.3-70b-instruct,229,180,RAW,fork,2,ate,candle,easy,KEEP,no,no,1,1,106,90,,Novita,stop,0,5.031e-05,content,0.0,700
meta-llama/llama-3.3-70b-instruct,229,180,ORACLE,fork,2,ate,candle,easy,KEEP,no,no,1,1,142,195,,Novita,stop,0,9.717e-05,content,0.0,700
meta-llama/llama-3.3-70b-instruct,229,180,ORACLE_NI,fork,2,ate,candle,easy,KEEP,no,no,1,1,135,132,,Novita,stop,0,7.1025e-05,content,0.0,700
meta-llama/llama-3.3-70b-instruct,229,180,DR_k1,fork,2,ate,candle,easy,KEEP,no,no,1,1,142,461,,Novita,stop,0,0.00020357,content,0.0,700
meta-llama/llama-3.3-70b-instruct,229,180,DR_k1_NI,fork,2,ate,candle,easy,KEEP,no,no,1,1,135,315,,Novita,stop,0,0.000144225,content,0.0,700
meta-llama/llama-3.3-70b-instruct,229,180,DR_k2,fork,2,ate,candle,easy,KEEP,no,no,1,1,136,558,,Novita,stop,0,0.00024156,content,0.0,700
meta-llama/llama-3.3-70b-instruct,229,180,DR_k2_NI,fork,2,ate,candle,easy,KEEP,no,no,1,1,129,343,,Novita,stop,0,0.000154615,content,0.0,700
meta-llama/llama-3.3-70b-instruct,230,11374,RAW,fork,2,ate,getting_tanned,anticommonsense,KEEP,no,no,1,1,111,83,,Novita,stop,0,4.8185e-05,content,0.0,700
meta-llama/llama-3.3-70b-instruct,230,11374,ORACLE,fork,2,ate,getting_tanned,anticommonsense,KEEP,no,no,1,1,150,176,,Novita,stop,0,9.065e-05,content,0.0,700
meta-llama/llama-3.3-70b-instruct,230,11374,ORACLE_NI,fork,2,ate,getting_tanned,anticommonsense,KEEP,no,no,1,1,143,118,,Novita,stop,0,6.6505e-05,content,0.0,700
meta-llama/llama-3.3-70b-instruct,230,11374,DR_k1,fork,2,ate,getting_tanned,anticommonsense,KEEP,no,no,1,1,150,277,,Novita,stop,0,0.00013105,content,0.0,700
meta-llama/llama-3.3-70b-instruct,230,11374,DR_k1_NI,fork,2,ate,getting_tanned,anticommonsense,KEEP,no,no,1,1,143,234,,Novita,stop,0,0.000112905,content,0.0,700
meta-llama/llama-3.3-70b-instruct,230,11374,DR_k2,fork,2,ate,getting_tanned,anticommonsense,KEEP,no,no,1,1,143,288,,Novita,stop,0,0.000134505,content,0.0,700
meta-llama/llama-3.3-70b-instruct,230,11374,DR_k2_NI,fork,2,ate,getting_tanned,anticommonsense,KEEP,no,no,1,1,136,257,,Novita,stop,0,0.00012116,content,0.0,700
meta-llama/llama-3.3-70b-instruct,231,201,RAW,fork,2,ate,candle,easy,KEEP,no,no,1,1,106,91,,Novita,stop,0,5.071e-05,content,0.0,700
meta-llama/llama-3.3-70b-instruct,231,201,ORACLE,fork,2,ate,candle,easy,KEEP,no,no,1,1,142,203,,Novita,stop,0,0.00010037,content,0.0,700
meta-llama/llama-3.3-70b-instruct,231,201,ORACLE_NI,fork,2,ate,candle,easy,KEEP,no,no,1,1,135,132,,Novita,stop,0,7.1025e-05,content,0.0,700
meta-llama/llama-3.3-70b-instruct,231,201,DR_k1,fork,2,ate,candle,easy,KEEP,no,no,1,1,142,218,,Novita,stop,0,0.00010637,content,0.0,700
meta-llama/llama-3.3-70b-instruct,231,201,DR_k1_NI,fork,2,ate,candle,easy,KEEP,no,no,1,1,135,327,,Novita,stop,0,0.000149025,content,0.0,700
meta-llama/llama-3.3-70b-instruct,231,201,DR_k2,fork,2,ate,candle,easy,KEEP,no,no,1,1,136,352,,Novita,stop,0,0.00015916,content,0.0,700
meta-llama/llama-3.3-70b-instruct,231,201,DR_k2_NI,fork,2,ate,candle,easy,KEEP,no,no,1,1,129,83,,Novita,stop,0,5.0615e-05,content,0.0,700
meta-llama/llama-3.3-70b-instruct,232,5561,RAW,fork,2,ate,forest_fire,hard,KEEP,yes,yes,1,1,117,106,,Novita,stop,0,5.8195e-05,content,0.0,700
meta-llama/llama-3.3-70b-instruct,232,5561,ORACLE,fork,2,ate,forest_fire,hard,KEEP,yes,yes,1,1,152,102,,Novita,stop,0,6.132e-05,content,0.0,700
meta-llama/llama-3.3-70b-instruct,232,5561,ORACLE_NI,fork,2,ate,forest_fire,hard,KEEP,yes,yes,1,1,145,102,,Novita,stop,0,6.0375e-05,content,0.0,700
meta-llama/llama-3.3-70b-instruct,232,5561,DR_k1,fork,2,ate,forest_fire,hard,KEEP,yes,yes,1,1,152,194,,Novita,stop,0,9.812e-05,content,0.0,700
meta-llama/llama-3.3-70b-instruct,232,5561,DR_k1_NI,fork,2,ate,forest_fire,hard,KEEP,yes,yes,1,1,145,102,,Novita,stop,0,6.0375e-05,content,0.0,700
meta-llama/llama-3.3-70b-instruct,232,5561,DR_k2,fork,2,ate,forest_fire,hard,KEEP,yes,yes,1,1,145,278,,Novita,stop,0,0.000130775,content,0.0,700
meta-llama/llama-3.3-70b-instruct,232,5561,DR_k2_NI,fork,2,ate,forest_fire,hard,KEEP,yes,yes,1,1,138,112,,Novita,stop,0,6.343e-05,content,0.0,700
meta-llama/llama-3.3-70b-instruct,233,11071,RAW,fork,2,ate,forest_fire,anticommonsense,KEEP,yes,no,0,1,113,185,,Novita,stop,0,8.9255e-05,content,0.0,700
meta-llama/llama-3.3-70b-instruct,233,11071,ORACLE,fork,2,ate,forest_fire,anticommonsense,KEEP,yes,yes,1,1,150,221,,Novita,stop,0,0.00010865,content,0.0,700
meta-llama/llama-3.3-70b-instruct,233,11071,ORACLE_NI,fork,2,ate,forest_fire,anticommonsense,KEEP,yes,yes,1,1,143,215,,Novita,stop,0,0.000105305,content,0.0,700
meta-llama/llama-3.3-70b-instruct,233,11071,DR_k1,fork,2,ate,forest_fire,anticommonsense,KEEP,yes,yes,1,1,150,205,,Novita,stop,0,0.00010225,content,0.0,700
meta-llama/llama-3.3-70b-instruct,233,11071,DR_k1_NI,fork,2,ate,forest_fire,anticommonsense,KEEP,yes,yes,1,1,143,220,,Novita,stop,0,0.000107305,content,0.0,700
meta-llama/llama-3.3-70b-instruct,233,11071,DR_k2,fork,2,ate,forest_fire,anticommonsense,KEEP,yes,no,0,1,142,225,,Novita,stop,0,0.00010917,content,0.0,700
meta-llama/llama-3.3-70b-instruct,233,11071,DR_k2_NI,fork,2,ate,forest_fire,anticommonsense,KEEP,yes,no,0,1,135,235,,Novita,stop,0,0.000112225,content,0.0,700
meta-llama/llama-3.3-70b-instruct,234,924,RAW,fork,2,ate,getting_tanned,easy,KEEP,no,no,1,1,114,86,,Novita,stop,0,4.979e-05,content,0.0,700
meta-llama/llama-3.3-70b-instruct,234,924,ORACLE,fork,2,ate,getting_tanned,easy,KEEP,no,no,1,1,151,98,,Novita,stop,0,5.9585e-05,content,0.0,700
meta-llama/llama-3.3-70b-instruct,234,924,ORACLE_NI,fork,2,ate,getting_tanned,easy,KEEP,no,no,1,1,144,108,,Novita,stop,0,6.264e-05,content,0.0,700
meta-llama/llama-3.3-70b-instruct,234,924,DR_k1,fork,2,ate,getting_tanned,easy,KEEP,no,no,1,1,151,405,,Novita,stop,0,0.000182385,content,0.0,700
meta-llama/llama-3.3-70b-instruct,234,924,DR_k1_NI,fork,2,ate,getting_tanned,easy,KEEP,no,no,1,1,144,90,,Novita,stop,0,5.544e-05,content,0.0,700
meta-llama/llama-3.3-70b-instruct,234,924,DR_k2,fork,2,ate,getting_tanned,easy,KEEP,no,no,1,1,145,216,,Novita,stop,0,0.000105975,content,0.0,700
meta-llama/llama-3.3-70b-instruct,234,924,DR_k2_NI,fork,2,ate,getting_tanned,easy,KEEP,no,no,1,1,138,89,,Novita,stop,0,5.423e-05,content,0.0,700
meta-llama/llama-3.3-70b-instruct,235,887,RAW,fork,3,ett,getting_late,easy,KEEP,yes,yes,1,1,131,64,,Novita,stop,0,4.3285e-05,content,0.0,700
meta-llama/llama-3.3-70b-instruct,235,887,ORACLE,fork,3,ett,getting_late,easy,KEEP,yes,yes,1,1,170,281,,Novita,stop,0,0.00013535,content,0.0,700
meta-llama/llama-3.3-70b-instruct,235,887,ORACLE_NI,fork,3,ett,getting_late,easy,KEEP,yes,yes,1,1,163,163,,Novita,stop,0,8.7205e-05,content,0.0,700
meta-llama/llama-3.3-70b-instruct,235,887,DR_k1,fork,3,ett,getting_late,easy,KEEP,yes,yes,1,1,170,216,,Novita,stop,0,0.00010935,content,0.0,700
meta-llama/llama-3.3-70b-instruct,235,887,DR_k1_NI,fork,3,ett,getting_late,easy,KEEP,yes,yes,1,1,163,199,,Novita,stop,0,0.000101605,content,0.0,700
meta-llama/llama-3.3-70b-instruct,235,887,DR_k2,fork,3,ett,getting_late,easy,KEEP,yes,yes,1,1,161,233,,Novita,stop,0,0.000114935,content,0.0,700
meta-llama/llama-3.3-70b-instruct,235,887,DR_k2_NI,fork,3,ett,getting_late,easy,KEEP,yes,yes,1,1,154,201,,Novita,stop,0,0.00010119,content,0.0,700
meta-llama/llama-3.3-70b-instruct,236,16091,RAW,fork,3,ett,getting_tanned,anticommonsense,KEEP,no,no,1,1,130,158,,Novita,stop,0,8.075e-05,content,0.0,700
meta-llama/llama-3.3-70b-instruct,236,16091,ORACLE,fork,3,ett,getting_tanned,anticommonsense,KEEP,no,no,1,1,169,683,,Novita,stop,0,0.000296015,content,0.0,700
meta-llama/llama-3.3-70b-instruct,236,16091,ORACLE_NI,fork,3,ett,getting_tanned,anticommonsense,KEEP,no,no,1,1,162,256,,Novita,stop,0,0.00012427,content,0.0,700
meta-llama/llama-3.3-70b-instruct,236,16091,DR_k1,fork,3,ett,getting_tanned,anticommonsense,KEEP,no,no,1,1,169,414,,Novita,stop,0,0.000188415,content,0.0,700
meta-llama/llama-3.3-70b-instruct,236,16091,DR_k1_NI,fork,3,ett,getting_tanned,anticommonsense,KEEP,no,no,1,1,162,270,,Novita,stop,0,0.00012987,content,0.0,700
meta-llama/llama-3.3-70b-instruct,236,16091,DR_k2,fork,3,ett,getting_tanned,anticommonsense,KEEP,no,no,1,1,162,549,,Novita,stop,0,0.00024147,content,0.0,700
meta-llama/llama-3.3-70b-instruct,236,16091,DR_k2_NI,fork,3,ett,getting_tanned,anticommonsense,KEEP,no,no,1,1,155,538,,Novita,stop,0,0.000236125,content,0.0,700
meta-llama/llama-3.3-70b-instruct,237,716,RAW,fork,3,ett,forest_fire,easy,KEEP,no,no,1,1,130,561,,Novita,stop,0,0.00024195,content,0.0,700
meta-llama/llama-3.3-70b-instruct,237,716,ORACLE,fork,3,ett,forest_fire,easy,KEEP,no,no,1,1,165,490,,Novita,stop,0,0.000218275,content,0.0,700
meta-llama/llama-3.3-70b-instruct,237,716,ORACLE_NI,fork,3,ett,forest_fire,easy,KEEP,no,no,1,1,158,208,,Novita,stop,0,0.00010453,content,0.0,700
meta-llama/llama-3.3-70b-instruct,237,716,DR_k1,fork,3,ett,forest_fire,easy,KEEP,no,no,1,1,165,515,,Novita,stop,0,0.000228275,content,0.0,700
meta-llama/llama-3.3-70b-instruct,237,716,DR_k1_NI,fork,3,ett,forest_fire,easy,KEEP,no,no,1,1,158,600,,Novita,stop,0,0.00026133,content,0.0,700
meta-llama/llama-3.3-70b-instruct,237,716,DR_k2,fork,3,ett,forest_fire,easy,KEEP,no,,0,0,158,700,,Novita,length,0,0.00030133,content,0.0,700
meta-llama/llama-3.3-70b-instruct,237,716,DR_k2_NI,fork,3,ett,forest_fire,easy,KEEP,no,no,1,1,151,649,,Novita,stop,0,0.000279985,content,0.0,700
meta-llama/llama-3.3-70b-instruct,238,15958,RAW,fork,3,ett,forest_fire,anticommonsense,KEEP,yes,yes,1,1,123,452,,Novita,stop,0,0.000197405,content,0.0,700
meta-llama/llama-3.3-70b-instruct,238,15958,ORACLE,fork,3,ett,forest_fire,anticommonsense,KEEP,yes,yes,1,1,160,454,,Novita,stop,0,0.0002032,content,0.0,700
meta-llama/llama-3.3-70b-instruct,238,15958,ORACLE_NI,fork,3,ett,forest_fire,anticommonsense,KEEP,yes,yes,1,1,153,353,,Novita,stop,0,0.000161855,content,0.0,700
meta-llama/llama-3.3-70b-instruct,238,15958,DR_k1,fork,3,ett,forest_fire,anticommonsense,KEEP,yes,yes,1,1,160,673,,Novita,stop,0,0.0002908,content,0.0,700
meta-llama/llama-3.3-70b-instruct,238,15958,DR_k1_NI,fork,3,ett,forest_fire,anticommonsense,KEEP,yes,yes,1,1,153,236,,Novita,stop,0,0.000115055,content,0.0,700
meta-llama/llama-3.3-70b-instruct,238,15958,DR_k2,fork,3,ett,forest_fire,anticommonsense,KEEP,yes,yes,1,1,153,487,,Novita,stop,0,0.000215455,content,0.0,700
meta-llama/llama-3.3-70b-instruct,238,15958,DR_k2_NI,fork,3,ett,forest_fire,anticommonsense,KEEP,yes,no,0,1,146,503,,Novita,stop,0,0.00022091,content,0.0,700
meta-llama/llama-3.3-70b-instruct,239,175,RAW,fork,3,ett,candle,easy,KEEP,yes,yes,1,1,123,136,,Novita,stop,0,7.1005e-05,content,0.0,700
meta-llama/llama-3.3-70b-instruct,239,175,ORACLE,fork,3,ett,candle,easy,KEEP,yes,yes,1,1,159,228,,Novita,stop,0,0.000112665,content,0.0,700
meta-llama/llama-3.3-70b-instruct,239,175,ORACLE_NI,fork,3,ett,candle,easy,KEEP,yes,yes,1,1,152,156,,Novita,stop,0,8.292e-05,content,0.0,700
meta-llama/llama-3.3-70b-instruct,239,175,DR_k1,fork,3,ett,candle,easy,KEEP,yes,yes,1,1,159,311,,Novita,stop,0,0.000145865,content,0.0,700
meta-llama/llama-3.3-70b-instruct,239,175,DR_k1_NI,fork,3,ett,candle,easy,KEEP,yes,yes,1,1,152,231,,Novita,stop,0,0.00011292,content,0.0,700
meta-llama/llama-3.3-70b-instruct,239,175,DR_k2,fork,3,ett,candle,easy,KEEP,yes,yes,1,1,153,236,,Novita,stop,0,0.000115055,content,0.0,700
meta-llama/llama-3.3-70b-instruct,239,175,DR_k2_NI,fork,3,ett,candle,easy,KEEP,yes,yes,1,1,146,179,,Novita,stop,0,9.131e-05,content,0.0,700
meta-llama/llama-3.3-70b-instruct,240,15388,RAW,fork,3,ett,candle,anticommonsense,KEEP,yes,yes,1,1,117,95,,Novita,stop,0,5.3795e-05,content,0.0,700
meta-llama/llama-3.3-70b-instruct,240,15388,ORACLE,fork,3,ett,candle,anticommonsense,KEEP,yes,yes,1,1,151,195,,Novita,stop,0,9.8385e-05,content,0.0,700
meta-llama/llama-3.3-70b-instruct,240,15388,ORACLE_NI,fork,3,ett,candle,anticommonsense,KEEP,yes,yes,1,1,144,130,,Novita,stop,0,7.144e-05,content,0.0,700
meta-llama/llama-3.3-70b-instruct,240,15388,DR_k1,fork,3,ett,candle,anticommonsense,KEEP,yes,yes,1,1,150,442,,Novita,stop,0,0.00019705,content,0.0,700
meta-llama/llama-3.3-70b-instruct,240,15388,DR_k1_NI,fork,3,ett,candle,anticommonsense,KEEP,yes,no,0,1,143,406,,Novita,stop,0,0.000181705,content,0.0,700
meta-llama/llama-3.3-70b-instruct,240,15388,DR_k2,fork,3,ett,candle,anticommonsense,KEEP,yes,no,0,1,144,632,,Novita,stop,0,0.00027224,content,0.0,700
meta-llama/llama-3.3-70b-instruct,240,15388,DR_k2_NI,fork,3,ett,candle,anticommonsense,KEEP,yes,no,0,1,137,400,,Novita,stop,0,0.000178495,content,0.0,700
meta-llama/llama-3.3-70b-instruct,241,10599,RAW,fork,3,ett,candle,anticommonsense,KEEP,yes,yes,1,1,121,104,,Novita,stop,0,5.7935e-05,content,0.0,700
meta-llama/llama-3.3-70b-instruct,241,10599,ORACLE,fork,3,ett,candle,anticommonsense,KEEP,yes,yes,1,1,156,269,,Novita,stop,0,0.00012866,content,0.0,700
meta-llama/llama-3.3-70b-instruct,241,10599,ORACLE_NI,fork,3,ett,candle,anticommonsense,KEEP,yes,yes,1,1,149,150,,Novita,stop,0,8.0115e-05,content,0.0,700
meta-llama/llama-3.3-70b-instruct,241,10599,DR_k1,fork,3,ett,candle,anticommonsense,KEEP,yes,no,0,1,155,598,,Novita,stop,0,0.000260125,content,0.0,700
meta-llama/llama-3.3-70b-instruct,241,10599,DR_k1_NI,fork,3,ett,candle,anticommonsense,KEEP,yes,yes,1,1,148,370,,Novita,stop,0,0.00016798,content,0.0,700
meta-llama/llama-3.3-70b-instruct,241,10599,DR_k2,fork,3,ett,candle,anticommonsense,KEEP,yes,no,0,1,149,374,,Novita,stop,0,0.000169715,content,0.0,700
meta-llama/llama-3.3-70b-instruct,241,10599,DR_k2_NI,fork,3,ett,candle,anticommonsense,KEEP,yes,yes,1,1,142,313,,Novita,stop,0,0.00014437,content,0.0,700
meta-llama/llama-3.3-70b-instruct,242,16161,RAW,fork,3,ett,getting_tanned,anticommonsense,KEEP,yes,yes,1,1,130,117,,Novita,stop,0,6.435e-05,content,0.0,700
meta-llama/llama-3.3-70b-instruct,242,16161,ORACLE,fork,3,ett,getting_tanned,anticommonsense,KEEP,yes,yes,1,1,169,115,,Novita,stop,0,6.8815e-05,content,0.0,700
meta-llama/llama-3.3-70b-instruct,242,16161,ORACLE_NI,fork,3,ett,getting_tanned,anticommonsense,KEEP,yes,yes,1,1,162,112,,Novita,stop,0,6.667e-05,content,0.0,700
meta-llama/llama-3.3-70b-instruct,242,16161,DR_k1,fork,3,ett,getting_tanned,anticommonsense,KEEP,yes,yes,1,1,169,242,,Novita,stop,0,0.000119615,content,0.0,700
meta-llama/llama-3.3-70b-instruct,242,16161,DR_k1_NI,fork,3,ett,getting_tanned,anticommonsense,KEEP,yes,yes,1,1,162,117,,Novita,stop,0,6.867e-05,content,0.0,700
meta-llama/llama-3.3-70b-instruct,242,16161,DR_k2,fork,3,ett,getting_tanned,anticommonsense,KEEP,yes,yes,1,1,162,403,,Novita,stop,0,0.00018307,content,0.0,700
meta-llama/llama-3.3-70b-instruct,242,16161,DR_k2_NI,fork,3,ett,getting_tanned,anticommonsense,KEEP,yes,yes,1,1,155,207,,Novita,stop,0,0.000103725,content,0.0,700
meta-llama/llama-3.3-70b-instruct,243,15916,RAW,fork,3,ett,forest_fire,anticommonsense,KEEP,yes,yes,1,1,123,292,,Novita,stop,0,0.000133405,content,0.0,700
meta-llama/llama-3.3-70b-instruct,243,15916,ORACLE,fork,3,ett,forest_fire,anticommonsense,KEEP,yes,yes,1,1,160,386,,Novita,stop,0,0.000176,content,0.0,700
meta-llama/llama-3.3-70b-instruct,243,15916,ORACLE_NI,fork,3,ett,forest_fire,anticommonsense,KEEP,yes,yes,1,1,153,303,,Novita,stop,0,0.000141855,content,0.0,700
meta-llama/llama-3.3-70b-instruct,243,15916,DR_k1,fork,3,ett,forest_fire,anticommonsense,KEEP,yes,yes,1,1,160,263,,Novita,stop,0,0.0001268,content,0.0,700
meta-llama/llama-3.3-70b-instruct,243,15916,DR_k1_NI,fork,3,ett,forest_fire,anticommonsense,KEEP,yes,yes,1,1,153,429,,Novita,stop,0,0.000192255,content,0.0,700
meta-llama/llama-3.3-70b-instruct,243,15916,DR_k2,fork,3,ett,forest_fire,anticommonsense,KEEP,yes,no,0,1,153,466,,Novita,stop,0,0.000207055,content,0.0,700
meta-llama/llama-3.3-70b-instruct,243,15916,DR_k2_NI,fork,3,ett,forest_fire,anticommonsense,KEEP,yes,no,0,1,146,474,,Novita,stop,0,0.00020931,content,0.0,700
meta-llama/llama-3.3-70b-instruct,244,197,RAW,fork,3,ett,candle,easy,KEEP,no,no,1,1,123,152,,Novita,stop,0,7.7405e-05,content,0.0,700
meta-llama/llama-3.3-70b-instruct,244,197,ORACLE,fork,3,ett,candle,easy,KEEP,no,no,1,1,159,392,,Novita,stop,0,0.000178265,content,0.0,700
meta-llama/llama-3.3-70b-instruct,244,197,ORACLE_NI,fork,3,ett,candle,easy,KEEP,no,no,1,1,152,340,,Novita,stop,0,0.00015652,content,0.0,700
meta-llama/llama-3.3-70b-instruct,244,197,DR_k1,fork,3,ett,candle,easy,KEEP,no,no,1,1,159,368,,Novita,stop,0,0.000168665,content,0.0,700
meta-llama/llama-3.3-70b-instruct,244,197,DR_k1_NI,fork,3,ett,candle,easy,KEEP,no,no,1,1,152,267,,Novita,stop,0,0.00012732,content,0.0,700
meta-llama/llama-3.3-70b-instruct,244,197,DR_k2,fork,3,ett,candle,easy,KEEP,no,no,1,1,153,303,,Novita,stop,0,0.000141855,content,0.0,700
meta-llama/llama-3.3-70b-instruct,244,197,DR_k2_NI,fork,3,ett,candle,easy,KEEP,no,no,1,1,146,281,,Novita,stop,0,0.00013211,content,0.0,700
meta-llama/llama-3.3-70b-instruct,245,5074,RAW,fork,3,ett,candle,hard,KEEP,no,no,1,1,123,170,,Novita,stop,0,8.4605e-05,content,0.0,700
meta-llama/llama-3.3-70b-instruct,245,5074,ORACLE,fork,3,ett,candle,hard,KEEP,no,no,1,1,159,242,,Novita,stop,0,0.000118265,content,0.0,700
meta-llama/llama-3.3-70b-instruct,245,5074,ORACLE_NI,fork,3,ett,candle,hard,KEEP,no,no,1,1,152,187,,Novita,stop,0,9.532e-05,content,0.0,700
meta-llama/llama-3.3-70b-instruct,245,5074,DR_k1,fork,3,ett,candle,hard,KEEP,no,no,1,1,159,425,,Novita,stop,0,0.000191465,content,0.0,700
meta-llama/llama-3.3-70b-instruct,245,5074,DR_k1_NI,fork,3,ett,candle,hard,KEEP,no,no,1,1,152,230,,Novita,stop,0,0.00011252,content,0.0,700
meta-llama/llama-3.3-70b-instruct,245,5074,DR_k2,fork,3,ett,candle,hard,KEEP,no,no,1,1,153,669,,Novita,stop,0,0.000288255,content,0.0,700
meta-llama/llama-3.3-70b-instruct,245,5074,DR_k2_NI,fork,3,ett,candle,hard,KEEP,no,no,1,1,146,194,,Novita,stop,0,9.731e-05,content,0.0,700
meta-llama/llama-3.3-70b-instruct,246,15941,RAW,fork,3,ett,forest_fire,anticommonsense,KEEP,yes,yes,1,1,123,330,,Novita,stop,0,0.000148605,content,0.0,700
meta-llama/llama-3.3-70b-instruct,246,15941,ORACLE,fork,3,ett,forest_fire,anticommonsense,KEEP,yes,yes,1,1,160,461,,Novita,stop,0,0.000206,content,0.0,700
meta-llama/llama-3.3-70b-instruct,246,15941,ORACLE_NI,fork,3,ett,forest_fire,anticommonsense,KEEP,yes,yes,1,1,153,619,,Novita,stop,0,0.000268255,content,0.0,700
meta-llama/llama-3.3-70b-instruct,246,15941,DR_k1,fork,3,ett,forest_fire,anticommonsense,KEEP,yes,no,0,1,160,507,,Novita,stop,0,0.0002244,content,0.0,700
meta-llama/llama-3.3-70b-instruct,246,15941,DR_k1_NI,fork,3,ett,forest_fire,anticommonsense,KEEP,yes,no,0,1,153,515,,Novita,stop,0,0.000226655,content,0.0,700
meta-llama/llama-3.3-70b-instruct,246,15941,DR_k2,fork,3,ett,forest_fire,anticommonsense,KEEP,yes,no,0,1,153,431,,Novita,stop,0,0.000193055,content,0.0,700
meta-llama/llama-3.3-70b-instruct,246,15941,DR_k2_NI,fork,3,ett,forest_fire,anticommonsense,KEEP,yes,yes,1,1,146,461,,Novita,stop,0,0.00020411,content,0.0,700
meta-llama/llama-3.3-70b-instruct,247,988,RAW,fork,3,ett,getting_tanned,easy,KEEP,yes,yes,1,1,133,113,,Novita,stop,0,6.3155e-05,content,0.0,700
meta-llama/llama-3.3-70b-instruct,247,988,ORACLE,fork,3,ett,getting_tanned,easy,KEEP,yes,yes,1,1,170,343,,Novita,stop,0,0.00016015,content,0.0,700
meta-llama/llama-3.3-70b-instruct,247,988,ORACLE_NI,fork,3,ett,getting_tanned,easy,KEEP,yes,yes,1,1,163,461,,Novita,stop,0,0.000206405,content,0.0,700
meta-llama/llama-3.3-70b-instruct,247,988,DR_k1,fork,3,ett,getting_tanned,easy,KEEP,yes,yes,1,1,170,374,,Novita,stop,0,0.00017255,content,0.0,700
meta-llama/llama-3.3-70b-instruct,247,988,DR_k1_NI,fork,3,ett,getting_tanned,easy,KEEP,yes,yes,1,1,163,265,,Novita,stop,0,0.000128005,content,0.0,700
meta-llama/llama-3.3-70b-instruct,247,988,DR_k2,fork,3,ett,getting_tanned,easy,KEEP,yes,yes,1,1,164,395,,Novita,stop,0,0.00018014,content,0.0,700
meta-llama/llama-3.3-70b-instruct,247,988,DR_k2_NI,fork,3,ett,getting_tanned,easy,KEEP,yes,yes,1,1,157,194,,Novita,stop,0,9.8795e-05,content,0.0,700
meta-llama/llama-3.3-70b-instruct,248,4996,RAW,fork,3,ett,candle,hard,KEEP,yes,yes,1,1,123,122,,Novita,stop,0,6.5405e-05,content,0.0,700
meta-llama/llama-3.3-70b-instruct,248,4996,ORACLE,fork,3,ett,candle,hard,KEEP,yes,yes,1,1,159,631,,Novita,stop,0,0.000273865,content,0.0,700
meta-llama/llama-3.3-70b-instruct,248,4996,ORACLE_NI,fork,3,ett,candle,hard,KEEP,yes,yes,1,1,152,175,,Novita,stop,0,9.052e-05,content,0.0,700
meta-llama/llama-3.3-70b-instruct,248,4996,DR_k1,fork,3,ett,candle,hard,KEEP,yes,yes,1,1,159,329,,Novita,stop,0,0.000153065,content,0.0,700
meta-llama/llama-3.3-70b-instruct,248,4996,DR_k1_NI,fork,3,ett,candle,hard,KEEP,yes,yes,1,1,152,220,,Novita,stop,0,0.00010852,content,0.0,700
meta-llama/llama-3.3-70b-instruct,248,4996,DR_k2,fork,3,ett,candle,hard,KEEP,yes,yes,1,1,153,692,,Novita,stop,0,0.000297455,content,0.0,700
meta-llama/llama-3.3-70b-instruct,248,4996,DR_k2_NI,fork,3,ett,candle,hard,KEEP,yes,yes,1,1,146,158,,Novita,stop,0,8.291e-05,content,0.0,700
meta-llama/llama-3.3-70b-instruct,249,11108,RAW,fork,3,ett,forest_fire,anticommonsense,KEEP,no,no,1,1,127,479,,Novita,stop,0,0.000208745,content,0.0,700
meta-llama/llama-3.3-70b-instruct,249,11108,ORACLE,fork,3,ett,forest_fire,anticommonsense,KEEP,no,no,1,1,164,505,,Novita,stop,0,0.00022414,content,0.0,700
meta-llama/llama-3.3-70b-instruct,249,11108,ORACLE_NI,fork,3,ett,forest_fire,anticommonsense,KEEP,no,no,1,1,157,418,,Novita,stop,0,0.000188395,content,0.0,700
meta-llama/llama-3.3-70b-instruct,249,11108,DR_k1,fork,3,ett,forest_fire,anticommonsense,KEEP,no,no,1,1,164,263,,Novita,stop,0,0.00012734,content,0.0,700
meta-llama/llama-3.3-70b-instruct,249,11108,DR_k1_NI,fork,3,ett,forest_fire,anticommonsense,KEEP,no,no,1,1,157,460,,Novita,stop,0,0.000205195,content,0.0,700
meta-llama/llama-3.3-70b-instruct,249,11108,DR_k2,fork,3,ett,forest_fire,anticommonsense,KEEP,no,no,1,1,156,334,,Novita,stop,0,0.00015466,content,0.0,700
meta-llama/llama-3.3-70b-instruct,249,11108,DR_k2_NI,fork,3,ett,forest_fire,anticommonsense,KEEP,no,no,1,1,149,426,,Novita,stop,0,0.000190515,content,0.0,700
meta-llama/llama-3.3-70b-instruct,250,15360,RAW,fork,3,ett,candle,anticommonsense,KEEP,yes,yes,1,1,117,95,,Novita,stop,0,5.3795e-05,content,0.0,700
meta-llama/llama-3.3-70b-instruct,250,15360,ORACLE,fork,3,ett,candle,anticommonsense,KEEP,yes,yes,1,1,151,197,,Novita,stop,0,9.9185e-05,content,0.0,700
meta-llama/llama-3.3-70b-instruct,250,15360,ORACLE_NI,fork,3,ett,candle,anticommonsense,KEEP,yes,yes,1,1,144,136,,Novita,stop,0,7.384e-05,content,0.0,700
meta-llama/llama-3.3-70b-instruct,250,15360,DR_k1,fork,3,ett,candle,anticommonsense,KEEP,yes,yes,1,1,151,166,,Novita,stop,0,8.6785e-05,content,0.0,700
meta-llama/llama-3.3-70b-instruct,250,15360,DR_k1_NI,fork,3,ett,candle,anticommonsense,KEEP,yes,yes,1,1,144,99,,Novita,stop,0,5.904e-05,content,0.0,700
meta-llama/llama-3.3-70b-instruct,250,15360,DR_k2,fork,3,ett,candle,anticommonsense,KEEP,yes,yes,1,1,144,449,,Novita,stop,0,0.00019904,content,0.0,700
meta-llama/llama-3.3-70b-instruct,250,15360,DR_k2_NI,fork,3,ett,candle,anticommonsense,KEEP,yes,no,0,1,137,556,,Novita,stop,0,0.000240895,content,0.0,700
meta-llama/llama-3.3-70b-instruct,251,10629,RAW,fork,3,ett,candle,anticommonsense,KEEP,yes,yes,1,1,121,104,,Novita,stop,0,5.7935e-05,content,0.0,700
meta-llama/llama-3.3-70b-instruct,251,10629,ORACLE,fork,3,ett,candle,anticommonsense,KEEP,yes,yes,1,1,156,199,,Novita,stop,0,0.00010066,content,0.0,700
meta-llama/llama-3.3-70b-instruct,251,10629,ORACLE_NI,fork,3,ett,candle,anticommonsense,KEEP,yes,yes,1,1,149,106,,Novita,stop,0,6.2515e-05,content,0.0,700
meta-llama/llama-3.3-70b-instruct,251,10629,DR_k1,fork,3,ett,candle,anticommonsense,KEEP,yes,yes,1,1,156,207,,Novita,stop,0,0.00010386,content,0.0,700
meta-llama/llama-3.3-70b-instruct,251,10629,DR_k1_NI,fork,3,ett,candle,anticommonsense,KEEP,yes,yes,1,1,149,104,,Novita,stop,0,6.1715e-05,content,0.0,700
meta-llama/llama-3.3-70b-instruct,251,10629,DR_k2,fork,3,ett,candle,anticommonsense,KEEP,yes,no,0,1,149,553,,Novita,stop,0,0.000241315,content,0.0,700
meta-llama/llama-3.3-70b-instruct,251,10629,DR_k2_NI,fork,3,ett,candle,anticommonsense,KEEP,yes,yes,1,1,142,375,,Novita,stop,0,0.00016917,content,0.0,700
meta-llama/llama-3.3-70b-instruct,252,932,RAW,fork,3,ett,getting_tanned,easy,KEEP,yes,yes,1,1,133,118,,Novita,stop,0,6.5155e-05,content,0.0,700
meta-llama/llama-3.3-70b-instruct,252,932,ORACLE,fork,3,ett,getting_tanned,easy,KEEP,yes,yes,1,1,170,220,,Novita,stop,0,0.00011095,content,0.0,700
meta-llama/llama-3.3-70b-instruct,252,932,ORACLE_NI,fork,3,ett,getting_tanned,easy,KEEP,yes,yes,1,1,163,301,,Novita,stop,0,0.000142405,content,0.0,700
meta-llama/llama-3.3-70b-instruct,252,932,DR_k1,fork,3,ett,getting_tanned,easy,KEEP,yes,yes,1,1,170,509,,Novita,stop,0,0.00022655,content,0.0,700
meta-llama/llama-3.3-70b-instruct,252,932,DR_k1_NI,fork,3,ett,getting_tanned,easy,KEEP,yes,yes,1,1,163,433,,Novita,stop,0,0.000195205,content,0.0,700
meta-llama/llama-3.3-70b-instruct,252,932,DR_k2,fork,3,ett,getting_tanned,easy,KEEP,yes,yes,1,1,164,429,,Novita,stop,0,0.00019374,content,0.0,700
meta-llama/llama-3.3-70b-instruct,252,932,DR_k2_NI,fork,3,ett,getting_tanned,easy,KEEP,yes,yes,1,1,157,436,,Novita,stop,0,0.000195595,content,0.0,700
meta-llama/llama-3.3-70b-instruct,253,793,RAW,fork,3,ett,getting_late,easy,KEEP,no,yes,0,1,131,224,,Novita,stop,0,0.000107285,content,0.0,700
meta-llama/llama-3.3-70b-instruct,253,793,ORACLE,fork,3,ett,getting_late,easy,KEEP,no,no,1,1,170,388,,Novita,stop,0,0.00017815,content,0.0,700
meta-llama/llama-3.3-70b-instruct,253,793,ORACLE_NI,fork,3,ett,getting_late,easy,KEEP,no,no,1,1,163,305,,Novita,stop,0,0.000144005,content,0.0,700
meta-llama/llama-3.3-70b-instruct,253,793,DR_k1,fork,3,ett,getting_late,easy,KEEP,no,no,1,1,170,457,,Novita,stop,0,0.00020575,content,0.0,700
meta-llama/llama-3.3-70b-instruct,253,793,DR_k1_NI,fork,3,ett,getting_late,easy,KEEP,no,yes,0,1,163,370,,Novita,stop,0,0.000170005,content,0.0,700
meta-llama/llama-3.3-70b-instruct,253,793,DR_k2,fork,3,ett,getting_late,easy,KEEP,no,no,1,1,161,418,,Novita,stop,0,0.000188935,content,0.0,700
meta-llama/llama-3.3-70b-instruct,253,793,DR_k2_NI,fork,3,ett,getting_late,easy,KEEP,no,yes,0,1,154,299,,Novita,stop,0,0.00014039,content,0.0,700
meta-llama/llama-3.3-70b-instruct,254,5589,RAW,fork,3,ett,getting_late,hard,KEEP,yes,yes,1,1,131,133,,Novita,stop,0,7.0885e-05,content,0.0,700
meta-llama/llama-3.3-70b-instruct,254,5589,ORACLE,fork,3,ett,getting_late,hard,KEEP,yes,yes,1,1,170,368,,Novita,stop,0,0.00017015,content,0.0,700
meta-llama/llama-3.3-70b-instruct,254,5589,ORACLE_NI,fork,3,ett,getting_late,hard,KEEP,yes,yes,1,1,163,211,,Novita,stop,0,0.000106405,content,0.0,700
meta-llama/llama-3.3-70b-instruct,254,5589,DR_k1,fork,3,ett,getting_late,hard,KEEP,yes,yes,1,1,170,340,,Novita,stop,0,0.00015895,content,0.0,700
meta-llama/llama-3.3-70b-instruct,254,5589,DR_k1_NI,fork,3,ett,getting_late,hard,KEEP,yes,yes,1,1,163,197,,Novita,stop,0,0.000100805,content,0.0,700
meta-llama/llama-3.3-70b-instruct,254,5589,DR_k2,fork,3,ett,getting_late,hard,KEEP,yes,yes,1,1,161,233,,Novita,stop,0,0.000114935,content,0.0,700
meta-llama/llama-3.3-70b-instruct,254,5589,DR_k2_NI,fork,3,ett,getting_late,hard,KEEP,yes,yes,1,1,154,198,,Novita,stop,0,9.999e-05,content,0.0,700
meta-llama/llama-3.3-70b-instruct,255,14564,RAW,frontdoor,2,ate,smoking_frontdoor,anticommonsense,KEEP,no,no,1,1,196,479,,Novita,stop,0,0.00021806,content,0.0,700
meta-llama/llama-3.3-70b-instruct,255,14564,ORACLE,frontdoor,2,ate,smoking_frontdoor,anticommonsense,KEEP,no,no,1,1,241,442,,Novita,stop,0,0.000209335,content,0.0,700
meta-llama/llama-3.3-70b-instruct,255,14564,ORACLE_NI,frontdoor,2,ate,smoking_frontdoor,anticommonsense,KEEP,no,no,1,1,234,647,,Novita,stop,0,0.00029039,content,0.0,700
meta-llama/llama-3.3-70b-instruct,255,14564,DR_k1,frontdoor,2,ate,smoking_frontdoor,anticommonsense,KEEP,no,no,1,1,234,658,,Novita,stop,0,0.00029479,content,0.0,700
meta-llama/llama-3.3-70b-instruct,255,14564,DR_k1_NI,frontdoor,2,ate,smoking_frontdoor,anticommonsense,KEEP,no,no,1,1,227,365,,Novita,stop,0,0.000176645,content,0.0,700
meta-llama/llama-3.3-70b-instruct,255,14564,DR_k2,frontdoor,2,ate,smoking_frontdoor,anticommonsense,KEEP,no,no,1,1,240,686,,Novita,stop,0,0.0003068,content,0.0,700
meta-llama/llama-3.3-70b-instruct,255,14564,DR_k2_NI,frontdoor,2,ate,smoking_frontdoor,anticommonsense,KEEP,no,no,1,1,233,682,,Novita,stop,0,0.000304255,content,0.0,700
meta-llama/llama-3.3-70b-instruct,255,14564,DR_k3,frontdoor,2,ate,smoking_frontdoor,anticommonsense,KEEP,no,no,1,1,240,549,,Novita,stop,0,0.000252,content,0.0,700
meta-llama/llama-3.3-70b-instruct,255,14564,DR_k3_NI,frontdoor,2,ate,smoking_frontdoor,anticommonsense,KEEP,no,no,1,1,233,682,,Novita,stop,0,0.000304255,content,0.0,700
meta-llama/llama-3.3-70b-instruct,256,4295,RAW,frontdoor,2,ate,smoking_frontdoor,easy,KEEP,no,yes,0,1,186,347,,Novita,stop,0,0.00016391,content,0.0,700
meta-llama/llama-3.3-70b-instruct,256,4295,ORACLE,frontdoor,2,ate,smoking_frontdoor,easy,KEEP,no,yes,0,1,231,628,,Novita,stop,0,0.000282385,content,0.0,700
meta-llama/llama-3.3-70b-instruct,256,4295,ORACLE_NI,frontdoor,2,ate,smoking_frontdoor,easy,KEEP,no,yes,0,1,224,380,,Novita,stop,0,0.00018224,content,0.0,700
meta-llama/llama-3.3-70b-instruct,256,4295,DR_k1,frontdoor,2,ate,smoking_frontdoor,easy,KEEP,no,yes,0,1,231,617,,Novita,stop,0,0.000277985,content,0.0,700
meta-llama/llama-3.3-70b-instruct,256,4295,DR_k1_NI,frontdoor,2,ate,smoking_frontdoor,easy,KEEP,no,yes,0,1,224,395,,Novita,stop,0,0.00018824,content,0.0,700
meta-llama/llama-3.3-70b-instruct,256,4295,DR_k2,frontdoor,2,ate,smoking_frontdoor,easy,KEEP,no,yes,0,1,230,429,,Novita,stop,0,0.00020265,content,0.0,700
meta-llama/llama-3.3-70b-instruct,256,4295,DR_k2_NI,frontdoor,2,ate,smoking_frontdoor,easy,KEEP,no,yes,0,1,223,433,,Novita,stop,0,0.000203305,content,0.0,700
meta-llama/llama-3.3-70b-instruct,256,4295,DR_k3,frontdoor,2,ate,smoking_frontdoor,easy,KEEP,no,yes,0,1,225,579,,Novita,stop,0,0.000261975,content,0.0,700
meta-llama/llama-3.3-70b-instruct,256,4295,DR_k3_NI,frontdoor,2,ate,smoking_frontdoor,easy,KEEP,no,yes,0,1,218,633,,Novita,stop,0,0.00028263,content,0.0,700
meta-llama/llama-3.3-70b-instruct,257,19326,RAW,frontdoor,2,ate,smoking_frontdoor,anticommonsense,KEEP,no,no,1,1,191,417,,Novita,stop,0,0.000192585,content,0.0,700
meta-llama/llama-3.3-70b-instruct,257,19326,ORACLE,frontdoor,2,ate,smoking_frontdoor,anticommonsense,KEEP,no,no,1,1,238,438,,Novita,stop,0,0.00020733,content,0.0,700
meta-llama/llama-3.3-70b-instruct,257,19326,ORACLE_NI,frontdoor,2,ate,smoking_frontdoor,anticommonsense,KEEP,no,no,1,1,231,700,,Novita,length,0,0.000311185,content,0.0,700
meta-llama/llama-3.3-70b-instruct,257,19326,DR_k1,frontdoor,2,ate,smoking_frontdoor,anticommonsense,KEEP,no,no,1,1,238,691,,Novita,stop,0,0.00030853,content,0.0,700
meta-llama/llama-3.3-70b-instruct,257,19326,DR_k1_NI,frontdoor,2,ate,smoking_frontdoor,anticommonsense,KEEP,no,no,1,1,231,700,,Novita,length,0,0.000311185,content,0.0,700
meta-llama/llama-3.3-70b-instruct,257,19326,DR_k2,frontdoor,2,ate,smoking_frontdoor,anticommonsense,KEEP,no,no,1,1,238,690,,Novita,stop,0,0.00030813,content,0.0,700
meta-llama/llama-3.3-70b-instruct,257,19326,DR_k2_NI,frontdoor,2,ate,smoking_frontdoor,anticommonsense,KEEP,no,no,1,1,231,569,,Novita,stop,0,0.000258785,content,0.0,700
meta-llama/llama-3.3-70b-instruct,257,19326,DR_k3,frontdoor,2,ate,smoking_frontdoor,anticommonsense,KEEP,no,no,1,1,230,562,,Novita,stop,0,0.00025585,content,0.0,700
meta-llama/llama-3.3-70b-instruct,257,19326,DR_k3_NI,frontdoor,2,ate,smoking_frontdoor,anticommonsense,KEEP,no,no,1,1,223,461,,Novita,stop,0,0.000214505,content,0.0,700
meta-llama/llama-3.3-70b-instruct,258,4225,RAW,frontdoor,2,ate,smoking_frontdoor,easy,KEEP,no,no,1,1,186,410,,Novita,stop,0,0.00018911,content,0.0,700
meta-llama/llama-3.3-70b-instruct,258,4225,ORACLE,frontdoor,2,ate,smoking_frontdoor,easy,KEEP,no,no,1,1,231,625,,Novita,stop,0,0.000281185,content,0.0,700
meta-llama/llama-3.3-70b-instruct,258,4225,ORACLE_NI,frontdoor,2,ate,smoking_frontdoor,easy,KEEP,no,no,1,1,224,314,,Novita,stop,0,0.00015584,content,0.0,700
meta-llama/llama-3.3-70b-instruct,258,4225,DR_k1,frontdoor,2,ate,smoking_frontdoor,easy,KEEP,no,no,1,1,231,354,,Novita,stop,0,0.000172785,content,0.0,700
meta-llama/llama-3.3-70b-instruct,258,4225,DR_k1_NI,frontdoor,2,ate,smoking_frontdoor,easy,KEEP,no,no,1,1,224,355,,Novita,stop,0,0.00017224,content,0.0,700
meta-llama/llama-3.3-70b-instruct,258,4225,DR_k2,frontdoor,2,ate,smoking_frontdoor,easy,KEEP,no,no,1,1,230,407,,Novita,stop,0,0.00019385,content,0.0,700
meta-llama/llama-3.3-70b-instruct,258,4225,DR_k2_NI,frontdoor,2,ate,smoking_frontdoor,easy,KEEP,no,no,1,1,223,649,,Novita,stop,0,0.000289705,content,0.0,700
meta-llama/llama-3.3-70b-instruct,258,4225,DR_k3,frontdoor,2,ate,smoking_frontdoor,easy,KEEP,no,no,1,1,231,700,,Novita,length,0,0.000311185,content,0.0,700
meta-llama/llama-3.3-70b-instruct,258,4225,DR_k3_NI,frontdoor,2,ate,smoking_frontdoor,easy,KEEP,no,no,1,1,224,377,,Novita,stop,0,0.00018104,content,0.0,700
meta-llama/llama-3.3-70b-instruct,259,19393,RAW,frontdoor,2,ate,smoking_frontdoor,anticommonsense,KEEP,yes,yes,1,1,191,460,,Novita,stop,0,0.000209785,content,0.0,700
meta-llama/llama-3.3-70b-instruct,259,19393,ORACLE,frontdoor,2,ate,smoking_frontdoor,anticommonsense,KEEP,yes,yes,1,1,238,362,,Novita,stop,0,0.00017693,content,0.0,700
meta-llama/llama-3.3-70b-instruct,259,19393,ORACLE_NI,frontdoor,2,ate,smoking_frontdoor,anticommonsense,KEEP,yes,yes,1,1,231,411,,Novita,stop,0,0.000195585,content,0.0,700
meta-llama/llama-3.3-70b-instruct,259,19393,DR_k1,frontdoor,2,ate,smoking_frontdoor,anticommonsense,KEEP,yes,yes,1,1,238,431,,Novita,stop,0,0.00020453,content,0.0,700
meta-llama/llama-3.3-70b-instruct,259,19393,DR_k1_NI,frontdoor,2,ate,smoking_frontdoor,anticommonsense,KEEP,yes,yes,1,1,231,324,,Novita,stop,0,0.000160785,content,0.0,700
meta-llama/llama-3.3-70b-instruct,259,19393,DR_k2,frontdoor,2,ate,smoking_frontdoor,anticommonsense,KEEP,yes,yes,1,1,238,652,,Novita,stop,0,0.00029293,content,0.0,700
meta-llama/llama-3.3-70b-instruct,259,19393,DR_k2_NI,frontdoor,2,ate,smoking_frontdoor,anticommonsense,KEEP,yes,yes,1,1,231,323,,Novita,stop,0,0.000160385,content,0.0,700
meta-llama/llama-3.3-70b-instruct,259,19393,DR_k3,frontdoor,2,ate,smoking_frontdoor,anticommonsense,KEEP,yes,yes,1,1,230,700,,Novita,length,0,0.00031105,content,0.0,700
meta-llama/llama-3.3-70b-instruct,259,19393,DR_k3_NI,frontdoor,2,ate,smoking_frontdoor,anticommonsense,KEEP,yes,yes,1,1,223,343,,Novita,stop,0,0.000167305,content,0.0,700
meta-llama/llama-3.3-70b-instruct,260,19416,RAW,frontdoor,2,ate,smoking_frontdoor,anticommonsense,KEEP,no,no,1,1,191,700,,Novita,length,0,0.000305785,content,0.0,700
meta-llama/llama-3.3-70b-instruct,260,19416,ORACLE,frontdoor,2,ate,smoking_frontdoor,anticommonsense,KEEP,no,no,1,1,238,635,,Novita,stop,0,0.00028613,content,0.0,700
meta-llama/llama-3.3-70b-instruct,260,19416,ORACLE_NI,frontdoor,2,ate,smoking_frontdoor,anticommonsense,KEEP,no,no,1,1,231,504,,Novita,stop,0,0.000232785,content,0.0,700
meta-llama/llama-3.3-70b-instruct,260,19416,DR_k1,frontdoor,2,ate,smoking_frontdoor,anticommonsense,KEEP,no,no,1,1,238,698,,Novita,stop,0,0.00031133,content,0.0,700
meta-llama/llama-3.3-70b-instruct,260,19416,DR_k1_NI,frontdoor,2,ate,smoking_frontdoor,anticommonsense,KEEP,no,no,1,1,231,444,,Novita,stop,0,0.000208785,content,0.0,700
meta-llama/llama-3.3-70b-instruct,260,19416,DR_k2,frontdoor,2,ate,smoking_frontdoor,anticommonsense,KEEP,no,no,1,1,237,700,,Novita,length,0,0.000311995,content,0.0,700
meta-llama/llama-3.3-70b-instruct,260,19416,DR_k2_NI,frontdoor,2,ate,smoking_frontdoor,anticommonsense,KEEP,no,no,1,1,230,543,,Novita,stop,0,0.00024825,content,0.0,700
meta-llama/llama-3.3-70b-instruct,260,19416,DR_k3,frontdoor,2,ate,smoking_frontdoor,anticommonsense,KEEP,no,no,1,1,230,502,,Novita,stop,0,0.00023185,content,0.0,700
meta-llama/llama-3.3-70b-instruct,260,19416,DR_k3_NI,frontdoor,2,ate,smoking_frontdoor,anticommonsense,KEEP,no,no,1,1,223,414,,Novita,stop,0,0.000195705,content,0.0,700
meta-llama/llama-3.3-70b-instruct,261,9034,RAW,frontdoor,2,ate,smoking_frontdoor,hard,KEEP,no,no,1,1,186,624,,Novita,stop,0,0.00027471,content,0.0,700
meta-llama/llama-3.3-70b-instruct,261,9034,ORACLE,frontdoor,2,ate,smoking_frontdoor,hard,KEEP,no,no,1,1,231,356,,Novita,stop,0,0.000173585,content,0.0,700
meta-llama/llama-3.3-70b-instruct,261,9034,ORACLE_NI,frontdoor,2,ate,smoking_frontdoor,hard,KEEP,no,no,1,1,224,700,,Novita,length,0,0.00031024,content,0.0,700
meta-llama/llama-3.3-70b-instruct,261,9034,DR_k1,frontdoor,2,ate,smoking_frontdoor,hard,KEEP,no,no,1,1,231,564,,Novita,stop,0,0.000256785,content,0.0,700
meta-llama/llama-3.3-70b-instruct,261,9034,DR_k1_NI,frontdoor,2,ate,smoking_frontdoor,hard,KEEP,no,no,1,1,224,418,,Novita,stop,0,0.00019744,content,0.0,700
meta-llama/llama-3.3-70b-instruct,261,9034,DR_k2,frontdoor,2,ate,smoking_frontdoor,hard,KEEP,no,no,1,1,231,639,,Novita,stop,0,0.000286785,content,0.0,700
meta-llama/llama-3.3-70b-instruct,261,9034,DR_k2_NI,frontdoor,2,ate,smoking_frontdoor,hard,KEEP,no,no,1,1,224,444,,Novita,stop,0,0.00020784,content,0.0,700
meta-llama/llama-3.3-70b-instruct,261,9034,DR_k3,frontdoor,2,ate,smoking_frontdoor,hard,KEEP,no,no,1,1,231,331,,Novita,stop,0,0.000163585,content,0.0,700
meta-llama/llama-3.3-70b-instruct,261,9034,DR_k3_NI,frontdoor,2,ate,smoking_frontdoor,hard,KEEP,no,no,1,1,224,677,,Novita,stop,0,0.00030104,content,0.0,700
meta-llama/llama-3.3-70b-instruct,262,19426,RAW,frontdoor,2,ate,smoking_frontdoor,anticommonsense,KEEP,no,no,1,1,191,524,,Novita,stop,0,0.000235385,content,0.0,700
meta-llama/llama-3.3-70b-instruct,262,19426,ORACLE,frontdoor,2,ate,smoking_frontdoor,anticommonsense,KEEP,no,no,1,1,238,630,,Novita,stop,0,0.00028413,content,0.0,700
meta-llama/llama-3.3-70b-instruct,262,19426,ORACLE_NI,frontdoor,2,ate,smoking_frontdoor,anticommonsense,KEEP,no,no,1,1,231,700,,Novita,length,0,0.000311185,content,0.0,700
meta-llama/llama-3.3-70b-instruct,262,19426,DR_k1,frontdoor,2,ate,smoking_frontdoor,anticommonsense,KEEP,no,no,1,1,231,412,,Novita,stop,0,0.000195985,content,0.0,700
meta-llama/llama-3.3-70b-instruct,262,19426,DR_k1_NI,frontdoor,2,ate,smoking_frontdoor,anticommonsense,KEEP,no,no,1,1,224,408,,Novita,stop,0,0.00019344,content,0.0,700
meta-llama/llama-3.3-70b-instruct,262,19426,DR_k2,frontdoor,2,ate,smoking_frontdoor,anticommonsense,KEEP,no,no,1,1,238,523,,Novita,stop,0,0.00024133,content,0.0,700
meta-llama/llama-3.3-70b-instruct,262,19426,DR_k2_NI,frontdoor,2,ate,smoking_frontdoor,anticommonsense,KEEP,no,no,1,1,231,387,,Novita,stop,0,0.000185985,content,0.0,700
meta-llama/llama-3.3-70b-instruct,262,19426,DR_k3,frontdoor,2,ate,smoking_frontdoor,anticommonsense,KEEP,no,no,1,1,237,700,,Novita,length,0,0.000311995,content,0.0,700
meta-llama/llama-3.3-70b-instruct,262,19426,DR_k3_NI,frontdoor,2,ate,smoking_frontdoor,anticommonsense,KEEP,no,no,1,1,230,574,,Novita,stop,0,0.00026065,content,0.0,700
meta-llama/llama-3.3-70b-instruct,263,4259,RAW,frontdoor,2,ate,smoking_frontdoor,easy,KEEP,yes,no,0,1,186,668,,Novita,stop,0,0.00029231,content,0.0,700
meta-llama/llama-3.3-70b-instruct,263,4259,ORACLE,frontdoor,2,ate,smoking_frontdoor,easy,KEEP,yes,no,0,1,231,554,,Novita,stop,0,0.000252785,content,0.0,700
meta-llama/llama-3.3-70b-instruct,263,4259,ORACLE_NI,frontdoor,2,ate,smoking_frontdoor,easy,KEEP,yes,no,0,1,224,419,,Novita,stop,0,0.00019784,content,0.0,700
meta-llama/llama-3.3-70b-instruct,263,4259,DR_k1,frontdoor,2,ate,smoking_frontdoor,easy,KEEP,yes,no,0,1,231,538,,Novita,stop,0,0.000246385,content,0.0,700
meta-llama/llama-3.3-70b-instruct,263,4259,DR_k1_NI,frontdoor,2,ate,smoking_frontdoor,easy,KEEP,yes,no,0,1,224,700,,Novita,length,0,0.00031024,content,0.0,700
meta-llama/llama-3.3-70b-instruct,263,4259,DR_k2,frontdoor,2,ate,smoking_frontdoor,easy,KEEP,yes,no,0,1,232,415,,Novita,stop,0,0.00019732,content,0.0,700
meta-llama/llama-3.3-70b-instruct,263,4259,DR_k2_NI,frontdoor,2,ate,smoking_frontdoor,easy,KEEP,yes,no,0,1,225,440,,Novita,stop,0,0.000206375,content,0.0,700
meta-llama/llama-3.3-70b-instruct,263,4259,DR_k3,frontdoor,2,ate,smoking_frontdoor,easy,KEEP,yes,no,0,1,231,549,,Novita,stop,0,0.000250785,content,0.0,700
meta-llama/llama-3.3-70b-instruct,263,4259,DR_k3_NI,frontdoor,2,ate,smoking_frontdoor,easy,KEEP,yes,no,0,1,224,386,,Novita,stop,0,0.00018464,content,0.0,700
meta-llama/llama-3.3-70b-instruct,264,14596,RAW,frontdoor,2,ate,smoking_frontdoor,anticommonsense,KEEP,no,no,1,1,196,700,,Novita,length,0,0.00030646,content,0.0,700
meta-llama/llama-3.3-70b-instruct,264,14596,ORACLE,frontdoor,2,ate,smoking_frontdoor,anticommonsense,KEEP,no,no,1,1,241,588,,Novita,stop,0,0.000267735,content,0.0,700
meta-llama/llama-3.3-70b-instruct,264,14596,ORACLE_NI,frontdoor,2,ate,smoking_frontdoor,anticommonsense,KEEP,no,no,1,1,234,350,,Novita,stop,0,0.00017159,content,0.0,700
meta-llama/llama-3.3-70b-instruct,264,14596,DR_k1,frontdoor,2,ate,smoking_frontdoor,anticommonsense,KEEP,no,no,1,1,234,700,,Novita,length,0,0.00031159,content,0.0,700
meta-llama/llama-3.3-70b-instruct,264,14596,DR_k1_NI,frontdoor,2,ate,smoking_frontdoor,anticommonsense,KEEP,no,no,1,1,227,700,,Novita,length,0,0.000310645,content,0.0,700
meta-llama/llama-3.3-70b-instruct,264,14596,DR_k2,frontdoor,2,ate,smoking_frontdoor,anticommonsense,KEEP,no,no,1,1,241,697,,Novita,stop,0,0.000311335,content,0.0,700
meta-llama/llama-3.3-70b-instruct,264,14596,DR_k2_NI,frontdoor,2,ate,smoking_frontdoor,anticommonsense,KEEP,no,no,1,1,234,700,,Novita,length,0,0.00031159,content,0.0,700
meta-llama/llama-3.3-70b-instruct,264,14596,DR_k3,frontdoor,2,ate,smoking_frontdoor,anticommonsense,KEEP,no,no,1,1,242,652,,Novita,stop,0,0.00029347,content,0.0,700
meta-llama/llama-3.3-70b-instruct,264,14596,DR_k3_NI,frontdoor,2,ate,smoking_frontdoor,anticommonsense,KEEP,no,no,1,1,235,690,,Novita,stop,0,0.000307725,content,0.0,700
meta-llama/llama-3.3-70b-instruct,265,19350,RAW,frontdoor,2,ate,smoking_frontdoor,anticommonsense,KEEP,yes,yes,1,1,191,558,,Novita,stop,0,0.000248985,content,0.0,700
meta-llama/llama-3.3-70b-instruct,265,19350,ORACLE,frontdoor,2,ate,smoking_frontdoor,anticommonsense,KEEP,yes,yes,1,1,238,449,,Novita,stop,0,0.00021173,content,0.0,700
meta-llama/llama-3.3-70b-instruct,265,19350,ORACLE_NI,frontdoor,2,ate,smoking_frontdoor,anticommonsense,KEEP,yes,yes,1,1,231,367,,Novita,stop,0,0.000177985,content,0.0,700
meta-llama/llama-3.3-70b-instruct,265,19350,DR_k1,frontdoor,2,ate,smoking_frontdoor,anticommonsense,KEEP,yes,no,0,1,238,383,,Novita,stop,0,0.00018533,content,0.0,700
meta-llama/llama-3.3-70b-instruct,265,19350,DR_k1_NI,frontdoor,2,ate,smoking_frontdoor,anticommonsense,KEEP,yes,yes,1,1,231,452,,Novita,stop,0,0.000211985,content,0.0,700
meta-llama/llama-3.3-70b-instruct,265,19350,DR_k2,frontdoor,2,ate,smoking_frontdoor,anticommonsense,KEEP,yes,no,0,1,238,700,,Novita,length,0,0.00031213,content,0.0,700
meta-llama/llama-3.3-70b-instruct,265,19350,DR_k2_NI,frontdoor,2,ate,smoking_frontdoor,anticommonsense,KEEP,yes,yes,1,1,231,641,,Novita,stop,0,0.000287585,content,0.0,700
meta-llama/llama-3.3-70b-instruct,265,19350,DR_k3,frontdoor,2,ate,smoking_frontdoor,anticommonsense,KEEP,yes,yes,1,1,237,648,,Novita,stop,0,0.000291195,content,0.0,700
meta-llama/llama-3.3-70b-instruct,265,19350,DR_k3_NI,frontdoor,2,ate,smoking_frontdoor,anticommonsense,KEEP,yes,yes,1,1,230,367,,Novita,stop,0,0.00017785,content,0.0,700
meta-llama/llama-3.3-70b-instruct,266,19363,RAW,frontdoor,2,ate,smoking_frontdoor,anticommonsense,KEEP,yes,no,0,1,191,395,,Novita,stop,0,0.000183785,content,0.0,700
meta-llama/llama-3.3-70b-instruct,266,19363,ORACLE,frontdoor,2,ate,smoking_frontdoor,anticommonsense,KEEP,yes,no,0,1,238,462,,Novita,stop,0,0.00021693,content,0.0,700
meta-llama/llama-3.3-70b-instruct,266,19363,ORACLE_NI,frontdoor,2,ate,smoking_frontdoor,anticommonsense,KEEP,yes,no,0,1,231,417,,Novita,stop,0,0.000197985,content,0.0,700
meta-llama/llama-3.3-70b-instruct,266,19363,DR_k1,frontdoor,2,ate,smoking_frontdoor,anticommonsense,KEEP,yes,no,0,1,231,499,,Novita,stop,0,0.000230785,content,0.0,700
meta-llama/llama-3.3-70b-instruct,266,19363,DR_k1_NI,frontdoor,2,ate,smoking_frontdoor,anticommonsense,KEEP,yes,no,0,1,224,483,,Novita,stop,0,0.00022344,content,0.0,700
meta-llama/llama-3.3-70b-instruct,266,19363,DR_k2,frontdoor,2,ate,smoking_frontdoor,anticommonsense,KEEP,yes,no,0,1,238,695,,Novita,stop,0,0.00031013,content,0.0,700
meta-llama/llama-3.3-70b-instruct,266,19363,DR_k2_NI,frontdoor,2,ate,smoking_frontdoor,anticommonsense,KEEP,yes,no,0,1,231,502,,Novita,stop,0,0.000231985,content,0.0,700
meta-llama/llama-3.3-70b-instruct,266,19363,DR_k3,frontdoor,2,ate,smoking_frontdoor,anticommonsense,KEEP,yes,no,0,1,236,700,,Novita,length,0,0.00031186,content,0.0,700
meta-llama/llama-3.3-70b-instruct,266,19363,DR_k3_NI,frontdoor,2,ate,smoking_frontdoor,anticommonsense,KEEP,yes,no,0,1,229,498,,Novita,stop,0,0.000230115,content,0.0,700
meta-llama/llama-3.3-70b-instruct,267,14586,RAW,frontdoor,2,ate,smoking_frontdoor,anticommonsense,KEEP,yes,no,0,1,196,700,,Novita,length,0,0.00030646,content,0.0,700
meta-llama/llama-3.3-70b-instruct,267,14586,ORACLE,frontdoor,2,ate,smoking_frontdoor,anticommonsense,KEEP,yes,no,0,1,241,607,,Novita,stop,0,0.000275335,content,0.0,700
meta-llama/llama-3.3-70b-instruct,267,14586,ORACLE_NI,frontdoor,2,ate,smoking_frontdoor,anticommonsense,KEEP,yes,no,0,1,234,700,,Novita,length,0,0.00031159,content,0.0,700
meta-llama/llama-3.3-70b-instruct,267,14586,DR_k1,frontdoor,2,ate,smoking_frontdoor,anticommonsense,KEEP,yes,no,0,1,241,566,,Novita,stop,0,0.000258935,content,0.0,700
meta-llama/llama-3.3-70b-instruct,267,14586,DR_k1_NI,frontdoor,2,ate,smoking_frontdoor,anticommonsense,KEEP,yes,no,0,1,234,627,,Novita,stop,0,0.00028239,content,0.0,700
meta-llama/llama-3.3-70b-instruct,267,14586,DR_k2,frontdoor,2,ate,smoking_frontdoor,anticommonsense,KEEP,yes,no,0,1,241,538,,Novita,stop,0,0.000247735,content,0.0,700
meta-llama/llama-3.3-70b-instruct,267,14586,DR_k2_NI,frontdoor,2,ate,smoking_frontdoor,anticommonsense,KEEP,yes,no,0,1,234,456,,Novita,stop,0,0.00021399,content,0.0,700
meta-llama/llama-3.3-70b-instruct,267,14586,DR_k3,frontdoor,2,ate,smoking_frontdoor,anticommonsense,KEEP,yes,no,0,1,242,700,,Novita,length,0,0.00031267,content,0.0,700
meta-llama/llama-3.3-70b-instruct,267,14586,DR_k3_NI,frontdoor,2,ate,smoking_frontdoor,anticommonsense,KEEP,yes,no,0,1,235,627,,Novita,stop,0,0.000282525,content,0.0,700
meta-llama/llama-3.3-70b-instruct,268,9017,RAW,frontdoor,2,ate,smoking_frontdoor,hard,KEEP,no,no,1,1,186,544,,Novita,stop,0,0.00024271,content,0.0,700
meta-llama/llama-3.3-70b-instruct,268,9017,ORACLE,frontdoor,2,ate,smoking_frontdoor,hard,KEEP,no,no,1,1,231,425,,Novita,stop,0,0.000201185,content,0.0,700
meta-llama/llama-3.3-70b-instruct,268,9017,ORACLE_NI,frontdoor,2,ate,smoking_frontdoor,hard,KEEP,no,no,1,1,224,328,,Novita,stop,0,0.00016144,content,0.0,700
meta-llama/llama-3.3-70b-instruct,268,9017,DR_k1,frontdoor,2,ate,smoking_frontdoor,hard,KEEP,no,no,1,1,231,700,,Novita,length,0,0.000311185,content,0.0,700
meta-llama/llama-3.3-70b-instruct,268,9017,DR_k1_NI,frontdoor,2,ate,smoking_frontdoor,hard,KEEP,no,no,1,1,224,357,,Novita,stop,0,0.00017304,content,0.0,700
meta-llama/llama-3.3-70b-instruct,268,9017,DR_k2,frontdoor,2,ate,smoking_frontdoor,hard,KEEP,no,no,1,1,230,398,,Novita,stop,0,0.00019025,content,0.0,700
meta-llama/llama-3.3-70b-instruct,268,9017,DR_k2_NI,frontdoor,2,ate,smoking_frontdoor,hard,KEEP,no,no,1,1,223,340,,Novita,stop,0,0.000166105,content,0.0,700
meta-llama/llama-3.3-70b-instruct,268,9017,DR_k3,frontdoor,2,ate,smoking_frontdoor,hard,KEEP,no,no,1,1,225,424,,Novita,stop,0,0.000199975,content,0.0,700
meta-llama/llama-3.3-70b-instruct,268,9017,DR_k3_NI,frontdoor,2,ate,smoking_frontdoor,hard,KEEP,no,no,1,1,218,432,,Novita,stop,0,0.00020223,content,0.0,700
meta-llama/llama-3.3-70b-instruct,269,4235,RAW,frontdoor,2,ate,smoking_frontdoor,easy,KEEP,yes,no,0,1,186,308,,Novita,stop,0,0.00014831,content,0.0,700
meta-llama/llama-3.3-70b-instruct,269,4235,ORACLE,frontdoor,2,ate,smoking_frontdoor,easy,KEEP,yes,no,0,1,231,505,,Novita,stop,0,0.000233185,content,0.0,700
meta-llama/llama-3.3-70b-instruct,269,4235,ORACLE_NI,frontdoor,2,ate,smoking_frontdoor,easy,KEEP,yes,no,0,1,224,362,,Novita,stop,0,0.00017504,content,0.0,700
meta-llama/llama-3.3-70b-instruct,269,4235,DR_k1,frontdoor,2,ate,smoking_frontdoor,easy,KEEP,yes,no,0,1,224,495,,Novita,stop,0,0.00022824,content,0.0,700
meta-llama/llama-3.3-70b-instruct,269,4235,DR_k1_NI,frontdoor,2,ate,smoking_frontdoor,easy,KEEP,yes,no,0,1,217,362,,Novita,stop,0,0.000174095,content,0.0,700
meta-llama/llama-3.3-70b-instruct,269,4235,DR_k2,frontdoor,2,ate,smoking_frontdoor,easy,KEEP,yes,no,0,1,231,604,,Novita,stop,0,0.000272785,content,0.0,700
meta-llama/llama-3.3-70b-instruct,269,4235,DR_k2_NI,frontdoor,2,ate,smoking_frontdoor,easy,KEEP,yes,no,0,1,224,365,,Novita,stop,0,0.00017624,content,0.0,700
meta-llama/llama-3.3-70b-instruct,269,4235,DR_k3,frontdoor,2,ate,smoking_frontdoor,easy,KEEP,yes,no,0,1,225,522,,Novita,stop,0,0.000239175,content,0.0,700
meta-llama/llama-3.3-70b-instruct,269,4235,DR_k3_NI,frontdoor,2,ate,smoking_frontdoor,easy,KEEP,yes,no,0,1,218,332,,Novita,stop,0,0.00016223,content,0.0,700
meta-llama/llama-3.3-70b-instruct,270,4200,RAW,frontdoor,2,ate,smoking_frontdoor,easy,KEEP,no,yes,0,1,186,367,,Novita,stop,0,0.00017191,content,0.0,700
meta-llama/llama-3.3-70b-instruct,270,4200,ORACLE,frontdoor,2,ate,smoking_frontdoor,easy,KEEP,no,yes,0,1,231,355,,Novita,stop,0,0.000173185,content,0.0,700
meta-llama/llama-3.3-70b-instruct,270,4200,ORACLE_NI,frontdoor,2,ate,smoking_frontdoor,easy,KEEP,no,yes,0,1,224,698,,Novita,stop,0,0.00030944,content,0.0,700
meta-llama/llama-3.3-70b-instruct,270,4200,DR_k1,frontdoor,2,ate,smoking_frontdoor,easy,KEEP,no,yes,0,1,231,356,,Novita,stop,0,0.000173585,content,0.0,700
meta-llama/llama-3.3-70b-instruct,270,4200,DR_k1_NI,frontdoor,2,ate,smoking_frontdoor,easy,KEEP,no,yes,0,1,224,459,,Novita,stop,0,0.00021384,content,0.0,700
meta-llama/llama-3.3-70b-instruct,270,4200,DR_k2,frontdoor,2,ate,smoking_frontdoor,easy,KEEP,no,yes,0,1,231,375,,Novita,stop,0,0.000181185,content,0.0,700
meta-llama/llama-3.3-70b-instruct,270,4200,DR_k2_NI,frontdoor,2,ate,smoking_frontdoor,easy,KEEP,no,yes,0,1,224,402,,Novita,stop,0,0.00019104,content,0.0,700
meta-llama/llama-3.3-70b-instruct,270,4200,DR_k3,frontdoor,2,ate,smoking_frontdoor,easy,KEEP,no,yes,0,1,231,395,,Novita,stop,0,0.000189185,content,0.0,700
meta-llama/llama-3.3-70b-instruct,270,4200,DR_k3_NI,frontdoor,2,ate,smoking_frontdoor,easy,KEEP,no,yes,0,1,224,434,,Novita,stop,0,0.00020384,content,0.0,700
meta-llama/llama-3.3-70b-instruct,271,19331,RAW,frontdoor,2,ate,smoking_frontdoor,anticommonsense,KEEP,no,no,1,1,191,498,,Novita,stop,0,0.000224985,content,0.0,700
meta-llama/llama-3.3-70b-instruct,271,19331,ORACLE,frontdoor,2,ate,smoking_frontdoor,anticommonsense,KEEP,no,no,1,1,238,451,,Novita,stop,0,0.00021253,content,0.0,700
meta-llama/llama-3.3-70b-instruct,271,19331,ORACLE_NI,frontdoor,2,ate,smoking_frontdoor,anticommonsense,KEEP,no,no,1,1,231,355,,Novita,stop,0,0.000173185,content,0.0,700
meta-llama/llama-3.3-70b-instruct,271,19331,DR_k1,frontdoor,2,ate,smoking_frontdoor,anticommonsense,KEEP,no,no,1,1,238,449,,Novita,stop,0,0.00021173,content,0.0,700
meta-llama/llama-3.3-70b-instruct,271,19331,DR_k1_NI,frontdoor,2,ate,smoking_frontdoor,anticommonsense,KEEP,no,no,1,1,231,537,,Novita,stop,0,0.000245985,content,0.0,700
meta-llama/llama-3.3-70b-instruct,271,19331,DR_k2,frontdoor,2,ate,smoking_frontdoor,anticommonsense,KEEP,no,no,1,1,237,684,,Novita,stop,0,0.000305595,content,0.0,700
meta-llama/llama-3.3-70b-instruct,271,19331,DR_k2_NI,frontdoor,2,ate,smoking_frontdoor,anticommonsense,KEEP,no,no,1,1,230,514,,Novita,stop,0,0.00023665,content,0.0,700
meta-llama/llama-3.3-70b-instruct,271,19331,DR_k3,frontdoor,2,ate,smoking_frontdoor,anticommonsense,KEEP,no,no,1,1,230,700,,Novita,length,0,0.00031105,content,0.0,700
meta-llama/llama-3.3-70b-instruct,271,19331,DR_k3_NI,frontdoor,2,ate,smoking_frontdoor,anticommonsense,KEEP,no,no,1,1,223,700,,Novita,length,0,0.000310105,content,0.0,700
meta-llama/llama-3.3-70b-instruct,272,8923,RAW,frontdoor,2,ate,smoking_frontdoor,hard,KEEP,no,no,1,1,186,400,,Novita,stop,0,0.00018511,content,0.0,700
meta-llama/llama-3.3-70b-instruct,272,8923,ORACLE,frontdoor,2,ate,smoking_frontdoor,hard,KEEP,no,no,1,1,231,700,,Novita,length,0,0.000311185,content,0.0,700
meta-llama/llama-3.3-70b-instruct,272,8923,ORACLE_NI,frontdoor,2,ate,smoking_frontdoor,hard,KEEP,no,no,1,1,224,700,,Novita,length,0,0.00031024,content,0.0,700
meta-llama/llama-3.3-70b-instruct,272,8923,DR_k1,frontdoor,2,ate,smoking_frontdoor,hard,KEEP,no,no,1,1,224,700,,Novita,length,0,0.00031024,content,0.0,700
meta-llama/llama-3.3-70b-instruct,272,8923,DR_k1_NI,frontdoor,2,ate,smoking_frontdoor,hard,KEEP,no,no,1,1,217,608,,Novita,stop,0,0.000272495,content,0.0,700
meta-llama/llama-3.3-70b-instruct,272,8923,DR_k2,frontdoor,2,ate,smoking_frontdoor,hard,KEEP,no,no,1,1,230,552,,Novita,stop,0,0.00025185,content,0.0,700
meta-llama/llama-3.3-70b-instruct,272,8923,DR_k2_NI,frontdoor,2,ate,smoking_frontdoor,hard,KEEP,no,no,1,1,223,525,,Novita,stop,0,0.000240105,content,0.0,700
meta-llama/llama-3.3-70b-instruct,272,8923,DR_k3,frontdoor,2,ate,smoking_frontdoor,hard,KEEP,no,no,1,1,225,652,,Novita,stop,0,0.000291175,content,0.0,700
meta-llama/llama-3.3-70b-instruct,272,8923,DR_k3_NI,frontdoor,2,ate,smoking_frontdoor,hard,KEEP,no,no,1,1,218,700,,Novita,length,0,0.00030943,content,0.0,700
meta-llama/llama-3.3-70b-instruct,273,8980,RAW,frontdoor,2,ate,smoking_frontdoor,hard,KEEP,yes,yes,1,1,186,539,,Novita,stop,0,0.00024071,content,0.0,700
meta-llama/llama-3.3-70b-instruct,273,8980,ORACLE,frontdoor,2,ate,smoking_frontdoor,hard,KEEP,yes,yes,1,1,231,460,,Novita,stop,0,0.000215185,content,0.0,700
meta-llama/llama-3.3-70b-instruct,273,8980,ORACLE_NI,frontdoor,2,ate,smoking_frontdoor,hard,KEEP,yes,yes,1,1,224,471,,Novita,stop,0,0.00021864,content,0.0,700
meta-llama/llama-3.3-70b-instruct,273,8980,DR_k1,frontdoor,2,ate,smoking_frontdoor,hard,KEEP,yes,yes,1,1,231,658,,Novita,stop,0,0.000294385,content,0.0,700
meta-llama/llama-3.3-70b-instruct,273,8980,DR_k1_NI,frontdoor,2,ate,smoking_frontdoor,hard,KEEP,yes,yes,1,1,224,329,,Novita,stop,0,0.00016184,content,0.0,700
meta-llama/llama-3.3-70b-instruct,273,8980,DR_k2,frontdoor,2,ate,smoking_frontdoor,hard,KEEP,yes,yes,1,1,230,412,,Novita,stop,0,0.00019585,content,0.0,700
meta-llama/llama-3.3-70b-instruct,273,8980,DR_k2_NI,frontdoor,2,ate,smoking_frontdoor,hard,KEEP,yes,yes,1,1,223,412,,Novita,stop,0,0.000194905,content,0.0,700
meta-llama/llama-3.3-70b-instruct,273,8980,DR_k3,frontdoor,2,ate,smoking_frontdoor,hard,KEEP,yes,yes,1,1,231,412,,Novita,stop,0,0.000195985,content,0.0,700
meta-llama/llama-3.3-70b-instruct,273,8980,DR_k3_NI,frontdoor,2,ate,smoking_frontdoor,hard,KEEP,yes,yes,1,1,224,410,,Novita,stop,0,0.00019424,content,0.0,700
meta-llama/llama-3.3-70b-instruct,274,8958,RAW,frontdoor,2,ate,smoking_frontdoor,hard,KEEP,yes,yes,1,1,186,326,,Novita,stop,0,0.00015551,content,0.0,700
meta-llama/llama-3.3-70b-instruct,274,8958,ORACLE,frontdoor,2,ate,smoking_frontdoor,hard,KEEP,yes,no,0,1,231,700,,Novita,length,0,0.000311185,content,0.0,700
meta-llama/llama-3.3-70b-instruct,274,8958,ORACLE_NI,frontdoor,2,ate,smoking_frontdoor,hard,KEEP,yes,yes,1,1,224,465,,Novita,stop,0,0.00021624,content,0.0,700
meta-llama/llama-3.3-70b-instruct,274,8958,DR_k1,frontdoor,2,ate,smoking_frontdoor,hard,KEEP,yes,yes,1,1,231,668,,Novita,stop,0,0.000298385,content,0.0,700
meta-llama/llama-3.3-70b-instruct,274,8958,DR_k1_NI,frontdoor,2,ate,smoking_frontdoor,hard,KEEP,yes,yes,1,1,224,490,,Novita,stop,0,0.00022624,content,0.0,700
meta-llama/llama-3.3-70b-instruct,274,8958,DR_k2,frontdoor,2,ate,smoking_frontdoor,hard,KEEP,yes,yes,1,1,230,372,,Novita,stop,0,0.00017985,content,0.0,700
meta-llama/llama-3.3-70b-instruct,274,8958,DR_k2_NI,frontdoor,2,ate,smoking_frontdoor,hard,KEEP,yes,yes,1,1,223,620,,Novita,stop,0,0.000278105,content,0.0,700
meta-llama/llama-3.3-70b-instruct,274,8958,DR_k3,frontdoor,2,ate,smoking_frontdoor,hard,KEEP,yes,no,0,1,230,700,,Novita,length,0,0.00031105,content,0.0,700
meta-llama/llama-3.3-70b-instruct,274,8958,DR_k3_NI,frontdoor,2,ate,smoking_frontdoor,hard,KEEP,yes,yes,1,1,223,404,,Novita,stop,0,0.000191705,content,0.0,700
meta-llama/llama-3.3-70b-instruct,275,14652,RAW,frontdoor,3,ett,smoking_frontdoor,anticommonsense,KEEP,yes,no,0,1,200,431,,Novita,stop,0,0.0001994,content,0.0,700
meta-llama/llama-3.3-70b-instruct,275,14652,ORACLE,frontdoor,3,ett,smoking_frontdoor,anticommonsense,KEEP,yes,no,0,1,245,700,,Novita,length,0,0.000313075,content,0.0,700
meta-llama/llama-3.3-70b-instruct,275,14652,ORACLE_NI,frontdoor,3,ett,smoking_frontdoor,anticommonsense,KEEP,yes,no,0,1,238,453,,Novita,stop,0,0.00021333,content,0.0,700
meta-llama/llama-3.3-70b-instruct,275,14652,DR_k1,frontdoor,3,ett,smoking_frontdoor,anticommonsense,KEEP,yes,no,0,1,245,688,,Novita,stop,0,0.000308275,content,0.0,700
meta-llama/llama-3.3-70b-instruct,275,14652,DR_k1_NI,frontdoor,3,ett,smoking_frontdoor,anticommonsense,KEEP,yes,yes,1,1,238,561,,Novita,stop,0,0.00025653,content,0.0,700
meta-llama/llama-3.3-70b-instruct,275,14652,DR_k2,frontdoor,3,ett,smoking_frontdoor,anticommonsense,KEEP,yes,no,0,1,247,485,,Novita,stop,0,0.000227345,content,0.0,700
meta-llama/llama-3.3-70b-instruct,275,14652,DR_k2_NI,frontdoor,3,ett,smoking_frontdoor,anticommonsense,KEEP,yes,no,0,1,240,700,,Novita,length,0,0.0003124,content,0.0,700
meta-llama/llama-3.3-70b-instruct,275,14652,DR_k3,frontdoor,3,ett,smoking_frontdoor,anticommonsense,KEEP,yes,no,0,1,240,561,,Novita,stop,0,0.0002568,content,0.0,700
meta-llama/llama-3.3-70b-instruct,275,14652,DR_k3_NI,frontdoor,3,ett,smoking_frontdoor,anticommonsense,KEEP,yes,no,0,1,233,465,,Novita,stop,0,0.000217455,content,0.0,700
meta-llama/llama-3.3-70b-instruct,276,19356,RAW,frontdoor,3,ett,smoking_frontdoor,anticommonsense,KEEP,no,yes,0,1,195,332,,Novita,stop,0,0.000159125,content,0.0,700
meta-llama/llama-3.3-70b-instruct,276,19356,ORACLE,frontdoor,3,ett,smoking_frontdoor,anticommonsense,KEEP,no,yes,0,1,242,587,,Novita,stop,0,0.00026747,content,0.0,700
meta-llama/llama-3.3-70b-instruct,276,19356,ORACLE_NI,frontdoor,3,ett,smoking_frontdoor,anticommonsense,KEEP,no,yes,0,1,235,551,,Novita,stop,0,0.000252125,content,0.0,700
meta-llama/llama-3.3-70b-instruct,276,19356,DR_k1,frontdoor,3,ett,smoking_frontdoor,anticommonsense,KEEP,no,no,1,1,242,700,,Novita,length,0,0.00031267,content,0.0,700
meta-llama/llama-3.3-70b-instruct,276,19356,DR_k1_NI,frontdoor,3,ett,smoking_frontdoor,anticommonsense,KEEP,no,yes,0,1,235,507,,Novita,stop,0,0.000234525,content,0.0,700
meta-llama/llama-3.3-70b-instruct,276,19356,DR_k2,frontdoor,3,ett,smoking_frontdoor,anticommonsense,KEEP,no,yes,0,1,240,386,,Novita,stop,0,0.0001868,content,0.0,700
meta-llama/llama-3.3-70b-instruct,276,19356,DR_k2_NI,frontdoor,3,ett,smoking_frontdoor,anticommonsense,KEEP,no,yes,0,1,233,469,,Novita,stop,0,0.000219055,content,0.0,700
meta-llama/llama-3.3-70b-instruct,276,19356,DR_k3,frontdoor,3,ett,smoking_frontdoor,anticommonsense,KEEP,no,yes,0,1,240,562,,Novita,stop,0,0.0002572,content,0.0,700
meta-llama/llama-3.3-70b-instruct,276,19356,DR_k3_NI,frontdoor,3,ett,smoking_frontdoor,anticommonsense,KEEP,no,yes,0,1,233,465,,Novita,stop,0,0.000217455,content,0.0,700
meta-llama/llama-3.3-70b-instruct,277,4260,RAW,frontdoor,3,ett,smoking_frontdoor,easy,KEEP,yes,no,0,1,190,508,,Novita,stop,0,0.00022885,content,0.0,700
meta-llama/llama-3.3-70b-instruct,277,4260,ORACLE,frontdoor,3,ett,smoking_frontdoor,easy,KEEP,yes,no,0,1,235,453,,Novita,stop,0,0.000212925,content,0.0,700
meta-llama/llama-3.3-70b-instruct,277,4260,ORACLE_NI,frontdoor,3,ett,smoking_frontdoor,easy,KEEP,yes,yes,1,1,228,620,,Novita,stop,0,0.00027878,content,0.0,700
meta-llama/llama-3.3-70b-instruct,277,4260,DR_k1,frontdoor,3,ett,smoking_frontdoor,easy,KEEP,yes,no,0,1,235,455,,Novita,stop,0,0.000213725,content,0.0,700
meta-llama/llama-3.3-70b-instruct,277,4260,DR_k1_NI,frontdoor,3,ett,smoking_frontdoor,easy,KEEP,yes,no,0,1,228,501,,Novita,stop,0,0.00023118,content,0.0,700
meta-llama/llama-3.3-70b-instruct,277,4260,DR_k2,frontdoor,3,ett,smoking_frontdoor,easy,KEEP,yes,no,0,1,235,515,,Novita,stop,0,0.000237725,content,0.0,700
meta-llama/llama-3.3-70b-instruct,277,4260,DR_k2_NI,frontdoor,3,ett,smoking_frontdoor,easy,KEEP,yes,no,0,1,228,459,,Novita,stop,0,0.00021438,content,0.0,700
meta-llama/llama-3.3-70b-instruct,277,4260,DR_k3,frontdoor,3,ett,smoking_frontdoor,easy,KEEP,yes,no,0,1,234,515,,Novita,stop,0,0.00023759,content,0.0,700
meta-llama/llama-3.3-70b-instruct,277,4260,DR_k3_NI,frontdoor,3,ett,smoking_frontdoor,easy,KEEP,yes,no,0,1,227,378,,Novita,stop,0,0.000181845,content,0.0,700
meta-llama/llama-3.3-70b-instruct,278,9015,RAW,frontdoor,3,ett,smoking_frontdoor,hard,KEEP,yes,yes,1,1,190,436,,Novita,stop,0,0.00020005,content,0.0,700
meta-llama/llama-3.3-70b-instruct,278,9015,ORACLE,frontdoor,3,ett,smoking_frontdoor,hard,KEEP,yes,yes,1,1,235,491,,Novita,stop,0,0.000228125,content,0.0,700
meta-llama/llama-3.3-70b-instruct,278,9015,ORACLE_NI,frontdoor,3,ett,smoking_frontdoor,hard,KEEP,yes,yes,1,1,228,359,,Novita,stop,0,0.00017438,content,0.0,700
meta-llama/llama-3.3-70b-instruct,278,9015,DR_k1,frontdoor,3,ett,smoking_frontdoor,hard,KEEP,yes,yes,1,1,235,685,,Novita,stop,0,0.000305725,content,0.0,700
meta-llama/llama-3.3-70b-instruct,278,9015,DR_k1_NI,frontdoor,3,ett,smoking_frontdoor,hard,KEEP,yes,yes,1,1,228,499,,Novita,stop,0,0.00023038,content,0.0,700
meta-llama/llama-3.3-70b-instruct,278,9015,DR_k2,frontdoor,3,ett,smoking_frontdoor,hard,KEEP,yes,yes,1,1,234,482,,Novita,stop,0,0.00022439,content,0.0,700
meta-llama/llama-3.3-70b-instruct,278,9015,DR_k2_NI,frontdoor,3,ett,smoking_frontdoor,hard,KEEP,yes,yes,1,1,227,491,,Novita,stop,0,0.000227045,content,0.0,700
meta-llama/llama-3.3-70b-instruct,278,9015,DR_k3,frontdoor,3,ett,smoking_frontdoor,hard,KEEP,yes,yes,1,1,229,315,,Novita,stop,0,0.000156915,content,0.0,700
meta-llama/llama-3.3-70b-instruct,278,9015,DR_k3_NI,frontdoor,3,ett,smoking_frontdoor,hard,KEEP,yes,yes,1,1,222,431,,Novita,stop,0,0.00020237,content,0.0,700
meta-llama/llama-3.3-70b-instruct,279,8964,RAW,frontdoor,3,ett,smoking_frontdoor,hard,KEEP,no,yes,0,1,190,309,,Novita,stop,0,0.00014925,content,0.0,700
meta-llama/llama-3.3-70b-instruct,279,8964,ORACLE,frontdoor,3,ett,smoking_frontdoor,hard,KEEP,no,yes,0,1,235,503,,Novita,stop,0,0.000232925,content,0.0,700
meta-llama/llama-3.3-70b-instruct,279,8964,ORACLE_NI,frontdoor,3,ett,smoking_frontdoor,hard,KEEP,no,yes,0,1,228,377,,Novita,stop,0,0.00018158,content,0.0,700
meta-llama/llama-3.3-70b-instruct,279,8964,DR_k1,frontdoor,3,ett,smoking_frontdoor,hard,KEEP,no,yes,0,1,235,506,,Novita,stop,0,0.000234125,content,0.0,700
meta-llama/llama-3.3-70b-instruct,279,8964,DR_k1_NI,frontdoor,3,ett,smoking_frontdoor,hard,KEEP,no,yes,0,1,228,453,,Novita,stop,0,0.00021198,content,0.0,700
meta-llama/llama-3.3-70b-instruct,279,8964,DR_k2,frontdoor,3,ett,smoking_frontdoor,hard,KEEP,no,yes,0,1,234,664,,Novita,stop,0,0.00029719,content,0.0,700
meta-llama/llama-3.3-70b-instruct,279,8964,DR_k2_NI,frontdoor,3,ett,smoking_frontdoor,hard,KEEP,no,no,1,1,227,700,,Novita,length,0,0.000310645,content,0.0,700
meta-llama/llama-3.3-70b-instruct,279,8964,DR_k3,frontdoor,3,ett,smoking_frontdoor,hard,KEEP,no,yes,0,1,234,541,,Novita,stop,0,0.00024799,content,0.0,700
meta-llama/llama-3.3-70b-instruct,279,8964,DR_k3_NI,frontdoor,3,ett,smoking_frontdoor,hard,KEEP,no,yes,0,1,227,508,,Novita,stop,0,0.000233845,content,0.0,700
meta-llama/llama-3.3-70b-instruct,280,14641,RAW,frontdoor,3,ett,smoking_frontdoor,anticommonsense,KEEP,yes,yes,1,1,200,333,,Novita,stop,0,0.0001602,content,0.0,700
meta-llama/llama-3.3-70b-instruct,280,14641,ORACLE,frontdoor,3,ett,smoking_frontdoor,anticommonsense,KEEP,yes,yes,1,1,245,526,,Novita,stop,0,0.000243475,content,0.0,700
meta-llama/llama-3.3-70b-instruct,280,14641,ORACLE_NI,frontdoor,3,ett,smoking_frontdoor,anticommonsense,KEEP,yes,yes,1,1,238,381,,Novita,stop,0,0.00018453,content,0.0,700
meta-llama/llama-3.3-70b-instruct,280,14641,DR_k1,frontdoor,3,ett,smoking_frontdoor,anticommonsense,KEEP,yes,yes,1,1,245,375,,Novita,stop,0,0.000183075,content,0.0,700
meta-llama/llama-3.3-70b-instruct,280,14641,DR_k1_NI,frontdoor,3,ett,smoking_frontdoor,anticommonsense,KEEP,yes,yes,1,1,238,615,,Novita,stop,0,0.00027813,content,0.0,700
meta-llama/llama-3.3-70b-instruct,280,14641,DR_k2,frontdoor,3,ett,smoking_frontdoor,anticommonsense,KEEP,yes,no,0,1,245,577,,Novita,stop,0,0.000263875,content,0.0,700
meta-llama/llama-3.3-70b-instruct,280,14641,DR_k2_NI,frontdoor,3,ett,smoking_frontdoor,anticommonsense,KEEP,yes,yes,1,1,238,695,,Novita,stop,0,0.00031013,content,0.0,700
meta-llama/llama-3.3-70b-instruct,280,14641,DR_k3,frontdoor,3,ett,smoking_frontdoor,anticommonsense,KEEP,yes,yes,1,1,240,354,,Novita,stop,0,0.000174,content,0.0,700
meta-llama/llama-3.3-70b-instruct,280,14641,DR_k3_NI,frontdoor,3,ett,smoking_frontdoor,anticommonsense,KEEP,yes,yes,1,1,233,679,,Novita,stop,0,0.000303055,content,0.0,700
meta-llama/llama-3.3-70b-instruct,281,14640,RAW,frontdoor,3,ett,smoking_frontdoor,anticommonsense,KEEP,no,no,1,1,200,391,,Novita,stop,0,0.0001834,content,0.0,700
meta-llama/llama-3.3-70b-instruct,281,14640,ORACLE,frontdoor,3,ett,smoking_frontdoor,anticommonsense,KEEP,no,no,1,1,245,700,,Novita,length,0,0.000313075,content,0.0,700
meta-llama/llama-3.3-70b-instruct,281,14640,ORACLE_NI,frontdoor,3,ett,smoking_frontdoor,anticommonsense,KEEP,no,no,1,1,238,456,,Novita,stop,0,0.00021453,content,0.0,700
meta-llama/llama-3.3-70b-instruct,281,14640,DR_k1,frontdoor,3,ett,smoking_frontdoor,anticommonsense,KEEP,no,no,1,1,245,650,,Novita,stop,0,0.000293075,content,0.0,700
meta-llama/llama-3.3-70b-instruct,281,14640,DR_k1_NI,frontdoor,3,ett,smoking_frontdoor,anticommonsense,KEEP,no,no,1,1,238,387,,Novita,stop,0,0.00018693,content,0.0,700
meta-llama/llama-3.3-70b-instruct,281,14640,DR_k2,frontdoor,3,ett,smoking_frontdoor,anticommonsense,KEEP,no,no,1,1,244,579,,Novita,stop,0,0.00026454,content,0.0,700
meta-llama/llama-3.3-70b-instruct,281,14640,DR_k2_NI,frontdoor,3,ett,smoking_frontdoor,anticommonsense,KEEP,no,no,1,1,237,374,,Novita,stop,0,0.000181595,content,0.0,700
meta-llama/llama-3.3-70b-instruct,281,14640,DR_k3,frontdoor,3,ett,smoking_frontdoor,anticommonsense,KEEP,no,yes,0,1,240,505,,Novita,stop,0,0.0002344,content,0.0,700
meta-llama/llama-3.3-70b-instruct,281,14640,DR_k3_NI,frontdoor,3,ett,smoking_frontdoor,anticommonsense,KEEP,no,no,1,1,233,456,,Novita,stop,0,0.000213855,content,0.0,700
meta-llama/llama-3.3-70b-instruct,282,4230,RAW,frontdoor,3,ett,smoking_frontdoor,easy,KEEP,yes,yes,1,1,190,486,,Novita,stop,0,0.00022005,content,0.0,700
meta-llama/llama-3.3-70b-instruct,282,4230,ORACLE,frontdoor,3,ett,smoking_frontdoor,easy,KEEP,yes,no,0,1,235,700,,Novita,length,0,0.000311725,content,0.0,700
meta-llama/llama-3.3-70b-instruct,282,4230,ORACLE_NI,frontdoor,3,ett,smoking_frontdoor,easy,KEEP,yes,yes,1,1,228,420,,Novita,stop,0,0.00019878,content,0.0,700
meta-llama/llama-3.3-70b-instruct,282,4230,DR_k1,frontdoor,3,ett,smoking_frontdoor,easy,KEEP,yes,yes,1,1,235,691,,Novita,stop,0,0.000308125,content,0.0,700
meta-llama/llama-3.3-70b-instruct,282,4230,DR_k1_NI,frontdoor,3,ett,smoking_frontdoor,easy,KEEP,yes,yes,1,1,228,470,,Novita,stop,0,0.00021878,content,0.0,700
meta-llama/llama-3.3-70b-instruct,282,4230,DR_k2,frontdoor,3,ett,smoking_frontdoor,easy,KEEP,yes,yes,1,1,236,510,,Novita,stop,0,0.00023586,content,0.0,700
meta-llama/llama-3.3-70b-instruct,282,4230,DR_k2_NI,frontdoor,3,ett,smoking_frontdoor,easy,KEEP,yes,yes,1,1,229,387,,Novita,stop,0,0.000185715,content,0.0,700
meta-llama/llama-3.3-70b-instruct,282,4230,DR_k3,frontdoor,3,ett,smoking_frontdoor,easy,KEEP,yes,yes,1,1,229,577,,Novita,stop,0,0.000261715,content,0.0,700
meta-llama/llama-3.3-70b-instruct,282,4230,DR_k3_NI,frontdoor,3,ett,smoking_frontdoor,easy,KEEP,yes,yes,1,1,222,444,,Novita,stop,0,0.00020757,content,0.0,700
meta-llama/llama-3.3-70b-instruct,283,4241,RAW,frontdoor,3,ett,smoking_frontdoor,easy,KEEP,yes,no,0,1,190,398,,Novita,stop,0,0.00018485,content,0.0,700
meta-llama/llama-3.3-70b-instruct,283,4241,ORACLE,frontdoor,3,ett,smoking_frontdoor,easy,KEEP,yes,yes,1,1,235,491,,Novita,stop,0,0.000228125,content,0.0,700
meta-llama/llama-3.3-70b-instruct,283,4241,ORACLE_NI,frontdoor,3,ett,smoking_frontdoor,easy,KEEP,yes,yes,1,1,228,424,,Novita,stop,0,0.00020038,content,0.0,700
meta-llama/llama-3.3-70b-instruct,283,4241,DR_k1,frontdoor,3,ett,smoking_frontdoor,easy,KEEP,yes,no,0,1,235,700,,Novita,length,0,0.000311725,content,0.0,700
meta-llama/llama-3.3-70b-instruct,283,4241,DR_k1_NI,frontdoor,3,ett,smoking_frontdoor,easy,KEEP,yes,yes,1,1,228,679,,Novita,stop,0,0.00030238,content,0.0,700
meta-llama/llama-3.3-70b-instruct,283,4241,DR_k2,frontdoor,3,ett,smoking_frontdoor,easy,KEEP,yes,no,0,1,235,700,,Novita,length,0,0.000311725,content,0.0,700
meta-llama/llama-3.3-70b-instruct,283,4241,DR_k2_NI,frontdoor,3,ett,smoking_frontdoor,easy,KEEP,yes,yes,1,1,228,391,,Novita,stop,0,0.00018718,content,0.0,700
meta-llama/llama-3.3-70b-instruct,283,4241,DR_k3,frontdoor,3,ett,smoking_frontdoor,easy,KEEP,yes,no,0,1,234,419,,Novita,stop,0,0.00019919,content,0.0,700
meta-llama/llama-3.3-70b-instruct,283,4241,DR_k3_NI,frontdoor,3,ett,smoking_frontdoor,easy,KEEP,yes,yes,1,1,227,654,,Novita,stop,0,0.000292245,content,0.0,700
meta-llama/llama-3.3-70b-instruct,284,4196,RAW,frontdoor,3,ett,smoking_frontdoor,easy,KEEP,yes,no,0,1,190,700,,Novita,length,0,0.00030565,content,0.0,700
meta-llama/llama-3.3-70b-instruct,284,4196,ORACLE,frontdoor,3,ett,smoking_frontdoor,easy,KEEP,yes,no,0,1,235,503,,Novita,stop,0,0.000232925,content,0.0,700
meta-llama/llama-3.3-70b-instruct,284,4196,ORACLE_NI,frontdoor,3,ett,smoking_frontdoor,easy,KEEP,yes,yes,1,1,228,495,,Novita,stop,0,0.00022878,content,0.0,700
meta-llama/llama-3.3-70b-instruct,284,4196,DR_k1,frontdoor,3,ett,smoking_frontdoor,easy,KEEP,yes,no,0,1,235,548,,Novita,stop,0,0.000250925,content,0.0,700
meta-llama/llama-3.3-70b-instruct,284,4196,DR_k1_NI,frontdoor,3,ett,smoking_frontdoor,easy,KEEP,yes,yes,1,1,228,569,,Novita,stop,0,0.00025838,content,0.0,700
meta-llama/llama-3.3-70b-instruct,284,4196,DR_k2,frontdoor,3,ett,smoking_frontdoor,easy,KEEP,yes,no,0,1,234,628,,Novita,stop,0,0.00028279,content,0.0,700
meta-llama/llama-3.3-70b-instruct,284,4196,DR_k2_NI,frontdoor,3,ett,smoking_frontdoor,easy,KEEP,yes,no,0,1,227,610,,Novita,stop,0,0.000274645,content,0.0,700
meta-llama/llama-3.3-70b-instruct,284,4196,DR_k3,frontdoor,3,ett,smoking_frontdoor,easy,KEEP,yes,no,0,1,235,576,,Novita,stop,0,0.000262125,content,0.0,700
meta-llama/llama-3.3-70b-instruct,284,4196,DR_k3_NI,frontdoor,3,ett,smoking_frontdoor,easy,KEEP,yes,no,0,1,228,700,,Novita,length,0,0.00031078,content,0.0,700
meta-llama/llama-3.3-70b-instruct,285,9007,RAW,frontdoor,3,ett,smoking_frontdoor,hard,KEEP,no,no,1,1,190,452,,Novita,stop,0,0.00020645,content,0.0,700
meta-llama/llama-3.3-70b-instruct,285,9007,ORACLE,frontdoor,3,ett,smoking_frontdoor,hard,KEEP,no,yes,0,1,235,464,,Novita,stop,0,0.000217325,content,0.0,700
meta-llama/llama-3.3-70b-instruct,285,9007,ORACLE_NI,frontdoor,3,ett,smoking_frontdoor,hard,KEEP,no,no,1,1,228,700,,Novita,length,0,0.00031078,content,0.0,700
meta-llama/llama-3.3-70b-instruct,285,9007,DR_k1,frontdoor,3,ett,smoking_frontdoor,hard,KEEP,no,no,1,1,235,700,,Novita,length,0,0.000311725,content,0.0,700
meta-llama/llama-3.3-70b-instruct,285,9007,DR_k1_NI,frontdoor,3,ett,smoking_frontdoor,hard,KEEP,no,no,1,1,228,692,,Novita,stop,0,0.00030758,content,0.0,700
meta-llama/llama-3.3-70b-instruct,285,9007,DR_k2,frontdoor,3,ett,smoking_frontdoor,hard,KEEP,no,no,1,1,234,700,,Novita,length,0,0.00031159,content,0.0,700
meta-llama/llama-3.3-70b-instruct,285,9007,DR_k2_NI,frontdoor,3,ett,smoking_frontdoor,hard,KEEP,no,no,1,1,227,700,,Novita,length,0,0.000310645,content,0.0,700
meta-llama/llama-3.3-70b-instruct,285,9007,DR_k3,frontdoor,3,ett,smoking_frontdoor,hard,KEEP,no,no,1,1,234,451,,Novita,stop,0,0.00021199,content,0.0,700
meta-llama/llama-3.3-70b-instruct,285,9007,DR_k3_NI,frontdoor,3,ett,smoking_frontdoor,hard,KEEP,no,no,1,1,227,660,,Novita,stop,0,0.000294645,content,0.0,700
meta-llama/llama-3.3-70b-instruct,286,9030,RAW,frontdoor,3,ett,smoking_frontdoor,hard,KEEP,yes,yes,1,1,190,418,,Novita,stop,0,0.00019285,content,0.0,700
meta-llama/llama-3.3-70b-instruct,286,9030,ORACLE,frontdoor,3,ett,smoking_frontdoor,hard,KEEP,yes,yes,1,1,235,536,,Novita,stop,0,0.000246125,content,0.0,700
meta-llama/llama-3.3-70b-instruct,286,9030,ORACLE_NI,frontdoor,3,ett,smoking_frontdoor,hard,KEEP,yes,yes,1,1,228,360,,Novita,stop,0,0.00017478,content,0.0,700
meta-llama/llama-3.3-70b-instruct,286,9030,DR_k1,frontdoor,3,ett,smoking_frontdoor,hard,KEEP,yes,yes,1,1,228,537,,Novita,stop,0,0.00024558,content,0.0,700
meta-llama/llama-3.3-70b-instruct,286,9030,DR_k1_NI,frontdoor,3,ett,smoking_frontdoor,hard,KEEP,yes,yes,1,1,221,358,,Novita,stop,0,0.000173035,content,0.0,700
meta-llama/llama-3.3-70b-instruct,286,9030,DR_k2,frontdoor,3,ett,smoking_frontdoor,hard,KEEP,yes,yes,1,1,234,676,,Novita,stop,0,0.00030199,content,0.0,700
meta-llama/llama-3.3-70b-instruct,286,9030,DR_k2_NI,frontdoor,3,ett,smoking_frontdoor,hard,KEEP,yes,yes,1,1,227,370,,Novita,stop,0,0.000178645,content,0.0,700
meta-llama/llama-3.3-70b-instruct,286,9030,DR_k3,frontdoor,3,ett,smoking_frontdoor,hard,KEEP,yes,yes,1,1,234,512,,Novita,stop,0,0.00023639,content,0.0,700
meta-llama/llama-3.3-70b-instruct,286,9030,DR_k3_NI,frontdoor,3,ett,smoking_frontdoor,hard,KEEP,yes,no,0,1,227,700,,Novita,length,0,0.000310645,content,0.0,700
meta-llama/llama-3.3-70b-instruct,287,9025,RAW,frontdoor,3,ett,smoking_frontdoor,hard,KEEP,no,no,1,1,190,460,,Novita,stop,0,0.00020965,content,0.0,700
meta-llama/llama-3.3-70b-instruct,287,9025,ORACLE,frontdoor,3,ett,smoking_frontdoor,hard,KEEP,no,no,1,1,235,700,,Novita,length,0,0.000311725,content,0.0,700
meta-llama/llama-3.3-70b-instruct,287,9025,ORACLE_NI,frontdoor,3,ett,smoking_frontdoor,hard,KEEP,no,yes,0,1,228,284,,Novita,stop,0,0.00014438,content,0.0,700
meta-llama/llama-3.3-70b-instruct,287,9025,DR_k1,frontdoor,3,ett,smoking_frontdoor,hard,KEEP,no,no,1,1,235,700,,Novita,length,0,0.000311725,content,0.0,700
meta-llama/llama-3.3-70b-instruct,287,9025,DR_k1_NI,frontdoor,3,ett,smoking_frontdoor,hard,KEEP,no,no,1,1,228,700,,Novita,length,0,0.00031078,content,0.0,700
meta-llama/llama-3.3-70b-instruct,287,9025,DR_k2,frontdoor,3,ett,smoking_frontdoor,hard,KEEP,no,no,1,1,234,700,,Novita,length,0,0.00031159,content,0.0,700
meta-llama/llama-3.3-70b-instruct,287,9025,DR_k2_NI,frontdoor,3,ett,smoking_frontdoor,hard,KEEP,no,no,1,1,227,700,,Novita,length,0,0.000310645,content,0.0,700
meta-llama/llama-3.3-70b-instruct,287,9025,DR_k3,frontdoor,3,ett,smoking_frontdoor,hard,KEEP,no,no,1,1,234,700,,Novita,length,0,0.00031159,content,0.0,700
meta-llama/llama-3.3-70b-instruct,287,9025,DR_k3_NI,frontdoor,3,ett,smoking_frontdoor,hard,KEEP,no,no,1,1,227,700,,Novita,length,0,0.000310645,content,0.0,700
meta-llama/llama-3.3-70b-instruct,288,14612,RAW,frontdoor,3,ett,smoking_frontdoor,anticommonsense,KEEP,no,no,1,1,200,401,,Novita,stop,0,0.0001874,content,0.0,700
meta-llama/llama-3.3-70b-instruct,288,14612,ORACLE,frontdoor,3,ett,smoking_frontdoor,anticommonsense,KEEP,no,no,1,1,245,700,,Novita,length,0,0.000313075,content,0.0,700
meta-llama/llama-3.3-70b-instruct,288,14612,ORACLE_NI,frontdoor,3,ett,smoking_frontdoor,anticommonsense,KEEP,no,no,1,1,238,669,,Novita,stop,0,0.00029973,content,0.0,700
meta-llama/llama-3.3-70b-instruct,288,14612,DR_k1,frontdoor,3,ett,smoking_frontdoor,anticommonsense,KEEP,no,no,1,1,238,700,,Novita,length,0,0.00031213,content,0.0,700
meta-llama/llama-3.3-70b-instruct,288,14612,DR_k1_NI,frontdoor,3,ett,smoking_frontdoor,anticommonsense,KEEP,no,no,1,1,231,700,,Novita,length,0,0.000311185,content,0.0,700
meta-llama/llama-3.3-70b-instruct,288,14612,DR_k2,frontdoor,3,ett,smoking_frontdoor,anticommonsense,KEEP,no,no,1,1,247,476,,Novita,stop,0,0.000223745,content,0.0,700
meta-llama/llama-3.3-70b-instruct,288,14612,DR_k2_NI,frontdoor,3,ett,smoking_frontdoor,anticommonsense,KEEP,no,no,1,1,240,463,,Novita,stop,0,0.0002176,content,0.0,700
meta-llama/llama-3.3-70b-instruct,288,14612,DR_k3,frontdoor,3,ett,smoking_frontdoor,anticommonsense,KEEP,no,no,1,1,246,467,,Novita,stop,0,0.00022001,content,0.0,700
meta-llama/llama-3.3-70b-instruct,288,14612,DR_k3_NI,frontdoor,3,ett,smoking_frontdoor,anticommonsense,KEEP,no,no,1,1,239,700,,Novita,length,0,0.000312265,content,0.0,700
meta-llama/llama-3.3-70b-instruct,289,4185,RAW,frontdoor,3,ett,smoking_frontdoor,easy,KEEP,no,yes,0,1,190,312,,Novita,stop,0,0.00015045,content,0.0,700
meta-llama/llama-3.3-70b-instruct,289,4185,ORACLE,frontdoor,3,ett,smoking_frontdoor,easy,KEEP,no,no,1,1,235,700,,Novita,length,0,0.000311725,content,0.0,700
meta-llama/llama-3.3-70b-instruct,289,4185,ORACLE_NI,frontdoor,3,ett,smoking_frontdoor,easy,KEEP,no,yes,0,1,228,429,,Novita,stop,0,0.00020238,content,0.0,700
meta-llama/llama-3.3-70b-instruct,289,4185,DR_k1,frontdoor,3,ett,smoking_frontdoor,easy,KEEP,no,yes,0,1,235,524,,Novita,stop,0,0.000241325,content,0.0,700
meta-llama/llama-3.3-70b-instruct,289,4185,DR_k1_NI,frontdoor,3,ett,smoking_frontdoor,easy,KEEP,no,yes,0,1,228,532,,Novita,stop,0,0.00024358,content,0.0,700
meta-llama/llama-3.3-70b-instruct,289,4185,DR_k2,frontdoor,3,ett,smoking_frontdoor,easy,KEEP,no,no,1,1,235,555,,Novita,stop,0,0.000253725,content,0.0,700
meta-llama/llama-3.3-70b-instruct,289,4185,DR_k2_NI,frontdoor,3,ett,smoking_frontdoor,easy,KEEP,no,no,1,1,228,700,,Novita,length,0,0.00031078,content,0.0,700
meta-llama/llama-3.3-70b-instruct,289,4185,DR_k3,frontdoor,3,ett,smoking_frontdoor,easy,KEEP,no,no,1,1,229,700,,Novita,length,0,0.000310915,content,0.0,700
meta-llama/llama-3.3-70b-instruct,289,4185,DR_k3_NI,frontdoor,3,ett,smoking_frontdoor,easy,KEEP,no,yes,0,1,222,405,,Novita,stop,0,0.00019197,content,0.0,700
meta-llama/llama-3.3-70b-instruct,290,19309,RAW,frontdoor,3,ett,smoking_frontdoor,anticommonsense,KEEP,yes,no,0,1,195,327,,Novita,stop,0,0.000157125,content,0.0,700
meta-llama/llama-3.3-70b-instruct,290,19309,ORACLE,frontdoor,3,ett,smoking_frontdoor,anticommonsense,KEEP,yes,no,0,1,242,399,,Novita,stop,0,0.00019227,content,0.0,700
meta-llama/llama-3.3-70b-instruct,290,19309,ORACLE_NI,frontdoor,3,ett,smoking_frontdoor,anticommonsense,KEEP,yes,no,0,1,235,638,,Novita,stop,0,0.000286925,content,0.0,700
meta-llama/llama-3.3-70b-instruct,290,19309,DR_k1,frontdoor,3,ett,smoking_frontdoor,anticommonsense,KEEP,yes,no,0,1,235,700,,Novita,length,0,0.000311725,content,0.0,700
meta-llama/llama-3.3-70b-instruct,290,19309,DR_k1_NI,frontdoor,3,ett,smoking_frontdoor,anticommonsense,KEEP,yes,no,0,1,228,356,,Novita,stop,0,0.00017318,content,0.0,700
meta-llama/llama-3.3-70b-instruct,290,19309,DR_k2,frontdoor,3,ett,smoking_frontdoor,anticommonsense,KEEP,yes,no,0,1,241,502,,Novita,stop,0,0.000233335,content,0.0,700
meta-llama/llama-3.3-70b-instruct,290,19309,DR_k2_NI,frontdoor,3,ett,smoking_frontdoor,anticommonsense,KEEP,yes,no,0,1,234,379,,Novita,stop,0,0.00018319,content,0.0,700
meta-llama/llama-3.3-70b-instruct,290,19309,DR_k3,frontdoor,3,ett,smoking_frontdoor,anticommonsense,KEEP,yes,no,0,1,241,700,,Novita,length,0,0.000312535,content,0.0,700
meta-llama/llama-3.3-70b-instruct,290,19309,DR_k3_NI,frontdoor,3,ett,smoking_frontdoor,anticommonsense,KEEP,yes,no,0,1,234,700,,Novita,length,0,0.00031159,content,0.0,700
meta-llama/llama-3.3-70b-instruct,291,14678,RAW,frontdoor,3,ett,smoking_frontdoor,anticommonsense,KEEP,yes,yes,1,1,200,428,,Novita,stop,0,0.0001982,content,0.0,700
meta-llama/llama-3.3-70b-instruct,291,14678,ORACLE,frontdoor,3,ett,smoking_frontdoor,anticommonsense,KEEP,yes,no,0,1,245,700,,Novita,length,0,0.000313075,content,0.0,700
meta-llama/llama-3.3-70b-instruct,291,14678,ORACLE_NI,frontdoor,3,ett,smoking_frontdoor,anticommonsense,KEEP,yes,yes,1,1,238,448,,Novita,stop,0,0.00021133,content,0.0,700
meta-llama/llama-3.3-70b-instruct,291,14678,DR_k1,frontdoor,3,ett,smoking_frontdoor,anticommonsense,KEEP,yes,no,0,1,245,699,,Novita,stop,0,0.000312675,content,0.0,700
meta-llama/llama-3.3-70b-instruct,291,14678,DR_k1_NI,frontdoor,3,ett,smoking_frontdoor,anticommonsense,KEEP,yes,yes,1,1,238,437,,Novita,stop,0,0.00020693,content,0.0,700
meta-llama/llama-3.3-70b-instruct,291,14678,DR_k2,frontdoor,3,ett,smoking_frontdoor,anticommonsense,KEEP,yes,yes,1,1,245,572,,Novita,stop,0,0.000261875,content,0.0,700
meta-llama/llama-3.3-70b-instruct,291,14678,DR_k2_NI,frontdoor,3,ett,smoking_frontdoor,anticommonsense,KEEP,yes,no,0,1,238,459,,Novita,stop,0,0.00021573,content,0.0,700
meta-llama/llama-3.3-70b-instruct,291,14678,DR_k3,frontdoor,3,ett,smoking_frontdoor,anticommonsense,KEEP,yes,no,0,1,244,700,,Novita,length,0,0.00031294,content,0.0,700
meta-llama/llama-3.3-70b-instruct,291,14678,DR_k3_NI,frontdoor,3,ett,smoking_frontdoor,anticommonsense,KEEP,yes,yes,1,1,237,447,,Novita,stop,0,0.000210795,content,0.0,700
meta-llama/llama-3.3-70b-instruct,292,8997,RAW,frontdoor,3,ett,smoking_frontdoor,hard,KEEP,no,no,1,1,190,325,,Novita,stop,0,0.00015565,content,0.0,700
meta-llama/llama-3.3-70b-instruct,292,8997,ORACLE,frontdoor,3,ett,smoking_frontdoor,hard,KEEP,no,no,1,1,235,700,,Novita,length,0,0.000311725,content,0.0,700
meta-llama/llama-3.3-70b-instruct,292,8997,ORACLE_NI,frontdoor,3,ett,smoking_frontdoor,hard,KEEP,no,no,1,1,228,669,,Novita,stop,0,0.00029838,content,0.0,700
meta-llama/llama-3.3-70b-instruct,292,8997,DR_k1,frontdoor,3,ett,smoking_frontdoor,hard,KEEP,no,no,1,1,235,565,,Novita,stop,0,0.000257725,content,0.0,700
meta-llama/llama-3.3-70b-instruct,292,8997,DR_k1_NI,frontdoor,3,ett,smoking_frontdoor,hard,KEEP,no,no,1,1,228,433,,Novita,stop,0,0.00020398,content,0.0,700
meta-llama/llama-3.3-70b-instruct,292,8997,DR_k2,frontdoor,3,ett,smoking_frontdoor,hard,KEEP,no,no,1,1,235,522,,Novita,stop,0,0.000240525,content,0.0,700
meta-llama/llama-3.3-70b-instruct,292,8997,DR_k2_NI,frontdoor,3,ett,smoking_frontdoor,hard,KEEP,no,no,1,1,228,700,,Novita,length,0,0.00031078,content,0.0,700
meta-llama/llama-3.3-70b-instruct,292,8997,DR_k3,frontdoor,3,ett,smoking_frontdoor,hard,KEEP,no,no,1,1,235,700,,Novita,length,0,0.000311725,content,0.0,700
meta-llama/llama-3.3-70b-instruct,292,8997,DR_k3_NI,frontdoor,3,ett,smoking_frontdoor,hard,KEEP,no,no,1,1,228,698,,Novita,stop,0,0.00030998,content,0.0,700
meta-llama/llama-3.3-70b-instruct,293,19359,RAW,frontdoor,3,ett,smoking_frontdoor,anticommonsense,KEEP,yes,no,0,1,195,325,,Novita,stop,0,0.000156325,content,0.0,700
meta-llama/llama-3.3-70b-instruct,293,19359,ORACLE,frontdoor,3,ett,smoking_frontdoor,anticommonsense,KEEP,yes,yes,1,1,242,656,,Novita,stop,0,0.00029507,content,0.0,700
meta-llama/llama-3.3-70b-instruct,293,19359,ORACLE_NI,frontdoor,3,ett,smoking_frontdoor,anticommonsense,KEEP,yes,no,0,1,235,700,,Novita,length,0,0.000311725,content,0.0,700
meta-llama/llama-3.3-70b-instruct,293,19359,DR_k1,frontdoor,3,ett,smoking_frontdoor,anticommonsense,KEEP,yes,no,0,1,242,540,,Novita,stop,0,0.00024867,content,0.0,700
meta-llama/llama-3.3-70b-instruct,293,19359,DR_k1_NI,frontdoor,3,ett,smoking_frontdoor,anticommonsense,KEEP,yes,no,0,1,235,610,,Novita,stop,0,0.000275725,content,0.0,700
meta-llama/llama-3.3-70b-instruct,293,19359,DR_k2,frontdoor,3,ett,smoking_frontdoor,anticommonsense,KEEP,yes,yes,1,1,240,601,,Novita,stop,0,0.0002728,content,0.0,700
meta-llama/llama-3.3-70b-instruct,293,19359,DR_k2_NI,frontdoor,3,ett,smoking_frontdoor,anticommonsense,KEEP,yes,no,0,1,233,700,,Novita,length,0,0.000311455,content,0.0,700
meta-llama/llama-3.3-70b-instruct,293,19359,DR_k3,frontdoor,3,ett,smoking_frontdoor,anticommonsense,KEEP,yes,yes,1,1,241,505,,Novita,stop,0,0.000234535,content,0.0,700
meta-llama/llama-3.3-70b-instruct,293,19359,DR_k3_NI,frontdoor,3,ett,smoking_frontdoor,anticommonsense,KEEP,yes,no,0,1,234,503,,Novita,stop,0,0.00023279,content,0.0,700
meta-llama/llama-3.3-70b-instruct,294,4188,RAW,frontdoor,3,ett,smoking_frontdoor,easy,KEEP,no,no,1,1,190,700,,Novita,length,0,0.00030565,content,0.0,700
meta-llama/llama-3.3-70b-instruct,294,4188,ORACLE,frontdoor,3,ett,smoking_frontdoor,easy,KEEP,no,no,1,1,235,543,,Novita,stop,0,0.000248925,content,0.0,700
meta-llama/llama-3.3-70b-instruct,294,4188,ORACLE_NI,frontdoor,3,ett,smoking_frontdoor,easy,KEEP,no,no,1,1,228,653,,Novita,stop,0,0.00029198,content,0.0,700
meta-llama/llama-3.3-70b-instruct,294,4188,DR_k1,frontdoor,3,ett,smoking_frontdoor,easy,KEEP,no,no,1,1,228,521,,Novita,stop,0,0.00023918,content,0.0,700
meta-llama/llama-3.3-70b-instruct,294,4188,DR_k1_NI,frontdoor,3,ett,smoking_frontdoor,easy,KEEP,no,no,1,1,221,663,,Novita,stop,0,0.000295035,content,0.0,700
meta-llama/llama-3.3-70b-instruct,294,4188,DR_k2,frontdoor,3,ett,smoking_frontdoor,easy,KEEP,no,no,1,1,234,469,,Novita,stop,0,0.00021919,content,0.0,700
meta-llama/llama-3.3-70b-instruct,294,4188,DR_k2_NI,frontdoor,3,ett,smoking_frontdoor,easy,KEEP,no,no,1,1,227,487,,Novita,stop,0,0.000225445,content,0.0,700
meta-llama/llama-3.3-70b-instruct,294,4188,DR_k3,frontdoor,3,ett,smoking_frontdoor,easy,KEEP,no,no,1,1,229,462,,Novita,stop,0,0.000215715,content,0.0,700
meta-llama/llama-3.3-70b-instruct,294,4188,DR_k3_NI,frontdoor,3,ett,smoking_frontdoor,easy,KEEP,no,no,1,1,222,408,,Novita,stop,0,0.00019317,content,0.0,700
meta-llama/llama-3.3-70b-instruct,295,6961,RAW,mediation,2,ate,gender_admission,hard,KEEP,yes,yes,1,1,103,78,,Novita,stop,0,4.5105e-05,content,0.0,700
meta-llama/llama-3.3-70b-instruct,295,6961,ORACLE,mediation,2,ate,gender_admission,hard,KEEP,yes,yes,1,1,140,144,,Novita,stop,0,7.65e-05,content,0.0,700
meta-llama/llama-3.3-70b-instruct,295,6961,ORACLE_NI,mediation,2,ate,gender_admission,hard,KEEP,yes,yes,1,1,133,149,,Novita,stop,0,7.7555e-05,content,0.0,700
meta-llama/llama-3.3-70b-instruct,295,6961,DR_k1,mediation,2,ate,gender_admission,hard,KEEP,yes,yes,1,1,141,177,,Novita,stop,0,8.9835e-05,content,0.0,700
meta-llama/llama-3.3-70b-instruct,295,6961,DR_k1_NI,mediation,2,ate,gender_admission,hard,KEEP,yes,yes,1,1,134,81,,Novita,stop,0,5.049e-05,content,0.0,700
meta-llama/llama-3.3-70b-instruct,295,6961,DR_k2,mediation,2,ate,gender_admission,hard,KEEP,yes,yes,1,1,140,154,,Novita,stop,0,8.05e-05,content,0.0,700
meta-llama/llama-3.3-70b-instruct,295,6961,DR_k2_NI,mediation,2,ate,gender_admission,hard,KEEP,yes,yes,1,1,133,73,,Novita,stop,0,4.7155e-05,content,0.0,700
meta-llama/llama-3.3-70b-instruct,295,6961,DR_k3,mediation,2,ate,gender_admission,hard,KEEP,yes,yes,1,1,140,198,,Novita,stop,0,9.81e-05,content,0.0,700
meta-llama/llama-3.3-70b-instruct,295,6961,DR_k3_NI,mediation,2,ate,gender_admission,hard,KEEP,yes,yes,1,1,133,73,,Novita,stop,0,4.7155e-05,content,0.0,700
meta-llama/llama-3.3-70b-instruct,296,15330,RAW,mediation,2,ate,alarm,anticommonsense,KEEP,yes,yes,1,1,107,104,,Novita,stop,0,5.6045e-05,content,0.0,700
meta-llama/llama-3.3-70b-instruct,296,15330,ORACLE,mediation,2,ate,alarm,anticommonsense,KEEP,yes,yes,1,1,144,200,,Novita,stop,0,9.944e-05,content,0.0,700
meta-llama/llama-3.3-70b-instruct,296,15330,ORACLE_NI,mediation,2,ate,alarm,anticommonsense,KEEP,yes,yes,1,1,137,84,,Novita,stop,0,5.2095e-05,content,0.0,700
meta-llama/llama-3.3-70b-instruct,296,15330,DR_k1,mediation,2,ate,alarm,anticommonsense,KEEP,yes,yes,1,1,146,195,,Novita,stop,0,9.771e-05,content,0.0,700
meta-llama/llama-3.3-70b-instruct,296,15330,DR_k1_NI,mediation,2,ate,alarm,anticommonsense,KEEP,yes,yes,1,1,139,75,,Novita,stop,0,4.8765e-05,content,0.0,700
meta-llama/llama-3.3-70b-instruct,296,15330,DR_k2,mediation,2,ate,alarm,anticommonsense,KEEP,yes,yes,1,1,145,236,,Novita,stop,0,0.000113975,content,0.0,700
meta-llama/llama-3.3-70b-instruct,296,15330,DR_k2_NI,mediation,2,ate,alarm,anticommonsense,KEEP,yes,yes,1,1,138,88,,Novita,stop,0,5.383e-05,content,0.0,700
meta-llama/llama-3.3-70b-instruct,296,15330,DR_k3,mediation,2,ate,alarm,anticommonsense,KEEP,yes,yes,1,1,145,225,,Novita,stop,0,0.000109575,content,0.0,700
meta-llama/llama-3.3-70b-instruct,296,15330,DR_k3_NI,mediation,2,ate,alarm,anticommonsense,KEEP,yes,yes,1,1,138,84,,Novita,stop,0,5.223e-05,content,0.0,700
meta-llama/llama-3.3-70b-instruct,297,10423,RAW,mediation,2,ate,alarm,anticommonsense,KEEP,yes,yes,1,1,104,83,,Novita,stop,0,4.724e-05,content,0.0,700
meta-llama/llama-3.3-70b-instruct,297,10423,ORACLE,mediation,2,ate,alarm,anticommonsense,KEEP,yes,yes,1,1,141,196,,Novita,stop,0,9.7435e-05,content,0.0,700
meta-llama/llama-3.3-70b-instruct,297,10423,ORACLE_NI,mediation,2,ate,alarm,anticommonsense,KEEP,yes,yes,1,1,134,179,,Novita,stop,0,8.969e-05,content,0.0,700
meta-llama/llama-3.3-70b-instruct,297,10423,DR_k1,mediation,2,ate,alarm,anticommonsense,KEEP,yes,yes,1,1,142,182,,Novita,stop,0,9.197e-05,content,0.0,700
meta-llama/llama-3.3-70b-instruct,297,10423,DR_k1_NI,mediation,2,ate,alarm,anticommonsense,KEEP,yes,yes,1,1,135,175,,Novita,stop,0,8.8225e-05,content,0.0,700
meta-llama/llama-3.3-70b-instruct,297,10423,DR_k2,mediation,2,ate,alarm,anticommonsense,KEEP,yes,yes,1,1,141,356,,Novita,stop,0,0.000161435,content,0.0,700
meta-llama/llama-3.3-70b-instruct,297,10423,DR_k2_NI,mediation,2,ate,alarm,anticommonsense,KEEP,yes,yes,1,1,134,217,,Novita,stop,0,0.00010489,content,0.0,700
meta-llama/llama-3.3-70b-instruct,297,10423,DR_k3,mediation,2,ate,alarm,anticommonsense,KEEP,yes,yes,1,1,140,218,,Novita,stop,0,0.0001061,content,0.0,700
meta-llama/llama-3.3-70b-instruct,297,10423,DR_k3_NI,mediation,2,ate,alarm,anticommonsense,KEEP,yes,yes,1,1,133,220,,Novita,stop,0,0.000105955,content,0.0,700
meta-llama/llama-3.3-70b-instruct,298,10399,RAW,mediation,2,ate,alarm,anticommonsense,KEEP,no,no,1,1,104,86,,Novita,stop,0,4.844e-05,content,0.0,700
meta-llama/llama-3.3-70b-instruct,298,10399,ORACLE,mediation,2,ate,alarm,anticommonsense,KEEP,no,no,1,1,141,186,,Novita,stop,0,9.3435e-05,content,0.0,700
meta-llama/llama-3.3-70b-instruct,298,10399,ORACLE_NI,mediation,2,ate,alarm,anticommonsense,KEEP,no,no,1,1,134,95,,Novita,stop,0,5.609e-05,content,0.0,700
meta-llama/llama-3.3-70b-instruct,298,10399,DR_k1,mediation,2,ate,alarm,anticommonsense,KEEP,no,no,1,1,142,218,,Novita,stop,0,0.00010637,content,0.0,700
meta-llama/llama-3.3-70b-instruct,298,10399,DR_k1_NI,mediation,2,ate,alarm,anticommonsense,KEEP,no,no,1,1,135,101,,Novita,stop,0,5.8625e-05,content,0.0,700
meta-llama/llama-3.3-70b-instruct,298,10399,DR_k2,mediation,2,ate,alarm,anticommonsense,KEEP,no,no,1,1,141,336,,Novita,stop,0,0.000153435,content,0.0,700
meta-llama/llama-3.3-70b-instruct,298,10399,DR_k2_NI,mediation,2,ate,alarm,anticommonsense,KEEP,no,no,1,1,134,209,,Novita,stop,0,0.00010169,content,0.0,700
meta-llama/llama-3.3-70b-instruct,298,10399,DR_k3,mediation,2,ate,alarm,anticommonsense,KEEP,no,no,1,1,140,265,,Novita,stop,0,0.0001249,content,0.0,700
meta-llama/llama-3.3-70b-instruct,298,10399,DR_k3_NI,mediation,2,ate,alarm,anticommonsense,KEEP,no,no,1,1,133,180,,Novita,stop,0,8.9955e-05,content,0.0,700
meta-llama/llama-3.3-70b-instruct,299,17451,RAW,mediation,2,ate,gender_admission,anticommonsense,KEEP,yes,yes,1,1,112,81,,Novita,stop,0,4.752e-05,content,0.0,700
meta-llama/llama-3.3-70b-instruct,299,17451,ORACLE,mediation,2,ate,gender_admission,anticommonsense,KEEP,yes,yes,1,1,151,182,,Novita,stop,0,9.3185e-05,content,0.0,700
meta-llama/llama-3.3-70b-instruct,299,17451,ORACLE_NI,mediation,2,ate,gender_admission,anticommonsense,KEEP,yes,yes,1,1,144,123,,Novita,stop,0,6.864e-05,content,0.0,700
meta-llama/llama-3.3-70b-instruct,299,17451,DR_k1,mediation,2,ate,gender_admission,anticommonsense,KEEP,yes,yes,1,1,152,165,,Novita,stop,0,8.652e-05,content,0.0,700
meta-llama/llama-3.3-70b-instruct,299,17451,DR_k1_NI,mediation,2,ate,gender_admission,anticommonsense,KEEP,yes,yes,1,1,145,88,,Novita,stop,0,5.4775e-05,content,0.0,700
meta-llama/llama-3.3-70b-instruct,299,17451,DR_k2,mediation,2,ate,gender_admission,anticommonsense,KEEP,yes,yes,1,1,151,157,,Novita,stop,0,8.3185e-05,content,0.0,700
meta-llama/llama-3.3-70b-instruct,299,17451,DR_k2_NI,mediation,2,ate,gender_admission,anticommonsense,KEEP,yes,yes,1,1,144,85,,Novita,stop,0,5.344e-05,content,0.0,700
meta-llama/llama-3.3-70b-instruct,299,17451,DR_k3,mediation,2,ate,gender_admission,anticommonsense,KEEP,yes,yes,1,1,150,177,,Novita,stop,0,9.105e-05,content,0.0,700
meta-llama/llama-3.3-70b-instruct,299,17451,DR_k3_NI,mediation,2,ate,gender_admission,anticommonsense,KEEP,yes,yes,1,1,143,85,,Novita,stop,0,5.3305e-05,content,0.0,700
meta-llama/llama-3.3-70b-instruct,300,18320,RAW,mediation,2,ate,neg_mediation,anticommonsense,KEEP,no,no,1,1,100,87,,Novita,stop,0,4.83e-05,content,0.0,700
meta-llama/llama-3.3-70b-instruct,300,18320,ORACLE,mediation,2,ate,neg_mediation,anticommonsense,KEEP,no,no,1,1,138,179,,Novita,stop,0,9.023e-05,content,0.0,700
meta-llama/llama-3.3-70b-instruct,300,18320,ORACLE_NI,mediation,2,ate,neg_mediation,anticommonsense,KEEP,no,no,1,1,131,174,,Novita,stop,0,8.7285e-05,content,0.0,700
meta-llama/llama-3.3-70b-instruct,300,18320,DR_k1,mediation,2,ate,neg_mediation,anticommonsense,KEEP,no,no,1,1,137,115,,Novita,stop,0,6.4495e-05,content,0.0,700
meta-llama/llama-3.3-70b-instruct,300,18320,DR_k1_NI,mediation,2,ate,neg_mediation,anticommonsense,KEEP,no,no,1,1,130,93,,Novita,stop,0,5.475e-05,content,0.0,700
meta-llama/llama-3.3-70b-instruct,300,18320,DR_k2,mediation,2,ate,neg_mediation,anticommonsense,KEEP,no,no,1,1,138,360,,Novita,stop,0,0.00016263,content,0.0,700
meta-llama/llama-3.3-70b-instruct,300,18320,DR_k2_NI,mediation,2,ate,neg_mediation,anticommonsense,KEEP,no,no,1,1,131,407,,Novita,stop,0,0.000180485,content,0.0,700
meta-llama/llama-3.3-70b-instruct,300,18320,DR_k3,mediation,2,ate,neg_mediation,anticommonsense,KEEP,no,no,1,1,136,234,,Novita,stop,0,0.00011196,content,0.0,700
meta-llama/llama-3.3-70b-instruct,300,18320,DR_k3_NI,mediation,2,ate,neg_mediation,anticommonsense,KEEP,no,no,1,1,129,257,,Novita,stop,0,0.000120215,content,0.0,700
meta-llama/llama-3.3-70b-instruct,301,60,RAW,mediation,2,ate,alarm,easy,KEEP,no,no,1,1,108,103,,Novita,stop,0,5.578e-05,content,0.0,700
meta-llama/llama-3.3-70b-instruct,301,60,ORACLE,mediation,2,ate,alarm,easy,KEEP,no,no,1,1,144,237,,Novita,stop,0,0.00011424,content,0.0,700
meta-llama/llama-3.3-70b-instruct,301,60,ORACLE_NI,mediation,2,ate,alarm,easy,KEEP,no,no,1,1,137,104,,Novita,stop,0,6.0095e-05,content,0.0,700
meta-llama/llama-3.3-70b-instruct,301,60,DR_k1,mediation,2,ate,alarm,easy,KEEP,no,no,1,1,143,119,,Novita,stop,0,6.6905e-05,content,0.0,700
meta-llama/llama-3.3-70b-instruct,301,60,DR_k1_NI,mediation,2,ate,alarm,easy,KEEP,no,no,1,1,136,100,,Novita,stop,0,5.836e-05,content,0.0,700
meta-llama/llama-3.3-70b-instruct,301,60,DR_k2,mediation,2,ate,alarm,easy,KEEP,no,no,1,1,143,162,,Novita,stop,0,8.4105e-05,content,0.0,700
meta-llama/llama-3.3-70b-instruct,301,60,DR_k2_NI,mediation,2,ate,alarm,easy,KEEP,no,no,1,1,136,99,,Novita,stop,0,5.796e-05,content,0.0,700
meta-llama/llama-3.3-70b-instruct,301,60,DR_k3,mediation,2,ate,alarm,easy,KEEP,no,no,1,1,142,122,,Novita,stop,0,6.797e-05,content,0.0,700
meta-llama/llama-3.3-70b-instruct,301,60,DR_k3_NI,mediation,2,ate,alarm,easy,KEEP,no,no,1,1,135,97,,Novita,stop,0,5.7025e-05,content,0.0,700
meta-llama/llama-3.3-70b-instruct,302,3045,RAW,mediation,2,ate,neg_mediation,easy,KEEP,yes,yes,1,1,97,73,,Novita,stop,0,4.2295e-05,content,0.0,700
meta-llama/llama-3.3-70b-instruct,302,3045,ORACLE,mediation,2,ate,neg_mediation,easy,KEEP,yes,yes,1,1,133,312,,Novita,stop,0,0.000142755,content,0.0,700
meta-llama/llama-3.3-70b-instruct,302,3045,ORACLE_NI,mediation,2,ate,neg_mediation,easy,KEEP,yes,yes,1,1,126,247,,Novita,stop,0,0.00011581,content,0.0,700
meta-llama/llama-3.3-70b-instruct,302,3045,DR_k1,mediation,2,ate,neg_mediation,easy,KEEP,yes,yes,1,1,132,213,,Novita,stop,0,0.00010302,content,0.0,700
meta-llama/llama-3.3-70b-instruct,302,3045,DR_k1_NI,mediation,2,ate,neg_mediation,easy,KEEP,yes,yes,1,1,125,234,,Novita,stop,0,0.000110475,content,0.0,700
meta-llama/llama-3.3-70b-instruct,302,3045,DR_k2,mediation,2,ate,neg_mediation,easy,KEEP,yes,no,0,1,131,201,,Novita,stop,0,9.8085e-05,content,0.0,700
meta-llama/llama-3.3-70b-instruct,302,3045,DR_k2_NI,mediation,2,ate,neg_mediation,easy,KEEP,yes,no,0,1,124,259,,Novita,stop,0,0.00012034,content,0.0,700
meta-llama/llama-3.3-70b-instruct,302,3045,DR_k3,mediation,2,ate,neg_mediation,easy,KEEP,yes,yes,1,1,132,283,,Novita,stop,0,0.00013102,content,0.0,700
meta-llama/llama-3.3-70b-instruct,302,3045,DR_k3_NI,mediation,2,ate,neg_mediation,easy,KEEP,yes,yes,1,1,125,163,,Novita,stop,0,8.2075e-05,content,0.0,700
meta-llama/llama-3.3-70b-instruct,303,11781,RAW,mediation,2,ate,blood_pressure,anticommonsense,KEEP,no,no,1,1,107,97,,Novita,stop,0,5.3245e-05,content,0.0,700
meta-llama/llama-3.3-70b-instruct,303,11781,ORACLE,mediation,2,ate,blood_pressure,anticommonsense,KEEP,no,no,1,1,146,158,,Novita,stop,0,8.291e-05,content,0.0,700
meta-llama/llama-3.3-70b-instruct,303,11781,ORACLE_NI,mediation,2,ate,blood_pressure,anticommonsense,KEEP,no,no,1,1,139,156,,Novita,stop,0,8.1165e-05,content,0.0,700
meta-llama/llama-3.3-70b-instruct,303,11781,DR_k1,mediation,2,ate,blood_pressure,anticommonsense,KEEP,no,no,1,1,147,165,,Novita,stop,0,8.5845e-05,content,0.0,700
meta-llama/llama-3.3-70b-instruct,303,11781,DR_k1_NI,mediation,2,ate,blood_pressure,anticommonsense,KEEP,no,no,1,1,140,84,,Novita,stop,0,5.25e-05,content,0.0,700
meta-llama/llama-3.3-70b-instruct,303,11781,DR_k2,mediation,2,ate,blood_pressure,anticommonsense,KEEP,no,no,1,1,147,189,,Novita,stop,0,9.5445e-05,content,0.0,700
meta-llama/llama-3.3-70b-instruct,303,11781,DR_k2_NI,mediation,2,ate,blood_pressure,anticommonsense,KEEP,no,no,1,1,140,135,,Novita,stop,0,7.29e-05,content,0.0,700
meta-llama/llama-3.3-70b-instruct,303,11781,DR_k3,mediation,2,ate,blood_pressure,anticommonsense,KEEP,no,no,1,1,147,236,,Novita,stop,0,0.000114245,content,0.0,700
meta-llama/llama-3.3-70b-instruct,303,11781,DR_k3_NI,mediation,2,ate,blood_pressure,anticommonsense,KEEP,no,no,1,1,140,106,,Novita,stop,0,6.13e-05,content,0.0,700
meta-llama/llama-3.3-70b-instruct,304,11480,RAW,mediation,2,ate,penguin,anticommonsense,KEEP,yes,yes,1,1,109,72,,Novita,stop,0,4.3515e-05,content,0.0,700
meta-llama/llama-3.3-70b-instruct,304,11480,ORACLE,mediation,2,ate,penguin,anticommonsense,KEEP,yes,no,0,1,148,332,,Novita,stop,0,0.00015278,content,0.0,700
meta-llama/llama-3.3-70b-instruct,304,11480,ORACLE_NI,mediation,2,ate,penguin,anticommonsense,KEEP,yes,yes,1,1,141,218,,Novita,stop,0,0.000106235,content,0.0,700
meta-llama/llama-3.3-70b-instruct,304,11480,DR_k1,mediation,2,ate,penguin,anticommonsense,KEEP,yes,yes,1,1,149,218,,Novita,stop,0,0.000107315,content,0.0,700
meta-llama/llama-3.3-70b-instruct,304,11480,DR_k1_NI,mediation,2,ate,penguin,anticommonsense,KEEP,yes,yes,1,1,142,178,,Novita,stop,0,9.037e-05,content,0.0,700
meta-llama/llama-3.3-70b-instruct,304,11480,DR_k2,mediation,2,ate,penguin,anticommonsense,KEEP,yes,no,0,1,147,168,,Novita,stop,0,8.7045e-05,content,0.0,700
meta-llama/llama-3.3-70b-instruct,304,11480,DR_k2_NI,mediation,2,ate,penguin,anticommonsense,KEEP,yes,no,0,1,140,240,,Novita,stop,0,0.0001149,content,0.0,700
meta-llama/llama-3.3-70b-instruct,304,11480,DR_k3,mediation,2,ate,penguin,anticommonsense,KEEP,yes,no,0,1,148,203,,Novita,stop,0,0.00010118,content,0.0,700
meta-llama/llama-3.3-70b-instruct,304,11480,DR_k3_NI,mediation,2,ate,penguin,anticommonsense,KEEP,yes,no,0,1,141,260,,Novita,stop,0,0.000123035,content,0.0,700
meta-llama/llama-3.3-70b-instruct,305,6773,RAW,mediation,2,ate,encouagement_program,hard,KEEP,yes,yes,1,1,105,108,,Novita,stop,0,5.7375e-05,content,0.0,700
meta-llama/llama-3.3-70b-instruct,305,6773,ORACLE,mediation,2,ate,encouagement_program,hard,KEEP,yes,yes,1,1,146,272,,Novita,stop,0,0.00012851,content,0.0,700
meta-llama/llama-3.3-70b-instruct,305,6773,ORACLE_NI,mediation,2,ate,encouagement_program,hard,KEEP,yes,yes,1,1,139,116,,Novita,stop,0,6.5165e-05,content,0.0,700
meta-llama/llama-3.3-70b-instruct,305,6773,DR_k1,mediation,2,ate,encouagement_program,hard,KEEP,yes,yes,1,1,146,331,,Novita,stop,0,0.00015211,content,0.0,700
meta-llama/llama-3.3-70b-instruct,305,6773,DR_k1_NI,mediation,2,ate,encouagement_program,hard,KEEP,yes,yes,1,1,139,92,,Novita,stop,0,5.5565e-05,content,0.0,700
meta-llama/llama-3.3-70b-instruct,305,6773,DR_k2,mediation,2,ate,encouagement_program,hard,KEEP,yes,yes,1,1,145,293,,Novita,stop,0,0.000136775,content,0.0,700
meta-llama/llama-3.3-70b-instruct,305,6773,DR_k2_NI,mediation,2,ate,encouagement_program,hard,KEEP,yes,yes,1,1,138,116,,Novita,stop,0,6.503e-05,content,0.0,700
meta-llama/llama-3.3-70b-instruct,305,6773,DR_k3,mediation,2,ate,encouagement_program,hard,KEEP,yes,yes,1,1,144,313,,Novita,stop,0,0.00014464,content,0.0,700
meta-llama/llama-3.3-70b-instruct,305,6773,DR_k3_NI,mediation,2,ate,encouagement_program,hard,KEEP,yes,yes,1,1,137,102,,Novita,stop,0,5.9295e-05,content,0.0,700
meta-llama/llama-3.3-70b-instruct,306,11730,RAW,mediation,2,ate,blood_pressure,anticommonsense,KEEP,yes,yes,1,1,107,97,,Novita,stop,0,5.3245e-05,content,0.0,700
meta-llama/llama-3.3-70b-instruct,306,11730,ORACLE,mediation,2,ate,blood_pressure,anticommonsense,KEEP,yes,yes,1,1,146,232,,Novita,stop,0,0.00011251,content,0.0,700
meta-llama/llama-3.3-70b-instruct,306,11730,ORACLE_NI,mediation,2,ate,blood_pressure,anticommonsense,KEEP,yes,yes,1,1,139,170,,Novita,stop,0,8.6765e-05,content,0.0,700
meta-llama/llama-3.3-70b-instruct,306,11730,DR_k1,mediation,2,ate,blood_pressure,anticommonsense,KEEP,yes,yes,1,1,147,234,,Novita,stop,0,0.000113445,content,0.0,700
meta-llama/llama-3.3-70b-instruct,306,11730,DR_k1_NI,mediation,2,ate,blood_pressure,anticommonsense,KEEP,yes,yes,1,1,140,172,,Novita,stop,0,8.77e-05,content,0.0,700
meta-llama/llama-3.3-70b-instruct,306,11730,DR_k2,mediation,2,ate,blood_pressure,anticommonsense,KEEP,yes,no,0,1,147,301,,Novita,stop,0,0.000140245,content,0.0,700
meta-llama/llama-3.3-70b-instruct,306,11730,DR_k2_NI,mediation,2,ate,blood_pressure,anticommonsense,KEEP,yes,yes,1,1,140,321,,Novita,stop,0,0.0001473,content,0.0,700
meta-llama/llama-3.3-70b-instruct,306,11730,DR_k3,mediation,2,ate,blood_pressure,anticommonsense,KEEP,yes,yes,1,1,147,318,,Novita,stop,0,0.000147045,content,0.0,700
meta-llama/llama-3.3-70b-instruct,306,11730,DR_k3_NI,mediation,2,ate,blood_pressure,anticommonsense,KEEP,yes,yes,1,1,140,230,,Novita,stop,0,0.0001109,content,0.0,700
meta-llama/llama-3.3-70b-instruct,307,6896,RAW,mediation,2,ate,encouagement_program,hard,KEEP,no,no,1,1,105,76,,Novita,stop,0,4.4575e-05,content,0.0,700
meta-llama/llama-3.3-70b-instruct,307,6896,ORACLE,mediation,2,ate,encouagement_program,hard,KEEP,no,no,1,1,146,254,,Novita,stop,0,0.00012131,content,0.0,700
meta-llama/llama-3.3-70b-instruct,307,6896,ORACLE_NI,mediation,2,ate,encouagement_program,hard,KEEP,no,no,1,1,139,211,,Novita,stop,0,0.000103165,content,0.0,700
meta-llama/llama-3.3-70b-instruct,307,6896,DR_k1,mediation,2,ate,encouagement_program,hard,KEEP,no,no,1,1,145,257,,Novita,stop,0,0.000122375,content,0.0,700
meta-llama/llama-3.3-70b-instruct,307,6896,DR_k1_NI,mediation,2,ate,encouagement_program,hard,KEEP,no,no,1,1,138,147,,Novita,stop,0,7.743e-05,content,0.0,700
meta-llama/llama-3.3-70b-instruct,307,6896,DR_k2,mediation,2,ate,encouagement_program,hard,KEEP,no,no,1,1,145,272,,Novita,stop,0,0.000128375,content,0.0,700
meta-llama/llama-3.3-70b-instruct,307,6896,DR_k2_NI,mediation,2,ate,encouagement_program,hard,KEEP,no,no,1,1,138,147,,Novita,stop,0,7.743e-05,content,0.0,700
meta-llama/llama-3.3-70b-instruct,307,6896,DR_k3,mediation,2,ate,encouagement_program,hard,KEEP,no,no,1,1,144,449,,Novita,stop,0,0.00019904,content,0.0,700
meta-llama/llama-3.3-70b-instruct,307,6896,DR_k3_NI,mediation,2,ate,encouagement_program,hard,KEEP,no,no,1,1,137,279,,Novita,stop,0,0.000130095,content,0.0,700
meta-llama/llama-3.3-70b-instruct,308,15276,RAW,mediation,2,ate,alarm,anticommonsense,KEEP,no,no,1,1,107,81,,Novita,stop,0,4.6845e-05,content,0.0,700
meta-llama/llama-3.3-70b-instruct,308,15276,ORACLE,mediation,2,ate,alarm,anticommonsense,KEEP,no,no,1,1,144,114,,Novita,stop,0,6.504e-05,content,0.0,700
meta-llama/llama-3.3-70b-instruct,308,15276,ORACLE_NI,mediation,2,ate,alarm,anticommonsense,KEEP,no,no,1,1,137,88,,Novita,stop,0,5.3695e-05,content,0.0,700
meta-llama/llama-3.3-70b-instruct,308,15276,DR_k1,mediation,2,ate,alarm,anticommonsense,KEEP,no,no,1,1,144,127,,Novita,stop,0,7.024e-05,content,0.0,700
meta-llama/llama-3.3-70b-instruct,308,15276,DR_k1_NI,mediation,2,ate,alarm,anticommonsense,KEEP,no,no,1,1,137,86,,Novita,stop,0,5.2895e-05,content,0.0,700
meta-llama/llama-3.3-70b-instruct,308,15276,DR_k2,mediation,2,ate,alarm,anticommonsense,KEEP,no,no,1,1,145,134,,Novita,stop,0,7.3175e-05,content,0.0,700
meta-llama/llama-3.3-70b-instruct,308,15276,DR_k2_NI,mediation,2,ate,alarm,anticommonsense,KEEP,no,no,1,1,138,103,,Novita,stop,0,5.983e-05,content,0.0,700
meta-llama/llama-3.3-70b-instruct,308,15276,DR_k3,mediation,2,ate,alarm,anticommonsense,KEEP,no,no,1,1,145,200,,Novita,stop,0,9.9575e-05,content,0.0,700
meta-llama/llama-3.3-70b-instruct,308,15276,DR_k3_NI,mediation,2,ate,alarm,anticommonsense,KEEP,no,no,1,1,138,88,,Novita,stop,0,5.383e-05,content,0.0,700
meta-llama/llama-3.3-70b-instruct,309,3060,RAW,mediation,2,ate,neg_mediation,easy,KEEP,yes,yes,1,1,97,74,,Novita,stop,0,4.2695e-05,content,0.0,700
meta-llama/llama-3.3-70b-instruct,309,3060,ORACLE,mediation,2,ate,neg_mediation,easy,KEEP,yes,yes,1,1,133,206,,Novita,stop,0,0.000100355,content,0.0,700
meta-llama/llama-3.3-70b-instruct,309,3060,ORACLE_NI,mediation,2,ate,neg_mediation,easy,KEEP,yes,yes,1,1,126,219,,Novita,stop,0,0.00010461,content,0.0,700
meta-llama/llama-3.3-70b-instruct,309,3060,DR_k1,mediation,2,ate,neg_mediation,easy,KEEP,yes,yes,1,1,132,157,,Novita,stop,0,8.062e-05,content,0.0,700
meta-llama/llama-3.3-70b-instruct,309,3060,DR_k1_NI,mediation,2,ate,neg_mediation,easy,KEEP,yes,yes,1,1,125,179,,Novita,stop,0,8.8475e-05,content,0.0,700
meta-llama/llama-3.3-70b-instruct,309,3060,DR_k2,mediation,2,ate,neg_mediation,easy,KEEP,yes,no,0,1,131,288,,Novita,stop,0,0.000132885,content,0.0,700
meta-llama/llama-3.3-70b-instruct,309,3060,DR_k2_NI,mediation,2,ate,neg_mediation,easy,KEEP,yes,no,0,1,124,234,,Novita,stop,0,0.00011034,content,0.0,700
meta-llama/llama-3.3-70b-instruct,309,3060,DR_k3,mediation,2,ate,neg_mediation,easy,KEEP,yes,no,0,1,132,309,,Novita,stop,0,0.00014142,content,0.0,700
meta-llama/llama-3.3-70b-instruct,309,3060,DR_k3_NI,mediation,2,ate,neg_mediation,easy,KEEP,yes,no,0,1,125,224,,Novita,stop,0,0.000106475,content,0.0,700
meta-llama/llama-3.3-70b-instruct,310,1121,RAW,mediation,2,ate,penguin,easy,KEEP,yes,no,0,1,112,60,,Novita,stop,0,3.912e-05,content,0.0,700
meta-llama/llama-3.3-70b-instruct,310,1121,ORACLE,mediation,2,ate,penguin,easy,KEEP,yes,no,0,1,153,137,,Novita,stop,0,7.5455e-05,content,0.0,700
meta-llama/llama-3.3-70b-instruct,310,1121,ORACLE_NI,mediation,2,ate,penguin,easy,KEEP,yes,no,0,1,146,126,,Novita,stop,0,7.011e-05,content,0.0,700
meta-llama/llama-3.3-70b-instruct,310,1121,DR_k1,mediation,2,ate,penguin,easy,KEEP,yes,no,0,1,153,132,,Novita,stop,0,7.3455e-05,content,0.0,700
meta-llama/llama-3.3-70b-instruct,310,1121,DR_k1_NI,mediation,2,ate,penguin,easy,KEEP,yes,no,0,1,146,129,,Novita,stop,0,7.131e-05,content,0.0,700
meta-llama/llama-3.3-70b-instruct,310,1121,DR_k2,mediation,2,ate,penguin,easy,KEEP,yes,no,0,1,152,130,,Novita,stop,0,7.252e-05,content,0.0,700
meta-llama/llama-3.3-70b-instruct,310,1121,DR_k2_NI,mediation,2,ate,penguin,easy,KEEP,yes,no,0,1,145,143,,Novita,stop,0,7.6775e-05,content,0.0,700
meta-llama/llama-3.3-70b-instruct,310,1121,DR_k3,mediation,2,ate,penguin,easy,KEEP,yes,no,0,1,152,139,,Novita,stop,0,7.612e-05,content,0.0,700
meta-llama/llama-3.3-70b-instruct,310,1121,DR_k3_NI,mediation,2,ate,penguin,easy,KEEP,yes,no,0,1,145,145,,Novita,stop,0,7.7575e-05,content,0.0,700
meta-llama/llama-3.3-70b-instruct,311,5906,RAW,mediation,2,ate,penguin,hard,KEEP,no,no,1,1,112,88,,Novita,stop,0,5.032e-05,content,0.0,700
meta-llama/llama-3.3-70b-instruct,311,5906,ORACLE,mediation,2,ate,penguin,hard,KEEP,no,no,1,1,153,227,,Novita,stop,0,0.000111455,content,0.0,700
meta-llama/llama-3.3-70b-instruct,311,5906,ORACLE_NI,mediation,2,ate,penguin,hard,KEEP,no,no,1,1,146,215,,Novita,stop,0,0.00010571,content,0.0,700
meta-llama/llama-3.3-70b-instruct,311,5906,DR_k1,mediation,2,ate,penguin,hard,KEEP,no,no,1,1,153,216,,Novita,stop,0,0.000107055,content,0.0,700
meta-llama/llama-3.3-70b-instruct,311,5906,DR_k1_NI,mediation,2,ate,penguin,hard,KEEP,no,no,1,1,146,119,,Novita,stop,0,6.731e-05,content,0.0,700
meta-llama/llama-3.3-70b-instruct,311,5906,DR_k2,mediation,2,ate,penguin,hard,KEEP,no,no,1,1,152,285,,Novita,stop,0,0.00013452,content,0.0,700
meta-llama/llama-3.3-70b-instruct,311,5906,DR_k2_NI,mediation,2,ate,penguin,hard,KEEP,no,no,1,1,145,187,,Novita,stop,0,9.4375e-05,content,0.0,700
meta-llama/llama-3.3-70b-instruct,311,5906,DR_k3,mediation,2,ate,penguin,hard,KEEP,no,no,1,1,152,320,,Novita,stop,0,0.00014852,content,0.0,700
meta-llama/llama-3.3-70b-instruct,311,5906,DR_k3_NI,mediation,2,ate,penguin,hard,KEEP,no,no,1,1,145,298,,Novita,stop,0,0.000138775,content,0.0,700
meta-llama/llama-3.3-70b-instruct,312,3100,RAW,mediation,2,ate,neg_mediation,easy,KEEP,no,no,1,1,97,71,,Novita,stop,0,4.1495e-05,content,0.0,700
meta-llama/llama-3.3-70b-instruct,312,3100,ORACLE,mediation,2,ate,neg_mediation,easy,KEEP,no,no,1,1,133,284,,Novita,stop,0,0.000131555,content,0.0,700
meta-llama/llama-3.3-70b-instruct,312,3100,ORACLE_NI,mediation,2,ate,neg_mediation,easy,KEEP,no,no,1,1,126,253,,Novita,stop,0,0.00011821,content,0.0,700
meta-llama/llama-3.3-70b-instruct,312,3100,DR_k1,mediation,2,ate,neg_mediation,easy,KEEP,no,no,1,1,132,174,,Novita,stop,0,8.742e-05,content,0.0,700
meta-llama/llama-3.3-70b-instruct,312,3100,DR_k1_NI,mediation,2,ate,neg_mediation,easy,KEEP,no,no,1,1,125,144,,Novita,stop,0,7.4475e-05,content,0.0,700
meta-llama/llama-3.3-70b-instruct,312,3100,DR_k2,mediation,2,ate,neg_mediation,easy,KEEP,no,no,1,1,131,374,,Novita,stop,0,0.000167285,content,0.0,700
meta-llama/llama-3.3-70b-instruct,312,3100,DR_k2_NI,mediation,2,ate,neg_mediation,easy,KEEP,no,no,1,1,124,164,,Novita,stop,0,8.234e-05,content,0.0,700
meta-llama/llama-3.3-70b-instruct,312,3100,DR_k3,mediation,2,ate,neg_mediation,easy,KEEP,no,no,1,1,132,307,,Novita,stop,0,0.00014062,content,0.0,700
meta-llama/llama-3.3-70b-instruct,312,3100,DR_k3_NI,mediation,2,ate,neg_mediation,easy,KEEP,no,no,1,1,125,174,,Novita,stop,0,8.6475e-05,content,0.0,700
meta-llama/llama-3.3-70b-instruct,313,6175,RAW,mediation,2,ate,blood_pressure,hard,KEEP,no,no,1,1,102,54,,Novita,stop,0,3.537e-05,content,0.0,700
meta-llama/llama-3.3-70b-instruct,313,6175,ORACLE,mediation,2,ate,blood_pressure,hard,KEEP,no,no,1,1,140,303,,Novita,stop,0,0.0001401,content,0.0,700
meta-llama/llama-3.3-70b-instruct,313,6175,ORACLE_NI,mediation,2,ate,blood_pressure,hard,KEEP,no,no,1,1,133,106,,Novita,stop,0,6.0355e-05,content,0.0,700
meta-llama/llama-3.3-70b-instruct,313,6175,DR_k1,mediation,2,ate,blood_pressure,hard,KEEP,no,no,1,1,140,122,,Novita,stop,0,6.77e-05,content,0.0,700
meta-llama/llama-3.3-70b-instruct,313,6175,DR_k1_NI,mediation,2,ate,blood_pressure,hard,KEEP,no,no,1,1,133,86,,Novita,stop,0,5.2355e-05,content,0.0,700
meta-llama/llama-3.3-70b-instruct,313,6175,DR_k2,mediation,2,ate,blood_pressure,hard,KEEP,no,no,1,1,139,122,,Novita,stop,0,6.7565e-05,content,0.0,700
meta-llama/llama-3.3-70b-instruct,313,6175,DR_k2_NI,mediation,2,ate,blood_pressure,hard,KEEP,no,no,1,1,132,73,,Novita,stop,0,4.702e-05,content,0.0,700
meta-llama/llama-3.3-70b-instruct,313,6175,DR_k3,mediation,2,ate,blood_pressure,hard,KEEP,no,no,1,1,138,112,,Novita,stop,0,6.343e-05,content,0.0,700
meta-llama/llama-3.3-70b-instruct,313,6175,DR_k3_NI,mediation,2,ate,blood_pressure,hard,KEEP,no,no,1,1,131,78,,Novita,stop,0,4.8885e-05,content,0.0,700
meta-llama/llama-3.3-70b-instruct,314,3090,RAW,mediation,2,ate,neg_mediation,easy,KEEP,no,no,1,1,97,69,,Novita,stop,0,4.0695e-05,content,0.0,700
meta-llama/llama-3.3-70b-instruct,314,3090,ORACLE,mediation,2,ate,neg_mediation,easy,KEEP,no,no,1,1,133,327,,Novita,stop,0,0.000148755,content,0.0,700
meta-llama/llama-3.3-70b-instruct,314,3090,ORACLE_NI,mediation,2,ate,neg_mediation,easy,KEEP,no,no,1,1,126,209,,Novita,stop,0,0.00010061,content,0.0,700
meta-llama/llama-3.3-70b-instruct,314,3090,DR_k1,mediation,2,ate,neg_mediation,easy,KEEP,no,no,1,1,133,312,,Novita,stop,0,0.000142755,content,0.0,700
meta-llama/llama-3.3-70b-instruct,314,3090,DR_k1_NI,mediation,2,ate,neg_mediation,easy,KEEP,no,no,1,1,126,204,,Novita,stop,0,9.861e-05,content,0.0,700
meta-llama/llama-3.3-70b-instruct,314,3090,DR_k2,mediation,2,ate,neg_mediation,easy,KEEP,no,no,1,1,133,293,,Novita,stop,0,0.000135155,content,0.0,700
meta-llama/llama-3.3-70b-instruct,314,3090,DR_k2_NI,mediation,2,ate,neg_mediation,easy,KEEP,no,no,1,1,126,267,,Novita,stop,0,0.00012381,content,0.0,700
meta-llama/llama-3.3-70b-instruct,314,3090,DR_k3,mediation,2,ate,neg_mediation,easy,KEEP,no,no,1,1,132,235,,Novita,stop,0,0.00011182,content,0.0,700
meta-llama/llama-3.3-70b-instruct,314,3090,DR_k3_NI,mediation,2,ate,neg_mediation,easy,KEEP,no,no,1,1,125,231,,Novita,stop,0,0.000109275,content,0.0,700
meta-llama/llama-3.3-70b-instruct,315,2050,RAW,mediation,3,ett,encouagement_program,easy,KEEP,yes,yes,1,1,119,134,,Novita,stop,0,6.9665e-05,content,0.0,700
meta-llama/llama-3.3-70b-instruct,315,2050,ORACLE,mediation,3,ett,encouagement_program,easy,KEEP,yes,yes,1,1,160,260,,Novita,stop,0,0.0001256,content,0.0,700
meta-llama/llama-3.3-70b-instruct,315,2050,ORACLE_NI,mediation,3,ett,encouagement_program,easy,KEEP,yes,yes,1,1,153,230,,Novita,stop,0,0.000112655,content,0.0,700
meta-llama/llama-3.3-70b-instruct,315,2050,DR_k1,mediation,3,ett,encouagement_program,easy,KEEP,yes,yes,1,1,160,193,,Novita,stop,0,9.88e-05,content,0.0,700
meta-llama/llama-3.3-70b-instruct,315,2050,DR_k1_NI,mediation,3,ett,encouagement_program,easy,KEEP,yes,yes,1,1,153,157,,Novita,stop,0,8.3455e-05,content,0.0,700
meta-llama/llama-3.3-70b-instruct,315,2050,DR_k2,mediation,3,ett,encouagement_program,easy,KEEP,yes,yes,1,1,158,274,,Novita,stop,0,0.00013093,content,0.0,700
meta-llama/llama-3.3-70b-instruct,315,2050,DR_k2_NI,mediation,3,ett,encouagement_program,easy,KEEP,yes,yes,1,1,151,284,,Novita,stop,0,0.000133985,content,0.0,700
meta-llama/llama-3.3-70b-instruct,315,2050,DR_k3,mediation,3,ett,encouagement_program,easy,KEEP,yes,yes,1,1,158,213,,Novita,stop,0,0.00010653,content,0.0,700
meta-llama/llama-3.3-70b-instruct,315,2050,DR_k3_NI,mediation,3,ett,encouagement_program,easy,KEEP,yes,yes,1,1,151,344,,Novita,stop,0,0.000157985,content,0.0,700
meta-llama/llama-3.3-70b-instruct,316,12433,RAW,mediation,3,ett,encouagement_program,anticommonsense,KEEP,no,yes,0,1,116,97,,Novita,stop,0,5.446e-05,content,0.0,700
meta-llama/llama-3.3-70b-instruct,316,12433,ORACLE,mediation,3,ett,encouagement_program,anticommonsense,KEEP,no,yes,0,1,156,223,,Novita,stop,0,0.00011026,content,0.0,700
meta-llama/llama-3.3-70b-instruct,316,12433,ORACLE_NI,mediation,3,ett,encouagement_program,anticommonsense,KEEP,no,yes,0,1,149,156,,Novita,stop,0,8.2515e-05,content,0.0,700
meta-llama/llama-3.3-70b-instruct,316,12433,DR_k1,mediation,3,ett,encouagement_program,anticommonsense,KEEP,no,yes,0,1,155,204,,Novita,stop,0,0.000102525,content,0.0,700
meta-llama/llama-3.3-70b-instruct,316,12433,DR_k1_NI,mediation,3,ett,encouagement_program,anticommonsense,KEEP,no,yes,0,1,148,98,,Novita,stop,0,5.918e-05,content,0.0,700
meta-llama/llama-3.3-70b-instruct,316,12433,DR_k2,mediation,3,ett,encouagement_program,anticommonsense,KEEP,no,yes,0,1,157,222,,Novita,stop,0,0.000109995,content,0.0,700
meta-llama/llama-3.3-70b-instruct,316,12433,DR_k2_NI,mediation,3,ett,encouagement_program,anticommonsense,KEEP,no,yes,0,1,150,232,,Novita,stop,0,0.00011305,content,0.0,700
meta-llama/llama-3.3-70b-instruct,316,12433,DR_k3,mediation,3,ett,encouagement_program,anticommonsense,KEEP,no,yes,0,1,157,200,,Novita,stop,0,0.000101195,content,0.0,700
meta-llama/llama-3.3-70b-instruct,316,12433,DR_k3_NI,mediation,3,ett,encouagement_program,anticommonsense,KEEP,no,yes,0,1,150,100,,Novita,stop,0,6.025e-05,content,0.0,700
meta-llama/llama-3.3-70b-instruct,317,4857,RAW,mediation,3,ett,alarm,hard,KEEP,yes,yes,1,1,121,103,,Novita,stop,0,5.7535e-05,content,0.0,700
meta-llama/llama-3.3-70b-instruct,317,4857,ORACLE,mediation,3,ett,alarm,hard,KEEP,yes,yes,1,1,157,162,,Novita,stop,0,8.5995e-05,content,0.0,700
meta-llama/llama-3.3-70b-instruct,317,4857,ORACLE_NI,mediation,3,ett,alarm,hard,KEEP,yes,yes,1,1,150,153,,Novita,stop,0,8.145e-05,content,0.0,700
meta-llama/llama-3.3-70b-instruct,317,4857,DR_k1,mediation,3,ett,alarm,hard,KEEP,yes,yes,1,1,156,388,,Novita,stop,0,0.00017626,content,0.0,700
meta-llama/llama-3.3-70b-instruct,317,4857,DR_k1_NI,mediation,3,ett,alarm,hard,KEEP,yes,yes,1,1,149,156,,Novita,stop,0,8.2515e-05,content,0.0,700
meta-llama/llama-3.3-70b-instruct,317,4857,DR_k2,mediation,3,ett,alarm,hard,KEEP,yes,yes,1,1,155,158,,Novita,stop,0,8.4125e-05,content,0.0,700
meta-llama/llama-3.3-70b-instruct,317,4857,DR_k2_NI,mediation,3,ett,alarm,hard,KEEP,yes,yes,1,1,148,158,,Novita,stop,0,8.318e-05,content,0.0,700
meta-llama/llama-3.3-70b-instruct,317,4857,DR_k3,mediation,3,ett,alarm,hard,KEEP,yes,yes,1,1,155,162,,Novita,stop,0,8.5725e-05,content,0.0,700
meta-llama/llama-3.3-70b-instruct,317,4857,DR_k3_NI,mediation,3,ett,alarm,hard,KEEP,yes,yes,1,1,148,153,,Novita,stop,0,8.118e-05,content,0.0,700
meta-llama/llama-3.3-70b-instruct,318,5951,RAW,mediation,3,ett,penguin,hard,KEEP,no,no,1,1,126,178,,Novita,stop,0,8.821e-05,content,0.0,700
meta-llama/llama-3.3-70b-instruct,318,5951,ORACLE,mediation,3,ett,penguin,hard,KEEP,no,no,1,1,167,293,,Novita,stop,0,0.000139745,content,0.0,700
meta-llama/llama-3.3-70b-instruct,318,5951,ORACLE_NI,mediation,3,ett,penguin,hard,KEEP,no,no,1,1,160,343,,Novita,stop,0,0.0001588,content,0.0,700
meta-llama/llama-3.3-70b-instruct,318,5951,DR_k1,mediation,3,ett,penguin,hard,KEEP,no,no,1,1,166,492,,Novita,stop,0,0.00021921,content,0.0,700
meta-llama/llama-3.3-70b-instruct,318,5951,DR_k1_NI,mediation,3,ett,penguin,hard,KEEP,no,no,1,1,159,412,,Novita,stop,0,0.000186265,content,0.0,700
meta-llama/llama-3.3-70b-instruct,318,5951,DR_k2,mediation,3,ett,penguin,hard,KEEP,no,yes,0,1,166,166,,Novita,stop,0,8.881e-05,content,0.0,700
meta-llama/llama-3.3-70b-instruct,318,5951,DR_k2_NI,mediation,3,ett,penguin,hard,KEEP,no,no,1,1,159,126,,Novita,stop,0,7.1865e-05,content,0.0,700
meta-llama/llama-3.3-70b-instruct,318,5951,DR_k3,mediation,3,ett,penguin,hard,KEEP,no,no,1,1,166,469,,Novita,stop,0,0.00021001,content,0.0,700
meta-llama/llama-3.3-70b-instruct,318,5951,DR_k3_NI,mediation,3,ett,penguin,hard,KEEP,no,no,1,1,159,264,,Novita,stop,0,0.000127065,content,0.0,700
meta-llama/llama-3.3-70b-instruct,319,6996,RAW,mediation,3,ett,gender_admission,hard,KEEP,no,no,1,1,116,120,,Novita,stop,0,6.366e-05,content,0.0,700
meta-llama/llama-3.3-70b-instruct,319,6996,ORACLE,mediation,3,ett,gender_admission,hard,KEEP,no,yes,0,1,153,205,,Novita,stop,0,0.000102655,content,0.0,700
meta-llama/llama-3.3-70b-instruct,319,6996,ORACLE_NI,mediation,3,ett,gender_admission,hard,KEEP,no,yes,0,1,146,180,,Novita,stop,0,9.171e-05,content,0.0,700
meta-llama/llama-3.3-70b-instruct,319,6996,DR_k1,mediation,3,ett,gender_admission,hard,KEEP,no,no,1,1,152,199,,Novita,stop,0,0.00010012,content,0.0,700
meta-llama/llama-3.3-70b-instruct,319,6996,DR_k1_NI,mediation,3,ett,gender_admission,hard,KEEP,no,no,1,1,145,180,,Novita,stop,0,9.1575e-05,content,0.0,700
meta-llama/llama-3.3-70b-instruct,319,6996,DR_k2,mediation,3,ett,gender_admission,hard,KEEP,no,yes,0,1,153,195,,Novita,stop,0,9.8655e-05,content,0.0,700
meta-llama/llama-3.3-70b-instruct,319,6996,DR_k2_NI,mediation,3,ett,gender_admission,hard,KEEP,no,no,1,1,146,238,,Novita,stop,0,0.00011491,content,0.0,700
meta-llama/llama-3.3-70b-instruct,319,6996,DR_k3,mediation,3,ett,gender_admission,hard,KEEP,no,no,1,1,153,282,,Novita,stop,0,0.000133455,content,0.0,700
meta-llama/llama-3.3-70b-instruct,319,6996,DR_k3_NI,mediation,3,ett,gender_admission,hard,KEEP,no,no,1,1,146,180,,Novita,stop,0,9.171e-05,content,0.0,700
meta-llama/llama-3.3-70b-instruct,320,1390,RAW,mediation,3,ett,blood_pressure,easy,KEEP,yes,yes,1,1,114,146,,Novita,stop,0,7.379e-05,content,0.0,700
meta-llama/llama-3.3-70b-instruct,320,1390,ORACLE,mediation,3,ett,blood_pressure,easy,KEEP,yes,yes,1,1,152,220,,Novita,stop,0,0.00010852,content,0.0,700
meta-llama/llama-3.3-70b-instruct,320,1390,ORACLE_NI,mediation,3,ett,blood_pressure,easy,KEEP,yes,yes,1,1,145,291,,Novita,stop,0,0.000135975,content,0.0,700
meta-llama/llama-3.3-70b-instruct,320,1390,DR_k1,mediation,3,ett,blood_pressure,easy,KEEP,yes,yes,1,1,152,243,,Novita,stop,0,0.00011772,content,0.0,700
meta-llama/llama-3.3-70b-instruct,320,1390,DR_k1_NI,mediation,3,ett,blood_pressure,easy,KEEP,yes,yes,1,1,145,221,,Novita,stop,0,0.000107975,content,0.0,700
meta-llama/llama-3.3-70b-instruct,320,1390,DR_k2,mediation,3,ett,blood_pressure,easy,KEEP,yes,yes,1,1,151,200,,Novita,stop,0,0.000100385,content,0.0,700
meta-llama/llama-3.3-70b-instruct,320,1390,DR_k2_NI,mediation,3,ett,blood_pressure,easy,KEEP,yes,yes,1,1,144,162,,Novita,stop,0,8.424e-05,content,0.0,700
meta-llama/llama-3.3-70b-instruct,320,1390,DR_k3,mediation,3,ett,blood_pressure,easy,KEEP,yes,yes,1,1,150,295,,Novita,stop,0,0.00013825,content,0.0,700
meta-llama/llama-3.3-70b-instruct,320,1390,DR_k3_NI,mediation,3,ett,blood_pressure,easy,KEEP,yes,yes,1,1,143,271,,Novita,stop,0,0.000127705,content,0.0,700
meta-llama/llama-3.3-70b-instruct,321,43,RAW,mediation,3,ett,alarm,easy,KEEP,no,no,1,1,121,186,,Novita,stop,0,9.0735e-05,content,0.0,700
meta-llama/llama-3.3-70b-instruct,321,43,ORACLE,mediation,3,ett,alarm,easy,KEEP,no,no,1,1,157,233,,Novita,stop,0,0.000114395,content,0.0,700
meta-llama/llama-3.3-70b-instruct,321,43,ORACLE_NI,mediation,3,ett,alarm,easy,KEEP,no,no,1,1,150,194,,Novita,stop,0,9.785e-05,content,0.0,700
meta-llama/llama-3.3-70b-instruct,321,43,DR_k1,mediation,3,ett,alarm,easy,KEEP,no,no,1,1,157,315,,Novita,stop,0,0.000147195,content,0.0,700
meta-llama/llama-3.3-70b-instruct,321,43,DR_k1_NI,mediation,3,ett,alarm,easy,KEEP,no,no,1,1,150,160,,Novita,stop,0,8.425e-05,content,0.0,700
meta-llama/llama-3.3-70b-instruct,321,43,DR_k2,mediation,3,ett,alarm,easy,KEEP,no,no,1,1,156,267,,Novita,stop,0,0.00012786,content,0.0,700
meta-llama/llama-3.3-70b-instruct,321,43,DR_k2_NI,mediation,3,ett,alarm,easy,KEEP,no,no,1,1,149,193,,Novita,stop,0,9.7315e-05,content,0.0,700
meta-llama/llama-3.3-70b-instruct,321,43,DR_k3,mediation,3,ett,alarm,easy,KEEP,no,no,1,1,155,254,,Novita,stop,0,0.000122525,content,0.0,700
meta-llama/llama-3.3-70b-instruct,321,43,DR_k3_NI,mediation,3,ett,alarm,easy,KEEP,no,no,1,1,148,231,,Novita,stop,0,0.00011238,content,0.0,700
meta-llama/llama-3.3-70b-instruct,322,2284,RAW,mediation,3,ett,gender_admission,easy,KEEP,yes,yes,1,1,116,120,,Novita,stop,0,6.366e-05,content,0.0,700
meta-llama/llama-3.3-70b-instruct,322,2284,ORACLE,mediation,3,ett,gender_admission,easy,KEEP,yes,yes,1,1,153,203,,Novita,stop,0,0.000101855,content,0.0,700
meta-llama/llama-3.3-70b-instruct,322,2284,ORACLE_NI,mediation,3,ett,gender_admission,easy,KEEP,yes,yes,1,1,146,201,,Novita,stop,0,0.00010011,content,0.0,700
meta-llama/llama-3.3-70b-instruct,322,2284,DR_k1,mediation,3,ett,gender_admission,easy,KEEP,yes,yes,1,1,154,183,,Novita,stop,0,9.399e-05,content,0.0,700
meta-llama/llama-3.3-70b-instruct,322,2284,DR_k1_NI,mediation,3,ett,gender_admission,easy,KEEP,yes,yes,1,1,147,153,,Novita,stop,0,8.1045e-05,content,0.0,700
meta-llama/llama-3.3-70b-instruct,322,2284,DR_k2,mediation,3,ett,gender_admission,easy,KEEP,yes,yes,1,1,153,184,,Novita,stop,0,9.4255e-05,content,0.0,700
meta-llama/llama-3.3-70b-instruct,322,2284,DR_k2_NI,mediation,3,ett,gender_admission,easy,KEEP,yes,yes,1,1,146,136,,Novita,stop,0,7.411e-05,content,0.0,700
meta-llama/llama-3.3-70b-instruct,322,2284,DR_k3,mediation,3,ett,gender_admission,easy,KEEP,yes,yes,1,1,153,290,,Novita,stop,0,0.000136655,content,0.0,700
meta-llama/llama-3.3-70b-instruct,322,2284,DR_k3_NI,mediation,3,ett,gender_admission,easy,KEEP,yes,yes,1,1,146,139,,Novita,stop,0,7.531e-05,content,0.0,700
meta-llama/llama-3.3-70b-instruct,323,1137,RAW,mediation,3,ett,penguin,easy,KEEP,yes,yes,1,1,126,96,,Novita,stop,0,5.541e-05,content,0.0,700
meta-llama/llama-3.3-70b-instruct,323,1137,ORACLE,mediation,3,ett,penguin,easy,KEEP,yes,yes,1,1,167,157,,Novita,stop,0,8.5345e-05,content,0.0,700
meta-llama/llama-3.3-70b-instruct,323,1137,ORACLE_NI,mediation,3,ett,penguin,easy,KEEP,yes,yes,1,1,160,140,,Novita,stop,0,7.76e-05,content,0.0,700
meta-llama/llama-3.3-70b-instruct,323,1137,DR_k1,mediation,3,ett,penguin,easy,KEEP,yes,yes,1,1,166,239,,Novita,stop,0,0.00011801,content,0.0,700
meta-llama/llama-3.3-70b-instruct,323,1137,DR_k1_NI,mediation,3,ett,penguin,easy,KEEP,yes,yes,1,1,159,137,,Novita,stop,0,7.6265e-05,content,0.0,700
meta-llama/llama-3.3-70b-instruct,323,1137,DR_k2,mediation,3,ett,penguin,easy,KEEP,yes,yes,1,1,166,180,,Novita,stop,0,9.441e-05,content,0.0,700
meta-llama/llama-3.3-70b-instruct,323,1137,DR_k2_NI,mediation,3,ett,penguin,easy,KEEP,yes,yes,1,1,159,121,,Novita,stop,0,6.9865e-05,content,0.0,700
meta-llama/llama-3.3-70b-instruct,323,1137,DR_k3,mediation,3,ett,penguin,easy,KEEP,yes,yes,1,1,166,188,,Novita,stop,0,9.761e-05,content,0.0,700
meta-llama/llama-3.3-70b-instruct,323,1137,DR_k3_NI,mediation,3,ett,penguin,easy,KEEP,yes,yes,1,1,159,431,,Novita,stop,0,0.000193865,content,0.0,700
meta-llama/llama-3.3-70b-instruct,324,11481,RAW,mediation,3,ett,penguin,anticommonsense,KEEP,yes,yes,1,1,123,83,,Novita,stop,0,4.9805e-05,content,0.0,700
meta-llama/llama-3.3-70b-instruct,324,11481,ORACLE,mediation,3,ett,penguin,anticommonsense,KEEP,yes,yes,1,1,162,645,,Novita,stop,0,0.00027987,content,0.0,700
meta-llama/llama-3.3-70b-instruct,324,11481,ORACLE_NI,mediation,3,ett,penguin,anticommonsense,KEEP,yes,yes,1,1,155,440,,Novita,stop,0,0.000196925,content,0.0,700
meta-llama/llama-3.3-70b-instruct,324,11481,DR_k1,mediation,3,ett,penguin,anticommonsense,KEEP,yes,yes,1,1,163,548,,Novita,stop,0,0.000241205,content,0.0,700
meta-llama/llama-3.3-70b-instruct,324,11481,DR_k1_NI,mediation,3,ett,penguin,anticommonsense,KEEP,yes,yes,1,1,156,508,,Novita,stop,0,0.00022426,content,0.0,700
meta-llama/llama-3.3-70b-instruct,324,11481,DR_k2,mediation,3,ett,penguin,anticommonsense,KEEP,yes,no,0,1,161,540,,Novita,stop,0,0.000237735,content,0.0,700
meta-llama/llama-3.3-70b-instruct,324,11481,DR_k2_NI,mediation,3,ett,penguin,anticommonsense,KEEP,yes,yes,1,1,154,344,,Novita,stop,0,0.00015839,content,0.0,700
meta-llama/llama-3.3-70b-instruct,324,11481,DR_k3,mediation,3,ett,penguin,anticommonsense,KEEP,yes,yes,1,1,162,379,,Novita,stop,0,0.00017347,content,0.0,700
meta-llama/llama-3.3-70b-instruct,324,11481,DR_k3_NI,mediation,3,ett,penguin,anticommonsense,KEEP,yes,no,0,1,155,426,,Novita,stop,0,0.000191325,content,0.0,700
meta-llama/llama-3.3-70b-instruct,325,1465,RAW,mediation,3,ett,blood_pressure,easy,KEEP,yes,yes,1,1,114,117,,Novita,stop,0,6.219e-05,content,0.0,700
meta-llama/llama-3.3-70b-instruct,325,1465,ORACLE,mediation,3,ett,blood_pressure,easy,KEEP,yes,yes,1,1,152,218,,Novita,stop,0,0.00010772,content,0.0,700
meta-llama/llama-3.3-70b-instruct,325,1465,ORACLE_NI,mediation,3,ett,blood_pressure,easy,KEEP,yes,yes,1,1,145,261,,Novita,stop,0,0.000123975,content,0.0,700
meta-llama/llama-3.3-70b-instruct,325,1465,DR_k1,mediation,3,ett,blood_pressure,easy,KEEP,yes,yes,1,1,151,212,,Novita,stop,0,0.000105185,content,0.0,700
meta-llama/llama-3.3-70b-instruct,325,1465,DR_k1_NI,mediation,3,ett,blood_pressure,easy,KEEP,yes,yes,1,1,144,247,,Novita,stop,0,0.00011824,content,0.0,700
meta-llama/llama-3.3-70b-instruct,325,1465,DR_k2,mediation,3,ett,blood_pressure,easy,KEEP,yes,yes,1,1,150,430,,Novita,stop,0,0.00019225,content,0.0,700
meta-llama/llama-3.3-70b-instruct,325,1465,DR_k2_NI,mediation,3,ett,blood_pressure,easy,KEEP,yes,yes,1,1,143,285,,Novita,stop,0,0.000133305,content,0.0,700
meta-llama/llama-3.3-70b-instruct,325,1465,DR_k3,mediation,3,ett,blood_pressure,easy,KEEP,yes,yes,1,1,150,287,,Novita,stop,0,0.00013505,content,0.0,700
meta-llama/llama-3.3-70b-instruct,325,1465,DR_k3_NI,mediation,3,ett,blood_pressure,easy,KEEP,yes,yes,1,1,143,371,,Novita,stop,0,0.000167705,content,0.0,700
meta-llama/llama-3.3-70b-instruct,326,4806,RAW,mediation,3,ett,alarm,hard,KEEP,no,no,1,1,121,138,,Novita,stop,0,7.1535e-05,content,0.0,700
meta-llama/llama-3.3-70b-instruct,326,4806,ORACLE,mediation,3,ett,alarm,hard,KEEP,no,no,1,1,157,325,,Novita,stop,0,0.000151195,content,0.0,700
meta-llama/llama-3.3-70b-instruct,326,4806,ORACLE_NI,mediation,3,ett,alarm,hard,KEEP,no,no,1,1,150,189,,Novita,stop,0,9.585e-05,content,0.0,700
meta-llama/llama-3.3-70b-instruct,326,4806,DR_k1,mediation,3,ett,alarm,hard,KEEP,no,no,1,1,156,405,,Novita,stop,0,0.00018306,content,0.0,700
meta-llama/llama-3.3-70b-instruct,326,4806,DR_k1_NI,mediation,3,ett,alarm,hard,KEEP,no,no,1,1,149,190,,Novita,stop,0,9.6115e-05,content,0.0,700
meta-llama/llama-3.3-70b-instruct,326,4806,DR_k2,mediation,3,ett,alarm,hard,KEEP,no,no,1,1,156,279,,Novita,stop,0,0.00013266,content,0.0,700
meta-llama/llama-3.3-70b-instruct,326,4806,DR_k2_NI,mediation,3,ett,alarm,hard,KEEP,no,no,1,1,149,188,,Novita,stop,0,9.5315e-05,content,0.0,700
meta-llama/llama-3.3-70b-instruct,326,4806,DR_k3,mediation,3,ett,alarm,hard,KEEP,no,no,1,1,155,464,,Novita,stop,0,0.000206525,content,0.0,700
meta-llama/llama-3.3-70b-instruct,326,4806,DR_k3_NI,mediation,3,ett,alarm,hard,KEEP,no,no,1,1,148,190,,Novita,stop,0,9.598e-05,content,0.0,700
meta-llama/llama-3.3-70b-instruct,327,16532,RAW,mediation,3,ett,blood_pressure,anticommonsense,KEEP,yes,yes,1,1,121,117,,Novita,stop,0,6.3135e-05,content,0.0,700
meta-llama/llama-3.3-70b-instruct,327,16532,ORACLE,mediation,3,ett,blood_pressure,anticommonsense,KEEP,yes,yes,1,1,160,196,,Novita,stop,0,0.0001,content,0.0,700
meta-llama/llama-3.3-70b-instruct,327,16532,ORACLE_NI,mediation,3,ett,blood_pressure,anticommonsense,KEEP,yes,yes,1,1,153,240,,Novita,stop,0,0.000116655,content,0.0,700
meta-llama/llama-3.3-70b-instruct,327,16532,DR_k1,mediation,3,ett,blood_pressure,anticommonsense,KEEP,yes,yes,1,1,161,388,,Novita,stop,0,0.000176935,content,0.0,700
meta-llama/llama-3.3-70b-instruct,327,16532,DR_k1_NI,mediation,3,ett,blood_pressure,anticommonsense,KEEP,yes,yes,1,1,154,307,,Novita,stop,0,0.00014359,content,0.0,700
meta-llama/llama-3.3-70b-instruct,327,16532,DR_k2,mediation,3,ett,blood_pressure,anticommonsense,KEEP,yes,yes,1,1,161,277,,Novita,stop,0,0.000132535,content,0.0,700
meta-llama/llama-3.3-70b-instruct,327,16532,DR_k2_NI,mediation,3,ett,blood_pressure,anticommonsense,KEEP,yes,no,0,1,154,374,,Novita,stop,0,0.00017039,content,0.0,700
meta-llama/llama-3.3-70b-instruct,327,16532,DR_k3,mediation,3,ett,blood_pressure,anticommonsense,KEEP,yes,yes,1,1,161,508,,Novita,stop,0,0.000224935,content,0.0,700
meta-llama/llama-3.3-70b-instruct,327,16532,DR_k3_NI,mediation,3,ett,blood_pressure,anticommonsense,KEEP,yes,yes,1,1,154,262,,Novita,stop,0,0.00012559,content,0.0,700
meta-llama/llama-3.3-70b-instruct,328,2186,RAW,mediation,3,ett,gender_admission,easy,KEEP,yes,yes,1,1,116,83,,Novita,stop,0,4.886e-05,content,0.0,700
meta-llama/llama-3.3-70b-instruct,328,2186,ORACLE,mediation,3,ett,gender_admission,easy,KEEP,yes,yes,1,1,153,265,,Novita,stop,0,0.000126655,content,0.0,700
meta-llama/llama-3.3-70b-instruct,328,2186,ORACLE_NI,mediation,3,ett,gender_admission,easy,KEEP,yes,yes,1,1,146,203,,Novita,stop,0,0.00010091,content,0.0,700
meta-llama/llama-3.3-70b-instruct,328,2186,DR_k1,mediation,3,ett,gender_admission,easy,KEEP,yes,yes,1,1,154,179,,Novita,stop,0,9.239e-05,content,0.0,700
meta-llama/llama-3.3-70b-instruct,328,2186,DR_k1_NI,mediation,3,ett,gender_admission,easy,KEEP,yes,yes,1,1,147,134,,Novita,stop,0,7.3445e-05,content,0.0,700
meta-llama/llama-3.3-70b-instruct,328,2186,DR_k2,mediation,3,ett,gender_admission,easy,KEEP,yes,yes,1,1,153,199,,Novita,stop,0,0.000100255,content,0.0,700
meta-llama/llama-3.3-70b-instruct,328,2186,DR_k2_NI,mediation,3,ett,gender_admission,easy,KEEP,yes,yes,1,1,146,153,,Novita,stop,0,8.091e-05,content,0.0,700
meta-llama/llama-3.3-70b-instruct,328,2186,DR_k3,mediation,3,ett,gender_admission,easy,KEEP,yes,yes,1,1,153,223,,Novita,stop,0,0.000109855,content,0.0,700
meta-llama/llama-3.3-70b-instruct,328,2186,DR_k3_NI,mediation,3,ett,gender_admission,easy,KEEP,yes,yes,1,1,146,146,,Novita,stop,0,7.811e-05,content,0.0,700
meta-llama/llama-3.3-70b-instruct,329,6798,RAW,mediation,3,ett,encouagement_program,hard,KEEP,no,yes,0,1,119,96,,Novita,stop,0,5.4465e-05,content,0.0,700
meta-llama/llama-3.3-70b-instruct,329,6798,ORACLE,mediation,3,ett,encouagement_program,hard,KEEP,no,yes,0,1,160,388,,Novita,stop,0,0.0001768,content,0.0,700
meta-llama/llama-3.3-70b-instruct,329,6798,ORACLE_NI,mediation,3,ett,encouagement_program,hard,KEEP,no,no,1,1,153,178,,Novita,stop,0,9.1855e-05,content,0.0,700
meta-llama/llama-3.3-70b-instruct,329,6798,DR_k1,mediation,3,ett,encouagement_program,hard,KEEP,no,no,1,1,160,500,,Novita,stop,0,0.0002216,content,0.0,700
meta-llama/llama-3.3-70b-instruct,329,6798,DR_k1_NI,mediation,3,ett,encouagement_program,hard,KEEP,no,yes,0,1,153,181,,Novita,stop,0,9.3055e-05,content,0.0,700
meta-llama/llama-3.3-70b-instruct,329,6798,DR_k2,mediation,3,ett,encouagement_program,hard,KEEP,no,no,1,1,158,348,,Novita,stop,0,0.00016053,content,0.0,700
meta-llama/llama-3.3-70b-instruct,329,6798,DR_k2_NI,mediation,3,ett,encouagement_program,hard,KEEP,no,yes,0,1,151,155,,Novita,stop,0,8.2385e-05,content,0.0,700
meta-llama/llama-3.3-70b-instruct,329,6798,DR_k3,mediation,3,ett,encouagement_program,hard,KEEP,no,yes,0,1,158,337,,Novita,stop,0,0.00015613,content,0.0,700
meta-llama/llama-3.3-70b-instruct,329,6798,DR_k3_NI,mediation,3,ett,encouagement_program,hard,KEEP,no,yes,0,1,151,184,,Novita,stop,0,9.3985e-05,content,0.0,700
meta-llama/llama-3.3-70b-instruct,330,17276,RAW,mediation,3,ett,encouagement_program,anticommonsense,KEEP,no,no,1,1,116,140,,Novita,stop,0,7.166e-05,content,0.0,700
meta-llama/llama-3.3-70b-instruct,330,17276,ORACLE,mediation,3,ett,encouagement_program,anticommonsense,KEEP,no,yes,0,1,157,279,,Novita,stop,0,0.000132795,content,0.0,700
meta-llama/llama-3.3-70b-instruct,330,17276,ORACLE_NI,mediation,3,ett,encouagement_program,anticommonsense,KEEP,no,no,1,1,150,268,,Novita,stop,0,0.00012745,content,0.0,700
meta-llama/llama-3.3-70b-instruct,330,17276,DR_k1,mediation,3,ett,encouagement_program,anticommonsense,KEEP,no,no,1,1,157,288,,Novita,stop,0,0.000136395,content,0.0,700
meta-llama/llama-3.3-70b-instruct,330,17276,DR_k1_NI,mediation,3,ett,encouagement_program,anticommonsense,KEEP,no,yes,0,1,150,273,,Novita,stop,0,0.00012945,content,0.0,700
meta-llama/llama-3.3-70b-instruct,330,17276,DR_k2,mediation,3,ett,encouagement_program,anticommonsense,KEEP,no,no,1,1,156,258,,Novita,stop,0,0.00012426,content,0.0,700
meta-llama/llama-3.3-70b-instruct,330,17276,DR_k2_NI,mediation,3,ett,encouagement_program,anticommonsense,KEEP,no,no,1,1,149,161,,Novita,stop,0,8.4515e-05,content,0.0,700
meta-llama/llama-3.3-70b-instruct,330,17276,DR_k3,mediation,3,ett,encouagement_program,anticommonsense,KEEP,no,no,1,1,155,445,,Novita,stop,0,0.000198925,content,0.0,700
meta-llama/llama-3.3-70b-instruct,330,17276,DR_k3_NI,mediation,3,ett,encouagement_program,anticommonsense,KEEP,no,no,1,1,148,339,,Novita,stop,0,0.00015558,content,0.0,700
meta-llama/llama-3.3-70b-instruct,331,1333,RAW,mediation,3,ett,blood_pressure,easy,KEEP,yes,yes,1,1,114,117,,Novita,stop,0,6.219e-05,content,0.0,700
meta-llama/llama-3.3-70b-instruct,331,1333,ORACLE,mediation,3,ett,blood_pressure,easy,KEEP,yes,yes,1,1,152,251,,Novita,stop,0,0.00012092,content,0.0,700
meta-llama/llama-3.3-70b-instruct,331,1333,ORACLE_NI,mediation,3,ett,blood_pressure,easy,KEEP,yes,yes,1,1,145,287,,Novita,stop,0,0.000134375,content,0.0,700
meta-llama/llama-3.3-70b-instruct,331,1333,DR_k1,mediation,3,ett,blood_pressure,easy,KEEP,yes,yes,1,1,152,252,,Novita,stop,0,0.00012132,content,0.0,700
meta-llama/llama-3.3-70b-instruct,331,1333,DR_k1_NI,mediation,3,ett,blood_pressure,easy,KEEP,yes,yes,1,1,145,190,,Novita,stop,0,9.5575e-05,content,0.0,700
meta-llama/llama-3.3-70b-instruct,331,1333,DR_k2,mediation,3,ett,blood_pressure,easy,KEEP,yes,yes,1,1,151,290,,Novita,stop,0,0.000136385,content,0.0,700
meta-llama/llama-3.3-70b-instruct,331,1333,DR_k2_NI,mediation,3,ett,blood_pressure,easy,KEEP,yes,yes,1,1,144,327,,Novita,stop,0,0.00015024,content,0.0,700
meta-llama/llama-3.3-70b-instruct,331,1333,DR_k3,mediation,3,ett,blood_pressure,easy,KEEP,yes,yes,1,1,150,318,,Novita,stop,0,0.00014745,content,0.0,700
meta-llama/llama-3.3-70b-instruct,331,1333,DR_k3_NI,mediation,3,ett,blood_pressure,easy,KEEP,yes,yes,1,1,143,305,,Novita,stop,0,0.000141305,content,0.0,700
meta-llama/llama-3.3-70b-instruct,332,17481,RAW,mediation,3,ett,gender_admission,anticommonsense,KEEP,yes,yes,1,1,125,129,,Novita,stop,0,6.8475e-05,content,0.0,700
meta-llama/llama-3.3-70b-instruct,332,17481,ORACLE,mediation,3,ett,gender_admission,anticommonsense,KEEP,yes,yes,1,1,164,207,,Novita,stop,0,0.00010494,content,0.0,700
meta-llama/llama-3.3-70b-instruct,332,17481,ORACLE_NI,mediation,3,ett,gender_admission,anticommonsense,KEEP,yes,yes,1,1,157,207,,Novita,stop,0,0.000103995,content,0.0,700
meta-llama/llama-3.3-70b-instruct,332,17481,DR_k1,mediation,3,ett,gender_admission,anticommonsense,KEEP,yes,yes,1,1,163,222,,Novita,stop,0,0.000110805,content,0.0,700
meta-llama/llama-3.3-70b-instruct,332,17481,DR_k1_NI,mediation,3,ett,gender_admission,anticommonsense,KEEP,yes,yes,1,1,156,84,,Novita,stop,0,5.466e-05,content,0.0,700
meta-llama/llama-3.3-70b-instruct,332,17481,DR_k2,mediation,3,ett,gender_admission,anticommonsense,KEEP,yes,yes,1,1,163,195,,Novita,stop,0,0.000100005,content,0.0,700
meta-llama/llama-3.3-70b-instruct,332,17481,DR_k2_NI,mediation,3,ett,gender_admission,anticommonsense,KEEP,yes,yes,1,1,156,140,,Novita,stop,0,7.706e-05,content,0.0,700
meta-llama/llama-3.3-70b-instruct,332,17481,DR_k3,mediation,3,ett,gender_admission,anticommonsense,KEEP,yes,yes,1,1,163,354,,Novita,stop,0,0.000163605,content,0.0,700
meta-llama/llama-3.3-70b-instruct,332,17481,DR_k3_NI,mediation,3,ett,gender_admission,anticommonsense,KEEP,yes,yes,1,1,156,120,,Novita,stop,0,6.906e-05,content,0.0,700
meta-llama/llama-3.3-70b-instruct,333,2248,RAW,mediation,3,ett,gender_admission,easy,KEEP,yes,yes,1,1,116,97,,Novita,stop,0,5.446e-05,content,0.0,700
meta-llama/llama-3.3-70b-instruct,333,2248,ORACLE,mediation,3,ett,gender_admission,easy,KEEP,yes,yes,1,1,153,199,,Novita,stop,0,0.000100255,content,0.0,700
meta-llama/llama-3.3-70b-instruct,333,2248,ORACLE_NI,mediation,3,ett,gender_admission,easy,KEEP,yes,yes,1,1,146,185,,Novita,stop,0,9.371e-05,content,0.0,700
meta-llama/llama-3.3-70b-instruct,333,2248,DR_k1,mediation,3,ett,gender_admission,easy,KEEP,yes,yes,1,1,152,187,,Novita,stop,0,9.532e-05,content,0.0,700
meta-llama/llama-3.3-70b-instruct,333,2248,DR_k1_NI,mediation,3,ett,gender_admission,easy,KEEP,yes,yes,1,1,145,146,,Novita,stop,0,7.7975e-05,content,0.0,700
meta-llama/llama-3.3-70b-instruct,333,2248,DR_k2,mediation,3,ett,gender_admission,easy,KEEP,yes,yes,1,1,153,219,,Novita,stop,0,0.000108255,content,0.0,700
meta-llama/llama-3.3-70b-instruct,333,2248,DR_k2_NI,mediation,3,ett,gender_admission,easy,KEEP,yes,yes,1,1,146,136,,Novita,stop,0,7.411e-05,content,0.0,700
meta-llama/llama-3.3-70b-instruct,333,2248,DR_k3,mediation,3,ett,gender_admission,easy,KEEP,yes,yes,1,1,153,180,,Novita,stop,0,9.2655e-05,content,0.0,700
meta-llama/llama-3.3-70b-instruct,333,2248,DR_k3_NI,mediation,3,ett,gender_admission,easy,KEEP,yes,yes,1,1,146,136,,Novita,stop,0,7.411e-05,content,0.0,700
meta-llama/llama-3.3-70b-instruct,334,17433,RAW,mediation,3,ett,gender_admission,anticommonsense,KEEP,no,no,1,1,125,298,,Novita,stop,0,0.000136075,content,0.0,700
meta-llama/llama-3.3-70b-instruct,334,17433,ORACLE,mediation,3,ett,gender_admission,anticommonsense,KEEP,no,no,1,1,164,211,,Novita,stop,0,0.00010654,content,0.0,700
meta-llama/llama-3.3-70b-instruct,334,17433,ORACLE_NI,mediation,3,ett,gender_admission,anticommonsense,KEEP,no,no,1,1,157,179,,Novita,stop,0,9.2795e-05,content,0.0,700
meta-llama/llama-3.3-70b-instruct,334,17433,DR_k1,mediation,3,ett,gender_admission,anticommonsense,KEEP,no,no,1,1,163,257,,Novita,stop,0,0.000124805,content,0.0,700
meta-llama/llama-3.3-70b-instruct,334,17433,DR_k1_NI,mediation,3,ett,gender_admission,anticommonsense,KEEP,no,no,1,1,156,314,,Novita,stop,0,0.00014666,content,0.0,700
meta-llama/llama-3.3-70b-instruct,334,17433,DR_k2,mediation,3,ett,gender_admission,anticommonsense,KEEP,no,no,1,1,163,532,,Novita,stop,0,0.000234805,content,0.0,700
meta-llama/llama-3.3-70b-instruct,334,17433,DR_k2_NI,mediation,3,ett,gender_admission,anticommonsense,KEEP,no,no,1,1,156,181,,Novita,stop,0,9.346e-05,content,0.0,700
meta-llama/llama-3.3-70b-instruct,334,17433,DR_k3,mediation,3,ett,gender_admission,anticommonsense,KEEP,no,no,1,1,163,472,,Novita,stop,0,0.000210805,content,0.0,700
meta-llama/llama-3.3-70b-instruct,334,17433,DR_k3_NI,mediation,3,ett,gender_admission,anticommonsense,KEEP,no,no,1,1,156,235,,Novita,stop,0,0.00011506,content,0.0,700
