item,story,mode,gold,n_nodes,has_data,used
1,"employee performance | mental health | sales performance | traffic congestion || AB,AC,BC,BD,CD",RANDOM,no,4,True,0
2,"alor | dzww | geer | tnkc || AD,BC,CD",FAKE,no,4,False,0
3,"htwb | jcwu | qguu | resg || AD,BD,CD",FAKE,no,4,False,0
4,"air pressure | apearance | education level || AB,BC",RANDOM,yes,3,True,0
5,"icux | mqrw | qeld | rztp || AC,AD,BC",FAKE,no,4,False,0
6,"the amount of exercise a person does per week | the person's physical fitness level | the person's risk of developing chronic diseases || AB,AC",REAL,no,3,True,1
7,"the grade obtained on the exam | whether a student studies for an exam or not | whether the student passes the course or not || AB,BC",REAL,yes,3,True,1
8,"amount of money saved | financial return on investment | investment in stocks || AB,AC,BC",REAL,yes,3,True,1
9,"blood pressure | government policies | severity of respiratory illnesses | work-life balance || AD,BD,CD",RANDOM,no,4,False,0
10,"htwb | jcwu | qguu | resg || AD,BD,CD",FAKE,no,4,False,0
11,"bjtk | clwv | dmfl | tvkj || AB,BC,CD",FAKE,no,4,True,0
12,"job satisfaction | mental health | quality of teaching | sales performance || AC,BC,CD",RANDOM,no,4,False,0
13,"amount of exercise | blood pressure | income level | quality of teaching || AB,BC,BD,CD",RANDOM,no,4,True,0
14,"alor | dzww | geer | tnkc || AD,BC,CD",FAKE,no,4,False,0
15,"hdqy | ivje | qmiv | uoeb || AB,AD,BD,CD",FAKE,no,4,False,0
16,"amount of exercise | humidity level | quality of teaching | temperature || AB,AC,BC,BD",RANDOM,no,4,False,0
17,"the grade obtained on the exam | whether a student studies for an exam or not | whether the student passes the course or not || AB,BC",REAL,yes,3,True,1
18,"exxp | hnzi | mlhx | ovlq | wtel || AC,BC,CD,ED",FAKE,no,5,False,0
19,"amount of exercise | body weight | dietary habits | risk of developing chronic diseases || AC,BC,CD",REAL,no,4,True,1
20,"amount of rainfall | growth rate of plants | water level in a nearby river || AB,AC",REAL,no,3,False,1
21,"ftog | jazt | kdns || AB,BC",FAKE,no,3,True,0
22,"aemv | qftw | wurj | yglq || AB,AC,AD,BC,CD",FAKE,yes,4,True,0
23,"aefz | aopv | nuko | uttn | zsuj || AB,AE,BC,BD,CD,CE,DE",FAKE,no,5,False,0
24,"dliz | iipq | kyfi | uoni || AD,BC,CD",FAKE,no,4,False,0
25,"abcp | bdan | xuoo || AB,BC",FAKE,no,3,False,0
26,"ajlk | bduo | mzbw | vlmn || AB,BC,BD,CD",FAKE,no,4,True,0
27,"alor | dzww | geer | tnkc || AD,BC,CD",FAKE,no,4,False,0
28,"the amount of sleep the night before the exam | the number of hours studied for an exam | the overall performance in the course | the score obtained on the exam || AB,AC,BD,CD",REAL,no,4,True,1
29,"ahlq | fekt | jzav | zpil || AB,AC,AD,BC,BD,CD",FAKE,no,4,True,0
30,"bdnv | llwq | ohtx | ybho || AB,AD,BC",FAKE,yes,4,True,0
31,"bftz | iemr | mcjs | ppux || AC,AD,BC,CD",FAKE,no,4,False,0
32,"amount of exercise | market demand | sales performance | wheather condition || AB,AC,AD,BD,CD",RANDOM,no,4,False,0
33,"employee performance | job satisfaction | rainfull | talent | wheather condition || AB,AE,BC,BD,CD,CE,DE",RANDOM,yes,5,True,0
34,"abcp | bdan | xuoo || AB,BC",FAKE,no,3,True,0
35,"hdqy | ivje | qmiv | uoeb || AB,AD,BD,CD",FAKE,no,4,False,0
36,"amount of exercise | job satisfaction | quality of teaching | stress level | wheather condition || AB,AD,BC,BE,CD,CE,DE",RANDOM,no,5,False,0
37,"customer satisfaction with a product | number of positive reviews for the product | revenue generated from the product | sales performance of the product || AB,AD,BC,CD",REAL,no,4,False,1
38,"air pressure | quality of teaching | sales performance | work-life balance || AB,AC,BD,CD",RANDOM,no,4,False,0
39,"mental health | severity of respiratory illnesses | talent | work-life balance || AB,AC,AD,BC,CD",RANDOM,no,4,False,0
40,"apearance | employee performance | mental health || AC,BC",RANDOM,no,3,True,0
41,"air pressure | quality of teaching | sales performance | work-life balance || AB,AC,BD,CD",RANDOM,no,4,True,0
42,"blood pressure | humidity level | severity of respiratory illnesses | wheather condition || AC,AD,BC",RANDOM,no,4,False,0
43,"air pressure | blood pressure | education level | severity of respiratory illnesses || AC,AD,BC,BD,CD",RANDOM,no,4,True,0
44,"education level | job satisfaction | rainfull | sales performance || AB,AC,AD,BC",RANDOM,yes,4,True,0
45,"lyht | lzwf | xlyn || AC,BC",FAKE,no,3,True,0
46,"whether a person eats a healthy diet | whether a person exercises regularly | whether a person has good cardiovascular health | whether a person maintains a healthy weight || AB,AD,BC,CD",REAL,no,4,True,1
47,"icux | mqrw | qeld | rztp || AC,AD,BC",FAKE,no,4,False,0
48,"exxp | hnzi | mlhx | ovlq | wtel || AC,BC,CD,ED",FAKE,no,5,False,0
49,"employee performance | job satisfaction | rainfull | talent | wheather condition || AB,AE,BC,BD,CD,CE,DE",RANDOM,no,5,False,0
50,"whether a person is exposed to a contagious disease | whether the person receives appropriate treatment | whether the person recovers from the disease | whether the person seeks medical attention | whether the person shows symptoms of the disease || AB,AE,BC,BD,CD,CE,DE",REAL,no,5,True,1
51,"employment status | happiness level | income | level of education || AB,AC,AD",REAL,no,4,False,1
52,"air pressure | blood pressure | education level | severity of respiratory illnesses || AC,AD,BC,BD,CD",RANDOM,yes,4,True,0
53,"apearance | quality of teaching | work-life balance || AB,AC",RANDOM,no,3,True,0
54,"education level | mental health | sales performance | talent || AB,AD,BC,CD",RANDOM,yes,4,True,0
55,"avtx | etyb | gmjc | wmpz || AD,BD,CD",FAKE,no,4,False,0
56,"air pressure | quality of teaching | sales performance | work-life balance || AB,AC,BD,CD",RANDOM,no,4,False,0
57,"amount of exercise | education level | humidity level | market demand | sales performance || AB,AD,AE,BC,BD,CD,CE",RANDOM,yes,5,True,0
58,"nvcm | sxxy | zavj || AB,BC",FAKE,yes,3,True,0
59,"azip | hfro | smik | zycs || AB,BC,BD,CD",FAKE,no,4,True,0
60,"amount of exercise | blood pressure | income level | quality of teaching || AB,BC,BD,CD",RANDOM,no,4,True,0
61,"fhbj | jlwb | ppvf | vsqg || AB,AC,AD,BC,BD",FAKE,yes,4,True,0
62,"dtdq | lkll | owxw | wmll || AB,AD,BC,CD",FAKE,no,4,False,0
63,"amount of exercise | body weight | caloric intake | overall health || AD,BC,CD",REAL,no,4,False,1
64,"the amount of sleep the night before the exam | the exam score | the number of hours studied for an exam || AC,BC",REAL,no,3,False,1
65,"crop yield | harvest quality | temperature | weather conditions || AC,AD,BC,BD,CD",REAL,yes,4,True,1
66,"a company | company expenses | company profit | company revenue || AB,AC,AD,BC",REAL,no,4,False,1
67,"first-born child | parent | second-born child | third-born child || AB,AC,AD,BC,BD",REAL,no,4,False,1
68,"amount of exercise | overall health status | physical fitness level || AB,BC",REAL,no,3,False,1
69,"patient's diet | patient's exercise habits | patient's life expectancy | patient's overall health | patient's stress levels || AD,BD,CD,DE",REAL,no,5,True,1
70,"gavm | gewg | rrch | vate || AB,AC,AD,BC,BD",FAKE,no,4,False,0
71,"the exam score | the number of hours spent sleeping the night before the exam | the number of hours spent studying for an exam || AC,BC",REAL,yes,3,True,1
72,"a person's education level | the person's income | the person's job title | the person's salary || AC,AD,BC",REAL,no,4,False,1
73,"aghu | izlq | jvyl | xewl | ydlu || AB,AD,AE,BC,BD,CD,CE",FAKE,no,5,False,0
74,"employee performance | mental health | stress level || AC,BC",RANDOM,no,3,False,0
75,"job performance rating | level of education | salary | years of work experience || AC,AD,BC,BD",REAL,yes,4,True,1
76,"ahpi | imah | lsrx | ojko || AB,AC,BD,CD",FAKE,no,4,True,0
77,"education level | happiness level | income level | job performance || AB,AC,BD,CD",REAL,no,4,True,1
78,"bkyd | enae | rzgq || AC,BC",FAKE,no,3,False,0
79,"the amount of exercise a person gets | the amount of sleep a person gets | the person's energy level | the person's overall health || AD,BC,CD",REAL,no,4,False,1
80,"ncyl | uooz | vxek | xprn || AB,AC,BC,BD",FAKE,no,4,False,0
81,"iykj | nptw | sgnl | tmex || AB,AD,BC,CD",FAKE,yes,4,True,0
82,"the amount of time spent studying | the final grade in the course | the level of understanding of the subject | the test score obtained || AB,AC,BC,BD,CD",REAL,yes,4,True,1
83,"the amount of sleep the night before the exam | the number of hours studied for an exam | the overall performance in the course | the score obtained on the exam || AB,AC,BD,CD",REAL,yes,4,True,1
84,"blood pressure | education level | government policies | rainfull | sales performance || AC,AE,BC,BD,CD,CE,DE",RANDOM,yes,5,True,0
85,"muin | tdsh | vgim || AB,AC",FAKE,yes,3,True,0
86,"dupa | fbzr | vfvq | xizv || AC,AD,BC",FAKE,no,4,True,0
87,"education level | mental health | physical health | wheather condition || AB,AD,BC,BD,CD",RANDOM,no,4,False,0
88,"sund | tavp | ujtl | wkhi || AB,AC,AD,BD,CD",FAKE,no,4,True,0
89,"employee performance | mental health | stress level || AC,BC",RANDOM,no,3,False,0
90,"government policies | physical health | rainfull | severity of respiratory illnesses || AC,AD,BC,BD",RANDOM,no,4,False,0
91,"government policies | income level | talent | work-life balance || AB,AC,AD,BC,CD",RANDOM,yes,4,True,0
92,"customer satisfaction | product quality | revenue | sales || AC,BC,CD",REAL,no,4,False,1
93,"htlq | vldf | zzdz || AC,BC",FAKE,no,3,False,0
94,"amount of trash left on the beach | number of people going to the beach | weather conditions || AB,AC,BC",REAL,no,3,False,1
95,"lyht | lzwf | xlyn || AC,BC",FAKE,no,3,True,0
96,"amount of rainfall | crop yield | soil moisture || AB,BC",REAL,no,3,False,1
97,"availability of alternative routes | road construction | traffic congestion | travel time to destination || AB,AC,AD,BD,CD",REAL,no,4,True,1
98,"amount of exercise | blood pressure | job satisfaction | rainfull || AB,AC,BC,CD",RANDOM,no,4,False,0
99,"job experience | job performance | level of education | salary || AB,AD,BC,BD,CD",REAL,yes,4,True,1
100,"eurf | yikq | zccw || AC,BC",FAKE,yes,3,True,0
101,"bcij | musg | qbfp | qmsx | xrdt || AB,AC,BC,BD,CD,DE",FAKE,no,5,False,0
102,"amount of exercise | employee performance | government policies | physical health || AB,AC,BD,CD",RANDOM,no,4,False,0
103,"a company | company expenses | company profit | company revenue || AB,AC,AD,BC",REAL,no,4,False,1
104,"amount of exercise | caloric intake | weight loss/gain || AC,BC",REAL,yes,3,True,1
105,"crop yield | economic growth | humidity level | profit of farmers | weather conditions || AB,AC,BC,BD,CD,DE",REAL,yes,5,True,1
106,"ferk | rekt | tfmi || AC,BC",FAKE,no,3,False,0
107,"amount of rainfall | crop yield | soil moisture level | weather conditions || AC,AD,BC,CD",REAL,yes,4,True,1
108,"amount of studying | grade in class | overall academic achievement | test performance || AB,BC,BD,CD",REAL,yes,4,True,1
109,"a manufacturing plant | the efficiency of the plant's machinery | the overall profitability of the plant | the production output of the plant || AB,AC,AD,BC,BD",REAL,no,4,True,1
110,"amount of rainfall | crop yield | groundwater level || AB,AC",REAL,no,3,False,1
111,"gibg | gqle | vwlo || AC,BC",FAKE,no,3,True,0
112,"eqln | jlbp | mwdq | watl || AB,AC,AD,BC,BD,CD",FAKE,no,4,False,0
113,"dcmi | gbyj | qkxc | qlzr || AB,AC,BD,CD",FAKE,no,4,False,0
114,"the availability of public transportation | the cost of fuel | the number of cars on the road || AC,BC",REAL,no,3,False,1
115,"alor | dzww | geer | tnkc || AD,BC,CD",FAKE,no,4,False,0
116,"patient's diet | patient's exercise habits | patient's life expectancy | patient's overall health | patient's stress levels || AD,BD,CD,DE",REAL,no,5,False,1
117,"dtdq | lkll | owxw | wmll || AB,AD,BC,CD",FAKE,no,4,False,0
118,"aemv | qftw | wurj | yglq || AB,AC,AD,BC,CD",FAKE,yes,4,True,0
119,"job satisfaction | sales performance | talent | traffic congestion || AB,BC,BD,CD",RANDOM,yes,4,True,0
120,"the amount of exercise a person does | the person's cardiovascular health | the person's immune system | the person's overall health | the person's respiratory health || AB,AD,BC,BE,CD,CE,DE",REAL,yes,5,True,1
121,"amount of exercise | education level | employee performance | physical health | temperature || AC,AE,BC,BE,CD,CE,DE",RANDOM,no,5,True,0
122,"job satisfaction | rainfull | stress level | traffic congestion || AB,AC,AD",RANDOM,no,4,False,0
123,"exxp | hnzi | mlhx | ovlq | wtel || AC,BC,CD,ED",FAKE,no,5,True,0
124,"blood pressure | stress level | temperature | work-life balance || AB,AC,BC,BD,CD",RANDOM,no,4,False,0
125,"the amount of rainfall in a region | the availability of water for irrigation | the crop yield in the region | the water level in a river || AB,AC,BC,BD,CD",REAL,no,4,False,1
126,"adyg | bqct | kvwx | nbzs || AC,BC,CD",FAKE,no,4,False,0
127,"arbu | eons | pgqh | smku || AC,AD,BC,CD",FAKE,no,4,False,0
128,"apearance | government policies | mental health | temperature || AD,BC,CD",RANDOM,yes,4,True,0
129,"amount of sunlight | crop quality | crop yield | weather conditions || AC,AD,BC,BD",REAL,no,4,False,1
130,"amount of exercise | physical health | quality of teaching | severity of respiratory illnesses || AD,BC,CD",RANDOM,no,4,False,0
131,"air pressure | rainfull | severity of respiratory illnesses | stress level || AC,BC,CD",RANDOM,no,4,False,0
132,"kbta | rebc | vtrq | ylaa || AB,AD,BC,BD,CD",FAKE,yes,4,True,0
133,"gqkb | rrej | uniw | vxat | zwyp || AB,AC,AD,BC,BD,BE,CD,DE",FAKE,no,5,False,0
134,"bkzf | fcun | mwcs | xmtp || AB,BC,BD",FAKE,no,4,True,0
135,"the grade achieved in an exam | the likelihood of getting a scholarship | the likelihood of getting admitted to a university | the number of hours spent studying || AB,BC,BD",REAL,no,4,False,1
136,"blood pressure | government policies | severity of respiratory illnesses | work-life balance || AD,BD,CD",RANDOM,no,4,False,0
137,"education level | government policies | severity of respiratory illnesses | temperature || AB,AC,AD,BC,BD,CD",RANDOM,yes,4,True,0
138,"bvzl | novl | pasq || AB,BC",FAKE,yes,3,True,0
139,"employment status | happiness level | income | level of education || AB,AC,AD",REAL,no,4,False,1
140,"amount of exercise | education level | employee performance | physical health | temperature || AC,AE,BC,BE,CD,CE,DE",RANDOM,yes,5,True,0
141,"amount of exercise | education level | employee performance | physical health | temperature || AC,AE,BC,BE,CD,CE,DE",RANDOM,yes,5,True,0
142,"education level | market demand | mental health | temperature || AB,AC,BC,BD",RANDOM,no,4,False,0
143,"alor | dzww | geer | tnkc || AD,BC,CD",FAKE,no,4,False,0
144,"adyg | bqct | kvwx | nbzs || AC,BC,CD",FAKE,no,4,False,0
145,"apearance | quality of teaching | work-life balance || AB,AC",RANDOM,no,3,False,0
146,"blood pressure | severity of respiratory illnesses | wheather condition || AC,BC",RANDOM,no,3,False,0
147,"htwb | jcwu | qguu | resg || AD,BD,CD",FAKE,no,4,False,0
148,"apearance | education level | humidity level | temperature || AB,BC,CD",RANDOM,no,4,True,0
149,"final grade in the class | number of hours of studying for a test | test score || AB,BC",REAL,yes,3,True,1
150,"aemv | qftw | wurj | yglq || AB,AC,AD,BC,CD",FAKE,no,4,False,0
151,"air pressure | job satisfaction | temperature | wheather condition || AB,AC,AD",RANDOM,yes,4,True,0
152,"customer satisfaction | product quality | revenue | sales || AC,BC,CD",REAL,no,4,True,1
153,"apearance | rainfull | temperature | traffic congestion || AB,AD,BC",RANDOM,no,4,True,0
154,"amount of exercise | blood pressure | income level | quality of teaching || AB,BC,BD,CD",RANDOM,no,4,True,0
155,"kuja | ntxj | ttck || AB,BC",FAKE,no,3,True,0
156,"government policies | market demand | quality of teaching || AB,AC",RANDOM,no,3,False,0
157,"the amount of sleep the student gets | the grade the student receives on a test | the number of hours a student studies | the overall academic performance of the student || AB,AD,BD,CD",REAL,yes,4,True,1
158,"aswt | tbxn | tlwo || AB,AC,BC",FAKE,yes,3,True,0
159,"apearance | education level | humidity level | temperature || AB,BC,CD",RANDOM,no,4,False,0
160,"axag | eyse | hsvu | tqrr | vgnx || AD,BD,CD,DE",FAKE,no,5,True,0
161,"htwb | jcwu | qguu | resg || AD,BD,CD",FAKE,no,4,False,0
162,"dhib | maiw | vean | zild || AB,AC,BC,CD",FAKE,no,4,False,0
163,"the final grade of the student | whether a student studies for an exam | whether the student is well-prepared | whether the student performs well on the exam | whether the student understands the material || AB,AC,AD,BC,BD,BE,CD,DE",REAL,no,5,True,1
164,"amount of sleep | exam score | number of hours studied || AC,BC",REAL,no,3,False,1
165,"credit score | income level | loan approval status | savings amount || AB,AC,AD,BD,CD",REAL,yes,4,True,1
166,"exxp | hnzi | mlhx | ovlq | wtel || AC,BC,CD,ED",FAKE,no,5,False,0
167,"air pressure | humidity level | sales performance | work-life balance || AC,AD,BC,CD",RANDOM,no,4,True,0
168,"education level | happiness level | income level | job performance || AB,AC,BD,CD",REAL,no,4,False,1
169,"ejwt | fguc | fywx | gecc | radw || AC,AE,BC,BE,CD,CE,DE",FAKE,no,5,False,0
170,"employee performance | mental health | stress level || AC,BC",RANDOM,no,3,True,0
171,"amount of exercise | blood pressure | job satisfaction | rainfull || AB,AC,BC,CD",RANDOM,no,4,True,0
172,"amount of exercise | blood pressure | income level | quality of teaching || AB,BC,BD,CD",RANDOM,no,4,False,0
173,"bjtk | clwv | dmfl | tvkj || AB,BC,CD",FAKE,no,4,False,0
174,"humidity level | stress level | talent || AC,BC",RANDOM,no,3,False,0
175,"humidity level | physical health | work-life balance || AB,BC",RANDOM,no,3,False,0
176,"exam score | grade in the course | number of hours studied || AB,BC",REAL,no,3,False,1
177,"azgg | lscu | zens | zgcj || AB,AC,AD,BD,CD",FAKE,no,4,False,0
178,"gqkb | rrej | uniw | vxat | zwyp || AB,AC,AD,BC,BD,BE,CD,DE",FAKE,yes,5,True,0
179,"jkcn | ogvr | piki | zgsl || AB,AC,BC,BD",FAKE,no,4,False,0
180,"ejwt | fguc | fywx | gecc | radw || AC,AE,BC,BE,CD,CE,DE",FAKE,no,5,False,0
181,"ahcp | etsq | fqyq | pcit || AB,AD,BD,CD",FAKE,no,4,False,0
182,"the final grade of the student | whether a student studies for an exam | whether the student is well-prepared | whether the student performs well on the exam | whether the student understands the material || AB,AC,AD,BC,BD,BE,CD,DE",REAL,no,5,True,1
183,"amount of exercise | market demand | sales performance | wheather condition || AB,AC,AD,BD,CD",RANDOM,no,4,False,0
184,"gavm | gewg | rrch | vate || AB,AC,AD,BC,BD",FAKE,no,4,False,0
185,"job experience | job performance | level of education | salary | skills proficiency || AB,AD,AE,BC,BD,CD,CE",REAL,no,5,True,1
186,"mental health | severity of respiratory illnesses | talent | work-life balance || AB,AC,AD,BC,CD",RANDOM,yes,4,True,0
187,"amount of exercise | apearance | employee performance | market demand || AB,AD,BC,CD",RANDOM,yes,4,True,0
188,"overall health condition | physical fitness level | time spent exercising || AB,AC",REAL,no,3,False,1
189,"a person's education level | a person's financial stability | a person's income | a person's job status || AB,AC,AD,BC",REAL,yes,4,True,1
190,"government policies | physical health | rainfull | severity of respiratory illnesses || AC,AD,BC,BD",RANDOM,no,4,True,0
191,"job experience | job performance | level of education | salary || AB,AD,BC,BD,CD",REAL,yes,4,True,1
192,"the amount of exercise a person does | the person's cardiovascular health | the person's immune system | the person's overall health | the person's respiratory health || AB,AD,BC,BE,CD,CE,DE",REAL,no,5,False,1
193,"amount of rainfall | crop yield | temperature | wind speed || AD,BD,CD",REAL,no,4,True,1
194,"job satisfaction | sales performance | talent | traffic congestion || AB,BC,BD",RANDOM,yes,4,True,0
195,"credit score | income level | loan approval status | savings amount || AB,AC,AD,BD,CD",REAL,no,4,False,1
196,"air pressure | job satisfaction | temperature | wheather condition || AB,AC,AD",RANDOM,no,4,False,0
197,"the grade achieved in an exam | the likelihood of getting a scholarship | the likelihood of getting admitted to a university | the number of hours spent studying || AB,BC,BD",REAL,no,4,True,1
198,"air pressure | physical health | sales performance | traffic congestion || AC,AD,BC",RANDOM,no,4,False,0
199,"adyg | bqct | kvwx | nbzs || AC,BC,CD",FAKE,no,4,False,0
200,"apearance | blood pressure | employee performance | job satisfaction || AB,AC,AD,BC,BD,CD",RANDOM,no,4,False,0
201,"sund | tavp | ujtl | wkhi || AB,AC,AD,BD,CD",FAKE,no,4,False,0
202,"humidity level | stress level | talent || AC,BC",RANDOM,yes,3,True,0
203,"amount of exercise | employee performance | government policies | physical health || AB,AC,BD,CD",RANDOM,no,4,False,0
204,"eosj | mffx | sozj | taaz || AB,BC,CD",FAKE,yes,4,True,0
205,"whether a person is exposed to a contagious disease | whether the person receives appropriate treatment | whether the person recovers from the disease | whether the person seeks medical attention | whether the person shows symptoms of the disease || AB,AE,BC,BD,CD,CE,DE",REAL,no,5,True,1
206,"job satisfaction | sales performance | talent | traffic congestion || AB,BC,BD,CD",RANDOM,yes,4,True,0
207,"ahpi | imah | lsrx | ojko || AB,AC,BD,CD",FAKE,no,4,False,0
208,"bhrz | tltd | ypil || AB,BC",FAKE,no,3,False,0
209,"gqkb | rrej | uniw | vxat | zwyp || AB,AC,AD,BC,BD,BE,CD,DE",FAKE,no,5,False,0
210,"cegl | jeie | mwcg || AB,AC,BC",FAKE,no,3,False,0
211,"blood pressure | education level | government policies | rainfull | sales performance || AC,AE,BC,BD,CD,CE,DE",RANDOM,no,5,True,0
212,"dliz | iipq | kyfi | uoni || AD,BC,CD",FAKE,no,4,True,0
213,"apearance | education level | humidity level | temperature || AB,BC,CD",RANDOM,no,4,False,0
214,"air pressure | apearance | education level || AB,BC",RANDOM,no,3,False,0
215,"crop yield | the amount of rainfall | the soil moisture level || AB,AC,BC",REAL,no,3,False,1
216,"air pressure | physical health | sales performance | traffic congestion || AC,AD,BC",RANDOM,no,4,False,0
217,"clzo | itsc | kyzr | vvae || AB,BC,BD",FAKE,no,4,True,0
218,"job experience | job performance | level of education | salary | skills proficiency || AB,AD,AE,BC,BD,CD,CE",REAL,no,5,True,1
219,"amount of exercise | employee performance | government policies | physical health || AB,AC,BD,CD",RANDOM,yes,4,True,0
220,"amount of rainfall | crop yield | soil moisture level | weather conditions || AC,AD,BC,CD",REAL,yes,4,True,1
221,"amdi | qlhq | wvif || AB,AC",FAKE,no,3,False,0
222,"job satisfaction | sales performance | talent | traffic congestion || AB,BC,BD",RANDOM,yes,4,True,0
223,"customer satisfaction with a product | number of positive reviews for the product | revenue generated from the product | sales performance of the product || AB,AD,BC,CD",REAL,no,4,False,1
224,"dupa | fbzr | vfvq | xizv || AC,AD,BC",FAKE,no,4,False,0
225,"axag | eyse | hsvu | tqrr | vgnx || AD,BD,CD,DE",FAKE,no,5,False,0
226,"the amount of exercise the person does | the amount of sleep a person gets | the overall health of the person | the productivity level of the person || AB,AD,BD,CD",REAL,no,4,True,1
227,"lyht | lzwf | xlyn || AC,BC",FAKE,no,3,False,0
228,"air pressure | government policies | wheather condition || AC,BC",RANDOM,no,3,False,0
229,"amount of exercise | body weight | caloric intake | overall health || AD,BC,CD",REAL,no,4,False,1
230,"exam score | grade in the course | number of hours studied for an exam || AB,AC,BC",REAL,yes,3,True,1
231,"the amount of time spent studying | the final grade in the course | the level of understanding of the subject | the test score obtained || AB,AC,BC,BD,CD",REAL,no,4,True,1
232,"humidity | precipitation | temperature | weather conditions || AB,AC,BC,BD",REAL,no,4,False,1
233,"oerx | tlqy | xtse | zqrx || AB,AC,BC,BD,CD",FAKE,no,4,False,0
234,"patient's diet | patient's exercise habits | patient's life expectancy | patient's overall health | patient's stress levels || AD,BD,CD,DE",REAL,yes,5,True,1
235,"availability of public transportation | traffic congestion | travel time to work || AB,AC,BC",REAL,no,3,False,1
236,"ceho | jvqa | lgwu || AB,AC,BC",FAKE,no,3,False,0
237,"access to medical facilities | education level | healthcare coverage | income level | overall health status || AC,AE,BC,BE,CD,CE,DE",REAL,yes,5,True,1
238,"mental health | severity of respiratory illnesses | talent | work-life balance || AB,AC,AD,BC,CD",RANDOM,no,4,True,0
239,"job satisfaction | sales performance | talent | wheather condition | work-life balance || AC,BC,CD,ED",RANDOM,yes,5,True,0
240,"amount of exercise | education level | employee performance | physical health | temperature || AC,AE,BC,BE,CD,CE,DE",RANDOM,no,5,False,0
241,"grade in the course | number of hours studied | overall gpa | test performance || AB,BC,CD",REAL,no,4,False,1
242,"the amount of rainfall in a region | the availability of water for irrigation | the crop yield in the region | the water level in a river || AB,AC,BC,BD,CD",REAL,no,4,True,1
243,"air pressure | physical health | temperature | wheather condition || AB,AC,AD,BD,CD",RANDOM,no,4,True,0
244,"the decision to bring an umbrella | the weather forecast | whether the person gets wet | whether the person stays dry || AB,BC,BD",REAL,yes,4,True,1
245,"axag | eyse | hsvu | tqrr | vgnx || AD,BD,CD,DE",FAKE,no,5,False,0
246,"htwb | jcwu | qguu | resg || AD,BD,CD",FAKE,no,4,False,0
247,"enck | mktt | oroo | tlxp || AB,AC,AD,BC",FAKE,no,4,False,0
248,"education level | mental health | rainfull || AB,BC",RANDOM,no,3,False,0
249,"lyht | lzwf | xlyn || AC,BC",FAKE,no,3,False,0
250,"exam score | grade received in the course | number of hours studied for an exam || AB,AC",REAL,no,3,False,1
251,"the amount of rainfall in a region | the availability of water for irrigation | the crop yield in the region | the water level in a river || AB,AC,BC,BD,CD",REAL,yes,4,True,1
252,"education level | government policies | severity of respiratory illnesses | temperature || AB,AC,AD,BC,BD,CD",RANDOM,yes,4,True,0
253,"employee performance | mental health | sales performance | traffic congestion || AB,AC,BC,BD,CD",RANDOM,yes,4,True,0
254,"the amount of sleep the night before the exam | the number of hours studied for an exam | the overall performance in the course | the score obtained on the exam || AB,AC,BD,CD",REAL,no,4,False,1
255,"ftog | jazt | kdns || AB,BC",FAKE,no,3,True,0
256,"amount of exercise | body weight | dietary habits | risk of developing chronic diseases || AC,BC,CD",REAL,no,4,False,1
257,"amount of exercise | physical health | quality of teaching | severity of respiratory illnesses || AD,BC,CD",RANDOM,yes,4,True,0
258,"amount of exercise | job satisfaction | quality of teaching | stress level | wheather condition || AB,AD,BC,BE,CD,CE,DE",RANDOM,no,5,False,0
259,"humidity | rainfall | temperature || AC,BC",REAL,no,3,True,1
260,"ahpi | imah | lsrx | ojko || AB,AC,BD,CD",FAKE,no,4,False,0
261,"education level | mental health | wheather condition || AB,BC",RANDOM,yes,3,True,0
262,"market demand | severity of respiratory illnesses | talent | temperature || AB,AD,BC,BD,CD",RANDOM,yes,4,True,0
263,"job experience | job performance | level of education | salary || AB,AD,BC,BD,CD",REAL,no,4,False,1
264,"blood pressure | humidity level | severity of respiratory illnesses | wheather condition || AC,AD,BC",RANDOM,yes,4,True,0
265,"aghu | izlq | jvyl | xewl | ydlu || AB,AD,AE,BC,BD,CD,CE",FAKE,yes,5,True,0
266,"mental health | severity of respiratory illnesses | talent | work-life balance || AB,AC,AD,BC,CD",RANDOM,yes,4,True,0
267,"amount of exercise | physical health | quality of teaching | severity of respiratory illnesses || AD,BC,CD",RANDOM,no,4,False,0
268,"apearance | rainfull | temperature | traffic congestion || AB,AD,BC",RANDOM,no,4,True,0
269,"the amount of exercise the person does | the amount of sleep a person gets | the overall health of the person | the productivity level of the person || AB,AD,BD,CD",REAL,yes,4,True,1
270,"education level | government policies | rainfull || AC,BC",RANDOM,yes,3,True,0
271,"apearance | blood pressure | job satisfaction | severity of respiratory illnesses | stress level || AB,AC,AD,BC,BD,BE,CD,DE",RANDOM,no,5,False,0
272,"amount of rainfall | crop yield | soil moisture level | weather conditions || AC,AD,BC,CD",REAL,no,4,True,1
273,"a manufacturing plant | the efficiency of the plant's machinery | the overall profitability of the plant | the production output of the plant || AB,AC,AD,BC,BD",REAL,yes,4,True,1
274,"education level | mental health | rainfull || AB,BC",RANDOM,no,3,True,0
275,"grade in the course | number of hours studied | overall gpa | test performance || AB,BC,CD",REAL,no,4,False,1
276,"mrwi | qyhw | zthn || AB,AC,BC",FAKE,yes,3,True,0
277,"government policies | temperature | wheather condition || AC,BC",RANDOM,no,3,False,0
278,"humidity level | stress level | talent || AC,BC",RANDOM,no,3,False,0
279,"employee performance | job satisfaction | severity of respiratory illnesses || AB,AC,BC",RANDOM,no,3,False,0
280,"azgg | lscu | zens | zgcj || AB,AC,AD,BD,CD",FAKE,no,4,False,0
281,"government policies | income level | talent | work-life balance || AB,AC,AD,BC,CD",RANDOM,no,4,False,0
282,"humidity | rainfall | temperature || AC,BC",REAL,no,3,False,1
283,"azip | hfro | smik | zycs || AB,BC,BD,CD",FAKE,no,4,False,0
284,"aghu | izlq | jvyl | xewl | ydlu || AB,AD,AE,BC,BD,CD,CE",FAKE,no,5,False,0
285,"whether a person eats a healthy diet | whether a person exercises regularly | whether a person has good cardiovascular health | whether a person maintains a healthy weight || AB,AD,BC,CD",REAL,yes,4,True,1
286,"oerx | tlqy | xtse | zqrx || AB,AC,BC,BD,CD",FAKE,no,4,True,0
287,"exxp | hnzi | mlhx | ovlq | wtel || AC,BC,CD,ED",FAKE,no,5,True,0
288,"blood pressure | humidity level | severity of respiratory illnesses | wheather condition || AC,AD,BC",RANDOM,no,4,False,0
289,"crop yield | economic growth | humidity level | profit of farmers | weather conditions || AB,AC,BC,BD,CD,DE",REAL,no,5,False,1
290,"azip | hfro | smik | zycs || AB,BC,BD,CD",FAKE,no,4,True,0
291,"amount of exercise | humidity level | stress level || AB,AC",RANDOM,no,3,False,0
292,"education level | employee performance | severity of respiratory illnesses || AB,AC,BC",RANDOM,no,3,True,0
293,"government policies | temperature | wheather condition || AC,BC",RANDOM,no,3,False,0
294,"the amount of sleep the student gets | the grade the student receives on a test | the number of hours a student studies | the overall academic performance of the student || AB,AD,BD,CD",REAL,no,4,True,1
295,"ejwt | fguc | fywx | gecc | radw || AC,AE,BC,BE,CD,CE,DE",FAKE,no,5,True,0
296,"crop yield | economic growth | humidity level | profit of farmers | weather conditions || AB,AC,BC,BD,CD,DE",REAL,no,5,False,1
297,"ejwt | fguc | fywx | gecc | radw || AC,AE,BC,BE,CD,CE,DE",FAKE,no,5,False,0
298,"air pressure | apearance | blood pressure | income level | traffic congestion || AB,AC,BC,BD,CD,DE",RANDOM,no,5,True,0
299,"whether a person gets a good grade in the course | whether a person passes the exam | whether a person studies for an exam || AB,AC,BC",REAL,no,3,True,1
300,"education level | job satisfaction | rainfull | sales performance || AB,AC,AD,BC",RANDOM,yes,4,True,0
301,"cldj | gstf | kcou | pmfi || AB,AC,AD",FAKE,no,4,False,0
302,"air pressure | physical health | quality of teaching || AB,AC,BC",RANDOM,no,3,True,0
303,"azgg | lscu | zens | zgcj || AB,AC,AD,BD,CD",FAKE,yes,4,True,0
304,"air pressure | humidity level | sales performance | work-life balance || AC,AD,BC,CD",RANDOM,no,4,True,0
305,"bkzf | fcun | mwcs | xmtp || AB,BC,BD",FAKE,no,4,True,0
306,"adyg | bqct | kvwx | nbzs || AC,BC,CD",FAKE,no,4,False,0
307,"the amount of time spent studying | the final grade in the course | the level of understanding of the subject | the test score obtained || AB,AC,BC,BD,CD",REAL,yes,4,True,1
308,"education level | mental health | sales performance | talent || AB,AD,BC,CD",RANDOM,no,4,False,0
309,"clzo | itsc | kyzr | vvae || AB,BC,BD",FAKE,no,4,True,0
310,"huit | nlta | nxur | vhuj | xyrs || AB,AD,BC,BE,CD,CE,DE",FAKE,no,5,False,0
311,"whether a person eats a healthy diet | whether a person exercises regularly | whether a person has good cardiovascular health | whether a person maintains a healthy weight || AB,AD,BC,CD",REAL,no,4,False,1
312,"air pressure | income level | job satisfaction || AC,BC",RANDOM,no,3,False,0
313,"bftz | iemr | mcjs | ppux || AC,AD,BC,CD",FAKE,no,4,False,0
314,"enck | mktt | oroo | tlxp || AB,AC,AD,BC",FAKE,yes,4,True,0
315,"axai | ldok | mjlh | pntb || AC,AD,BC,BD",FAKE,no,4,False,0
316,"child's education level | child's health status | child's social skills | parents' income || AB,AC,AD",REAL,no,4,False,1
317,"kttf | mnjp | yens || AC,BC",FAKE,no,3,False,0
318,"government policies | income level | talent | work-life balance || AB,AC,AD,BC,CD",RANDOM,no,4,True,0
319,"cjna | molo | uqxi || AB,AC",FAKE,no,3,False,0
320,"dupa | fbzr | vfvq | xizv || AC,AD,BC",FAKE,no,4,False,0
321,"axai | ldok | mjlh | pntb || AC,AD,BC,BD",FAKE,no,4,False,0
322,"ajlk | bduo | mzbw | vlmn || AB,BC,BD,CD",FAKE,yes,4,True,0
323,"employee performance | mental health | sales performance | traffic congestion || AB,AC,BC,BD,CD",RANDOM,no,4,False,0
324,"bsaz | czvl | tava | vimz || AC,BC,CD",FAKE,no,4,False,0
325,"jepz | rybe | trzg || AB,BC",FAKE,no,3,True,0
326,"hdqy | ivje | qmiv | uoeb || AB,AD,BD,CD",FAKE,no,4,True,0
327,"the amount of exercise the person does | the amount of sleep a person gets | the overall health of the person | the productivity level of the person || AB,AD,BD,CD",REAL,no,4,False,1
328,"bftz | iemr | mcjs | ppux || AC,AD,BC,CD",FAKE,no,4,False,0
329,"the amount of water poured | the growth rate of plants | the weather condition || AC,BC",REAL,yes,3,True,1
330,"the amount of rainfall | the growth rate of plants | the yield of crops || AB,BC",REAL,no,3,False,1
331,"amount of exercise | humidity level | quality of teaching | temperature || AB,AC,BC,BD",RANDOM,no,4,False,0
332,"job experience | job performance | level of education | salary || AB,AD,BC,BD,CD",REAL,no,4,True,1
333,"gavm | gewg | rrch | vate || AB,AC,AD,BC,BD",FAKE,no,4,True,0
334,"customer satisfaction | product quality | revenue | sales || AC,BC,CD",REAL,no,4,True,1
335,"apearance | traffic congestion | wheather condition || AB,BC",RANDOM,yes,3,True,0
336,"air pressure | government policies | wheather condition || AC,BC",RANDOM,no,3,False,0
337,"bcij | musg | qbfp | qmsx | xrdt || AB,AC,BC,BD,CD,DE",FAKE,no,5,False,0
338,"amount of exercise | apearance | talent || AB,AC",RANDOM,no,3,False,0
339,"axag | eyse | hsvu | tqrr | vgnx || AD,BD,CD,DE",FAKE,no,5,False,0
340,"crop growth | harvest yield | temperature || AB,BC",REAL,no,3,False,1
341,"apearance | rainfull | temperature | traffic congestion || AB,AD,BC",RANDOM,no,4,False,0
342,"job satisfaction | sales performance | talent | wheather condition | work-life balance || AC,BC,CD,ED",RANDOM,no,5,True,0
343,"amount of exercise | market demand | sales performance | wheather condition || AB,AC,AD,BD,CD",RANDOM,no,4,False,0
344,"axag | eyse | hsvu | tqrr | vgnx || AD,BD,CD,DE",FAKE,no,5,False,0
345,"customer satisfaction with a product | number of positive reviews for the product | revenue generated from the product | sales performance of the product || AB,AD,BC,CD",REAL,yes,4,True,1
346,"the amount of rainfall | the amount of water in a reservoir | the availability of drinking water | the water level in a river || AB,AD,BC,BD,CD",REAL,no,4,False,1
347,"amount of exercise | apearance | work-life balance || AB,AC,BC",RANDOM,no,3,False,0
348,"azgg | lscu | zens | zgcj || AB,AC,AD,BD,CD",FAKE,no,4,True,0
349,"job satisfaction | sales performance | talent | wheather condition | work-life balance || AC,BC,CD,ED",RANDOM,no,5,True,0
350,"the amount of sleep the student gets | the grade the student receives on a test | the number of hours a student studies | the overall academic performance of the student || AB,AD,BD,CD",REAL,yes,4,True,1
351,"jkcn | ogvr | piki | zgsl || AB,AC,BC,BD",FAKE,no,4,False,0
352,"education level | mental health | wheather condition || AB,BC",RANDOM,no,3,False,0
353,"apearance | rainfull | temperature | traffic congestion || AB,AD,BC",RANDOM,no,4,False,0
354,"air pressure | job satisfaction | temperature | wheather condition || AB,AC,AD",RANDOM,no,4,True,0
355,"elmy | tnsn | xlbg || AC,BC",FAKE,no,3,True,0
356,"the exam score | the number of hours spent sleeping the night before the exam | the number of hours spent studying for an exam || AC,BC",REAL,no,3,False,1
357,"amount of exercise | overall health status | physical fitness level || AB,BC",REAL,no,3,False,1
358,"the grade obtained on the exam | whether a student studies for an exam or not | whether the student passes the course or not || AB,BC",REAL,no,3,True,1
359,"amount of trash left on the beach | number of people going to the beach | weather conditions || AB,AC,BC",REAL,yes,3,True,1
360,"fbge | twac | vdla | vijq || AB,AC,AD",FAKE,no,4,False,0
361,"customer satisfaction with a product | number of positive reviews for the product | revenue generated from the product | sales performance of the product || AB,AD,BC,CD",REAL,no,4,True,1
362,"apearance | quality of teaching | work-life balance || AB,AC",RANDOM,yes,3,True,0
363,"air pressure | apearance | blood pressure | income level | traffic congestion || AB,AC,BC,BD,CD,DE",RANDOM,no,5,False,0
364,"education level | government policies | rainfull || AC,BC",RANDOM,no,3,True,0
365,"the amount of rainfall | the growth of crops | the water level of a river || AB,AC",REAL,no,3,False,1
366,"bfgu | fskd | nbzx || AB,AC",FAKE,no,3,True,0
367,"the amount of exercise a person does | the person's cardiovascular health | the person's immune system | the person's overall health | the person's respiratory health || AB,AD,BC,BE,CD,CE,DE",REAL,no,5,True,1
368,"gavm | gewg | rrch | vate || AB,AC,AD,BC,BD",FAKE,yes,4,True,0
369,"the grade obtained on the exam | whether a student studies for an exam or not | whether the student passes the course or not || AB,BC",REAL,no,3,False,1
370,"market demand | severity of respiratory illnesses | talent | temperature || AB,AD,BC,BD,CD",RANDOM,no,4,False,0
371,"education level | mental health | physical health | wheather condition || AB,AD,BC,BD,CD",RANDOM,no,4,False,0
372,"bcij | musg | qbfp | qmsx | xrdt || AB,AC,BC,BD,CD,DE",FAKE,no,5,False,0
373,"etat | gjot | hlky | sslg || AC,AD,BC,BD,CD",FAKE,no,4,True,0
374,"the amount of exercise a person does | the person's cardiovascular health | the person's immune system | the person's overall health | the person's respiratory health || AB,AD,BC,BE,CD,CE,DE",REAL,no,5,False,1
375,"employment status | happiness level | income | level of education || AB,AC,AD",REAL,no,4,False,1
376,"apearance | stress level | traffic congestion | wheather condition || AB,AC,AD,BC",RANDOM,yes,4,True,0
377,"amount of exercise | education level | humidity level | market demand | sales performance || AB,AD,AE,BC,BD,CD,CE",RANDOM,yes,5,True,0
378,"air pressure | education level | employee performance || AB,AC",RANDOM,yes,3,True,0
379,"the amount of time spent studying | the final grade in the course | the level of understanding of the subject | the test score obtained || AB,AC,BC,BD,CD",REAL,no,4,False,1
380,"icux | mqrw | qeld | rztp || AC,AD,BC",FAKE,no,4,True,0
381,"whether a person gets a good grade in the course | whether a person passes the exam | whether a person studies for an exam || AB,AC,BC",REAL,no,3,True,1
382,"humidity | temperature | weather conditions || AB,AC",REAL,no,3,False,1
383,"lyht | lzwf | xlyn || AC,BC",FAKE,no,3,False,0
384,"amount of studying | grade in class | overall academic achievement | test performance || AB,BC,BD,CD",REAL,no,4,False,1
385,"the amount of sleep the night before the exam | the number of hours studied for an exam | the overall performance in the course | the score obtained on the exam || AB,AC,BD,CD",REAL,no,4,True,1
386,"gavm | gewg | rrch | vate || AB,AC,AD,BC,BD",FAKE,yes,4,True,0
387,"amount of exercise | blood pressure | job satisfaction | rainfull || AB,AC,BC,CD",RANDOM,no,4,True,0
388,"grade in the course | number of hours studied | overall gpa | test performance || AB,BC,CD",REAL,yes,4,True,1
389,"mrdz | mtwz | rewt || AB,AC,BC",FAKE,no,3,False,0
390,"a person waking up in the morning | being more productive throughout the day | drinking a cup of coffee | feeling more alert and energized || AB,BC,CD",REAL,no,4,False,0
391,"gqkb | rrej | uniw | vxat | zwyp || AB,AC,AD,BC,BD,BE,CD,DE",FAKE,no,5,True,0
392,"elmy | tnsn | xlbg || AC,BC",FAKE,no,3,False,0
393,"employee performance | job satisfaction | severity of respiratory illnesses || AB,AC,BC",RANDOM,no,3,False,0
394,"apearance | blood pressure | job satisfaction | severity of respiratory illnesses | stress level || AB,AC,AD,BC,BD,BE,CD,DE",RANDOM,no,5,False,0
395,"eurf | yikq | zccw || AC,BC",FAKE,no,3,False,0
396,"crop yield | economic growth | humidity level | profit of farmers | weather conditions || AB,AC,BC,BD,CD,DE",REAL,no,5,False,1
397,"amount of exercise | body weight | dietary habits | risk of developing chronic diseases || AC,BC,CD",REAL,no,4,True,1
398,"the amount of water poured | the growth rate of plants | the weather condition || AC,BC",REAL,no,3,False,1
399,"ferk | rekt | tfmi || AC,BC",FAKE,no,3,False,0
400,"child's education level | child's health status | child's social skills | parents' income || AB,AC,AD",REAL,no,4,False,1
401,"employee performance | job satisfaction | rainfull | talent | wheather condition || AB,AE,BC,BD,CD,CE,DE",RANDOM,yes,5,True,0
402,"abcp | bdan | xuoo || AB,BC",FAKE,no,3,True,0
403,"grade in the course | number of hours studied | overall gpa | test performance || AB,BC,CD",REAL,yes,4,True,1
404,"axai | ldok | mjlh | pntb || AC,AD,BC,BD",FAKE,no,4,True,0
405,"dliz | iipq | kyfi | uoni || AD,BC,CD",FAKE,no,4,True,0
406,"avtx | etyb | gmjc | wmpz || AD,BD,CD",FAKE,no,4,False,0
407,"crop yield | humidity | rainfall | temperature || AB,AC,AD,BC,CD",REAL,no,4,True,1
408,"axag | eyse | hsvu | tqrr | vgnx || AD,BD,CD,DE",FAKE,no,5,False,0
409,"the grade achieved in an exam | the likelihood of getting a scholarship | the likelihood of getting admitted to a university | the number of hours spent studying || AB,BC,BD",REAL,no,4,False,1
410,"bfgu | fskd | nbzx || AB,AC",FAKE,no,3,False,0
411,"cldj | gstf | kcou | pmfi || AB,AC,AD",FAKE,yes,4,True,0
412,"the amount of sleep the student gets | the grade the student receives on a test | the number of hours a student studies | the overall academic performance of the student || AB,AD,BD,CD",REAL,no,4,True,1
413,"htlq | vldf | zzdz || AC,BC",FAKE,no,3,False,0
414,"education level | market demand | mental health | temperature || AB,AC,BC,BD",RANDOM,no,4,False,0
415,"nvcm | sxxy | zavj || AB,BC",FAKE,yes,3,True,0
416,"bsaz | czvl | tava | vimz || AC,BC,CD",FAKE,no,4,False,0
417,"apearance | employee performance | mental health || AC,BC",RANDOM,yes,3,True,0
418,"muin | tdsh | vgim || AB,AC",FAKE,no,3,False,0
419,"amount of exercise | apearance | employee performance | market demand || AB,AD,BC,CD",RANDOM,yes,4,True,0
420,"dtdq | lkll | owxw | wmll || AB,AD,BC,CD",FAKE,no,4,True,0
421,"air pressure | rainfull | severity of respiratory illnesses | stress level || AC,BC,CD",RANDOM,no,4,False,0
422,"availability of alternative routes | road construction | traffic congestion | travel time to destination || AB,AC,AD,BD,CD",REAL,no,4,True,1
423,"utwx | ynsj | yuif || AB,AC",FAKE,no,3,True,0
424,"education level | income level | job satisfaction | work-life balance || AC,AD,BC",RANDOM,no,4,False,0
425,"fbge | twac | vdla | vijq || AB,AC,AD",FAKE,no,4,False,0
426,"alor | dzww | geer | tnkc || AD,BC,CD",FAKE,no,4,False,0
427,"the amount of rainfall | the amount of water in a reservoir | the availability of drinking water | the water level in a river || AB,AD,BC,BD,CD",REAL,no,4,False,1
428,"gqkb | rrej | uniw | vxat | zwyp || AB,AC,AD,BC,BD,BE,CD,DE",FAKE,no,5,False,0
429,"clzo | itsc | kyzr | vvae || AB,BC,BD",FAKE,no,4,False,0
430,"oerx | tlqy | xtse | zqrx || AB,AC,BC,BD,CD",FAKE,yes,4,True,0
431,"alzb | dtfn | enkc | hjzh || AC,AD,BC,BD",FAKE,yes,4,True,0
432,"apearance | government policies | traffic congestion | work-life balance || AB,AC,AD,BC,BD",RANDOM,no,4,False,0
433,"jepz | rybe | trzg || AB,BC",FAKE,no,3,False,0
434,"apearance | rainfull | temperature | traffic congestion || AB,AD,BC",RANDOM,no,4,False,0
435,"investment in advertising | number of website visits | sales revenue || AB,AC,BC",REAL,no,3,False,1
436,"jepz | rybe | trzg || AB,BC",FAKE,no,3,False,0
437,"dhib | maiw | vean | zild || AB,AC,BC,CD",FAKE,no,4,True,0
438,"job performance rating | level of education | salary | years of work experience || AC,AD,BC,BD",REAL,no,4,False,1
439,"quality of teaching | traffic congestion | wheather condition || AB,AC,BC",RANDOM,yes,3,True,0
440,"amount of exercise | blood pressure | heart rate || AB,AC",REAL,no,3,False,1
441,"azgg | lscu | zens | zgcj || AB,AC,AD,BD,CD",FAKE,no,4,False,0
442,"the final grade of the student | whether a student studies for an exam | whether the student is well-prepared | whether the student performs well on the exam | whether the student understands the material || AB,AC,AD,BC,BD,BE,CD,DE",REAL,yes,5,True,1
443,"eosj | mffx | sozj | taaz || AB,BC,CD",FAKE,no,4,True,0
444,"job experience | job performance | level of education | salary || AB,AD,BC,BD,CD",REAL,no,4,True,1
445,"izlm | qysf | rtfv | zoqj || AB,AC,BC,BD,CD",FAKE,no,4,False,0
446,"education level | humidity level | physical health | temperature || AB,BC,CD",RANDOM,no,4,True,0
447,"quality of teaching | traffic congestion | wheather condition || AB,AC,BC",RANDOM,no,3,True,0
448,"ahlq | fekt | jzav | zpil || AB,AC,AD,BC,BD,CD",FAKE,no,4,True,0
449,"apearance | government policies | traffic congestion | work-life balance || AB,AC,AD,BC,BD",RANDOM,yes,4,True,0
450,"customer satisfaction with a product | number of positive reviews for the product | revenue generated from the product | sales performance of the product || AB,AD,BC,CD",REAL,yes,4,True,1
451,"ncyl | uooz | vxek | xprn || AB,AC,BC,BD",FAKE,no,4,True,0
452,"apearance | quality of teaching | work-life balance || AB,AC",RANDOM,no,3,True,0
453,"air pressure | amount of exercise | education level | income level || AC,AD,BC,CD",RANDOM,no,4,True,0
454,"blood pressure | government policies | severity of respiratory illnesses | work-life balance || AD,BD,CD",RANDOM,yes,4,True,0
455,"afgs | bobg | viah || AB,AC,BC",FAKE,no,3,True,0
456,"bhrz | tltd | ypil || AB,BC",FAKE,yes,3,True,0
457,"exam score | grade received in the course | number of hours studied for an exam || AB,AC",REAL,yes,3,True,1
458,"azgg | lscu | zens | zgcj || AB,AC,AD,BD,CD",FAKE,yes,4,True,0
459,"availability of public transportation | traffic congestion | travel time to work || AB,AC,BC",REAL,no,3,False,1
460,"the amount of rainfall in a region | the availability of water for irrigation | the crop yield in the region | the water level in a river || AB,AC,BC,BD,CD",REAL,no,4,True,1
461,"amount of exercise | employee performance | government policies | physical health || AB,AC,BD,CD",RANDOM,no,4,False,0
462,"education level | happiness level | income level | job performance || AB,AC,BD,CD",REAL,no,4,False,1
463,"huit | nlta | nxur | vhuj | xyrs || AB,AD,BC,BE,CD,CE,DE",FAKE,no,5,True,0
464,"air pressure | physical health | sales performance | traffic congestion || AC,AD,BC",RANDOM,no,4,False,0
465,"the amount of rainfall in a region | the availability of water for irrigation | the crop yield in the region | the water level in a river || AB,AC,BC,BD,CD",REAL,yes,4,True,1
466,"market demand | physical health | severity of respiratory illnesses || AB,AC",RANDOM,no,3,False,0
467,"child's education level | child's health status | child's social skills | parents' income || AB,AC,AD",REAL,no,4,False,1
468,"kbta | rebc | vtrq | ylaa || AB,AD,BC,BD,CD",FAKE,yes,4,True,0
469,"ofyk | tkjv | vsne || AB,AC",FAKE,no,3,False,0
470,"apearance | employee performance | stress level | work-life balance || AB,AC,AD,BC,BD",RANDOM,no,4,True,0
471,"whether a person is exposed to a contagious disease | whether the person receives appropriate treatment | whether the person recovers from the disease | whether the person seeks medical attention | whether the person shows symptoms of the disease || AB,AE,BC,BD,CD,CE,DE",REAL,no,5,False,1
472,"air pressure | blood pressure | education level | severity of respiratory illnesses || AC,AD,BC,BD,CD",RANDOM,yes,4,True,0
473,"mrwi | qyhw | zthn || AB,AC,BC",FAKE,no,3,False,0
474,"whether a person is exposed to a contagious disease | whether the person receives appropriate treatment | whether the person recovers from the disease | whether the person seeks medical attention | whether the person shows symptoms of the disease || AB,AE,BC,BD,CD,CE,DE",REAL,no,5,False,1
475,"oerx | tlqy | xtse | zqrx || AB,AC,BC,BD,CD",FAKE,no,4,True,0
476,"whether a person is exposed to a contagious disease | whether the person receives appropriate treatment | whether the person recovers from the disease | whether the person seeks medical attention | whether the person shows symptoms of the disease || AB,AE,BC,BD,CD,CE,DE",REAL,no,5,False,1
477,"the amount of sleep the night before the exam | the exam score | the number of hours studied for an exam || AC,BC",REAL,no,3,False,1
478,"amount of exercise | education level | job satisfaction | wheather condition || AB,BC,BD",RANDOM,no,4,False,0
479,"axai | ldok | mjlh | pntb || AC,AD,BC,BD",FAKE,no,4,False,0
480,"apearance | government policies | mental health | temperature || AD,BC,CD",RANDOM,no,4,True,0
481,"the amount of exercise a person does per week | the person's physical fitness level | the person's risk of developing chronic diseases || AB,AC",REAL,no,3,False,1
482,"apearance | blood pressure | employee performance | job satisfaction || AB,AC,AD,BC,BD,CD",RANDOM,no,4,False,0
483,"jepz | rybe | trzg || AB,BC",FAKE,no,3,False,0
484,"amount of exercise | education level | humidity level | market demand | sales performance || AB,AD,AE,BC,BD,CD,CE",RANDOM,no,5,False,0
485,"amount of exercise | education level | employee performance | physical health | temperature || AC,AE,BC,BE,CD,CE,DE",RANDOM,no,5,False,0
486,"government policies | income level | talent | work-life balance || AB,AC,AD,BC,CD",RANDOM,yes,4,True,0
487,"mrdz | mtwz | rewt || AB,AC,BC",FAKE,no,3,False,0
488,"axag | eyse | hsvu | tqrr | vgnx || AD,BD,CD,DE",FAKE,no,5,False,0
489,"air pressure | physical health | sales performance | traffic congestion || AC,AD,BC",RANDOM,yes,4,True,0
490,"dtdq | lkll | owxw | wmll || AB,AD,BC,CD",FAKE,no,4,False,0
491,"izlm | qysf | rtfv | zoqj || AB,AC,BC,BD,CD",FAKE,yes,4,True,0
492,"employee performance | income level | sales performance || AC,BC",RANDOM,no,3,True,0
493,"avtx | etyb | gmjc | wmpz || AD,BD,CD",FAKE,no,4,False,0
494,"air pressure | rainfull | severity of respiratory illnesses | stress level || AC,BC,CD",RANDOM,yes,4,True,0
495,"bcij | musg | qbfp | qmsx | xrdt || AB,AC,BC,BD,CD,DE",FAKE,no,5,False,0
496,"employee performance | mental health | stress level || AC,BC",RANDOM,no,3,False,0
497,"bcij | musg | qbfp | qmsx | xrdt || AB,AC,BC,BD,CD,DE",FAKE,no,5,False,0
498,"ejwt | fguc | fywx | gecc | radw || AC,AE,BC,BE,CD,CE,DE",FAKE,no,5,False,0
499,"diih | dyam | ouqo | vepk || AB,AC,AD,BC",FAKE,no,4,False,0
500,"amount of sunlight | crop quality | crop yield | weather conditions || AC,AD,BC,BD",REAL,no,4,False,1
501,"amount of rainfall | crop yield | humidity | temperature || AD,BD,CD",REAL,no,4,True,1
502,"job performance rating | level of education | salary | years of work experience || AC,AD,BC,BD",REAL,no,4,False,1
503,"apearance | traffic congestion | wheather condition || AB,BC",RANDOM,no,3,True,0
504,"education level | income level | traffic congestion | work-life balance || AD,BD,CD",RANDOM,no,4,False,0
505,"ahcp | etsq | fqyq | pcit || AB,AD,BD,CD",FAKE,yes,4,True,0
506,"sund | tavp | ujtl | wkhi || AB,AC,AD,BD,CD",FAKE,no,4,True,0
507,"job performance | job satisfaction | level of education | salary || AB,BC,BD,CD",REAL,yes,4,True,1
508,"blood pressure | market demand | temperature || AB,AC,BC",RANDOM,no,3,True,0
509,"bsaz | czvl | tava | vimz || AC,BC,CD",FAKE,yes,4,True,0
510,"ejwt | fguc | fywx | gecc | radw || AC,AE,BC,BE,CD,CE,DE",FAKE,no,5,True,0
511,"the amount of exercise a person does | the person's cardiovascular health | the person's immune system | the person's overall health | the person's respiratory health || AB,AD,BC,BE,CD,CE,DE",REAL,no,5,True,1
512,"amount of rainfall | crop yield | temperature | wind speed || AD,BD,CD",REAL,no,4,False,1
513,"arrival time at work | availability of public transportation | distance from home to workplace | traffic congestion | weather condition || AC,BC,CD,ED",REAL,yes,5,True,1
514,"the availability of public transportation | the cost of fuel | the number of cars on the road || AC,BC",REAL,no,3,False,1
515,"the final grade of the student | whether a student studies for an exam | whether the student is well-prepared | whether the student performs well on the exam | whether the student understands the material || AB,AC,AD,BC,BD,BE,CD,DE",REAL,yes,5,True,1
516,"air pressure | apearance | blood pressure | income level | traffic congestion || AB,AC,BC,BD,CD,DE",RANDOM,no,5,False,0
517,"arrival time at work | availability of public transportation | distance from home to workplace | traffic congestion | weather condition || AC,BC,CD,ED",REAL,no,5,False,1
518,"academic performance | amount of sleep obtained | number of hours spent studying || AC,BC",REAL,no,3,False,1
519,"apearance | blood pressure | job satisfaction | severity of respiratory illnesses | stress level || AB,AC,AD,BC,BD,BE,CD,DE",RANDOM,yes,5,True,0
520,"amount of exercise | caloric intake | weight loss/gain || AC,BC",REAL,no,3,False,1
521,"amount of rainfall | crop yield | weather conditions || AB,AC,BC",REAL,yes,3,True,1
522,"exxp | hnzi | mlhx | ovlq | wtel || AC,BC,CD,ED",FAKE,no,5,True,0
523,"gavm | gewg | rrch | vate || AB,AC,AD,BC,BD",FAKE,no,4,False,0
524,"apearance | government policies | traffic congestion | work-life balance || AB,AC,AD,BC,BD",RANDOM,no,4,True,0
525,"the amount of rainfall | the amount of water in a reservoir | the availability of drinking water | the water level in a river || AB,AD,BC,BD,CD",REAL,no,4,False,1
526,"government policies | market demand | quality of teaching || AB,AC",RANDOM,no,3,False,0
527,"apearance | employee performance | stress level | work-life balance || AB,AC,AD,BC,BD",RANDOM,yes,4,True,0
528,"the amount of rainfall in a region | the availability of water for irrigation | the crop yield in the region | the water level in a river || AB,AC,BC,BD,CD",REAL,no,4,False,1
529,"ahlq | fekt | jzav | zpil || AB,AC,AD,BC,BD,CD",FAKE,no,4,False,0
530,"amount of exercise | humidity level | quality of teaching | temperature || AB,AC,BC,BD",RANDOM,no,4,False,0
531,"the decision to bring an umbrella | the weather forecast | whether the person gets wet | whether the person stays dry || AB,BC,BD",REAL,no,4,False,1
532,"the final grade of the student | whether a student studies for an exam | whether the student is well-prepared | whether the student performs well on the exam | whether the student understands the material || AB,AC,AD,BC,BD,BE,CD,DE",REAL,yes,5,True,1
533,"ajlk | bduo | mzbw | vlmn || AB,BC,BD,CD",FAKE,no,4,True,0
534,"employee performance | income level | market demand || AB,BC",RANDOM,no,3,True,0
535,"blood pressure | government policies | severity of respiratory illnesses | work-life balance || AD,BD,CD",RANDOM,no,4,False,0
536,"employee performance | mental health | stress level || AC,BC",RANDOM,no,3,False,0
537,"amount of exercise | humidity level | quality of teaching | temperature || AB,AC,BC,BD",RANDOM,no,4,True,0
538,"education level | income level | job satisfaction | quality of life || AC,AD,BC,BD,CD",REAL,yes,4,True,1
539,"the amount of rainfall | the amount of water in a reservoir | the availability of drinking water | the water level in a river || AB,AD,BC,BD,CD",REAL,no,4,False,1
540,"bhrz | tltd | ypil || AB,BC",FAKE,no,3,False,0
541,"arbu | eons | pgqh | smku || AC,AD,BC,CD",FAKE,no,4,True,0
542,"education level | happiness level | income level | job satisfaction | life satisfaction || AC,AE,BC,BD,CD,CE,DE",REAL,no,5,True,1
543,"a company | company expenses | company profit | company revenue || AB,AC,AD,BC",REAL,no,4,True,1
544,"whether a person is exposed to a contagious disease | whether the person receives appropriate treatment | whether the person recovers from the disease | whether the person seeks medical attention | whether the person shows symptoms of the disease || AB,AE,BC,BD,CD,CE,DE",REAL,no,5,False,1
545,"amount of exercise | physical health | quality of teaching | severity of respiratory illnesses || AD,BC,CD",RANDOM,no,4,True,0
546,"grade in the course | number of hours studied | overall gpa | test performance || AB,BC,CD",REAL,no,4,True,1
547,"amount of exercise | education level | humidity level | market demand | sales performance || AB,AD,AE,BC,BD,CD,CE",RANDOM,no,5,True,0
548,"air pressure | apearance | education level || AB,BC",RANDOM,yes,3,True,0
549,"job satisfaction | severity of respiratory illnesses | temperature || AB,AC,BC",RANDOM,no,3,True,0
550,"amount of exercise | employee performance | government policies | physical health || AB,AC,BD,CD",RANDOM,yes,4,True,0
551,"market demand | severity of respiratory illnesses | talent | temperature || AB,AD,BC,BD,CD",RANDOM,no,4,False,0
552,"amount of exercise | overall health status | physical fitness level || AB,BC",REAL,yes,3,True,1
553,"alor | dzww | geer | tnkc || AD,BC,CD",FAKE,no,4,False,0
554,"icux | mqrw | qeld | rztp || AC,AD,BC",FAKE,no,4,False,0
555,"job performance rating | level of education | salary | years of work experience || AC,AD,BC,BD",REAL,no,4,True,1
556,"child's education level | child's health status | child's social skills | parents' income || AB,AC,AD",REAL,no,4,False,1
557,"axag | eyse | hsvu | tqrr | vgnx || AD,BD,CD,DE",FAKE,no,5,False,0
558,"grade in the course | number of hours studied | overall gpa | test performance || AB,BC,CD",REAL,no,4,False,1
559,"air pressure | physical health | temperature | wheather condition || AB,AC,AD,BD,CD",RANDOM,no,4,False,0
560,"education level | income level | job satisfaction | work-life balance || AC,AD,BC",RANDOM,no,4,True,0
561,"clwa | hvxd | szak || AB,AC",FAKE,no,3,False,0
562,"bkzf | fcun | mwcs | xmtp || AB,BC,BD",FAKE,no,4,False,0
563,"aghu | izlq | jvyl | xewl | ydlu || AB,AD,AE,BC,BD,CD,CE",FAKE,yes,5,True,0
564,"education level | mental health | sales performance | talent || AB,AD,BC,CD",RANDOM,no,4,True,0
565,"the amount of rainfall | the growth rate of plants | the yield of crops || AB,BC",REAL,no,3,False,1
566,"enck | mktt | oroo | tlxp || AB,AC,AD,BC",FAKE,yes,4,True,0
567,"job performance rating | level of education | salary | years of work experience || AC,AD,BC,BD",REAL,no,4,False,1
568,"air pressure | physical health | sales performance | traffic congestion || AC,AD,BC",RANDOM,no,4,False,0
569,"employee performance | job satisfaction | rainfull | talent | wheather condition || AB,AE,BC,BD,CD,CE,DE",RANDOM,yes,5,True,0
570,"adyg | bqct | kvwx | nbzs || AC,BC,CD",FAKE,no,4,False,0
571,"elmy | tnsn | xlbg || AC,BC",FAKE,no,3,False,0
572,"eosj | mffx | sozj | taaz || AB,BC,CD",FAKE,no,4,True,0
573,"mrwi | qyhw | zthn || AB,AC,BC",FAKE,yes,3,True,0
574,"apearance | employee performance | mental health || AC,BC",RANDOM,no,3,False,0
575,"the amount of exercise a person does | the person's cardiovascular health | the person's immune system | the person's overall health | the person's respiratory health || AB,AD,BC,BE,CD,CE,DE",REAL,no,5,False,1
576,"a person waking up in the morning | being more productive throughout the day | drinking a cup of coffee | feeling more alert and energized || AB,BC,CD",REAL,no,4,False,0
577,"the amount of rainfall | the growth of crops | the water level of a river || AB,AC",REAL,no,3,False,1
578,"alzb | dtfn | enkc | hjzh || AC,AD,BC,BD",FAKE,no,4,True,0
579,"the amount of exercise a person does | the person's cardiovascular health | the person's immune system | the person's overall health | the person's respiratory health || AB,AD,BC,BE,CD,CE,DE",REAL,no,5,True,1
580,"ajlk | bduo | mzbw | vlmn || AB,BC,BD,CD",FAKE,no,4,False,0
581,"the amount of rainfall | the amount of water in a reservoir | the availability of drinking water | the water level in a river || AB,AD,BC,BD,CD",REAL,no,4,False,1
582,"hdqy | ivje | qmiv | uoeb || AB,AD,BD,CD",FAKE,no,4,False,0
583,"amount of exercise | education level | humidity level | market demand | sales performance || AB,AD,AE,BC,BD,CD,CE",RANDOM,no,5,False,0
584,"air pressure | education level | mental health | work-life balance || AB,AD,BD,CD",RANDOM,no,4,False,0
585,"amount of sunlight | crop quality | crop yield | weather conditions || AC,AD,BC,BD",REAL,no,4,True,1
586,"bsaz | czvl | tava | vimz || AC,BC,CD",FAKE,no,4,False,0
587,"apearance | rainfull | temperature | traffic congestion || AB,AD,BC",RANDOM,no,4,True,0
588,"ftog | jazt | kdns || AB,BC",FAKE,no,3,True,0
589,"gavm | gewg | rrch | vate || AB,AC,AD,BC,BD",FAKE,yes,4,True,0
590,"overall health condition | physical fitness level | time spent exercising || AB,AC",REAL,no,3,False,1
591,"kbta | rebc | vtrq | ylaa || AB,AD,BC,BD,CD",FAKE,no,4,True,0
592,"bhrz | tltd | ypil || AB,BC",FAKE,no,3,True,0
593,"job satisfaction | sales performance | talent | traffic congestion || AB,BC,BD,CD",RANDOM,no,4,True,0
594,"air pressure | income level | job satisfaction || AC,BC",RANDOM,no,3,False,0
595,"ejwt | fguc | fywx | gecc | radw || AC,AE,BC,BE,CD,CE,DE",FAKE,no,5,False,0
596,"humidity level | stress level | talent || AC,BC",RANDOM,no,3,False,0
597,"a person waking up in the morning | being more productive throughout the day | drinking a cup of coffee | feeling more alert and energized || AB,BC,CD",REAL,no,4,False,0
598,"air pressure | blood pressure | education level | severity of respiratory illnesses || AC,AD,BC,BD,CD",RANDOM,yes,4,True,0
599,"abcp | bdan | xuoo || AB,BC",FAKE,no,3,False,0
600,"job experience | job performance | level of education | salary || AB,AD,BC,BD,CD",REAL,no,4,False,1
601,"air pressure | physical health | temperature | wheather condition || AB,AC,AD,BD,CD",RANDOM,no,4,True,0
602,"customer satisfaction | product quality | revenue | sales || AC,BC,CD",REAL,yes,4,True,1
603,"apearance | income level | market demand || AB,AC",RANDOM,yes,3,True,0
604,"amount of exercise | body weight | dietary habits | risk of developing chronic diseases || AC,BC,CD",REAL,no,4,False,1
605,"the grade achieved in an exam | the likelihood of getting a scholarship | the likelihood of getting admitted to a university | the number of hours spent studying || AB,BC,BD",REAL,yes,4,True,1
606,"iykj | nptw | sgnl | tmex || AB,AD,BC,CD",FAKE,no,4,False,0
607,"dtdq | lkll | owxw | wmll || AB,AD,BC,CD",FAKE,no,4,False,0
608,"a person waking up in the morning | being more productive throughout the day | drinking a cup of coffee | feeling more alert and energized || AB,BC,CD",REAL,yes,4,True,0
609,"job satisfaction | sales performance | talent | traffic congestion || AB,BC,BD,CD",RANDOM,no,4,True,0
610,"axag | eyse | hsvu | tqrr | vgnx || AD,BD,CD,DE",FAKE,no,5,False,0
611,"customer satisfaction | product quality | revenue | sales || AC,BC,CD",REAL,no,4,False,1
612,"student's attendance in class | student's final grade in the course | student's performance on exams || AB,BC",REAL,no,3,False,1
613,"azip | hfro | smik | zycs || AB,BC,BD,CD",FAKE,no,4,True,0
614,"a person's education level | the person's income | the person's job title | the person's salary || AC,AD,BC",REAL,no,4,False,1
615,"job satisfaction | sales performance | talent | wheather condition | work-life balance || AC,BC,CD,ED",RANDOM,no,5,False,0
616,"the final grade of the student | whether a student studies for an exam | whether the student is well-prepared | whether the student performs well on the exam | whether the student understands the material || AB,AC,AD,BC,BD,BE,CD,DE",REAL,no,5,False,1
617,"job performance | job satisfaction | level of education | salary || AB,BC,BD,CD",REAL,no,4,True,1
618,"blood pressure | education level | government policies | rainfull | sales performance || AC,AE,BC,BD,CD,CE,DE",RANDOM,no,5,False,0
619,"income level | job satisfaction | level of education | overall happiness || AB,AC,BC,CD",REAL,yes,4,True,1
620,"the grade achieved in an exam | the likelihood of getting a scholarship | the likelihood of getting admitted to a university | the number of hours spent studying || AB,BC,BD",REAL,no,4,False,1
621,"blood pressure | education level | government policies | rainfull | sales performance || AC,AE,BC,BD,CD,CE,DE",RANDOM,no,5,False,0
622,"access to medical facilities | education level | healthcare coverage | income level | overall health status || AC,AE,BC,BE,CD,CE,DE",REAL,yes,5,True,1
623,"frgy | qwss | tcfq || AB,AC,BC",FAKE,no,3,False,0
624,"fbge | twac | vdla | vijq || AB,AC,AD",FAKE,no,4,False,0
625,"customer satisfaction | product quality | revenue | sales || AC,BC,CD",REAL,no,4,False,1
626,"apearance | education level | humidity level | temperature || AB,BC,CD",RANDOM,yes,4,True,0
627,"gikh | ijuv | iqkm | tfoh | tixo || AC,AE,BC,BD,CD,CE,DE",FAKE,no,5,False,0
628,"fhbj | jlwb | ppvf | vsqg || AB,AC,AD,BC,BD",FAKE,no,4,True,0
629,"access to medical facilities | education level | healthcare coverage | income level | overall health status || AC,AE,BC,BE,CD,CE,DE",REAL,yes,5,True,1
630,"air pressure | apearance | blood pressure | income level | traffic congestion || AB,AC,BC,BD,CD,DE",RANDOM,no,5,False,0
631,"gavm | gewg | rrch | vate || AB,AC,AD,BC,BD",FAKE,no,4,False,0
632,"air pressure | physical health | quality of teaching || AB,AC,BC",RANDOM,no,3,False,0
633,"ahlq | fekt | jzav | zpil || AB,AC,AD,BC,BD,CD",FAKE,no,4,False,0
634,"job performance rating | level of education | salary | years of work experience || AC,AD,BC,BD",REAL,no,4,True,1
635,"education level | humidity level | physical health | temperature || AB,BC,CD",RANDOM,yes,4,True,0
636,"a person's education level | a person's financial stability | a person's income | a person's job status || AB,AC,AD,BC",REAL,yes,4,True,1
637,"amount of trash left on the beach | number of people going to the beach | weather conditions || AB,AC,BC",REAL,no,3,False,1
638,"bsaz | czvl | tava | vimz || AC,BC,CD",FAKE,no,4,True,0
639,"amount of exercise | body weight | dietary habits | risk of developing chronic diseases || AC,BC,CD",REAL,no,4,False,1
640,"axag | eyse | hsvu | tqrr | vgnx || AD,BD,CD,DE",FAKE,no,5,True,0
641,"bdnv | llwq | ohtx | ybho || AB,AD,BC",FAKE,yes,4,True,0
642,"education level | happiness level | income level | job performance || AB,AC,BD,CD",REAL,no,4,False,1
643,"aefz | aopv | nuko | uttn | zsuj || AB,AE,BC,BD,CD,CE,DE",FAKE,yes,5,True,0
644,"dhib | maiw | vean | zild || AB,AC,BC,CD",FAKE,no,4,True,0
645,"humidity level | probability of flooding | probability of rain | weather conditions || AB,AC,BC,BD",REAL,no,4,False,1
646,"amount of rainfall | likelihood of flooding | water level in a river || AB,BC",REAL,yes,3,True,1
647,"air pressure | humidity level | sales performance | work-life balance || AC,AD,BC,CD",RANDOM,yes,4,True,0
648,"a person's education level | the person's income | the person's job title | the person's salary || AC,AD,BC",REAL,yes,4,True,1
649,"ofyk | tkjv | vsne || AB,AC",FAKE,no,3,False,0
650,"crop yield | humidity | rainfall | temperature || AB,AC,AD,BC,CD",REAL,no,4,True,1
651,"eano | eomp | vwkf || AB,AC",FAKE,yes,3,True,0
652,"education level | income level | job satisfaction | quality of life || AC,AD,BC,BD,CD",REAL,no,4,False,1
653,"htlq | vldf | zzdz || AC,BC",FAKE,no,3,False,0
654,"amount of exercise | education level | humidity level | market demand | sales performance || AB,AD,AE,BC,BD,CD,CE",RANDOM,yes,5,True,0
655,"air pressure | physical health | quality of teaching || AB,AC,BC",RANDOM,no,3,True,0
656,"htwb | jcwu | qguu | resg || AD,BD,CD",FAKE,no,4,False,0
657,"nivi | ofmf | yeuc | yopl || AB,AD,BC,BD,CD",FAKE,yes,4,True,0
658,"apearance | education level | humidity level | temperature || AB,BC,CD",RANDOM,no,4,False,0
659,"bmbl | hwix | jpjg | lqdm || AC,AD,BC,BD,CD",FAKE,no,4,False,0
660,"axag | eyse | hsvu | tqrr | vgnx || AD,BD,CD,DE",FAKE,no,5,False,0
661,"a person waking up in the morning | being more productive throughout the day | drinking a cup of coffee | feeling more alert and energized || AB,BC,CD",REAL,no,4,False,0
662,"grade in the course | number of hours studied | overall gpa | test performance || AB,BC,CD",REAL,no,4,True,1
663,"huit | nlta | nxur | vhuj | xyrs || AB,AD,BC,BE,CD,CE,DE",FAKE,yes,5,True,0
664,"patient's diet | patient's exercise habits | patient's life expectancy | patient's overall health | patient's stress levels || AD,BD,CD,DE",REAL,no,5,False,1
665,"utwx | ynsj | yuif || AB,AC",FAKE,no,3,False,0
666,"mental health | rainfull | severity of respiratory illnesses | stress level || AB,AD,BD,CD",RANDOM,no,4,False,0
667,"apearance | market demand | talent || AB,AC,BC",RANDOM,yes,3,True,0
668,"job experience | job performance | level of education | salary | skills proficiency || AB,AD,AE,BC,BD,CD,CE",REAL,no,5,True,1
669,"amount of exercise | job satisfaction | quality of teaching | stress level | wheather condition || AB,AD,BC,BE,CD,CE,DE",RANDOM,yes,5,True,0
670,"humidity level | stress level | talent || AC,BC",RANDOM,no,3,False,0
671,"academic performance | amount of sleep obtained | number of hours spent studying || AC,BC",REAL,no,3,True,1
672,"job experience | job performance | level of education | salary | skills proficiency || AB,AD,AE,BC,BD,CD,CE",REAL,no,5,True,1
673,"the amount of rainfall | the growth rate of crops | the water level in the river || AB,AC",REAL,no,3,False,1
674,"ejwt | fguc | fywx | gecc | radw || AC,AE,BC,BE,CD,CE,DE",FAKE,yes,5,True,0
675,"employment status | happiness level | income | level of education || AB,AC,AD",REAL,no,4,False,1
676,"mrdz | mtwz | rewt || AB,AC,BC",FAKE,yes,3,True,0
677,"amount of exercise | body weight | dietary habits | risk of developing chronic diseases || AC,BC,CD",REAL,no,4,False,1
678,"a manufacturing plant | the efficiency of the plant's machinery | the overall profitability of the plant | the production output of the plant || AB,AC,AD,BC,BD",REAL,no,4,False,1
679,"humidity | precipitation | temperature | weather conditions || AB,AC,BC,BD",REAL,no,4,False,1
680,"amount of exercise | overall health condition | physical fitness level || AB,AC",REAL,yes,3,True,1
681,"cldj | gstf | kcou | pmfi || AB,AC,AD",FAKE,no,4,False,0
682,"apearance | government policies | mental health | temperature || AD,BC,CD",RANDOM,no,4,False,0
683,"gqkb | rrej | uniw | vxat | zwyp || AB,AC,AD,BC,BD,BE,CD,DE",FAKE,no,5,False,0
684,"investment in advertising | number of website visits | sales revenue || AB,AC,BC",REAL,no,3,True,1
685,"employee performance | job satisfaction | rainfull | talent | wheather condition || AB,AE,BC,BD,CD,CE,DE",RANDOM,no,5,True,0
686,"alzb | dtfn | enkc | hjzh || AC,AD,BC,BD",FAKE,no,4,False,0
687,"air pressure | humidity level | sales performance | work-life balance || AC,AD,BC,CD",RANDOM,yes,4,True,0
688,"whether a person eats a healthy diet | whether a person exercises regularly | whether a person has good cardiovascular health | whether a person maintains a healthy weight || AB,AD,BC,CD",REAL,no,4,False,1
689,"job satisfaction | sales performance | talent | wheather condition | work-life balance || AC,BC,CD,ED",RANDOM,no,5,True,0
690,"ferk | rekt | tfmi || AC,BC",FAKE,no,3,False,0
691,"apearance | government policies | mental health | temperature || AD,BC,CD",RANDOM,yes,4,True,0
692,"exxp | hnzi | mlhx | ovlq | wtel || AC,BC,CD,ED",FAKE,no,5,False,0
693,"amdi | qlhq | wvif || AB,AC",FAKE,yes,3,True,0
694,"amount of exercise | apearance | employee performance | market demand || AB,AD,BC,CD",RANDOM,no,4,False,0
695,"iykj | nptw | sgnl | tmex || AB,AD,BC,CD",FAKE,no,4,True,0
696,"mental health | rainfull | severity of respiratory illnesses | stress level || AB,AD,BD,CD",RANDOM,no,4,False,0
697,"amount of exercise | education level | humidity level | market demand | sales performance || AB,AD,AE,BC,BD,CD,CE",RANDOM,no,5,True,0
698,"air pressure | education level | mental health | work-life balance || AB,AD,BD,CD",RANDOM,yes,4,True,0
699,"job performance rating | level of education | salary | years of work experience || AC,AD,BC,BD",REAL,yes,4,True,1
700,"dhib | maiw | vean | zild || AB,AC,BC,CD",FAKE,no,4,True,0
701,"a person's education level | the person's income | the person's job title | the person's salary || AC,AD,BC",REAL,no,4,False,1
702,"enck | mktt | oroo | tlxp || AB,AC,AD,BC",FAKE,no,4,False,0
703,"employee performance | income level | sales performance || AC,BC",RANDOM,no,3,False,0
704,"education level | humidity level | physical health | temperature || AB,BC,CD",RANDOM,no,4,False,0
705,"gavm | gewg | rrch | vate || AB,AC,AD,BC,BD",FAKE,no,4,True,0
706,"whether a person gets a good grade in the course | whether a person passes the exam | whether a person studies for an exam || AB,AC,BC",REAL,no,3,False,1
707,"job experience | job performance | level of education | salary || AB,AD,BC,BD,CD",REAL,no,4,False,1
708,"job performance rating | level of education | salary | years of work experience || AC,AD,BC,BD",REAL,no,4,False,1
709,"amount of exercise | market demand | sales performance | wheather condition || AB,AC,AD,BD,CD",RANDOM,no,4,False,0
710,"crop yield | economic growth | humidity level | profit of farmers | weather conditions || AB,AC,BC,BD,CD,DE",REAL,no,5,False,1
711,"ejwt | fguc | fywx | gecc | radw || AC,AE,BC,BE,CD,CE,DE",FAKE,no,5,True,0
712,"gdan | mwnd | vbdd || AB,AC,BC",FAKE,no,3,False,0
713,"gavm | gewg | rrch | vate || AB,AC,AD,BC,BD",FAKE,no,4,False,0
714,"education level | mental health | physical health | wheather condition || AB,AD,BC,BD,CD",RANDOM,yes,4,True,0
715,"amount of exercise | humidity level | quality of teaching | temperature || AB,AC,BC,BD",RANDOM,no,4,True,0
716,"cjna | molo | uqxi || AB,AC",FAKE,no,3,False,0
717,"air pressure | apearance | blood pressure | income level | traffic congestion || AB,AC,BC,BD,CD,DE",RANDOM,no,5,True,0
718,"axag | eyse | hsvu | tqrr | vgnx || AD,BD,CD,DE",FAKE,no,5,False,0
719,"bgty | qgbu | sywk || AB,BC",FAKE,yes,3,True,0
720,"education level | mental health | physical health | wheather condition || AB,AD,BC,BD,CD",RANDOM,no,4,True,0
721,"amount of exercise | education level | humidity level | market demand | sales performance || AB,AD,AE,BC,BD,CD,CE",RANDOM,no,5,False,0
722,"amount of exercise | education level | job satisfaction | wheather condition || AB,BC,BD",RANDOM,no,4,True,0
723,"amount of sunlight | crop quality | crop yield | weather conditions || AC,AD,BC,BD",REAL,no,4,False,1
724,"fhbj | jlwb | ppvf | vsqg || AB,AC,AD,BC,BD",FAKE,no,4,True,0
725,"fhbj | jlwb | ppvf | vsqg || AB,AC,AD,BC,BD",FAKE,no,4,False,0
726,"amount of exercise | job satisfaction | quality of teaching | stress level | wheather condition || AB,AD,BC,BE,CD,CE,DE",RANDOM,no,5,True,0
727,"azip | hfro | smik | zycs || AB,BC,BD,CD",FAKE,no,4,False,0
728,"credit score | income level | loan approval status | savings amount || AB,AC,AD,BD,CD",REAL,no,4,False,1
729,"exam score | grade in the course | number of hours studied || AB,BC",REAL,no,3,True,1
730,"amount of exercise | employee performance | government policies | physical health || AB,AC,BD,CD",RANDOM,no,4,False,0
731,"apearance | traffic congestion | wheather condition || AB,BC",RANDOM,no,3,True,0
732,"air pressure | rainfull | severity of respiratory illnesses | stress level || AC,BC,CD",RANDOM,yes,4,True,0
733,"blood pressure | education level | government policies | rainfull | sales performance || AC,AE,BC,BD,CD,CE,DE",RANDOM,no,5,False,0
734,"the amount of sleep the night before the exam | the number of hours studied for an exam | the overall performance in the course | the score obtained on the exam || AB,AC,BD,CD",REAL,yes,4,True,1
735,"environmental pollution | exposure to toxic chemicals | respiratory diseases || AC,BC",REAL,no,3,False,1
736,"avtx | etyb | gmjc | wmpz || AD,BD,CD",FAKE,yes,4,True,0
737,"whether a person is exposed to a contagious disease | whether the person receives appropriate treatment | whether the person recovers from the disease | whether the person seeks medical attention | whether the person shows symptoms of the disease || AB,AE,BC,BD,CD,CE,DE",REAL,no,5,False,1
738,"alor | dzww | geer | tnkc || AD,BC,CD",FAKE,no,4,False,0
739,"axag | eyse | hsvu | tqrr | vgnx || AD,BD,CD,DE",FAKE,yes,5,True,0
740,"ezwx | uhxm | vqpf || AB,AC",FAKE,no,3,False,0
741,"crop yield | harvest quality | temperature | weather conditions || AC,AD,BC,BD,CD",REAL,no,4,False,1
742,"income level | stress level | talent || AB,AC",RANDOM,no,3,True,0
743,"apearance | rainfull | temperature | traffic congestion || AB,AD,BC",RANDOM,no,4,True,0
744,"blood pressure | market demand | temperature || AB,AC,BC",RANDOM,no,3,False,0
745,"amount of exercise | job satisfaction | quality of teaching | stress level | wheather condition || AB,AD,BC,BE,CD,CE,DE",RANDOM,yes,5,True,0
746,"job performance | level of education | salary level | years of work experience || AC,AD,BC,CD",REAL,yes,4,True,1
747,"jepz | rybe | trzg || AB,BC",FAKE,no,3,True,0
748,"the amount of exercise a person does | the person's cardiovascular health | the person's immune system | the person's overall health | the person's respiratory health || AB,AD,BC,BE,CD,CE,DE",REAL,yes,5,True,1
749,"ahcp | etsq | fqyq | pcit || AB,AD,BD,CD",FAKE,no,4,False,0
750,"gdan | mwnd | vbdd || AB,AC,BC",FAKE,no,3,True,0
751,"customer satisfaction with a product | number of positive reviews for the product | revenue generated from the product | sales performance of the product || AB,AD,BC,CD",REAL,no,4,False,1
752,"gunr | lnco | pugj || AB,BC",FAKE,no,3,True,0
753,"amount of exercise | market demand | sales performance | wheather condition || AB,AC,AD,BD,CD",RANDOM,no,4,False,0
754,"availability of public transportation | traffic congestion | travel time to work || AB,AC,BC",REAL,no,3,False,1
755,"apearance | government policies | traffic congestion | work-life balance || AB,AC,AD,BC,BD",RANDOM,no,4,True,0
756,"job performance | job satisfaction | level of education | salary || AB,BC,BD,CD",REAL,no,4,False,1
757,"job satisfaction | sales performance | talent | wheather condition | work-life balance || AC,BC,CD,ED",RANDOM,yes,5,True,0
758,"the amount of rainfall | the growth rate of plants | the yield of crops || AB,BC",REAL,no,3,False,1
759,"education level | market demand | mental health | temperature || AB,AC,BC,BD",RANDOM,no,4,False,0
760,"amount of rainfall | crop yield | temperature | wind speed || AD,BD,CD",REAL,no,4,False,1
761,"gdan | mwnd | vbdd || AB,AC,BC",FAKE,yes,3,True,0
762,"axai | ldok | mjlh | pntb || AC,AD,BC,BD",FAKE,yes,4,True,0
763,"education level | happiness level | income level | job satisfaction | life satisfaction || AC,AE,BC,BD,CD,CE,DE",REAL,no,5,False,1
764,"education level | happiness level | income level | job satisfaction | life satisfaction || AC,AE,BC,BD,CD,CE,DE",REAL,yes,5,True,1
765,"job experience | job performance | level of education | salary | skills proficiency || AB,AD,AE,BC,BD,CD,CE",REAL,no,5,False,1
766,"air pressure | apearance | blood pressure | income level | traffic congestion || AB,AC,BC,BD,CD,DE",RANDOM,yes,5,True,0
767,"crop yield | humidity | rainfall | temperature || AB,AC,AD,BC,CD",REAL,no,4,True,1
768,"exxp | hnzi | mlhx | ovlq | wtel || AC,BC,CD,ED",FAKE,no,5,False,0
769,"the amount of rainfall | the amount of water in a reservoir | the availability of drinking water | the water level in a river || AB,AD,BC,BD,CD",REAL,no,4,False,1
770,"arrival time at work | availability of public transportation | distance from home to workplace | traffic congestion | weather condition || AC,BC,CD,ED",REAL,no,5,False,1
771,"apearance | employee performance | mental health || AC,BC",RANDOM,no,3,True,0
772,"apearance | employee performance | mental health || AC,BC",RANDOM,yes,3,True,0
773,"employee performance | rainfull | talent || AB,BC",RANDOM,yes,3,True,0
774,"apearance | stress level | traffic congestion | wheather condition || AB,AC,AD,BC",RANDOM,no,4,False,0
775,"huit | nlta | nxur | vhuj | xyrs || AB,AD,BC,BE,CD,CE,DE",FAKE,yes,5,True,0
776,"bfgu | fskd | nbzx || AB,AC",FAKE,no,3,False,0
777,"ahlq | fekt | jzav | zpil || AB,AC,AD,BC,BD,CD",FAKE,no,4,False,0
778,"job experience | job performance | level of education | salary | skills proficiency || AB,AD,AE,BC,BD,CD,CE",REAL,no,5,False,1
779,"job satisfaction | severity of respiratory illnesses | temperature || AB,AC,BC",RANDOM,no,3,False,0
780,"amount of exercise | humidity level | stress level || AB,AC",RANDOM,no,3,False,0
781,"amount of exercise | overall health condition | physical fitness level || AB,AC",REAL,no,3,False,1
782,"job satisfaction | rainfull | stress level | traffic congestion || AB,AC,AD",RANDOM,no,4,False,0
783,"child's education level | child's health status | child's social skills | parents' income || AB,AC,AD",REAL,no,4,False,1
784,"bkzf | fcun | mwcs | xmtp || AB,BC,BD",FAKE,no,4,True,0
785,"aghu | izlq | jvyl | xewl | ydlu || AB,AD,AE,BC,BD,CD,CE",FAKE,no,5,False,0
786,"education level | happiness level | income level | job performance || AB,AC,BD,CD",REAL,no,4,False,1
787,"amount of exercise | body weight | dietary habits | risk of developing chronic diseases || AC,BC,CD",REAL,no,4,True,1
788,"air pressure | blood pressure | education level | severity of respiratory illnesses || AC,AD,BC,BD,CD",RANDOM,no,4,True,0
789,"job satisfaction | sales performance | talent | traffic congestion || AB,BC,BD,CD",RANDOM,no,4,True,0
790,"bgty | qgbu | sywk || AB,BC",FAKE,yes,3,True,0
791,"icux | mqrw | qeld | rztp || AC,AD,BC",FAKE,no,4,False,0
792,"employee performance | mental health | sales performance | traffic congestion || AB,AC,BC,BD,CD",RANDOM,no,4,True,0
793,"apearance | quality of teaching | work-life balance || AB,AC",RANDOM,no,3,False,0
794,"amount of rainfall | crop yield | soil moisture level | weather conditions || AC,AD,BC,CD",REAL,no,4,False,1
795,"a manufacturing plant | the efficiency of the plant's machinery | the overall profitability of the plant | the production output of the plant || AB,AC,AD,BC,BD",REAL,no,4,False,1
796,"a person's education level | a person's financial stability | a person's income | a person's job status || AB,AC,AD,BC",REAL,no,4,False,1
797,"education level | income level | job satisfaction | work-life balance || AC,AD,BC",RANDOM,no,4,True,0
798,"arrival time at work | availability of public transportation | distance from home to workplace | traffic congestion | weather condition || AC,BC,CD,ED",REAL,no,5,True,1
799,"ftog | jazt | kdns || AB,BC",FAKE,no,3,False,0
800,"a company | company expenses | company profit | company revenue || AB,AC,AD,BC",REAL,no,4,False,1
801,"axai | ldok | mjlh | pntb || AC,AD,BC,BD",FAKE,no,4,True,0
802,"the amount of sleep the student gets | the grade the student receives on a test | the number of hours a student studies | the overall academic performance of the student || AB,AD,BD,CD",REAL,no,4,False,1
803,"apearance | education level | government policies | traffic congestion | wheather condition || AD,BD,CD,DE",RANDOM,yes,5,True,0
804,"customer satisfaction | product quality | revenue | sales || AC,BC,CD",REAL,no,4,False,1
805,"bkzf | fcun | mwcs | xmtp || AB,BC,BD",FAKE,no,4,True,0
806,"amount of trash left on the beach | number of people going to the beach | weather conditions || AB,AC,BC",REAL,no,3,False,1
807,"air pressure | quality of teaching | sales performance | work-life balance || AB,AC,BD,CD",RANDOM,yes,4,True,0
808,"dhib | maiw | vean | zild || AB,AC,BC,CD",FAKE,no,4,True,0
809,"crop growth | harvest yield | temperature || AB,BC",REAL,no,3,True,1
810,"job performance | level of education | salary level | years of work experience || AC,AD,BC,CD",REAL,no,4,False,1
811,"environmental pollution | exposure to toxic chemicals | respiratory diseases || AC,BC",REAL,no,3,False,1
812,"education level | mental health | sales performance | talent || AB,AD,BC,CD",RANDOM,yes,4,True,0
813,"amount of exercise | employee performance | government policies | physical health || AB,AC,BD,CD",RANDOM,no,4,True,0
814,"availability of public transportation | traffic congestion | travel time to work || AB,AC,BC",REAL,no,3,True,1
815,"izlm | qysf | rtfv | zoqj || AB,AC,BC,BD,CD",FAKE,no,4,False,0
816,"dupa | fbzr | vfvq | xizv || AC,AD,BC",FAKE,no,4,False,0
817,"eosj | mffx | sozj | taaz || AB,BC,CD",FAKE,no,4,True,0
818,"huit | nlta | nxur | vhuj | xyrs || AB,AD,BC,BE,CD,CE,DE",FAKE,no,5,False,0
819,"air pressure | government policies | wheather condition || AC,BC",RANDOM,yes,3,True,0
820,"air pressure | amount of exercise | education level | income level || AC,AD,BC,CD",RANDOM,no,4,False,0
821,"whether a person eats a healthy diet | whether a person exercises regularly | whether a person has good cardiovascular health | whether a person maintains a healthy weight || AB,AD,BC,CD",REAL,no,4,True,1
822,"avtx | etyb | gmjc | wmpz || AD,BD,CD",FAKE,no,4,False,0
823,"blood pressure | humidity level | severity of respiratory illnesses | wheather condition || AC,AD,BC",RANDOM,no,4,False,0
824,"blood pressure | stress level | temperature | work-life balance || AB,AC,BC,BD,CD",RANDOM,no,4,False,0
825,"grade in the class | number of hours spent studying | test score || AB,AC,BC",REAL,no,3,True,1
826,"amount of exercise | apearance | employee performance | market demand || AB,AD,BC,CD",RANDOM,yes,4,True,0
827,"the amount of rainfall | the amount of water in a reservoir | the availability of drinking water | the water level in a river || AB,AD,BC,BD,CD",REAL,no,4,True,1
828,"amount of exercise | employee performance | government policies | physical health || AB,AC,BD,CD",RANDOM,no,4,False,0
829,"market demand | severity of respiratory illnesses | talent | temperature || AB,AD,BC,BD,CD",RANDOM,no,4,False,0
830,"huit | nlta | nxur | vhuj | xyrs || AB,AD,BC,BE,CD,CE,DE",FAKE,no,5,False,0
831,"education level | happiness level | income level | job satisfaction | life satisfaction || AC,AE,BC,BD,CD,CE,DE",REAL,yes,5,True,1
832,"income level | stress level | talent || AB,AC",RANDOM,no,3,False,0
833,"apearance | government policies | mental health | temperature || AD,BC,CD",RANDOM,no,4,True,0
834,"business owner | number of employees | profit | revenue || AB,AC,AD,BC,BD,CD",REAL,no,4,False,1
835,"enck | mktt | oroo | tlxp || AB,AC,AD,BC",FAKE,no,4,False,0
836,"kttf | mnjp | yens || AC,BC",FAKE,no,3,True,0
837,"dupa | fbzr | vfvq | xizv || AC,AD,BC",FAKE,no,4,False,0
838,"job experience | job performance | level of education | salary | skills proficiency || AB,AD,AE,BC,BD,CD,CE",REAL,no,5,True,1
839,"icux | mqrw | qeld | rztp || AC,AD,BC",FAKE,no,4,False,0
840,"education level | happiness level | income level | job performance || AB,AC,BD,CD",REAL,no,4,True,1
841,"availability of alternative routes | road construction | traffic congestion | travel time to destination || AB,AC,AD,BD,CD",REAL,no,4,False,1
842,"crop yield | humidity | rainfall | temperature || AB,AC,AD,BC,CD",REAL,no,4,False,1
843,"apearance | employee performance | stress level | work-life balance || AB,AC,AD,BC,BD",RANDOM,yes,4,True,0
844,"bgty | qgbu | sywk || AB,BC",FAKE,yes,3,True,0
845,"business owner | number of employees | profit | revenue || AB,AC,AD,BC,BD,CD",REAL,yes,4,True,1
846,"government policies | physical health | rainfull | severity of respiratory illnesses || AC,AD,BC,BD",RANDOM,no,4,False,0
847,"education level | income level | job satisfaction | quality of life || AC,AD,BC,BD,CD",REAL,yes,4,True,1
848,"ftog | jazt | kdns || AB,BC",FAKE,no,3,False,0
849,"ceho | jvqa | lgwu || AB,AC,BC",FAKE,yes,3,True,0
850,"aefz | aopv | nuko | uttn | zsuj || AB,AE,BC,BD,CD,CE,DE",FAKE,no,5,True,0
851,"apearance | market demand | talent || AB,AC,BC",RANDOM,yes,3,True,0
852,"education level | humidity level | physical health | temperature || AB,BC,CD",RANDOM,no,4,False,0
853,"ejwt | fguc | fywx | gecc | radw || AC,AE,BC,BE,CD,CE,DE",FAKE,no,5,False,0
854,"education level | happiness level | income level | job performance || AB,AC,BD,CD",REAL,yes,4,True,1
855,"afgs | bobg | viah || AB,AC,BC",FAKE,yes,3,True,0
856,"the amount of rainfall | the amount of water in a reservoir | the availability of drinking water | the water level in a river || AB,AD,BC,BD,CD",REAL,no,4,True,1
857,"a person waking up in the morning | being more productive throughout the day | drinking a cup of coffee | feeling more alert and energized || AB,BC,CD",REAL,no,4,True,0
858,"availability of alternative routes | road construction | traffic congestion | travel time to destination || AB,AC,AD,BD,CD",REAL,no,4,False,1
859,"job performance rating | level of education | salary | years of work experience || AC,AD,BC,BD",REAL,no,4,False,1
860,"amount of rainfall | crop yield | weather conditions || AB,AC,BC",REAL,no,3,False,1
861,"job experience | job performance | level of education | salary | skills proficiency || AB,AD,AE,BC,BD,CD,CE",REAL,no,5,False,1
862,"ceho | jvqa | lgwu || AB,AC,BC",FAKE,no,3,False,0
863,"ajlk | bduo | mzbw | vlmn || AB,BC,BD,CD",FAKE,no,4,False,0
864,"cegl | jeie | mwcg || AB,AC,BC",FAKE,no,3,False,0
865,"amount of exercise | body weight | caloric intake | overall health || AD,BC,CD",REAL,yes,4,True,1
866,"jkcn | ogvr | piki | zgsl || AB,AC,BC,BD",FAKE,no,4,False,0
867,"cldj | gstf | kcou | pmfi || AB,AC,AD",FAKE,yes,4,True,0
868,"job experience | job performance | level of education | salary || AB,AD,BC,BD,CD",REAL,no,4,False,1
869,"customer satisfaction | product quality | revenue | sales || AC,BC,CD",REAL,no,4,False,1
870,"etat | gjot | hlky | sslg || AC,AD,BC,BD,CD",FAKE,yes,4,True,0
871,"job satisfaction | sales performance | talent | traffic congestion || AB,BC,BD,CD",RANDOM,yes,4,True,0
872,"izlm | qysf | rtfv | zoqj || AB,AC,BC,BD,CD",FAKE,no,4,False,0
873,"education level | humidity level | physical health | temperature || AB,BC,CD",RANDOM,yes,4,True,0
874,"access to medical facilities | education level | healthcare coverage | income level | overall health status || AC,AE,BC,BE,CD,CE,DE",REAL,no,5,True,1
875,"amount of exercise | blood pressure | income level | quality of teaching || AB,BC,BD,CD",RANDOM,no,4,False,0
876,"sund | tavp | ujtl | wkhi || AB,AC,AD,BD,CD",FAKE,yes,4,True,0
877,"gikh | ijuv | iqkm | tfoh | tixo || AC,AE,BC,BD,CD,CE,DE",FAKE,no,5,False,0
878,"amount of rainfall | crop yield | soil moisture || AB,BC",REAL,no,3,True,1
879,"cldj | gstf | kcou | pmfi || AB,AC,AD",FAKE,no,4,False,0
880,"income level | mental health | severity of respiratory illnesses | stress level || AC,AD,BC,BD",RANDOM,no,4,True,0
881,"a person waking up in the morning | being more productive throughout the day | drinking a cup of coffee | feeling more alert and energized || AB,BC,CD",REAL,no,4,True,0
882,"the amount of exercise a person gets | the amount of sleep a person gets | the person's energy level | the person's overall health || AD,BC,CD",REAL,no,4,False,1
883,"amount of exercise | market demand | sales performance | wheather condition || AB,AC,AD,BD,CD",RANDOM,no,4,False,0
884,"amount of money saved | financial return on investment | investment in stocks || AB,AC,BC",REAL,no,3,False,1
885,"amount of exercise | physical health | quality of teaching | severity of respiratory illnesses || AD,BC,CD",RANDOM,no,4,False,0
886,"htlq | vldf | zzdz || AC,BC",FAKE,no,3,False,0
887,"the amount of exercise a person does | the person's cardiovascular health | the person's immune system | the person's overall health | the person's respiratory health || AB,AD,BC,BE,CD,CE,DE",REAL,no,5,True,1
888,"jepz | rybe | trzg || AB,BC",FAKE,yes,3,True,0
889,"job satisfaction | sales performance | talent | wheather condition | work-life balance || AC,BC,CD,ED",RANDOM,no,5,False,0
890,"amount of exercise | apearance | talent || AB,AC",RANDOM,no,3,True,0
891,"access to educational resources | career success | child's education level | parent's income || AB,AD,BC",REAL,yes,4,True,1
892,"ahpi | imah | lsrx | ojko || AB,AC,BD,CD",FAKE,no,4,True,0
893,"education level | mental health | physical health | wheather condition || AB,AD,BC,BD,CD",RANDOM,yes,4,True,0
894,"education level | mental health | physical health | wheather condition || AB,AD,BC,BD,CD",RANDOM,no,4,True,0
895,"employee performance | income level | sales performance || AC,BC",RANDOM,no,3,False,0
896,"the amount of time spent studying | the final grade in the course | the level of understanding of the subject | the test score obtained || AB,AC,BC,BD,CD",REAL,yes,4,True,1
897,"utwx | ynsj | yuif || AB,AC",FAKE,no,3,True,0
898,"bftz | iemr | mcjs | ppux || AC,AD,BC,CD",FAKE,no,4,True,0
899,"apearance | traffic congestion | wheather condition || AB,BC",RANDOM,no,3,False,0
900,"ftog | jazt | kdns || AB,BC",FAKE,yes,3,True,0
901,"apearance | education level | humidity level | temperature || AB,BC,CD",RANDOM,yes,4,True,0
902,"amkb | gpou | qhib || AC,BC",FAKE,yes,3,True,0
903,"market demand | severity of respiratory illnesses | talent | temperature || AB,AD,BC,BD,CD",RANDOM,yes,4,True,0
904,"air pressure | apearance | blood pressure | income level | traffic congestion || AB,AC,BC,BD,CD,DE",RANDOM,yes,5,True,0
905,"amount of exercise | body weight | dietary habits | risk of developing chronic diseases || AC,BC,CD",REAL,no,4,False,1
906,"overall health condition | physical fitness level | time spent exercising || AB,AC",REAL,yes,3,True,1
907,"enck | mktt | oroo | tlxp || AB,AC,AD,BC",FAKE,no,4,True,0
908,"a manufacturing plant | the efficiency of the plant's machinery | the overall profitability of the plant | the production output of the plant || AB,AC,AD,BC,BD",REAL,no,4,False,1
909,"amount of exercise | job satisfaction | quality of teaching | stress level | wheather condition || AB,AD,BC,BE,CD,CE,DE",RANDOM,no,5,False,0
910,"customer satisfaction | product quality | revenue | sales || AC,BC,CD",REAL,no,4,True,1
911,"dupa | fbzr | vfvq | xizv || AC,AD,BC",FAKE,no,4,False,0
912,"investment in advertising | number of website visits | sales revenue || AB,AC,BC",REAL,no,3,False,1
913,"a person's education level | a person's financial stability | a person's income | a person's job status || AB,AC,AD,BC",REAL,no,4,True,1
914,"the amount of sleep the night before the exam | the number of hours studied for an exam | the overall performance in the course | the score obtained on the exam || AB,AC,BD,CD",REAL,no,4,False,1
915,"air pressure | physical health | sales performance | traffic congestion || AC,AD,BC",RANDOM,no,4,False,0
916,"education level | mental health | sales performance | talent || AB,AD,BC,CD",RANDOM,yes,4,True,0
917,"availability of public transportation | traffic congestion | travel time to work || AB,AC,BC",REAL,no,3,True,1
918,"apearance | rainfull | temperature | traffic congestion || AB,AD,BC",RANDOM,no,4,False,0
919,"job satisfaction | sales performance | talent | wheather condition | work-life balance || AC,BC,CD,ED",RANDOM,no,5,True,0
920,"htwb | jcwu | qguu | resg || AD,BD,CD",FAKE,no,4,False,0
921,"apearance | market demand | talent || AB,AC,BC",RANDOM,no,3,True,0
922,"amount of rainfall | growth rate of plants | water level in a nearby river || AB,AC",REAL,no,3,True,1
923,"dtdq | lkll | owxw | wmll || AB,AD,BC,CD",FAKE,yes,4,True,0
924,"grade in the class | number of hours spent studying | test score || AB,AC,BC",REAL,no,3,False,1
925,"whether a person gets a good grade in the course | whether a person passes the exam | whether a person studies for an exam || AB,AC,BC",REAL,no,3,False,1
926,"muin | tdsh | vgim || AB,AC",FAKE,no,3,False,0
927,"education level | income level | traffic congestion | work-life balance || AD,BD,CD",RANDOM,yes,4,True,0
928,"whether a person eats a healthy diet | whether a person exercises regularly | whether a person has good cardiovascular health | whether a person maintains a healthy weight || AB,AD,BC,CD",REAL,no,4,False,1
929,"jiur | vplt | vxmf || AB,AC,BC",FAKE,no,3,False,0
930,"ejwt | fguc | fywx | gecc | radw || AC,AE,BC,BE,CD,CE,DE",FAKE,no,5,False,0
931,"arrival time at work | availability of public transportation | distance from home to workplace | traffic congestion | weather condition || AC,BC,CD,ED",REAL,no,5,True,1
932,"ejwt | fguc | fywx | gecc | radw || AC,AE,BC,BE,CD,CE,DE",FAKE,no,5,False,0
933,"bmbl | hwix | jpjg | lqdm || AC,AD,BC,BD,CD",FAKE,no,4,False,0
934,"icux | mqrw | qeld | rztp || AC,AD,BC",FAKE,no,4,True,0
935,"a company | company expenses | company profit | company revenue || AB,AC,AD,BC",REAL,no,4,False,1
936,"education level | mental health | rainfull || AB,BC",RANDOM,no,3,True,0
937,"air pressure | quality of teaching | sales performance | work-life balance || AB,AC,BD,CD",RANDOM,no,4,True,0
938,"student's attendance in class | student's final grade in the course | student's performance on exams || AB,BC",REAL,yes,3,True,1
939,"air pressure | physical health | sales performance | traffic congestion || AC,AD,BC",RANDOM,no,4,False,0
940,"eqln | jlbp | mwdq | watl || AB,AC,AD,BC,BD,CD",FAKE,no,4,False,0
941,"the final grade of the student | whether a student studies for an exam | whether the student is well-prepared | whether the student performs well on the exam | whether the student understands the material || AB,AC,AD,BC,BD,BE,CD,DE",REAL,no,5,True,1
942,"crop yield | economic growth | humidity level | profit of farmers | weather conditions || AB,AC,BC,BD,CD,DE",REAL,no,5,True,1
943,"exxp | hnzi | mlhx | ovlq | wtel || AC,BC,CD,ED",FAKE,no,5,False,0
944,"amount of exercise | income level | job satisfaction || AC,BC",RANDOM,no,3,False,0
945,"blood pressure | stress level | temperature | work-life balance || AB,AC,BC,BD,CD",RANDOM,yes,4,True,0
946,"humidity | temperature | weather conditions || AB,AC",REAL,no,3,False,1
947,"amount of exercise | education level | humidity level | market demand | sales performance || AB,AD,AE,BC,BD,CD,CE",RANDOM,yes,5,True,0
948,"amount of rainfall | crop yield | soil moisture level | weather conditions || AC,AD,BC,CD",REAL,no,4,True,1
949,"amount of exercise | apearance | work-life balance || AB,AC,BC",RANDOM,no,3,True,0
950,"employee performance | income level | market demand || AB,BC",RANDOM,yes,3,True,0
951,"air pressure | apearance | blood pressure | income level | traffic congestion || AB,AC,BC,BD,CD,DE",RANDOM,no,5,False,0
952,"air pressure | quality of teaching | sales performance | work-life balance || AB,AC,BD,CD",RANDOM,no,4,False,0
953,"the final grade of the student | whether a student studies for an exam | whether the student is well-prepared | whether the student performs well on the exam | whether the student understands the material || AB,AC,AD,BC,BD,BE,CD,DE",REAL,no,5,False,1
954,"amount of exercise | education level | humidity level | market demand | sales performance || AB,AD,AE,BC,BD,CD,CE",RANDOM,no,5,False,0
955,"nvcm | sxxy | zavj || AB,BC",FAKE,no,3,False,0
956,"the grade achieved in an exam | the likelihood of getting a scholarship | the likelihood of getting admitted to a university | the number of hours spent studying || AB,BC,BD",REAL,no,4,True,1
957,"amount of exercise | blood pressure | income level | quality of teaching || AB,BC,BD,CD",RANDOM,yes,4,True,0
958,"air pressure | rainfull | severity of respiratory illnesses | stress level || AC,BC,CD",RANDOM,yes,4,True,0
959,"job experience | job performance | level of education | salary | skills proficiency || AB,AD,AE,BC,BD,CD,CE",REAL,no,5,False,1
960,"a manufacturing plant | the efficiency of the plant's machinery | the overall profitability of the plant | the production output of the plant || AB,AC,AD,BC,BD",REAL,yes,4,True,1
961,"aswt | tbxn | tlwo || AB,AC,BC",FAKE,no,3,False,0
962,"job performance | job satisfaction | level of education | salary || AB,BC,BD,CD",REAL,no,4,True,1
963,"oerx | tlqy | xtse | zqrx || AB,AC,BC,BD,CD",FAKE,no,4,False,0
964,"azip | hfro | smik | zycs || AB,BC,BD,CD",FAKE,no,4,False,0
965,"apearance | government policies | traffic congestion | work-life balance || AB,AC,AD,BC,BD",RANDOM,yes,4,True,0
966,"htwb | jcwu | qguu | resg || AD,BD,CD",FAKE,no,4,False,0
967,"ceho | jvqa | lgwu || AB,AC,BC",FAKE,no,3,False,0
968,"air pressure | sales performance | stress level || AB,BC",RANDOM,no,3,False,0
969,"apearance | education level | humidity level | temperature || AB,BC,CD",RANDOM,yes,4,True,0
970,"bkyd | enae | rzgq || AC,BC",FAKE,yes,3,True,0
971,"customer satisfaction with a product | number of positive reviews for the product | revenue generated from the product | sales performance of the product || AB,AD,BC,CD",REAL,no,4,True,1
972,"abcp | bdan | xuoo || AB,BC",FAKE,no,3,False,0
973,"education level | income level | job satisfaction | work-life balance || AC,AD,BC",RANDOM,no,4,False,0
974,"air pressure | apearance | education level || AB,BC",RANDOM,no,3,False,0
975,"access to medical facilities | education level | healthcare coverage | income level | overall health status || AC,AE,BC,BE,CD,CE,DE",REAL,no,5,True,1
976,"amount of exercise | market demand | sales performance | wheather condition || AB,AC,AD,BD,CD",RANDOM,no,4,False,0
977,"the exam score | the number of hours spent sleeping the night before the exam | the number of hours spent studying for an exam || AC,BC",REAL,no,3,True,1
978,"amount of exercise | education level | humidity level | market demand | sales performance || AB,AD,AE,BC,BD,CD,CE",RANDOM,no,5,False,0
979,"student's attendance in class | student's final grade in the course | student's performance on exams || AB,BC",REAL,no,3,False,1
980,"the amount of exercise a person gets | the amount of sleep a person gets | the person's energy level | the person's overall health || AD,BC,CD",REAL,no,4,True,1
981,"amount of exercise | apearance | employee performance | market demand || AB,AD,BC,CD",RANDOM,no,4,False,0
982,"humidity | temperature | weather conditions || AB,AC",REAL,no,3,True,1
983,"job satisfaction | sales performance | talent | wheather condition | work-life balance || AC,BC,CD,ED",RANDOM,yes,5,True,0
984,"blood pressure | education level | government policies | rainfull | sales performance || AC,AE,BC,BD,CD,CE,DE",RANDOM,no,5,True,0
985,"nvcm | sxxy | zavj || AB,BC",FAKE,no,3,True,0
986,"amount of exercise | apearance | work-life balance || AB,AC,BC",RANDOM,no,3,False,0
987,"air pressure | humidity level | sales performance | work-life balance || AC,AD,BC,CD",RANDOM,no,4,True,0
988,"axai | ldok | mjlh | pntb || AC,AD,BC,BD",FAKE,no,4,False,0
989,"muin | tdsh | vgim || AB,AC",FAKE,no,3,True,0
990,"amount of sunlight | crop quality | crop yield | weather conditions || AC,AD,BC,BD",REAL,no,4,False,1
991,"grade in the course | number of hours studied | overall gpa | test performance || AB,BC,CD",REAL,no,4,False,1
992,"amount of exercise | employee performance | government policies | physical health || AB,AC,BD,CD",RANDOM,no,4,False,0
993,"the decision to bring an umbrella | the weather forecast | whether the person gets wet | whether the person stays dry || AB,BC,BD",REAL,no,4,False,1
994,"eqln | jlbp | mwdq | watl || AB,AC,AD,BC,BD,CD",FAKE,yes,4,True,0
995,"crop yield | the amount of rainfall | the soil moisture level || AB,AC,BC",REAL,no,3,False,1
996,"nivi | ofmf | yeuc | yopl || AB,AD,BC,BD,CD",FAKE,no,4,False,0
997,"air pressure | apearance | blood pressure | income level | traffic congestion || AB,AC,BC,BD,CD,DE",RANDOM,yes,5,True,0
998,"bjtk | clwv | dmfl | tvkj || AB,BC,CD",FAKE,yes,4,True,0
999,"the decision to bring an umbrella | the weather forecast | whether the person gets wet | whether the person stays dry || AB,BC,BD",REAL,no,4,False,1
1000,"arrival time at work | availability of public transportation | distance from home to workplace | traffic congestion | weather condition || AC,BC,CD,ED",REAL,no,5,False,1
1001,"job satisfaction | rainfull | stress level | traffic congestion || AB,AC,AD",RANDOM,no,4,False,0
1002,"the decision to bring an umbrella | the weather forecast | whether the person gets wet | whether the person stays dry || AB,BC,BD",REAL,yes,4,True,1
1003,"air pressure | rainfull | severity of respiratory illnesses | stress level || AC,BC,CD",RANDOM,no,4,True,0
1004,"gdan | mwnd | vbdd || AB,AC,BC",FAKE,no,3,False,0
1005,"education level | happiness level | income level | job satisfaction | life satisfaction || AC,AE,BC,BD,CD,CE,DE",REAL,no,5,True,1
1006,"amount of exercise | humidity level | quality of teaching | temperature || AB,AC,BC,BD",RANDOM,no,4,True,0
1007,"ncyl | uooz | vxek | xprn || AB,AC,BC,BD",FAKE,no,4,False,0
1008,"income level | mental health | severity of respiratory illnesses | stress level || AC,AD,BC,BD",RANDOM,no,4,False,0
1009,"amount of exercise | body weight | dietary habits | risk of developing chronic diseases || AC,BC,CD",REAL,yes,4,True,1
1010,"enck | mktt | oroo | tlxp || AB,AC,AD,BC",FAKE,no,4,False,0
1011,"alor | dzww | geer | tnkc || AD,BC,CD",FAKE,no,4,False,0
1012,"iykj | nptw | sgnl | tmex || AB,AD,BC,CD",FAKE,no,4,False,0
1013,"ncyl | uooz | vxek | xprn || AB,AC,BC,BD",FAKE,no,4,False,0
1014,"dliz | iipq | kyfi | uoni || AD,BC,CD",FAKE,no,4,True,0
1015,"cldj | gstf | kcou | pmfi || AB,AC,AD",FAKE,no,4,False,0
1016,"kbta | rebc | vtrq | ylaa || AB,AD,BC,BD,CD",FAKE,no,4,True,0
1017,"a company | company expenses | company profit | company revenue || AB,AC,AD,BC",REAL,no,4,True,1
1018,"amount of exercise | humidity level | quality of teaching | temperature || AB,AC,BC,BD",RANDOM,no,4,True,0
1019,"axag | eyse | hsvu | tqrr | vgnx || AD,BD,CD,DE",FAKE,yes,5,True,0
1020,"education level | mental health | sales performance | talent || AB,AD,BC,CD",RANDOM,no,4,False,0
1021,"whether a person gets a good grade in the course | whether a person passes the exam | whether a person studies for an exam || AB,AC,BC",REAL,no,3,False,1
1022,"amount of rainfall | crop yield | soil moisture level | weather conditions || AC,AD,BC,CD",REAL,no,4,False,1
1023,"mental health | rainfull | severity of respiratory illnesses | stress level || AB,AD,BD,CD",RANDOM,no,4,True,0
1024,"apearance | income level | market demand || AB,AC",RANDOM,yes,3,True,0
1025,"amdi | qlhq | wvif || AB,AC",FAKE,no,3,False,0
1026,"air pressure | quality of teaching | sales performance | work-life balance || AB,AC,BD,CD",RANDOM,no,4,False,0
1027,"amkb | gpou | qhib || AC,BC",FAKE,no,3,False,0
1028,"cjna | molo | uqxi || AB,AC",FAKE,no,3,False,0
1029,"the grade obtained on the exam | whether a student studies for an exam or not | whether the student passes the course or not || AB,BC",REAL,no,3,False,1
1030,"ahpi | imah | lsrx | ojko || AB,AC,BD,CD",FAKE,no,4,False,0
1031,"bsaz | czvl | tava | vimz || AC,BC,CD",FAKE,no,4,False,0
1032,"frgy | qwss | tcfq || AB,AC,BC",FAKE,no,3,False,0
1033,"the amount of rainfall | the growth rate of crops | the water level in the river || AB,AC",REAL,no,3,False,1
1034,"first-born child | parent | second-born child | third-born child || AB,AC,AD,BC,BD",REAL,no,4,False,1
1035,"income level | job satisfaction | level of education | overall happiness || AB,AC,BC,CD",REAL,yes,4,True,1
1036,"exxp | hnzi | mlhx | ovlq | wtel || AC,BC,CD,ED",FAKE,no,5,False,0
1037,"aefz | aopv | nuko | uttn | zsuj || AB,AE,BC,BD,CD,CE,DE",FAKE,yes,5,True,0
1038,"academic performance | amount of sleep obtained | number of hours spent studying || AC,BC",REAL,no,3,False,1
1039,"ajlk | bduo | mzbw | vlmn || AB,BC,BD,CD",FAKE,yes,4,True,0
1040,"air pressure | physical health | sales performance | traffic congestion || AC,AD,BC",RANDOM,no,4,False,0
1041,"amount of exercise | body weight | dietary habits | risk of developing chronic diseases || AC,BC,CD",REAL,yes,4,True,1
1042,"the amount of sleep the night before the exam | the number of hours studied for an exam | the overall performance in the course | the score obtained on the exam || AB,AC,BD,CD",REAL,yes,4,True,1
1043,"aghu | izlq | jvyl | xewl | ydlu || AB,AD,AE,BC,BD,CD,CE",FAKE,no,5,False,0
1044,"azip | hfro | smik | zycs || AB,BC,BD,CD",FAKE,no,4,False,0
1045,"ferk | rekt | tfmi || AC,BC",FAKE,yes,3,True,0
1046,"blood pressure | severity of respiratory illnesses | wheather condition || AC,BC",RANDOM,no,3,True,0
1047,"cobw | dvqk | jqrn || AC,BC",FAKE,no,3,True,0
1048,"dupa | fbzr | vfvq | xizv || AC,AD,BC",FAKE,no,4,False,0
1049,"azip | hfro | smik | zycs || AB,BC,BD,CD",FAKE,no,4,False,0
1050,"humidity level | probability of flooding | probability of rain | weather conditions || AB,AC,BC,BD",REAL,no,4,True,1
1051,"axag | eyse | hsvu | tqrr | vgnx || AD,BD,CD,DE",FAKE,yes,5,True,0
1052,"huit | nlta | nxur | vhuj | xyrs || AB,AD,BC,BE,CD,CE,DE",FAKE,no,5,False,0
1053,"education level | mental health | physical health | wheather condition || AB,AD,BC,BD,CD",RANDOM,yes,4,True,0
1054,"clzo | itsc | kyzr | vvae || AB,BC,BD",FAKE,no,4,True,0
1055,"jepz | rybe | trzg || AB,BC",FAKE,no,3,True,0
1056,"amount of exercise | apearance | talent || AB,AC",RANDOM,yes,3,True,0
1057,"the amount of exercise a person does | the person's cardiovascular health | the person's immune system | the person's overall health | the person's respiratory health || AB,AD,BC,BE,CD,CE,DE",REAL,no,5,False,1
1058,"jiur | vplt | vxmf || AB,AC,BC",FAKE,no,3,False,0
1059,"apearance | education level | humidity level | temperature || AB,BC,CD",RANDOM,no,4,False,0
1060,"ahcp | etsq | fqyq | pcit || AB,AD,BD,CD",FAKE,no,4,False,0
1061,"amount of exercise | blood pressure | job satisfaction | rainfull || AB,AC,BC,CD",RANDOM,no,4,True,0
1062,"a person waking up in the morning | being more productive throughout the day | drinking a cup of coffee | feeling more alert and energized || AB,BC,CD",REAL,yes,4,True,0
1063,"amount of exercise | body weight | caloric intake | overall health || AD,BC,CD",REAL,no,4,True,1
1064,"humidity | temperature | weather conditions || AB,AC",REAL,no,3,False,1
1065,"the availability of public transportation | the cost of fuel | the number of cars on the road || AC,BC",REAL,no,3,False,1
1066,"income level | mental health | severity of respiratory illnesses | stress level || AC,AD,BC,BD",RANDOM,no,4,False,0
1067,"gibg | gqle | vwlo || AC,BC",FAKE,no,3,False,0
1068,"aghu | izlq | jvyl | xewl | ydlu || AB,AD,AE,BC,BD,CD,CE",FAKE,no,5,True,0
1069,"job satisfaction | sales performance | talent | wheather condition | work-life balance || AC,BC,CD,ED",RANDOM,no,5,False,0
1070,"amount of rainfall | crop yield | soil moisture level | weather conditions || AC,AD,BC,CD",REAL,no,4,False,1
1071,"eurf | yikq | zccw || AC,BC",FAKE,no,3,False,0
1072,"air pressure | quality of teaching | sales performance | work-life balance || AB,AC,BD,CD",RANDOM,yes,4,True,0
1073,"ftog | jazt | kdns || AB,BC",FAKE,no,3,False,0
1074,"ahcp | etsq | fqyq | pcit || AB,AD,BD,CD",FAKE,no,4,False,0
1075,"education level | happiness level | income level | job satisfaction | life satisfaction || AC,AE,BC,BD,CD,CE,DE",REAL,no,5,False,1
1076,"ejwt | fguc | fywx | gecc | radw || AC,AE,BC,BE,CD,CE,DE",FAKE,yes,5,True,0
1077,"air pressure | sales performance | stress level || AB,BC",RANDOM,no,3,True,0
1078,"aghu | izlq | jvyl | xewl | ydlu || AB,AD,AE,BC,BD,CD,CE",FAKE,no,5,True,0
1079,"humidity | precipitation | temperature | weather conditions || AB,AC,BC,BD",REAL,no,4,False,1
1080,"education level | mental health | sales performance | talent || AB,AD,BC,CD",RANDOM,no,4,False,0
1081,"the amount of exercise a person does | the person's cardiovascular health | the person's immune system | the person's overall health | the person's respiratory health || AB,AD,BC,BE,CD,CE,DE",REAL,yes,5,True,1
1082,"blood pressure | humidity level | severity of respiratory illnesses | wheather condition || AC,AD,BC",RANDOM,yes,4,True,0
1083,"aplp | fsar | jmxb | ysko || AB,AC,AD,BC,CD",FAKE,no,4,True,0
1084,"amount of exercise | caloric intake | weight loss/gain || AC,BC",REAL,no,3,False,1
1085,"hdqy | ivje | qmiv | uoeb || AB,AD,BD,CD",FAKE,no,4,False,0
1086,"arrival time at work | availability of public transportation | distance from home to workplace | traffic congestion | weather condition || AC,BC,CD,ED",REAL,no,5,False,1
1087,"blood pressure | stress level | temperature | work-life balance || AB,AC,BC,BD,CD",RANDOM,no,4,True,0
1088,"azgg | lscu | zens | zgcj || AB,AC,AD,BD,CD",FAKE,no,4,True,0
1089,"eosj | mffx | sozj | taaz || AB,BC,CD",FAKE,no,4,True,0
1090,"fbge | twac | vdla | vijq || AB,AC,AD",FAKE,no,4,False,0
1091,"aemv | qftw | wurj | yglq || AB,AC,AD,BC,CD",FAKE,no,4,True,0
1092,"aplp | fsar | jmxb | ysko || AB,AC,AD,BC,CD",FAKE,no,4,False,0
1093,"arbu | eons | pgqh | smku || AC,AD,BC,CD",FAKE,no,4,False,0
1094,"aplp | fsar | jmxb | ysko || AB,AC,AD,BC,CD",FAKE,no,4,False,0
1095,"investment in advertising | number of website visits | sales revenue || AB,AC,BC",REAL,no,3,False,1
1096,"amount of rainfall | crop yield | groundwater level || AB,AC",REAL,no,3,False,1
1097,"air pressure | apearance | education level || AB,BC",RANDOM,no,3,False,0
1098,"fhbj | jlwb | ppvf | vsqg || AB,AC,AD,BC,BD",FAKE,no,4,False,0
1099,"employee performance | mental health | sales performance | traffic congestion || AB,AC,BC,BD,CD",RANDOM,no,4,False,0
1100,"air pressure | apearance | blood pressure | income level | traffic congestion || AB,AC,BC,BD,CD,DE",RANDOM,yes,5,True,0
1101,"eosj | mffx | sozj | taaz || AB,BC,CD",FAKE,no,4,False,0
1102,"the amount of sleep the night before the exam | the number of hours studied for an exam | the overall performance in the course | the score obtained on the exam || AB,AC,BD,CD",REAL,no,4,True,1
1103,"oerx | tlqy | xtse | zqrx || AB,AC,BC,BD,CD",FAKE,no,4,False,0
1104,"a company | company expenses | company profit | company revenue || AB,AC,AD,BC",REAL,no,4,False,1
1105,"the amount of sleep the night before the exam | the exam score | the number of hours studied for an exam || AC,BC",REAL,no,3,True,1
1106,"job experience | job performance | level of education | salary | skills proficiency || AB,AD,AE,BC,BD,CD,CE",REAL,yes,5,True,1
1107,"humidity level | physical health | work-life balance || AB,BC",RANDOM,yes,3,True,0
1108,"fhbj | jlwb | ppvf | vsqg || AB,AC,AD,BC,BD",FAKE,no,4,False,0
1109,"apearance | education level | government policies | traffic congestion | wheather condition || AD,BD,CD,DE",RANDOM,no,5,False,0
1110,"amount of exercise | employee performance | government policies | physical health || AB,AC,BD,CD",RANDOM,no,4,True,0
1111,"whether a person eats a healthy diet | whether a person exercises regularly | whether a person has good cardiovascular health | whether a person maintains a healthy weight || AB,AD,BC,CD",REAL,yes,4,True,1
1112,"bvzl | novl | pasq || AB,BC",FAKE,no,3,False,0
1113,"job experience | job performance | level of education | salary | skills proficiency || AB,AD,AE,BC,BD,CD,CE",REAL,no,5,False,1
1114,"jkcn | ogvr | piki | zgsl || AB,AC,BC,BD",FAKE,yes,4,True,0
1115,"blood pressure | government policies | severity of respiratory illnesses | work-life balance || AD,BD,CD",RANDOM,no,4,True,0
1116,"amount of sunlight | crop quality | crop yield | weather conditions || AC,AD,BC,BD",REAL,no,4,True,1
1117,"cbjg | xoge | xvis || AB,AC,BC",FAKE,no,3,False,0
1118,"clwa | hvxd | szak || AB,AC",FAKE,yes,3,True,0
1119,"humidity | temperature | weather conditions || AB,AC",REAL,no,3,False,1
1120,"gqkb | rrej | uniw | vxat | zwyp || AB,AC,AD,BC,BD,BE,CD,DE",FAKE,no,5,False,0
1121,"ahpi | imah | lsrx | ojko || AB,AC,BD,CD",FAKE,no,4,True,0
1122,"the amount of sleep the night before the exam | the number of hours studied for an exam | the overall performance in the course | the score obtained on the exam || AB,AC,BD,CD",REAL,no,4,False,1
1123,"adyg | bqct | kvwx | nbzs || AC,BC,CD",FAKE,no,4,False,0
1124,"bjtk | clwv | dmfl | tvkj || AB,BC,CD",FAKE,no,4,False,0
1125,"cjna | molo | uqxi || AB,AC",FAKE,no,3,True,0
1126,"exxp | hnzi | mlhx | ovlq | wtel || AC,BC,CD,ED",FAKE,yes,5,True,0
1127,"grade in the course | number of hours studied | overall gpa | test performance || AB,BC,CD",REAL,no,4,False,1
1128,"etat | gjot | hlky | sslg || AC,AD,BC,BD,CD",FAKE,no,4,False,0
1129,"employee performance | job satisfaction | rainfull | talent | wheather condition || AB,AE,BC,BD,CD,CE,DE",RANDOM,no,5,True,0
1130,"education level | job satisfaction | rainfull | sales performance || AB,AC,AD,BC",RANDOM,no,4,False,0
1131,"the amount of exercise a person does | the person's cardiovascular health | the person's immune system | the person's overall health | the person's respiratory health || AB,AD,BC,BE,CD,CE,DE",REAL,no,5,True,1
1132,"huit | nlta | nxur | vhuj | xyrs || AB,AD,BC,BE,CD,CE,DE",FAKE,no,5,True,0
1133,"credit score | income level | loan approval status | savings amount || AB,AC,AD,BD,CD",REAL,no,4,True,1
1134,"dtdq | lkll | owxw | wmll || AB,AD,BC,CD",FAKE,yes,4,True,0
1135,"bvzl | novl | pasq || AB,BC",FAKE,no,3,False,0
1136,"education level | mental health | sales performance | talent || AB,AD,BC,CD",RANDOM,no,4,False,0
1137,"exxp | hnzi | mlhx | ovlq | wtel || AC,BC,CD,ED",FAKE,no,5,False,0
1138,"mrdz | mtwz | rewt || AB,AC,BC",FAKE,no,3,True,0
1139,"htwb | jcwu | qguu | resg || AD,BD,CD",FAKE,no,4,False,0
1140,"exam score | grade in the course | number of hours studied || AB,BC",REAL,no,3,False,1
1141,"the amount of sleep the student gets | the grade the student receives on a test | the number of hours a student studies | the overall academic performance of the student || AB,AD,BD,CD",REAL,no,4,True,1
1142,"education level | job satisfaction | rainfull | sales performance || AB,AC,AD,BC",RANDOM,yes,4,True,0
1143,"job performance | level of education | salary level | years of work experience || AC,AD,BC,CD",REAL,no,4,False,1
1144,"amount of money saved | financial return on investment | investment in stocks || AB,AC,BC",REAL,no,3,True,1
1145,"avtx | etyb | gmjc | wmpz || AD,BD,CD",FAKE,no,4,False,0
1146,"amount of trash left on the beach | number of people going to the beach | weather conditions || AB,AC,BC",REAL,no,3,True,1
1147,"aemv | qftw | wurj | yglq || AB,AC,AD,BC,CD",FAKE,no,4,False,0
1148,"apearance | blood pressure | employee performance | job satisfaction || AB,AC,AD,BC,BD,CD",RANDOM,no,4,True,0
1149,"amount of exercise | blood pressure | job satisfaction | rainfull || AB,AC,BC,CD",RANDOM,no,4,False,0
1150,"azgg | lscu | zens | zgcj || AB,AC,AD,BD,CD",FAKE,no,4,True,0
1151,"job satisfaction | sales performance | talent | wheather condition | work-life balance || AC,BC,CD,ED",RANDOM,no,5,False,0
1152,"avtx | etyb | gmjc | wmpz || AD,BD,CD",FAKE,no,4,False,0
1153,"aefz | aopv | nuko | uttn | zsuj || AB,AE,BC,BD,CD,CE,DE",FAKE,no,5,False,0
1154,"apearance | blood pressure | employee performance | job satisfaction || AB,AC,AD,BC,BD,CD",RANDOM,yes,4,True,0
1155,"the amount of exercise the person does | the amount of sleep a person gets | the overall health of the person | the productivity level of the person || AB,AD,BD,CD",REAL,yes,4,True,1
1156,"air pressure | apearance | blood pressure | income level | traffic congestion || AB,AC,BC,BD,CD,DE",RANDOM,yes,5,True,0
1157,"amount of exercise | education level | job satisfaction | wheather condition || AB,BC,BD",RANDOM,no,4,False,0
1158,"cbjg | xoge | xvis || AB,AC,BC",FAKE,yes,3,True,0
1159,"eosj | mffx | sozj | taaz || AB,BC,CD",FAKE,no,4,False,0
1160,"bdnv | llwq | ohtx | ybho || AB,AD,BC",FAKE,no,4,False,0
1161,"whether a person is exposed to a contagious disease | whether the person receives appropriate treatment | whether the person recovers from the disease | whether the person seeks medical attention | whether the person shows symptoms of the disease || AB,AE,BC,BD,CD,CE,DE",REAL,no,5,True,1
1162,"the amount of water poured | the growth rate of plants | the weather condition || AC,BC",REAL,no,3,False,1
1163,"education level | mental health | sales performance | talent || AB,AD,BC,CD",RANDOM,no,4,True,0
1164,"aefz | aopv | nuko | uttn | zsuj || AB,AE,BC,BD,CD,CE,DE",FAKE,no,5,False,0
1165,"crop yield | humidity | rainfall | temperature || AB,AC,AD,BC,CD",REAL,yes,4,True,1
1166,"ftog | jazt | kdns || AB,BC",FAKE,yes,3,True,0
1167,"amount of exercise | overall health condition | physical fitness level || AB,AC",REAL,yes,3,True,1
1168,"the final grade of the student | whether a student studies for an exam | whether the student is well-prepared | whether the student performs well on the exam | whether the student understands the material || AB,AC,AD,BC,BD,BE,CD,DE",REAL,no,5,False,1
1169,"education level | happiness level | income level | job performance || AB,AC,BD,CD",REAL,no,4,True,1
1170,"amount of money saved | financial return on investment | investment in stocks || AB,AC,BC",REAL,no,3,False,1
1171,"crop yield | economic growth | humidity level | profit of farmers | weather conditions || AB,AC,BC,BD,CD,DE",REAL,no,5,False,1
1172,"job satisfaction | rainfull | stress level | traffic congestion || AB,AC,AD",RANDOM,no,4,False,0
1173,"the amount of exercise a person does | the person's cardiovascular health | the person's immune system | the person's overall health | the person's respiratory health || AB,AD,BC,BE,CD,CE,DE",REAL,no,5,True,1
1174,"mental health | severity of respiratory illnesses | talent | work-life balance || AB,AC,AD,BC,CD",RANDOM,yes,4,True,0
1175,"azip | hfro | smik | zycs || AB,BC,BD,CD",FAKE,no,4,False,0
1176,"fhbj | jlwb | ppvf | vsqg || AB,AC,AD,BC,BD",FAKE,no,4,False,0
1177,"kttf | mnjp | yens || AC,BC",FAKE,no,3,False,0
1178,"grade in the course | number of hours studied | overall gpa | test performance || AB,BC,CD",REAL,no,4,True,1
1179,"education level | happiness level | income level | job performance || AB,AC,BD,CD",REAL,no,4,True,1
1180,"air pressure | physical health | sales performance | traffic congestion || AC,AD,BC",RANDOM,no,4,False,0
1181,"child's education level | child's health status | child's social skills | parents' income || AB,AC,AD",REAL,no,4,False,1
1182,"dliz | iipq | kyfi | uoni || AD,BC,CD",FAKE,no,4,False,0
1183,"izlm | qysf | rtfv | zoqj || AB,AC,BC,BD,CD",FAKE,yes,4,True,0
1184,"amount of exercise | humidity level | quality of teaching | temperature || AB,AC,BC,BD",RANDOM,no,4,False,0
1185,"government policies | income level | talent | work-life balance || AB,AC,AD,BC,CD",RANDOM,yes,4,True,0
1186,"mental health | rainfull | severity of respiratory illnesses | stress level || AB,AD,BD,CD",RANDOM,yes,4,True,0
1187,"ahcp | etsq | fqyq | pcit || AB,AD,BD,CD",FAKE,no,4,False,0
1188,"humidity level | probability of flooding | probability of rain | weather conditions || AB,AC,BC,BD",REAL,no,4,False,1
1189,"the availability of public transportation | the cost of fuel | the number of cars on the road || AC,BC",REAL,no,3,False,1
1190,"job experience | job performance | level of education | salary | skills proficiency || AB,AD,AE,BC,BD,CD,CE",REAL,no,5,False,1
1191,"amount of rainfall | growth rate of plants | water level in a nearby river || AB,AC",REAL,no,3,False,1
1192,"apearance | blood pressure | job satisfaction | severity of respiratory illnesses | stress level || AB,AC,AD,BC,BD,BE,CD,DE",RANDOM,yes,5,True,0
1193,"customer satisfaction | product quality | revenue | sales || AC,BC,CD",REAL,no,4,False,1
1194,"a person waking up in the morning | being more productive throughout the day | drinking a cup of coffee | feeling more alert and energized || AB,BC,CD",REAL,no,4,True,0
1195,"cldj | gstf | kcou | pmfi || AB,AC,AD",FAKE,no,4,False,0
1196,"education level | job satisfaction | rainfull | sales performance || AB,AC,AD,BC",RANDOM,yes,4,True,0
1197,"education level | income level | job satisfaction | work-life balance || AC,AD,BC",RANDOM,no,4,False,0
1198,"air pressure | physical health | quality of teaching || AB,AC,BC",RANDOM,no,3,False,0
1199,"ahpi | imah | lsrx | ojko || AB,AC,BD,CD",FAKE,no,4,True,0
1200,"bdnv | llwq | ohtx | ybho || AB,AD,BC",FAKE,no,4,False,0
1201,"eqln | jlbp | mwdq | watl || AB,AC,AD,BC,BD,CD",FAKE,no,4,False,0
1202,"the grade achieved in an exam | the likelihood of getting a scholarship | the likelihood of getting admitted to a university | the number of hours spent studying || AB,BC,BD",REAL,no,4,False,1
1203,"cldj | gstf | kcou | pmfi || AB,AC,AD",FAKE,no,4,False,0
1204,"first-born child | parent | second-born child | third-born child || AB,AC,AD,BC,BD",REAL,no,4,True,1
1205,"amount of exercise | blood pressure | job satisfaction | rainfull || AB,AC,BC,CD",RANDOM,no,4,False,0
1206,"education level | income level | job satisfaction | quality of life || AC,AD,BC,BD,CD",REAL,no,4,False,1
1207,"sund | tavp | ujtl | wkhi || AB,AC,AD,BD,CD",FAKE,no,4,False,0
1208,"gunr | lnco | pugj || AB,BC",FAKE,no,3,False,0
1209,"the amount of time spent studying | the final grade in the course | the level of understanding of the subject | the test score obtained || AB,AC,BC,BD,CD",REAL,no,4,False,1
1210,"hdqy | ivje | qmiv | uoeb || AB,AD,BD,CD",FAKE,no,4,True,0
1211,"eosj | mffx | sozj | taaz || AB,BC,CD",FAKE,no,4,True,0
1212,"aemv | qftw | wurj | yglq || AB,AC,AD,BC,CD",FAKE,no,4,False,0
1213,"abcp | bdan | xuoo || AB,BC",FAKE,no,3,False,0
1214,"clwa | hvxd | szak || AB,AC",FAKE,yes,3,True,0
1215,"cldj | gstf | kcou | pmfi || AB,AC,AD",FAKE,no,4,False,0
1216,"a person waking up in the morning | being more productive throughout the day | drinking a cup of coffee | feeling more alert and energized || AB,BC,CD",REAL,no,4,True,0
1217,"azgg | lscu | zens | zgcj || AB,AC,AD,BD,CD",FAKE,no,4,False,0
1218,"air pressure | apearance | blood pressure | income level | traffic congestion || AB,AC,BC,BD,CD,DE",RANDOM,yes,5,True,0
1219,"amount of rainfall | humidity | temperature | weather conditions || AB,AC,AD,BC,CD",REAL,yes,4,True,1
1220,"apearance | rainfull | temperature | traffic congestion || AB,AD,BC",RANDOM,no,4,False,0
1221,"apearance | rainfull | temperature | traffic congestion || AB,AD,BC",RANDOM,no,4,False,0
1222,"education level | happiness level | income level | job satisfaction | life satisfaction || AC,AE,BC,BD,CD,CE,DE",REAL,yes,5,True,1
1223,"apearance | blood pressure | employee performance | job satisfaction || AB,AC,AD,BC,BD,CD",RANDOM,no,4,False,0
1224,"the amount of sleep the student gets | the grade the student receives on a test | the number of hours a student studies | the overall academic performance of the student || AB,AD,BD,CD",REAL,no,4,False,1
1225,"bsaz | czvl | tava | vimz || AC,BC,CD",FAKE,no,4,True,0
1226,"patient's diet | patient's exercise habits | patient's life expectancy | patient's overall health | patient's stress levels || AD,BD,CD,DE",REAL,no,5,False,1
1227,"bjtk | clwv | dmfl | tvkj || AB,BC,CD",FAKE,no,4,False,0
1228,"apearance | blood pressure | employee performance | job satisfaction || AB,AC,AD,BC,BD,CD",RANDOM,yes,4,True,0
1229,"the amount of rainfall | the amount of water in a reservoir | the availability of drinking water | the water level in a river || AB,AD,BC,BD,CD",REAL,no,4,True,1
1230,"income level | stress level | talent || AB,AC",RANDOM,yes,3,True,0
1231,"whether a person is exposed to a contagious disease | whether the person receives appropriate treatment | whether the person recovers from the disease | whether the person seeks medical attention | whether the person shows symptoms of the disease || AB,AE,BC,BD,CD,CE,DE",REAL,no,5,False,1
1232,"student's attendance in class | student's final grade in the course | student's performance on exams || AB,BC",REAL,yes,3,True,1
1233,"aefz | aopv | nuko | uttn | zsuj || AB,AE,BC,BD,CD,CE,DE",FAKE,no,5,False,0
1234,"the amount of exercise the person does | the amount of sleep a person gets | the overall health of the person | the productivity level of the person || AB,AD,BD,CD",REAL,no,4,False,1
1235,"apearance | blood pressure | employee performance | job satisfaction || AB,AC,AD,BC,BD,CD",RANDOM,yes,4,True,0
1236,"crop growth | harvest yield | temperature || AB,BC",REAL,no,3,False,1
1237,"job experience | job performance | level of education | salary || AB,AD,BC,BD,CD",REAL,no,4,False,1
1238,"fbge | twac | vdla | vijq || AB,AC,AD",FAKE,no,4,False,0
1239,"market demand | physical health | severity of respiratory illnesses || AB,AC",RANDOM,no,3,False,0
1240,"humidity | temperature | weather conditions || AB,AC",REAL,no,3,False,1
1241,"apearance | education level | government policies | traffic congestion | wheather condition || AD,BD,CD,DE",RANDOM,no,5,True,0
1242,"access to educational resources | career success | child's education level | parent's income || AB,AD,BC",REAL,no,4,False,1
1243,"crop growth | harvest yield | temperature || AB,BC",REAL,no,3,False,1
1244,"axai | ldok | mjlh | pntb || AC,AD,BC,BD",FAKE,no,4,False,0
1245,"air pressure | physical health | sales performance | traffic congestion || AC,AD,BC",RANDOM,yes,4,True,0
1246,"hwqi | kxee | vjtq || AB,AC",FAKE,no,3,False,0
1247,"academic performance | amount of sleep obtained | number of hours spent studying || AC,BC",REAL,no,3,False,1
1248,"gunr | lnco | pugj || AB,BC",FAKE,no,3,False,0
1249,"blood pressure | stress level | temperature | work-life balance || AB,AC,BC,BD,CD",RANDOM,no,4,True,0
1250,"aghu | izlq | jvyl | xewl | ydlu || AB,AD,AE,BC,BD,CD,CE",FAKE,no,5,False,0
1251,"dupa | fbzr | vfvq | xizv || AC,AD,BC",FAKE,no,4,True,0
1252,"ncyl | uooz | vxek | xprn || AB,AC,BC,BD",FAKE,yes,4,True,0
1253,"apearance | quality of teaching | work-life balance || AB,AC",RANDOM,yes,3,True,0
1254,"ceho | jvqa | lgwu || AB,AC,BC",FAKE,no,3,False,0
1255,"crop yield | the amount of rainfall | the soil moisture level || AB,AC,BC",REAL,no,3,False,1
1256,"aghu | izlq | jvyl | xewl | ydlu || AB,AD,AE,BC,BD,CD,CE",FAKE,no,5,False,0
1257,"employee performance | income level | market demand || AB,BC",RANDOM,no,3,False,0
1258,"business owner | number of employees | profit | revenue || AB,AC,AD,BC,BD,CD",REAL,no,4,False,1
1259,"access to educational resources | career success | child's education level | parent's income || AB,AD,BC",REAL,no,4,False,1
1260,"fhbj | jlwb | ppvf | vsqg || AB,AC,AD,BC,BD",FAKE,no,4,True,0
1261,"amount of exercise | education level | job satisfaction | wheather condition || AB,BC,BD",RANDOM,yes,4,True,0
1262,"ahpi | imah | lsrx | ojko || AB,AC,BD,CD",FAKE,no,4,False,0
1263,"gqkb | rrej | uniw | vxat | zwyp || AB,AC,AD,BC,BD,BE,CD,DE",FAKE,yes,5,True,0
1264,"job satisfaction | severity of respiratory illnesses | temperature || AB,AC,BC",RANDOM,no,3,True,0
1265,"air pressure | quality of teaching | sales performance | work-life balance || AB,AC,BD,CD",RANDOM,no,4,True,0
1266,"job satisfaction | mental health | quality of teaching | sales performance || AC,BC,CD",RANDOM,no,4,False,0
1267,"apearance | market demand | talent || AB,AC,BC",RANDOM,no,3,False,0
1268,"education level | happiness level | income level | job performance || AB,AC,BD,CD",REAL,yes,4,True,1
1269,"ezwx | uhxm | vqpf || AB,AC",FAKE,yes,3,True,0
1270,"amkb | gpou | qhib || AC,BC",FAKE,no,3,False,0
1271,"amount of money saved | financial return on investment | investment in stocks || AB,AC,BC",REAL,no,3,False,1
1272,"patient's diet | patient's exercise habits | patient's life expectancy | patient's overall health | patient's stress levels || AD,BD,CD,DE",REAL,no,5,False,1
1273,"afgs | bobg | viah || AB,AC,BC",FAKE,yes,3,True,0
1274,"dliz | iipq | kyfi | uoni || AD,BC,CD",FAKE,no,4,False,0
1275,"nivi | ofmf | yeuc | yopl || AB,AD,BC,BD,CD",FAKE,no,4,False,0
1276,"huit | nlta | nxur | vhuj | xyrs || AB,AD,BC,BE,CD,CE,DE",FAKE,no,5,True,0
1277,"the amount of exercise a person does per week | the person's physical fitness level | the person's risk of developing chronic diseases || AB,AC",REAL,no,3,False,1
1278,"a person waking up in the morning | being more productive throughout the day | drinking a cup of coffee | feeling more alert and energized || AB,BC,CD",REAL,yes,4,True,0
1279,"education level | happiness level | income level | job satisfaction | life satisfaction || AC,AE,BC,BD,CD,CE,DE",REAL,no,5,False,1
1280,"air pressure | physical health | temperature | wheather condition || AB,AC,AD,BD,CD",RANDOM,yes,4,True,0
1281,"whether a person is exposed to a contagious disease | whether the person receives appropriate treatment | whether the person recovers from the disease | whether the person seeks medical attention | whether the person shows symptoms of the disease || AB,AE,BC,BD,CD,CE,DE",REAL,yes,5,True,1
1282,"a company | company expenses | company profit | company revenue || AB,AC,AD,BC",REAL,no,4,False,1
1283,"gunr | lnco | pugj || AB,BC",FAKE,yes,3,True,0
1284,"a person waking up in the morning | being more productive throughout the day | drinking a cup of coffee | feeling more alert and energized || AB,BC,CD",REAL,no,4,False,0
1285,"frgy | qwss | tcfq || AB,AC,BC",FAKE,no,3,True,0
1286,"gunr | lnco | pugj || AB,BC",FAKE,no,3,False,0
1287,"iykj | nptw | sgnl | tmex || AB,AD,BC,CD",FAKE,no,4,False,0
1288,"air pressure | education level | mental health | work-life balance || AB,AD,BD,CD",RANDOM,no,4,False,0
1289,"apearance | employee performance | stress level | work-life balance || AB,AC,AD,BC,BD",RANDOM,no,4,False,0
1290,"amount of exercise | job satisfaction | quality of teaching | stress level | wheather condition || AB,AD,BC,BE,CD,CE,DE",RANDOM,yes,5,True,0
1291,"the amount of sleep the student gets | the grade the student receives on a test | the number of hours a student studies | the overall academic performance of the student || AB,AD,BD,CD",REAL,no,4,False,1
1292,"a person's education level | a person's income | a person's job title | a person's social status || AB,AC,AD,BC,BD,CD",REAL,no,4,False,1
1293,"mental health | rainfull | severity of respiratory illnesses | stress level || AB,AD,BD,CD",RANDOM,no,4,True,0
1294,"elmy | tnsn | xlbg || AC,BC",FAKE,no,3,False,0
1295,"patient's diet | patient's exercise habits | patient's life expectancy | patient's overall health | patient's stress levels || AD,BD,CD,DE",REAL,yes,5,True,1
1296,"air pressure | humidity level | sales performance | work-life balance || AC,AD,BC,CD",RANDOM,no,4,True,0
1297,"the amount of exercise a person gets | the amount of sleep a person gets | the person's energy level | the person's overall health || AD,BC,CD",REAL,no,4,False,1
1298,"employee performance | mental health | stress level || AC,BC",RANDOM,no,3,False,0
1299,"availability of alternative routes | road construction | traffic congestion | travel time to destination || AB,AC,AD,BD,CD",REAL,no,4,True,1
1300,"amount of sleep | exam score | number of hours studied || AC,BC",REAL,no,3,False,1
1301,"ahpi | imah | lsrx | ojko || AB,AC,BD,CD",FAKE,yes,4,True,0
1302,"job experience | job performance | level of education | salary || AB,AD,BC,BD,CD",REAL,no,4,True,1
1303,"bfgu | fskd | nbzx || AB,AC",FAKE,no,3,False,0
1304,"government policies | mental health | temperature || AB,BC",RANDOM,no,3,False,0
1305,"ezwx | uhxm | vqpf || AB,AC",FAKE,no,3,True,0
1306,"dliz | iipq | kyfi | uoni || AD,BC,CD",FAKE,yes,4,True,0
1307,"bdnv | llwq | ohtx | ybho || AB,AD,BC",FAKE,no,4,False,0
1308,"job satisfaction | sales performance | talent | traffic congestion || AB,BC,BD",RANDOM,no,4,False,0
1309,"eosj | mffx | sozj | taaz || AB,BC,CD",FAKE,no,4,False,0
1310,"amount of exercise | body weight | dietary habits | risk of developing chronic diseases || AC,BC,CD",REAL,no,4,False,1
1311,"amount of exercise | apearance | employee performance | market demand || AB,AD,BC,CD",RANDOM,no,4,True,0
1312,"government policies | physical health | rainfull | severity of respiratory illnesses || AC,AD,BC,BD",RANDOM,yes,4,True,0
1313,"the final grade of the student | whether a student studies for an exam | whether the student is well-prepared | whether the student performs well on the exam | whether the student understands the material || AB,AC,AD,BC,BD,BE,CD,DE",REAL,yes,5,True,1
1314,"market demand | severity of respiratory illnesses | talent | temperature || AB,AD,BC,BD,CD",RANDOM,no,4,True,0
1315,"education level | mental health | rainfull || AB,BC",RANDOM,no,3,True,0
1316,"patient's diet | patient's exercise habits | patient's life expectancy | patient's overall health | patient's stress levels || AD,BD,CD,DE",REAL,no,5,False,1
1317,"ncyl | uooz | vxek | xprn || AB,AC,BC,BD",FAKE,no,4,True,0
1318,"dupa | fbzr | vfvq | xizv || AC,AD,BC",FAKE,no,4,False,0
1319,"bkzf | fcun | mwcs | xmtp || AB,BC,BD",FAKE,no,4,True,0
1320,"bftz | iemr | mcjs | ppux || AC,AD,BC,CD",FAKE,no,4,True,0
1321,"the amount of sleep the student gets | the grade the student receives on a test | the number of hours a student studies | the overall academic performance of the student || AB,AD,BD,CD",REAL,no,4,False,1
1322,"htwb | jcwu | qguu | resg || AD,BD,CD",FAKE,no,4,False,0
1323,"amount of exercise | overall health status | physical fitness level || AB,BC",REAL,no,3,True,1
1324,"gibg | gqle | vwlo || AC,BC",FAKE,no,3,False,0
1325,"education level | happiness level | income level | job satisfaction | life satisfaction || AC,AE,BC,BD,CD,CE,DE",REAL,no,5,False,1
1326,"job satisfaction | mental health | quality of teaching | sales performance || AC,BC,CD",RANDOM,no,4,True,0
1327,"kbta | rebc | vtrq | ylaa || AB,AD,BC,BD,CD",FAKE,yes,4,True,0
1328,"a person's education level | a person's financial stability | a person's income | a person's job status || AB,AC,AD,BC",REAL,no,4,False,1
1329,"job satisfaction | sales performance | talent | traffic congestion || AB,BC,BD",RANDOM,yes,4,True,0
1330,"apearance | humidity level | mental health || AB,AC",RANDOM,yes,3,True,0
1331,"eosj | mffx | sozj | taaz || AB,BC,CD",FAKE,no,4,False,0
1332,"eano | eomp | vwkf || AB,AC",FAKE,no,3,False,0
1333,"air pressure | education level | mental health | work-life balance || AB,AD,BD,CD",RANDOM,no,4,True,0
1334,"education level | happiness level | income level | job satisfaction | life satisfaction || AC,AE,BC,BD,CD,CE,DE",REAL,no,5,False,1
1335,"diih | dyam | ouqo | vepk || AB,AC,AD,BC",FAKE,yes,4,True,0
1336,"the amount of exercise a person does | the person's cardiovascular health | the person's immune system | the person's overall health | the person's respiratory health || AB,AD,BC,BE,CD,CE,DE",REAL,no,5,False,1
1337,"the grade achieved in an exam | the likelihood of getting a scholarship | the likelihood of getting admitted to a university | the number of hours spent studying || AB,BC,BD",REAL,yes,4,True,1
1338,"humidity level | stress level | talent || AC,BC",RANDOM,no,3,True,0
1339,"gikh | ijuv | iqkm | tfoh | tixo || AC,AE,BC,BD,CD,CE,DE",FAKE,no,5,False,0
1340,"job satisfaction | sales performance | talent | wheather condition | work-life balance || AC,BC,CD,ED",RANDOM,no,5,False,0
1341,"amount of rainfall | likelihood of flooding | water level in a river || AB,BC",REAL,no,3,False,1
1342,"izlm | qysf | rtfv | zoqj || AB,AC,BC,BD,CD",FAKE,no,4,False,0
1343,"ahlq | fekt | jzav | zpil || AB,AC,AD,BC,BD,CD",FAKE,no,4,True,0
1344,"the amount of exercise a person does | the person's cardiovascular health | the person's immune system | the person's overall health | the person's respiratory health || AB,AD,BC,BE,CD,CE,DE",REAL,no,5,True,1
1345,"etat | gjot | hlky | sslg || AC,AD,BC,BD,CD",FAKE,no,4,True,0
1346,"the amount of exercise a person gets | the amount of sleep a person gets | the person's energy level | the person's overall health || AD,BC,CD",REAL,no,4,False,1
1347,"mental health | severity of respiratory illnesses | talent | work-life balance || AB,AC,AD,BC,CD",RANDOM,no,4,True,0
1348,"whether a person eats a healthy diet | whether a person exercises regularly | whether a person has good cardiovascular health | whether a person maintains a healthy weight || AB,AD,BC,CD",REAL,yes,4,True,1
1349,"amount of exercise | employee performance | government policies | physical health || AB,AC,BD,CD",RANDOM,yes,4,True,0
1350,"education level | government policies | rainfull || AC,BC",RANDOM,no,3,True,0
1351,"business owner | number of employees | profit | revenue || AB,AC,AD,BC,BD,CD",REAL,no,4,True,1
1352,"employee performance | income level | market demand || AB,BC",RANDOM,yes,3,True,0
1353,"aefz | aopv | nuko | uttn | zsuj || AB,AE,BC,BD,CD,CE,DE",FAKE,yes,5,True,0
1354,"etat | gjot | hlky | sslg || AC,AD,BC,BD,CD",FAKE,no,4,False,0
1355,"aefz | aopv | nuko | uttn | zsuj || AB,AE,BC,BD,CD,CE,DE",FAKE,no,5,False,0
1356,"whether a person eats a healthy diet | whether a person exercises regularly | whether a person has good cardiovascular health | whether a person maintains a healthy weight || AB,AD,BC,CD",REAL,no,4,True,1
1357,"amount of rainfall | crop yield | humidity | temperature || AD,BD,CD",REAL,no,4,True,1
1358,"aplp | fsar | jmxb | ysko || AB,AC,AD,BC,CD",FAKE,no,4,False,0
1359,"mrwi | qyhw | zthn || AB,AC,BC",FAKE,no,3,False,0
1360,"grade in the class | number of hours spent studying | test score || AB,AC,BC",REAL,yes,3,True,1
1361,"huit | nlta | nxur | vhuj | xyrs || AB,AD,BC,BE,CD,CE,DE",FAKE,no,5,True,0
1362,"cobw | dvqk | jqrn || AC,BC",FAKE,no,3,True,0
1363,"arbu | eons | pgqh | smku || AC,AD,BC,CD",FAKE,no,4,True,0
1364,"air pressure | apearance | blood pressure | income level | traffic congestion || AB,AC,BC,BD,CD,DE",RANDOM,no,5,False,0
1365,"ahpi | imah | lsrx | ojko || AB,AC,BD,CD",FAKE,no,4,True,0
1366,"a person's education level | the person's income | the person's job title | the person's salary || AC,AD,BC",REAL,no,4,False,1
1367,"the amount of sleep the night before the exam | the exam score | the number of hours studied for an exam || AC,BC",REAL,yes,3,True,1
1368,"the grade obtained on the exam | whether a student studies for an exam or not | whether the student passes the course or not || AB,BC",REAL,no,3,True,1
1369,"the amount of exercise a person does | the person's cardiovascular health | the person's immune system | the person's overall health | the person's respiratory health || AB,AD,BC,BE,CD,CE,DE",REAL,yes,5,True,1
1370,"availability of public transportation | traffic congestion | travel time to work || AB,AC,BC",REAL,no,3,True,1
1371,"apearance | employee performance | stress level | work-life balance || AB,AC,AD,BC,BD",RANDOM,no,4,True,0
1372,"air pressure | amount of exercise | education level | income level || AC,AD,BC,CD",RANDOM,no,4,False,0
1373,"clwa | hvxd | szak || AB,AC",FAKE,no,3,False,0
1374,"a manufacturing plant | the efficiency of the plant's machinery | the overall profitability of the plant | the production output of the plant || AB,AC,AD,BC,BD",REAL,no,4,True,1
1375,"the amount of exercise a person does | the person's cardiovascular health | the person's immune system | the person's overall health | the person's respiratory health || AB,AD,BC,BE,CD,CE,DE",REAL,yes,5,True,1
1376,"afgs | bobg | viah || AB,AC,BC",FAKE,no,3,False,0
1377,"apearance | education level | humidity level | temperature || AB,BC,CD",RANDOM,no,4,False,0
1378,"azgg | lscu | zens | zgcj || AB,AC,AD,BD,CD",FAKE,yes,4,True,0
1379,"air pressure | physical health | sales performance | traffic congestion || AC,AD,BC",RANDOM,no,4,False,0
1380,"customer satisfaction | product quality | revenue | sales || AC,BC,CD",REAL,no,4,False,1
1381,"mrdz | mtwz | rewt || AB,AC,BC",FAKE,no,3,True,0
1382,"fbge | twac | vdla | vijq || AB,AC,AD",FAKE,no,4,False,0
1383,"the decision to bring an umbrella | the weather forecast | whether the person gets wet | whether the person stays dry || AB,BC,BD",REAL,no,4,True,1
1384,"bcij | musg | qbfp | qmsx | xrdt || AB,AC,BC,BD,CD,DE",FAKE,no,5,False,0
1385,"government policies | market demand | quality of teaching || AB,AC",RANDOM,yes,3,True,0
1386,"job experience | job performance | level of education | salary || AB,AD,BC,BD,CD",REAL,no,4,True,1
1387,"mrwi | qyhw | zthn || AB,AC,BC",FAKE,no,3,False,0
1388,"the amount of sleep the night before the exam | the number of hours studied for an exam | the overall performance in the course | the score obtained on the exam || AB,AC,BD,CD",REAL,no,4,False,1
1389,"employment status | happiness level | income | level of education || AB,AC,AD",REAL,no,4,False,1
1390,"ahlq | fekt | jzav | zpil || AB,AC,AD,BC,BD,CD",FAKE,no,4,False,0
1391,"bmbl | hwix | jpjg | lqdm || AC,AD,BC,BD,CD",FAKE,yes,4,True,0
1392,"exxp | hnzi | mlhx | ovlq | wtel || AC,BC,CD,ED",FAKE,no,5,False,0
1393,"axag | eyse | hsvu | tqrr | vgnx || AD,BD,CD,DE",FAKE,no,5,True,0
1394,"blood pressure | market demand | temperature || AB,AC,BC",RANDOM,yes,3,True,0
1395,"exxp | hnzi | mlhx | ovlq | wtel || AC,BC,CD,ED",FAKE,no,5,False,0
1396,"apearance | blood pressure | job satisfaction | severity of respiratory illnesses | stress level || AB,AC,AD,BC,BD,BE,CD,DE",RANDOM,yes,5,True,0
1397,"ajlk | bduo | mzbw | vlmn || AB,BC,BD,CD",FAKE,no,4,False,0
1398,"eurf | yikq | zccw || AC,BC",FAKE,no,3,False,0
1399,"access to medical facilities | education level | healthcare coverage | income level | overall health status || AC,AE,BC,BE,CD,CE,DE",REAL,no,5,False,1
1400,"huit | nlta | nxur | vhuj | xyrs || AB,AD,BC,BE,CD,CE,DE",FAKE,no,5,False,0
1401,"bvzl | novl | pasq || AB,BC",FAKE,no,3,False,0
1402,"apearance | education level | government policies | traffic congestion | wheather condition || AD,BD,CD,DE",RANDOM,no,5,True,0
1403,"apearance | education level | government policies | traffic congestion | wheather condition || AD,BD,CD,DE",RANDOM,no,5,True,0
1404,"lyht | lzwf | xlyn || AC,BC",FAKE,no,3,False,0
1405,"bdnv | llwq | ohtx | ybho || AB,AD,BC",FAKE,no,4,False,0
1406,"crop yield | economic growth | humidity level | profit of farmers | weather conditions || AB,AC,BC,BD,CD,DE",REAL,no,5,False,1
1407,"ajlk | bduo | mzbw | vlmn || AB,BC,BD,CD",FAKE,no,4,False,0
1408,"whether a person is exposed to a contagious disease | whether the person receives appropriate treatment | whether the person recovers from the disease | whether the person seeks medical attention | whether the person shows symptoms of the disease || AB,AE,BC,BD,CD,CE,DE",REAL,no,5,True,1
1409,"government policies | income level | talent | work-life balance || AB,AC,AD,BC,CD",RANDOM,yes,4,True,0
1410,"exam score | grade in the course | number of hours studied || AB,BC",REAL,no,3,True,1
1411,"education level | mental health | sales performance | talent || AB,AD,BC,CD",RANDOM,no,4,False,0
1412,"the amount of sleep the student gets | the grade the student receives on a test | the number of hours a student studies | the overall academic performance of the student || AB,AD,BD,CD",REAL,no,4,False,1
1413,"amount of exercise | blood pressure | job satisfaction | rainfull || AB,AC,BC,CD",RANDOM,no,4,False,0
1414,"education level | job satisfaction | rainfull | sales performance || AB,AC,AD,BC",RANDOM,no,4,True,0
1415,"the amount of sleep the student gets | the grade the student receives on a test | the number of hours a student studies | the overall academic performance of the student || AB,AD,BD,CD",REAL,no,4,False,1
1416,"the grade achieved in an exam | the likelihood of getting a scholarship | the likelihood of getting admitted to a university | the number of hours spent studying || AB,BC,BD",REAL,no,4,False,1
1417,"icux | mqrw | qeld | rztp || AC,AD,BC",FAKE,no,4,False,0
1418,"gqkb | rrej | uniw | vxat | zwyp || AB,AC,AD,BC,BD,BE,CD,DE",FAKE,no,5,False,0
1419,"eosj | mffx | sozj | taaz || AB,BC,CD",FAKE,no,4,True,0
1420,"education level | income level | traffic congestion | work-life balance || AD,BD,CD",RANDOM,no,4,False,0
1421,"bcij | musg | qbfp | qmsx | xrdt || AB,AC,BC,BD,CD,DE",FAKE,no,5,False,0
1422,"nivi | ofmf | yeuc | yopl || AB,AD,BC,BD,CD",FAKE,no,4,False,0
1423,"gqkb | rrej | uniw | vxat | zwyp || AB,AC,AD,BC,BD,BE,CD,DE",FAKE,no,5,False,0
1424,"exxp | hnzi | mlhx | ovlq | wtel || AC,BC,CD,ED",FAKE,no,5,False,0
1425,"job satisfaction | mental health | quality of teaching | sales performance || AC,BC,CD",RANDOM,no,4,True,0
1426,"arbu | eons | pgqh | smku || AC,AD,BC,CD",FAKE,yes,4,True,0
1427,"child's education level | child's health status | child's social skills | parents' income || AB,AC,AD",REAL,no,4,False,1
1428,"bdnv | llwq | ohtx | ybho || AB,AD,BC",FAKE,no,4,False,0
1429,"bcij | musg | qbfp | qmsx | xrdt || AB,AC,BC,BD,CD,DE",FAKE,no,5,False,0
1430,"kttf | mnjp | yens || AC,BC",FAKE,no,3,False,0
1431,"jiur | vplt | vxmf || AB,AC,BC",FAKE,yes,3,True,0
1432,"the amount of exercise a person does per week | the person's physical fitness level | the person's risk of developing chronic diseases || AB,AC",REAL,no,3,False,1
1433,"income level | stress level | talent || AB,AC",RANDOM,yes,3,True,0
1434,"diih | dyam | ouqo | vepk || AB,AC,AD,BC",FAKE,no,4,False,0
1435,"hdqy | ivje | qmiv | uoeb || AB,AD,BD,CD",FAKE,no,4,False,0
1436,"education level | income level | job satisfaction | work-life balance || AC,AD,BC",RANDOM,no,4,True,0
1437,"sund | tavp | ujtl | wkhi || AB,AC,AD,BD,CD",FAKE,no,4,True,0
1438,"axai | ldok | mjlh | pntb || AC,AD,BC,BD",FAKE,no,4,False,0
1439,"air pressure | income level | job satisfaction || AC,BC",RANDOM,yes,3,True,0
1440,"the amount of exercise the person does | the amount of sleep a person gets | the overall health of the person | the productivity level of the person || AB,AD,BD,CD",REAL,no,4,False,1
1441,"the amount of time spent studying | the final grade in the course | the level of understanding of the subject | the test score obtained || AB,AC,BC,BD,CD",REAL,no,4,False,1
1442,"crop yield | economic growth | humidity level | profit of farmers | weather conditions || AB,AC,BC,BD,CD,DE",REAL,no,5,True,1
1443,"amount of exercise | employee performance | government policies | physical health || AB,AC,BD,CD",RANDOM,no,4,False,0
1444,"a manufacturing plant | the efficiency of the plant's machinery | the overall profitability of the plant | the production output of the plant || AB,AC,AD,BC,BD",REAL,no,4,False,1
1445,"a person waking up in the morning | being more productive throughout the day | drinking a cup of coffee | feeling more alert and energized || AB,BC,CD",REAL,no,4,False,0
1446,"customer satisfaction with a product | number of positive reviews for the product | revenue generated from the product | sales performance of the product || AB,AD,BC,CD",REAL,yes,4,True,1
1447,"mental health | sales performance | severity of respiratory illnesses | stress level || AC,AD,BC,BD,CD",RANDOM,no,4,True,0
1448,"adyg | bqct | kvwx | nbzs || AC,BC,CD",FAKE,no,4,True,0
1449,"ncyl | uooz | vxek | xprn || AB,AC,BC,BD",FAKE,yes,4,True,0
1450,"axag | eyse | hsvu | tqrr | vgnx || AD,BD,CD,DE",FAKE,no,5,False,0
1451,"blood pressure | education level | government policies | rainfull | sales performance || AC,AE,BC,BD,CD,CE,DE",RANDOM,no,5,False,0
1452,"clzo | itsc | kyzr | vvae || AB,BC,BD",FAKE,no,4,False,0
1453,"a person's education level | the person's income | the person's job title | the person's salary || AC,AD,BC",REAL,no,4,False,1
1454,"amount of exercise | education level | job satisfaction | wheather condition || AB,BC,BD",RANDOM,yes,4,True,0
1455,"government policies | mental health | work-life balance || AB,AC,BC",RANDOM,yes,3,True,0
1456,"eano | eomp | vwkf || AB,AC",FAKE,no,3,True,0
1457,"amount of rainfall | crop yield | groundwater level || AB,AC",REAL,no,3,True,1
1458,"government policies | income level | talent | work-life balance || AB,AC,AD,BC,CD",RANDOM,no,4,True,0
1459,"dupa | fbzr | vfvq | xizv || AC,AD,BC",FAKE,no,4,False,0
1460,"blood pressure | market demand | temperature || AB,AC,BC",RANDOM,no,3,False,0
1461,"the amount of rainfall | the amount of water in a reservoir | the availability of drinking water | the water level in a river || AB,AD,BC,BD,CD",REAL,yes,4,True,1
1462,"the amount of rainfall | the growth rate of plants | the yield of crops || AB,BC",REAL,yes,3,True,1
1463,"education level | market demand | mental health | temperature || AB,AC,BC,BD",RANDOM,no,4,False,0
1464,"dliz | iipq | kyfi | uoni || AD,BC,CD",FAKE,yes,4,True,0
1465,"amount of exercise | education level | humidity level | market demand | sales performance || AB,AD,AE,BC,BD,CD,CE",RANDOM,no,5,False,0
1466,"arbu | eons | pgqh | smku || AC,AD,BC,CD",FAKE,no,4,False,0
1467,"hdqy | ivje | qmiv | uoeb || AB,AD,BD,CD",FAKE,yes,4,True,0
1468,"bkzf | fcun | mwcs | xmtp || AB,BC,BD",FAKE,no,4,False,0
1469,"environmental pollution | exposure to toxic chemicals | respiratory diseases || AC,BC",REAL,no,3,False,1
1470,"bhrz | tltd | ypil || AB,BC",FAKE,no,3,False,0
1471,"exxp | hnzi | mlhx | ovlq | wtel || AC,BC,CD,ED",FAKE,no,5,False,0
1472,"eurf | yikq | zccw || AC,BC",FAKE,no,3,False,0
1473,"etat | gjot | hlky | sslg || AC,AD,BC,BD,CD",FAKE,yes,4,True,0
1474,"the amount of sleep the student gets | the grade the student receives on a test | the number of hours a student studies | the overall academic performance of the student || AB,AD,BD,CD",REAL,no,4,False,1
1475,"amount of exercise | body weight | caloric intake | overall health || AD,BC,CD",REAL,no,4,True,1
1476,"crop yield | the amount of rainfall | the soil moisture level || AB,AC,BC",REAL,no,3,True,1
1477,"jiur | vplt | vxmf || AB,AC,BC",FAKE,yes,3,True,0
1478,"the availability of public transportation | the cost of fuel | the number of cars on the road || AC,BC",REAL,yes,3,True,1
1479,"mental health | rainfull | severity of respiratory illnesses | stress level || AB,AD,BD,CD",RANDOM,no,4,True,0
1480,"amount of rainfall | crop yield | soil moisture level | weather conditions || AC,AD,BC,CD",REAL,no,4,True,1
1481,"ahlq | fekt | jzav | zpil || AB,AC,AD,BC,BD,CD",FAKE,no,4,False,0
1482,"arbu | eons | pgqh | smku || AC,AD,BC,CD",FAKE,no,4,False,0
1483,"axag | eyse | hsvu | tqrr | vgnx || AD,BD,CD,DE",FAKE,yes,5,True,0
1484,"crop yield | economic growth | humidity level | profit of farmers | weather conditions || AB,AC,BC,BD,CD,DE",REAL,no,5,False,1
1485,"employee performance | rainfull | talent || AB,BC",RANDOM,no,3,False,0
1486,"amount of exercise | apearance | employee performance | market demand || AB,AD,BC,CD",RANDOM,yes,4,True,0
1487,"apearance | blood pressure | job satisfaction | severity of respiratory illnesses | stress level || AB,AC,AD,BC,BD,BE,CD,DE",RANDOM,yes,5,True,0
1488,"azip | hfro | smik | zycs || AB,BC,BD,CD",FAKE,no,4,False,0
1489,"blood pressure | stress level | temperature | work-life balance || AB,AC,BC,BD,CD",RANDOM,no,4,True,0
1490,"a person's education level | a person's financial stability | a person's income | a person's job status || AB,AC,AD,BC",REAL,yes,4,True,1
1491,"bsaz | czvl | tava | vimz || AC,BC,CD",FAKE,no,4,False,0
1492,"bsaz | czvl | tava | vimz || AC,BC,CD",FAKE,yes,4,True,0
1493,"the amount of rainfall | the amount of water in a reservoir | the availability of drinking water | the water level in a river || AB,AD,BC,BD,CD",REAL,no,4,False,1
1494,"availability of public transportation | traffic congestion | travel time to work || AB,AC,BC",REAL,yes,3,True,1
1495,"bkzf | fcun | mwcs | xmtp || AB,BC,BD",FAKE,no,4,True,0
1496,"grade in the class | number of hours spent studying | test score || AB,AC,BC",REAL,no,3,False,1
1497,"amount of exercise | apearance | work-life balance || AB,AC,BC",RANDOM,no,3,True,0
1498,"the amount of exercise a person does | the person's cardiovascular health | the person's immune system | the person's overall health | the person's respiratory health || AB,AD,BC,BE,CD,CE,DE",REAL,no,5,False,1
1499,"bmbl | hwix | jpjg | lqdm || AC,AD,BC,BD,CD",FAKE,no,4,False,0
1500,"amount of sunscreen sold | number of people going to the beach | weather conditions || AB,AC,BC",REAL,no,3,True,1
1501,"ajlk | bduo | mzbw | vlmn || AB,BC,BD,CD",FAKE,no,4,True,0
1502,"the amount of sleep the student gets | the grade the student receives on a test | the number of hours a student studies | the overall academic performance of the student || AB,AD,BD,CD",REAL,no,4,False,1
1503,"job performance rating | level of education | salary | years of work experience || AC,AD,BC,BD",REAL,yes,4,True,1
1504,"amount of trash left on the beach | number of people going to the beach | weather conditions || AB,AC,BC",REAL,no,3,True,1
1505,"afgs | bobg | viah || AB,AC,BC",FAKE,no,3,True,0
1506,"exxp | hnzi | mlhx | ovlq | wtel || AC,BC,CD,ED",FAKE,no,5,False,0
1507,"apearance | government policies | traffic congestion | work-life balance || AB,AC,AD,BC,BD",RANDOM,no,4,False,0
1508,"education level | humidity level | physical health | temperature || AB,BC,CD",RANDOM,no,4,True,0
1509,"adyg | bqct | kvwx | nbzs || AC,BC,CD",FAKE,no,4,False,0
1510,"the amount of exercise the person does | the amount of sleep a person gets | the overall health of the person | the productivity level of the person || AB,AD,BD,CD",REAL,no,4,True,1
1511,"government policies | mental health | work-life balance || AB,AC,BC",RANDOM,no,3,True,0
1512,"a person waking up in the morning | being more productive throughout the day | drinking a cup of coffee | feeling more alert and energized || AB,BC,CD",REAL,yes,4,True,0
1513,"kbta | rebc | vtrq | ylaa || AB,AD,BC,BD,CD",FAKE,no,4,False,0
1514,"air pressure | education level | mental health | work-life balance || AB,AD,BD,CD",RANDOM,no,4,False,0
1515,"crop growth | harvest yield | temperature || AB,BC",REAL,yes,3,True,1
1516,"grade in the course | number of hours studied | overall gpa | test performance || AB,BC,CD",REAL,no,4,False,1
1517,"huit | nlta | nxur | vhuj | xyrs || AB,AD,BC,BE,CD,CE,DE",FAKE,no,5,False,0
1518,"education level | income level | traffic congestion | work-life balance || AD,BD,CD",RANDOM,yes,4,True,0
1519,"etat | gjot | hlky | sslg || AC,AD,BC,BD,CD",FAKE,yes,4,True,0
1520,"eosj | mffx | sozj | taaz || AB,BC,CD",FAKE,no,4,True,0
1521,"amount of rainfall | crop yield | temperature | wind speed || AD,BD,CD",REAL,no,4,False,1
1522,"whether a person is exposed to a contagious disease | whether the person receives appropriate treatment | whether the person recovers from the disease | whether the person seeks medical attention | whether the person shows symptoms of the disease || AB,AE,BC,BD,CD,CE,DE",REAL,no,5,False,1
1523,"whether a person eats a healthy diet | whether a person exercises regularly | whether a person has good cardiovascular health | whether a person maintains a healthy weight || AB,AD,BC,CD",REAL,yes,4,True,1
1524,"the amount of sleep the student gets | the grade the student receives on a test | the number of hours a student studies | the overall academic performance of the student || AB,AD,BD,CD",REAL,no,4,False,1
1525,"grade in the class | number of hours spent studying | test score || AB,AC,BC",REAL,no,3,True,1
1526,"employee performance | job satisfaction | rainfull | talent | wheather condition || AB,AE,BC,BD,CD,CE,DE",RANDOM,yes,5,True,0
1527,"bjtk | clwv | dmfl | tvkj || AB,BC,CD",FAKE,no,4,False,0
1528,"axag | eyse | hsvu | tqrr | vgnx || AD,BD,CD,DE",FAKE,no,5,False,0
1529,"aefz | aopv | nuko | uttn | zsuj || AB,AE,BC,BD,CD,CE,DE",FAKE,no,5,False,0
1530,"the amount of sleep the night before the exam | the exam score | the number of hours studied for an exam || AC,BC",REAL,no,3,False,1
1531,"amount of exercise | blood pressure | heart rate || AB,AC",REAL,no,3,False,1
1532,"business owner | number of employees | profit | revenue || AB,AC,AD,BC,BD,CD",REAL,no,4,True,1
1533,"availability of public transportation | traffic congestion | travel time to work || AB,AC,BC",REAL,no,3,True,1
1534,"dtdq | lkll | owxw | wmll || AB,AD,BC,CD",FAKE,no,4,False,0
1535,"afgs | bobg | viah || AB,AC,BC",FAKE,no,3,True,0
1536,"arbu | eons | pgqh | smku || AC,AD,BC,CD",FAKE,no,4,False,0
1537,"eqln | jlbp | mwdq | watl || AB,AC,AD,BC,BD,CD",FAKE,yes,4,True,0
1538,"exxp | hnzi | mlhx | ovlq | wtel || AC,BC,CD,ED",FAKE,no,5,False,0
1539,"blood pressure | humidity level | severity of respiratory illnesses | wheather condition || AC,AD,BC",RANDOM,no,4,False,0
1540,"the amount of rainfall | the growth rate of crops | the water level in the river || AB,AC",REAL,no,3,False,1
1541,"ceho | jvqa | lgwu || AB,AC,BC",FAKE,no,3,False,0
1542,"iykj | nptw | sgnl | tmex || AB,AD,BC,CD",FAKE,yes,4,True,0
1543,"the decision to bring an umbrella | the weather forecast | whether the person gets wet | whether the person stays dry || AB,BC,BD",REAL,no,4,True,1
1544,"amount of exercise | blood pressure | income level | quality of teaching || AB,BC,BD,CD",RANDOM,yes,4,True,0
1545,"education level | employee performance | severity of respiratory illnesses || AB,AC,BC",RANDOM,yes,3,True,0
1546,"bsaz | czvl | tava | vimz || AC,BC,CD",FAKE,no,4,False,0
1547,"job performance rating | level of education | salary | years of work experience || AC,AD,BC,BD",REAL,no,4,False,1
1548,"air pressure | sales performance | stress level || AB,BC",RANDOM,yes,3,True,0
1549,"the amount of exercise a person gets | the amount of sleep a person gets | the person's energy level | the person's overall health || AD,BC,CD",REAL,yes,4,True,1
1550,"bgty | qgbu | sywk || AB,BC",FAKE,no,3,True,0
1551,"a person's education level | the person's income | the person's job title | the person's salary || AC,AD,BC",REAL,no,4,False,1
1552,"etat | gjot | hlky | sslg || AC,AD,BC,BD,CD",FAKE,no,4,False,0
1553,"apearance | government policies | traffic congestion | work-life balance || AB,AC,AD,BC,BD",RANDOM,no,4,False,0
1554,"academic performance | amount of sleep obtained | number of hours spent studying || AC,BC",REAL,no,3,False,1
1555,"crop yield | economic growth | humidity level | profit of farmers | weather conditions || AB,AC,BC,BD,CD,DE",REAL,no,5,False,1
1556,"education level | government policies | rainfull || AC,BC",RANDOM,no,3,False,0
1557,"bmbl | hwix | jpjg | lqdm || AC,AD,BC,BD,CD",FAKE,no,4,False,0
1558,"mrdz | mtwz | rewt || AB,AC,BC",FAKE,no,3,True,0
1559,"student's attendance in class | student's final grade in the course | student's performance on exams || AB,BC",REAL,no,3,False,1
1560,"blood pressure | humidity level | severity of respiratory illnesses | wheather condition || AC,AD,BC",RANDOM,no,4,False,0
1561,"government policies | mental health | temperature || AB,BC",RANDOM,yes,3,True,0
1562,"jkcn | ogvr | piki | zgsl || AB,AC,BC,BD",FAKE,yes,4,True,0
1563,"the amount of rainfall | the amount of water in a reservoir | the availability of drinking water | the water level in a river || AB,AD,BC,BD,CD",REAL,no,4,True,1
1564,"bftz | iemr | mcjs | ppux || AC,AD,BC,CD",FAKE,yes,4,True,0
1565,"gqkb | rrej | uniw | vxat | zwyp || AB,AC,AD,BC,BD,BE,CD,DE",FAKE,no,5,True,0
1566,"humidity | precipitation | temperature | weather conditions || AB,AC,BC,BD",REAL,yes,4,True,1
1567,"bcij | musg | qbfp | qmsx | xrdt || AB,AC,BC,BD,CD,DE",FAKE,no,5,False,0
1568,"amount of exercise | blood pressure | income level | quality of teaching || AB,BC,BD,CD",RANDOM,no,4,False,0
1569,"bkyd | enae | rzgq || AC,BC",FAKE,no,3,True,0
1570,"mental health | rainfull | severity of respiratory illnesses | stress level || AB,AD,BD,CD",RANDOM,no,4,True,0
1571,"grade in the course | number of hours studied | overall gpa | test performance || AB,BC,CD",REAL,no,4,False,1
1572,"patient's diet | patient's exercise habits | patient's life expectancy | patient's overall health | patient's stress levels || AD,BD,CD,DE",REAL,no,5,True,1
1573,"ahpi | imah | lsrx | ojko || AB,AC,BD,CD",FAKE,yes,4,True,0
1574,"blood pressure | market demand | temperature || AB,AC,BC",RANDOM,no,3,False,0
1575,"dupa | fbzr | vfvq | xizv || AC,AD,BC",FAKE,no,4,False,0
1576,"huit | nlta | nxur | vhuj | xyrs || AB,AD,BC,BE,CD,CE,DE",FAKE,yes,5,True,0
1577,"amount of rainfall | crop yield | temperature || AC,BC",REAL,yes,3,True,1
1578,"a manufacturing plant | the efficiency of the plant's machinery | the overall profitability of the plant | the production output of the plant || AB,AC,AD,BC,BD",REAL,yes,4,True,1
1579,"ejwt | fguc | fywx | gecc | radw || AC,AE,BC,BE,CD,CE,DE",FAKE,no,5,True,0
1580,"humidity | temperature | weather conditions || AB,AC",REAL,no,3,False,1
1581,"business owner | number of employees | profit | revenue || AB,AC,AD,BC,BD,CD",REAL,no,4,False,1
1582,"ncyl | uooz | vxek | xprn || AB,AC,BC,BD",FAKE,no,4,False,0
1583,"patient's diet | patient's exercise habits | patient's life expectancy | patient's overall health | patient's stress levels || AD,BD,CD,DE",REAL,no,5,False,1
1584,"crop growth | harvest yield | temperature || AB,BC",REAL,no,3,False,1
1585,"cobw | dvqk | jqrn || AC,BC",FAKE,no,3,False,0
1586,"amount of exercise | employee performance | government policies | physical health || AB,AC,BD,CD",RANDOM,yes,4,True,0
1587,"alzb | dtfn | enkc | hjzh || AC,AD,BC,BD",FAKE,no,4,False,0
1588,"gqkb | rrej | uniw | vxat | zwyp || AB,AC,AD,BC,BD,BE,CD,DE",FAKE,yes,5,True,0
1589,"humidity level | probability of flooding | probability of rain | weather conditions || AB,AC,BC,BD",REAL,no,4,False,1
1590,"bjtk | clwv | dmfl | tvkj || AB,BC,CD",FAKE,no,4,True,0
1591,"mental health | rainfull | severity of respiratory illnesses | stress level || AB,AD,BD,CD",RANDOM,no,4,False,0
1592,"dhib | maiw | vean | zild || AB,AC,BC,CD",FAKE,no,4,False,0
1593,"job experience | job performance | level of education | salary | skills proficiency || AB,AD,AE,BC,BD,CD,CE",REAL,no,5,False,1
1594,"cldj | gstf | kcou | pmfi || AB,AC,AD",FAKE,no,4,False,0
1595,"employee performance | job satisfaction | severity of respiratory illnesses || AB,AC,BC",RANDOM,yes,3,True,0
1596,"aefz | aopv | nuko | uttn | zsuj || AB,AE,BC,BD,CD,CE,DE",FAKE,no,5,False,0
1597,"jiur | vplt | vxmf || AB,AC,BC",FAKE,no,3,False,0
1598,"patient's diet | patient's exercise habits | patient's life expectancy | patient's overall health | patient's stress levels || AD,BD,CD,DE",REAL,no,5,False,1
1599,"amount of exercise | body weight | dietary habits | risk of developing chronic diseases || AC,BC,CD",REAL,no,4,False,1
1600,"blood pressure | education level | government policies | rainfull | sales performance || AC,AE,BC,BD,CD,CE,DE",RANDOM,no,5,False,0
