sample,item,id,lexicon,family,query_type,cond,k,estimand_unchanged,route,implied_answer,gold,gold_is_true_answer,n_scm,group,arm,h
price400,20,8239,KEEP,IV,ate,DR_k1,1,False,no path,no,yes,True,2,answer changed,DR,-0.6666666666666666
price400,20,8239,KEEP,IV,ate,DR_k2,2,False,backdoor,yes,yes,True,2,"estimand changed, answer kept",DR,0.3333333333333333
price400,20,8239,KEEP,IV,ate,DR_k3,3,False,backdoor,yes,yes,True,2,"estimand changed, answer kept",DR,0.0
price400,20,8239,KEEP,IV,ate,ED_k1,1,True,unidentified,unidentified,yes,True,2,estimand kept,ED,0.0
price400,20,8239,KEEP,IV,ate,ED_k2,2,False,backdoor,yes,yes,True,2,"estimand changed, answer kept",ED,0.3333333333333333
price400,20,8239,KEEP,IV,ate,ED_k3,3,False,no path,no,yes,True,2,answer changed,ED,-0.6666666666666666
price400,20,8239,KEEP,IV,ate,FE_k1,1,True,unidentified,unidentified,yes,True,2,estimand kept,FE,-0.3333333333333333
price400,20,8239,KEEP,IV,ate,FE_k2,2,False,unidentified,unidentified,yes,True,2,unidentified under the shown graph,FE,-0.6666666666666666
price400,20,8239,PSEUDO,IV,ate,DR_k1,1,False,no path,no,yes,True,2,answer changed,DR,-0.3333333333333333
price400,20,8239,PSEUDO,IV,ate,DR_k2,2,False,backdoor,yes,yes,True,2,"estimand changed, answer kept",DR,0.0
price400,20,8239,PSEUDO,IV,ate,DR_k3,3,False,backdoor,yes,yes,True,2,"estimand changed, answer kept",DR,0.3333333333333333
price400,20,8239,PSEUDO,IV,ate,ED_k1,1,True,unidentified,unidentified,yes,True,2,estimand kept,ED,0.0
price400,20,8239,PSEUDO,IV,ate,ED_k2,2,False,backdoor,yes,yes,True,2,"estimand changed, answer kept",ED,0.3333333333333333
price400,20,8239,PSEUDO,IV,ate,ED_k3,3,False,no path,no,yes,True,2,answer changed,ED,-0.6666666666666666
price400,20,8239,PSEUDO,IV,ate,FE_k1,1,True,unidentified,unidentified,yes,True,2,estimand kept,FE,0.0
price400,20,8239,PSEUDO,IV,ate,FE_k2,2,False,unidentified,unidentified,yes,True,2,unidentified under the shown graph,FE,0.0
price400,21,19806,KEEP,IV,ate,DR_k1,1,False,backdoor,no,no,True,2,"estimand changed, answer kept",DR,0.0
price400,21,19806,KEEP,IV,ate,DR_k2,2,False,backdoor,no,no,True,2,"estimand changed, answer kept",DR,0.0
price400,21,19806,KEEP,IV,ate,DR_k3,3,False,no path,no,no,True,2,"estimand changed, answer kept",DR,0.0
price400,21,19806,KEEP,IV,ate,ED_k1,1,True,unidentified,unidentified,no,True,2,estimand kept,ED,-0.3333333333333333
price400,21,19806,KEEP,IV,ate,ED_k2,2,False,no path,no,no,True,2,"estimand changed, answer kept",ED,0.0
price400,21,19806,KEEP,IV,ate,ED_k3,3,False,no path,no,no,True,2,"estimand changed, answer kept",ED,0.0
price400,21,19806,KEEP,IV,ate,FE_k1,1,False,unidentified,unidentified,no,True,2,unidentified under the shown graph,FE,0.0
price400,21,19806,KEEP,IV,ate,FE_k2,2,False,unidentified,unidentified,no,True,2,unidentified under the shown graph,FE,0.0
price400,21,19806,PSEUDO,IV,ate,DR_k1,1,False,backdoor,no,no,True,2,"estimand changed, answer kept",DR,0.0
price400,21,19806,PSEUDO,IV,ate,DR_k2,2,False,backdoor,no,no,True,2,"estimand changed, answer kept",DR,0.0
price400,21,19806,PSEUDO,IV,ate,DR_k3,3,False,no path,no,no,True,2,"estimand changed, answer kept",DR,0.0
price400,21,19806,PSEUDO,IV,ate,ED_k1,1,True,unidentified,unidentified,no,True,2,estimand kept,ED,0.0
price400,21,19806,PSEUDO,IV,ate,ED_k2,2,False,no path,no,no,True,2,"estimand changed, answer kept",ED,0.0
price400,21,19806,PSEUDO,IV,ate,ED_k3,3,False,no path,no,no,True,2,"estimand changed, answer kept",ED,0.0
price400,21,19806,PSEUDO,IV,ate,FE_k1,1,False,unidentified,unidentified,no,True,2,unidentified under the shown graph,FE,0.0
price400,21,19806,PSEUDO,IV,ate,FE_k2,2,False,unidentified,unidentified,no,True,2,unidentified under the shown graph,FE,0.0
price400,23,16818,KEEP,IV,ate,DR_k1,1,False,no path,no,no,True,2,"estimand changed, answer kept",DR,0.0
price400,23,16818,KEEP,IV,ate,DR_k2,2,False,backdoor,no,no,True,2,"estimand changed, answer kept",DR,-0.3333333333333333
price400,23,16818,KEEP,IV,ate,DR_k3,3,False,no path,no,no,True,2,"estimand changed, answer kept",DR,0.0
price400,23,16818,KEEP,IV,ate,ED_k1,1,False,backdoor,no,no,True,2,"estimand changed, answer kept",ED,-0.3333333333333333
price400,23,16818,KEEP,IV,ate,ED_k2,2,False,no path,no,no,True,2,"estimand changed, answer kept",ED,0.0
price400,23,16818,KEEP,IV,ate,ED_k3,3,False,no path,no,no,True,2,"estimand changed, answer kept",ED,0.0
price400,23,16818,KEEP,IV,ate,FE_k1,1,True,unidentified,unidentified,no,True,2,estimand kept,FE,0.0
price400,23,16818,KEEP,IV,ate,FE_k2,2,False,unidentified,unidentified,no,True,2,unidentified under the shown graph,FE,0.0
price400,23,16818,PSEUDO,IV,ate,DR_k1,1,False,no path,no,no,True,2,"estimand changed, answer kept",DR,0.0
price400,23,16818,PSEUDO,IV,ate,DR_k2,2,False,backdoor,no,no,True,2,"estimand changed, answer kept",DR,0.0
price400,23,16818,PSEUDO,IV,ate,DR_k3,3,False,no path,no,no,True,2,"estimand changed, answer kept",DR,0.0
price400,23,16818,PSEUDO,IV,ate,ED_k1,1,False,backdoor,no,no,True,2,"estimand changed, answer kept",ED,0.0
price400,23,16818,PSEUDO,IV,ate,ED_k2,2,False,no path,no,no,True,2,"estimand changed, answer kept",ED,0.0
price400,23,16818,PSEUDO,IV,ate,ED_k3,3,False,no path,no,no,True,2,"estimand changed, answer kept",ED,0.0
price400,23,16818,PSEUDO,IV,ate,FE_k1,1,False,unidentified,unidentified,no,True,2,unidentified under the shown graph,FE,0.0
price400,23,16818,PSEUDO,IV,ate,FE_k2,2,False,unidentified,unidentified,no,True,2,unidentified under the shown graph,FE,-0.6666666666666666
price400,24,19796,KEEP,IV,ate,DR_k1,1,False,backdoor,yes,yes,True,2,"estimand changed, answer kept",DR,0.0
price400,24,19796,KEEP,IV,ate,DR_k2,2,False,backdoor,yes,yes,True,2,"estimand changed, answer kept",DR,0.0
price400,24,19796,KEEP,IV,ate,DR_k3,3,False,no path,no,yes,True,2,answer changed,DR,-0.6666666666666666
price400,24,19796,KEEP,IV,ate,ED_k1,1,True,unidentified,unidentified,yes,True,2,estimand kept,ED,-0.3333333333333333
price400,24,19796,KEEP,IV,ate,ED_k2,2,False,no path,no,yes,True,2,answer changed,ED,-0.6666666666666666
price400,24,19796,KEEP,IV,ate,ED_k3,3,False,no path,no,yes,True,2,answer changed,ED,-0.6666666666666666
price400,24,19796,KEEP,IV,ate,FE_k1,1,False,unidentified,unidentified,yes,True,2,unidentified under the shown graph,FE,-0.6666666666666666
price400,24,19796,KEEP,IV,ate,FE_k2,2,False,unidentified,unidentified,yes,True,2,unidentified under the shown graph,FE,-0.3333333333333333
price400,24,19796,PSEUDO,IV,ate,DR_k1,1,False,backdoor,yes,yes,True,2,"estimand changed, answer kept",DR,0.0
price400,24,19796,PSEUDO,IV,ate,DR_k2,2,False,backdoor,yes,yes,True,2,"estimand changed, answer kept",DR,0.0
price400,24,19796,PSEUDO,IV,ate,DR_k3,3,False,no path,no,yes,True,2,answer changed,DR,-1.0
price400,24,19796,PSEUDO,IV,ate,ED_k1,1,True,unidentified,unidentified,yes,True,2,estimand kept,ED,0.0
price400,24,19796,PSEUDO,IV,ate,ED_k2,2,False,no path,no,yes,True,2,answer changed,ED,-1.0
price400,24,19796,PSEUDO,IV,ate,ED_k3,3,False,no path,no,yes,True,2,answer changed,ED,-0.6666666666666666
price400,24,19796,PSEUDO,IV,ate,FE_k1,1,True,unidentified,unidentified,yes,True,2,estimand kept,FE,0.0
price400,24,19796,PSEUDO,IV,ate,FE_k2,2,False,unidentified,unidentified,yes,True,2,unidentified under the shown graph,FE,0.0
price400,26,6588,KEEP,IV,ate,DR_k1,1,False,backdoor,yes,yes,True,2,"estimand changed, answer kept",DR,0.0
price400,26,6588,KEEP,IV,ate,DR_k2,2,False,no path,no,yes,True,2,answer changed,DR,0.5
price400,26,6588,KEEP,IV,ate,DR_k3,3,False,backdoor,yes,yes,True,2,"estimand changed, answer kept",DR,0.0
price400,26,6588,KEEP,IV,ate,ED_k1,1,False,backdoor,yes,yes,True,2,"estimand changed, answer kept",ED,0.3333333333333333
price400,26,6588,KEEP,IV,ate,ED_k2,2,False,no path,no,yes,True,2,answer changed,ED,0.0
price400,26,6588,KEEP,IV,ate,ED_k3,3,False,backdoor,yes,yes,True,2,"estimand changed, answer kept",ED,-0.3333333333333333
price400,26,6588,KEEP,IV,ate,FE_k1,1,True,unidentified,unidentified,yes,True,2,estimand kept,FE,0.0
price400,26,6588,KEEP,IV,ate,FE_k2,2,False,unidentified,unidentified,yes,True,2,unidentified under the shown graph,FE,0.0
price400,26,6588,PSEUDO,IV,ate,DR_k1,1,False,backdoor,yes,yes,True,2,"estimand changed, answer kept",DR,0.0
price400,26,6588,PSEUDO,IV,ate,DR_k2,2,False,no path,no,yes,True,2,answer changed,DR,-1.0
price400,26,6588,PSEUDO,IV,ate,DR_k3,3,False,backdoor,yes,yes,True,2,"estimand changed, answer kept",DR,0.3333333333333333
price400,26,6588,PSEUDO,IV,ate,ED_k1,1,False,backdoor,yes,yes,True,2,"estimand changed, answer kept",ED,0.3333333333333333
price400,26,6588,PSEUDO,IV,ate,ED_k2,2,False,no path,no,yes,True,2,answer changed,ED,-0.3333333333333333
price400,26,6588,PSEUDO,IV,ate,ED_k3,3,False,backdoor,yes,yes,True,2,"estimand changed, answer kept",ED,0.0
price400,26,6588,PSEUDO,IV,ate,FE_k1,1,True,unidentified,unidentified,yes,True,2,estimand kept,FE,0.0
price400,26,6588,PSEUDO,IV,ate,FE_k2,2,False,unidentified,unidentified,yes,True,2,unidentified under the shown graph,FE,0.0
price400,29,1591,KEEP,IV,ate,DR_k1,1,False,unidentified,unidentified,no,True,2,unidentified under the shown graph,DR,0.0
price400,29,1591,KEEP,IV,ate,DR_k2,2,False,no path,no,no,True,2,"estimand changed, answer kept",DR,0.0
price400,29,1591,KEEP,IV,ate,DR_k3,3,False,no path,no,no,True,2,"estimand changed, answer kept",DR,0.0
price400,29,1591,KEEP,IV,ate,ED_k1,1,False,backdoor,no,no,True,2,"estimand changed, answer kept",ED,0.0
price400,29,1591,KEEP,IV,ate,ED_k2,2,False,backdoor,no,no,True,2,"estimand changed, answer kept",ED,0.0
price400,29,1591,KEEP,IV,ate,ED_k3,3,False,no path,no,no,True,2,"estimand changed, answer kept",ED,-0.3333333333333333
price400,29,1591,KEEP,IV,ate,FE_k1,1,True,unidentified,unidentified,no,True,2,estimand kept,FE,0.0
price400,29,1591,KEEP,IV,ate,FE_k2,2,False,unidentified,unidentified,no,True,2,unidentified under the shown graph,FE,0.0
price400,29,1591,PSEUDO,IV,ate,DR_k1,1,False,unidentified,unidentified,no,True,2,unidentified under the shown graph,DR,0.0
price400,29,1591,PSEUDO,IV,ate,DR_k2,2,False,no path,no,no,True,2,"estimand changed, answer kept",DR,0.0
price400,29,1591,PSEUDO,IV,ate,DR_k3,3,False,no path,no,no,True,2,"estimand changed, answer kept",DR,0.0
price400,29,1591,PSEUDO,IV,ate,ED_k1,1,False,backdoor,no,no,True,2,"estimand changed, answer kept",ED,0.0
price400,29,1591,PSEUDO,IV,ate,ED_k2,2,False,backdoor,no,no,True,2,"estimand changed, answer kept",ED,0.0
price400,29,1591,PSEUDO,IV,ate,ED_k3,3,False,no path,no,no,True,2,"estimand changed, answer kept",ED,0.0
price400,29,1591,PSEUDO,IV,ate,FE_k1,1,False,unidentified,unidentified,no,True,2,unidentified under the shown graph,FE,0.0
price400,29,1591,PSEUDO,IV,ate,FE_k2,2,False,unidentified,unidentified,no,True,2,unidentified under the shown graph,FE,0.0
price400,32,15108,KEEP,IV,ate,DR_k1,1,False,unidentified,unidentified,no,True,2,unidentified under the shown graph,DR,0.0
price400,32,15108,KEEP,IV,ate,DR_k2,2,False,no path,no,no,True,2,"estimand changed, answer kept",DR,0.5
price400,32,15108,KEEP,IV,ate,DR_k3,3,False,backdoor,no,no,True,2,"estimand changed, answer kept",DR,0.0
price400,32,15108,KEEP,IV,ate,ED_k1,1,False,backdoor,no,no,True,2,"estimand changed, answer kept",ED,-0.3333333333333333
price400,32,15108,KEEP,IV,ate,ED_k2,2,False,no path,no,no,True,2,"estimand changed, answer kept",ED,0.3333333333333333
price400,32,15108,KEEP,IV,ate,ED_k3,3,False,no path,no,no,True,2,"estimand changed, answer kept",ED,0.3333333333333333
price400,32,15108,KEEP,IV,ate,FE_k1,1,True,unidentified,unidentified,no,True,2,estimand kept,FE,0.0
price400,32,15108,KEEP,IV,ate,FE_k2,2,False,unidentified,unidentified,no,True,2,unidentified under the shown graph,FE,-0.3333333333333333
price400,32,15108,PSEUDO,IV,ate,DR_k1,1,False,unidentified,unidentified,no,True,2,unidentified under the shown graph,DR,0.3333333333333333
price400,32,15108,PSEUDO,IV,ate,DR_k2,2,False,no path,no,no,True,2,"estimand changed, answer kept",DR,0.6666666666666666
price400,32,15108,PSEUDO,IV,ate,DR_k3,3,False,backdoor,no,no,True,2,"estimand changed, answer kept",DR,0.6666666666666666
price400,32,15108,PSEUDO,IV,ate,ED_k1,1,False,backdoor,no,no,True,2,"estimand changed, answer kept",ED,0.6666666666666666
price400,32,15108,PSEUDO,IV,ate,ED_k2,2,False,no path,no,no,True,2,"estimand changed, answer kept",ED,0.6666666666666666
price400,32,15108,PSEUDO,IV,ate,ED_k3,3,False,no path,no,no,True,2,"estimand changed, answer kept",ED,0.6666666666666666
price400,32,15108,PSEUDO,IV,ate,FE_k1,1,True,unidentified,unidentified,no,True,2,estimand kept,FE,0.0
price400,32,15108,PSEUDO,IV,ate,FE_k2,2,False,unidentified,unidentified,no,True,2,unidentified under the shown graph,FE,0.0
price400,33,18628,KEEP,IV,ate,DR_k1,1,False,no path,no,yes,True,2,answer changed,DR,0.0
price400,33,18628,KEEP,IV,ate,DR_k2,2,False,backdoor,yes,yes,True,2,"estimand changed, answer kept",DR,0.3333333333333333
price400,33,18628,KEEP,IV,ate,DR_k3,3,False,backdoor,yes,yes,True,2,"estimand changed, answer kept",DR,1.0
price400,33,18628,KEEP,IV,ate,ED_k1,1,False,backdoor,yes,yes,True,2,"estimand changed, answer kept",ED,0.0
price400,33,18628,KEEP,IV,ate,ED_k2,2,False,no path,no,yes,True,2,answer changed,ED,0.0
price400,33,18628,KEEP,IV,ate,ED_k3,3,False,backdoor,yes,yes,True,2,"estimand changed, answer kept",ED,0.6666666666666666
price400,33,18628,KEEP,IV,ate,FE_k1,1,True,unidentified,unidentified,yes,True,2,estimand kept,FE,0.3333333333333333
price400,33,18628,KEEP,IV,ate,FE_k2,2,False,unidentified,unidentified,yes,True,2,unidentified under the shown graph,FE,0.6666666666666666
price400,33,18628,PSEUDO,IV,ate,DR_k1,1,False,no path,no,yes,True,2,answer changed,DR,-0.3333333333333333
price400,33,18628,PSEUDO,IV,ate,DR_k2,2,False,backdoor,yes,yes,True,2,"estimand changed, answer kept",DR,0.0
price400,33,18628,PSEUDO,IV,ate,DR_k3,3,False,backdoor,yes,yes,True,2,"estimand changed, answer kept",DR,0.0
price400,33,18628,PSEUDO,IV,ate,ED_k1,1,False,backdoor,yes,yes,True,2,"estimand changed, answer kept",ED,0.0
price400,33,18628,PSEUDO,IV,ate,ED_k2,2,False,no path,no,yes,True,2,answer changed,ED,-0.3333333333333333
price400,33,18628,PSEUDO,IV,ate,ED_k3,3,False,backdoor,yes,yes,True,2,"estimand changed, answer kept",ED,0.0
price400,33,18628,PSEUDO,IV,ate,FE_k1,1,True,unidentified,unidentified,yes,True,2,estimand kept,FE,0.0
price400,33,18628,PSEUDO,IV,ate,FE_k2,2,False,unidentified,unidentified,yes,True,2,unidentified under the shown graph,FE,0.0
price400,34,17061,KEEP,IV,ate,DR_k1,1,False,no path,no,yes,True,2,answer changed,DR,-1.0
price400,34,17061,KEEP,IV,ate,DR_k2,2,False,no path,no,yes,True,2,answer changed,DR,-0.5
price400,34,17061,KEEP,IV,ate,DR_k3,3,False,backdoor,yes,yes,True,2,"estimand changed, answer kept",DR,0.0
price400,34,17061,KEEP,IV,ate,ED_k1,1,False,no path,no,yes,True,2,answer changed,ED,-1.0
price400,34,17061,KEEP,IV,ate,ED_k2,2,False,no path,no,yes,True,2,answer changed,ED,-0.5
price400,34,17061,KEEP,IV,ate,ED_k3,3,False,no path,no,yes,True,2,answer changed,ED,-1.0
price400,34,17061,KEEP,IV,ate,FE_k1,1,True,unidentified,unidentified,yes,True,2,estimand kept,FE,0.0
price400,34,17061,KEEP,IV,ate,FE_k2,2,False,unidentified,unidentified,yes,True,2,unidentified under the shown graph,FE,-0.5
price400,34,17061,PSEUDO,IV,ate,DR_k1,1,False,no path,no,yes,True,2,answer changed,DR,-0.6666666666666666
price400,34,17061,PSEUDO,IV,ate,DR_k2,2,False,no path,no,yes,True,2,answer changed,DR,-1.0
price400,34,17061,PSEUDO,IV,ate,DR_k3,3,False,backdoor,yes,yes,True,2,"estimand changed, answer kept",DR,0.0
price400,34,17061,PSEUDO,IV,ate,ED_k1,1,False,no path,no,yes,True,2,answer changed,ED,-0.3333333333333333
price400,34,17061,PSEUDO,IV,ate,ED_k2,2,False,no path,no,yes,True,2,answer changed,ED,-0.3333333333333333
price400,34,17061,PSEUDO,IV,ate,ED_k3,3,False,no path,no,yes,True,2,answer changed,ED,-0.3333333333333333
price400,34,17061,PSEUDO,IV,ate,FE_k1,1,True,unidentified,unidentified,yes,True,2,estimand kept,FE,0.3333333333333333
price400,34,17061,PSEUDO,IV,ate,FE_k2,2,False,unidentified,unidentified,yes,True,2,unidentified under the shown graph,FE,0.3333333333333333
price400,35,15152,KEEP,IV,ate,DR_k1,1,False,no path,no,yes,True,2,answer changed,DR,-0.6666666666666666
price400,35,15152,KEEP,IV,ate,DR_k2,2,False,no path,no,yes,True,2,answer changed,DR,-0.6666666666666666
price400,35,15152,KEEP,IV,ate,DR_k3,3,False,backdoor,yes,yes,True,2,"estimand changed, answer kept",DR,0.0
price400,35,15152,KEEP,IV,ate,ED_k1,1,False,no path,no,yes,True,2,answer changed,ED,-0.6666666666666666
price400,35,15152,KEEP,IV,ate,ED_k2,2,False,backdoor,yes,yes,True,2,"estimand changed, answer kept",ED,0.0
price400,35,15152,KEEP,IV,ate,ED_k3,3,False,no path,no,yes,True,2,answer changed,ED,-0.6666666666666666
price400,35,15152,KEEP,IV,ate,FE_k1,1,True,unidentified,unidentified,yes,True,2,estimand kept,FE,-0.3333333333333333
price400,35,15152,KEEP,IV,ate,FE_k2,2,False,unidentified,unidentified,yes,True,2,unidentified under the shown graph,FE,-0.3333333333333333
price400,35,15152,PSEUDO,IV,ate,DR_k1,1,False,no path,no,yes,True,2,answer changed,DR,-0.3333333333333333
price400,35,15152,PSEUDO,IV,ate,DR_k2,2,False,no path,no,yes,True,2,answer changed,DR,-0.3333333333333333
price400,35,15152,PSEUDO,IV,ate,DR_k3,3,False,backdoor,yes,yes,True,2,"estimand changed, answer kept",DR,0.0
price400,35,15152,PSEUDO,IV,ate,ED_k1,1,False,no path,no,yes,True,2,answer changed,ED,-0.3333333333333333
price400,35,15152,PSEUDO,IV,ate,ED_k2,2,False,backdoor,yes,yes,True,2,"estimand changed, answer kept",ED,0.3333333333333333
price400,35,15152,PSEUDO,IV,ate,ED_k3,3,False,no path,no,yes,True,2,answer changed,ED,-0.6666666666666666
price400,35,15152,PSEUDO,IV,ate,FE_k1,1,True,unidentified,unidentified,yes,True,2,estimand kept,FE,0.3333333333333333
price400,35,15152,PSEUDO,IV,ate,FE_k2,2,False,unidentified,unidentified,yes,True,2,unidentified under the shown graph,FE,0.0
price400,37,3443,KEEP,IV,ate,DR_k1,1,False,backdoor,no,no,True,2,"estimand changed, answer kept",DR,0.0
price400,37,3443,KEEP,IV,ate,DR_k2,2,False,backdoor,no,no,True,2,"estimand changed, answer kept",DR,0.0
price400,37,3443,KEEP,IV,ate,DR_k3,3,False,backdoor,no,no,True,2,"estimand changed, answer kept",DR,0.0
price400,37,3443,KEEP,IV,ate,ED_k1,1,False,backdoor,no,no,True,2,"estimand changed, answer kept",ED,0.0
price400,37,3443,KEEP,IV,ate,ED_k2,2,False,no path,no,no,True,2,"estimand changed, answer kept",ED,0.3333333333333333
price400,37,3443,KEEP,IV,ate,ED_k3,3,False,no path,no,no,True,2,"estimand changed, answer kept",ED,0.3333333333333333
price400,37,3443,KEEP,IV,ate,FE_k1,1,False,unidentified,unidentified,no,True,2,unidentified under the shown graph,FE,0.3333333333333333
price400,37,3443,KEEP,IV,ate,FE_k2,2,False,unidentified,unidentified,no,True,2,unidentified under the shown graph,FE,0.3333333333333333
price400,37,3443,PSEUDO,IV,ate,DR_k1,1,False,backdoor,no,no,True,2,"estimand changed, answer kept",DR,0.0
price400,37,3443,PSEUDO,IV,ate,DR_k2,2,False,backdoor,no,no,True,2,"estimand changed, answer kept",DR,0.0
price400,37,3443,PSEUDO,IV,ate,DR_k3,3,False,backdoor,no,no,True,2,"estimand changed, answer kept",DR,0.0
price400,37,3443,PSEUDO,IV,ate,ED_k1,1,False,backdoor,no,no,True,2,"estimand changed, answer kept",ED,0.0
price400,37,3443,PSEUDO,IV,ate,ED_k2,2,False,no path,no,no,True,2,"estimand changed, answer kept",ED,-0.3333333333333333
price400,37,3443,PSEUDO,IV,ate,ED_k3,3,False,no path,no,no,True,2,"estimand changed, answer kept",ED,0.0
price400,37,3443,PSEUDO,IV,ate,FE_k1,1,True,unidentified,unidentified,no,True,2,estimand kept,FE,0.0
price400,37,3443,PSEUDO,IV,ate,FE_k2,2,False,unidentified,unidentified,no,True,2,unidentified under the shown graph,FE,-0.3333333333333333
price400,80,13538,KEEP,arrowhead,ate,DR_k1,1,True,backdoor,no,no,True,2,estimand kept,DR,0.0
price400,80,13538,KEEP,arrowhead,ate,DR_k2,2,False,backdoor,no,no,True,2,"estimand changed, answer kept",DR,-0.3333333333333333
price400,80,13538,KEEP,arrowhead,ate,DR_k3,3,False,no path,no,no,True,2,"estimand changed, answer kept",DR,0.0
price400,80,13538,KEEP,arrowhead,ate,ED_k1,1,False,backdoor,no,no,True,2,"estimand changed, answer kept",ED,-0.3333333333333333
price400,80,13538,KEEP,arrowhead,ate,ED_k2,2,False,backdoor,no,no,True,2,"estimand changed, answer kept",ED,0.0
price400,80,13538,KEEP,arrowhead,ate,ED_k3,3,False,no path,no,no,True,2,"estimand changed, answer kept",ED,0.0
price400,80,13538,KEEP,arrowhead,ate,FE_k1,1,False,unidentified,unidentified,no,True,2,unidentified under the shown graph,FE,-0.3333333333333333
price400,80,13538,PSEUDO,arrowhead,ate,DR_k1,1,True,backdoor,no,no,True,2,estimand kept,DR,0.0
price400,80,13538,PSEUDO,arrowhead,ate,DR_k2,2,False,backdoor,no,no,True,2,"estimand changed, answer kept",DR,0.0
price400,80,13538,PSEUDO,arrowhead,ate,DR_k3,3,False,no path,no,no,True,2,"estimand changed, answer kept",DR,1.0
price400,80,13538,PSEUDO,arrowhead,ate,ED_k1,1,False,backdoor,no,no,True,2,"estimand changed, answer kept",ED,0.3333333333333333
price400,80,13538,PSEUDO,arrowhead,ate,ED_k2,2,False,backdoor,no,no,True,2,"estimand changed, answer kept",ED,0.6666666666666666
price400,80,13538,PSEUDO,arrowhead,ate,ED_k3,3,False,no path,no,no,True,2,"estimand changed, answer kept",ED,1.0
price400,80,13538,PSEUDO,arrowhead,ate,FE_k1,1,False,unidentified,unidentified,no,True,2,unidentified under the shown graph,FE,0.0
price400,81,9160,KEEP,arrowhead,ate,DR_k1,1,True,backdoor,no,no,True,2,estimand kept,DR,0.0
price400,81,9160,KEEP,arrowhead,ate,DR_k2,2,False,backdoor,no,no,True,2,"estimand changed, answer kept",DR,0.0
price400,81,9160,KEEP,arrowhead,ate,DR_k3,3,False,backdoor,no,no,True,2,"estimand changed, answer kept",DR,0.0
price400,81,9160,KEEP,arrowhead,ate,ED_k1,1,False,backdoor,no,no,True,2,"estimand changed, answer kept",ED,0.0
price400,81,9160,KEEP,arrowhead,ate,ED_k2,2,True,backdoor,no,no,True,2,estimand kept,ED,0.0
price400,81,9160,KEEP,arrowhead,ate,ED_k3,3,False,backdoor,no,no,True,2,"estimand changed, answer kept",ED,0.0
price400,81,9160,KEEP,arrowhead,ate,FE_k1,1,False,backdoor,no,no,True,2,"estimand changed, answer kept",FE,0.0
price400,81,9160,PSEUDO,arrowhead,ate,DR_k1,1,True,backdoor,no,no,True,2,estimand kept,DR,0.0
price400,81,9160,PSEUDO,arrowhead,ate,DR_k2,2,False,backdoor,no,no,True,2,"estimand changed, answer kept",DR,0.0
price400,81,9160,PSEUDO,arrowhead,ate,DR_k3,3,False,backdoor,no,no,True,2,"estimand changed, answer kept",DR,0.0
price400,81,9160,PSEUDO,arrowhead,ate,ED_k1,1,False,backdoor,no,no,True,2,"estimand changed, answer kept",ED,0.0
price400,81,9160,PSEUDO,arrowhead,ate,ED_k2,2,True,backdoor,no,no,True,2,estimand kept,ED,0.0
price400,81,9160,PSEUDO,arrowhead,ate,ED_k3,3,False,backdoor,no,no,True,2,"estimand changed, answer kept",ED,0.0
price400,81,9160,PSEUDO,arrowhead,ate,FE_k1,1,False,backdoor,no,no,True,2,"estimand changed, answer kept",FE,0.0
price400,82,2848,KEEP,arrowhead,ate,DR_k1,1,False,backdoor,no,no,True,2,"estimand changed, answer kept",DR,0.0
price400,82,2848,KEEP,arrowhead,ate,DR_k2,2,False,no path,no,no,True,2,"estimand changed, answer kept",DR,0.0
price400,82,2848,KEEP,arrowhead,ate,DR_k3,3,False,backdoor,no,no,True,2,"estimand changed, answer kept",DR,0.0
price400,82,2848,KEEP,arrowhead,ate,ED_k1,1,False,backdoor,no,no,True,2,"estimand changed, answer kept",ED,0.0
price400,82,2848,KEEP,arrowhead,ate,ED_k2,2,True,backdoor,no,no,True,2,estimand kept,ED,0.0
price400,82,2848,KEEP,arrowhead,ate,ED_k3,3,True,backdoor,no,no,True,2,estimand kept,ED,0.0
price400,82,2848,KEEP,arrowhead,ate,FE_k1,1,False,backdoor,no,no,True,2,"estimand changed, answer kept",FE,0.0
price400,82,2848,PSEUDO,arrowhead,ate,DR_k1,1,False,backdoor,no,no,True,2,"estimand changed, answer kept",DR,0.0
price400,82,2848,PSEUDO,arrowhead,ate,DR_k2,2,False,no path,no,no,True,2,"estimand changed, answer kept",DR,0.0
price400,82,2848,PSEUDO,arrowhead,ate,DR_k3,3,False,backdoor,no,no,True,2,"estimand changed, answer kept",DR,0.0
price400,82,2848,PSEUDO,arrowhead,ate,ED_k1,1,False,backdoor,no,no,True,2,"estimand changed, answer kept",ED,0.0
price400,82,2848,PSEUDO,arrowhead,ate,ED_k2,2,True,backdoor,no,no,True,2,estimand kept,ED,0.0
price400,82,2848,PSEUDO,arrowhead,ate,ED_k3,3,True,backdoor,no,no,True,2,estimand kept,ED,0.0
price400,82,2848,PSEUDO,arrowhead,ate,FE_k1,1,False,unidentified,unidentified,no,True,2,unidentified under the shown graph,FE,0.0
price400,83,7592,KEEP,arrowhead,ate,DR_k1,1,True,backdoor,yes,yes,True,2,estimand kept,DR,0.3333333333333333
price400,83,7592,KEEP,arrowhead,ate,DR_k2,2,False,backdoor,yes,yes,True,2,"estimand changed, answer kept",DR,0.3333333333333333
price400,83,7592,KEEP,arrowhead,ate,DR_k3,3,False,no path,no,yes,True,2,answer changed,DR,-0.3333333333333333
price400,83,7592,KEEP,arrowhead,ate,ED_k1,1,False,backdoor,yes,yes,True,2,"estimand changed, answer kept",ED,0.3333333333333333
price400,83,7592,KEEP,arrowhead,ate,ED_k2,2,True,backdoor,yes,yes,True,2,estimand kept,ED,0.3333333333333333
price400,83,7592,KEEP,arrowhead,ate,ED_k3,3,False,no path,no,yes,True,2,answer changed,ED,0.3333333333333333
price400,83,7592,KEEP,arrowhead,ate,FE_k1,1,False,unidentified,unidentified,yes,True,2,unidentified under the shown graph,FE,0.3333333333333333
price400,83,7592,PSEUDO,arrowhead,ate,DR_k1,1,True,backdoor,yes,yes,True,2,estimand kept,DR,0.0
price400,83,7592,PSEUDO,arrowhead,ate,DR_k2,2,False,backdoor,yes,yes,True,2,"estimand changed, answer kept",DR,0.0
price400,83,7592,PSEUDO,arrowhead,ate,DR_k3,3,False,no path,no,yes,True,2,answer changed,DR,-0.3333333333333333
price400,83,7592,PSEUDO,arrowhead,ate,ED_k1,1,False,backdoor,yes,yes,True,2,"estimand changed, answer kept",ED,0.0
price400,83,7592,PSEUDO,arrowhead,ate,ED_k2,2,True,backdoor,yes,yes,True,2,estimand kept,ED,0.0
price400,83,7592,PSEUDO,arrowhead,ate,ED_k3,3,False,no path,no,yes,True,2,answer changed,ED,-0.6666666666666666
price400,83,7592,PSEUDO,arrowhead,ate,FE_k1,1,False,unidentified,unidentified,yes,True,2,unidentified under the shown graph,FE,0.0
price400,86,13650,KEEP,arrowhead,ate,DR_k1,1,False,backdoor,no,no,True,2,"estimand changed, answer kept",DR,0.0
price400,86,13650,KEEP,arrowhead,ate,DR_k2,2,False,backdoor,no,no,True,2,"estimand changed, answer kept",DR,-0.3333333333333333
price400,86,13650,KEEP,arrowhead,ate,DR_k3,3,False,no path,no,no,True,2,"estimand changed, answer kept",DR,0.0
price400,86,13650,KEEP,arrowhead,ate,ED_k1,1,True,backdoor,no,no,True,2,estimand kept,ED,0.0
price400,86,13650,KEEP,arrowhead,ate,ED_k2,2,False,backdoor,no,no,True,2,"estimand changed, answer kept",ED,0.0
price400,86,13650,KEEP,arrowhead,ate,ED_k3,3,False,no path,no,no,True,2,"estimand changed, answer kept",ED,0.0
price400,86,13650,KEEP,arrowhead,ate,FE_k1,1,False,unidentified,unidentified,no,True,2,unidentified under the shown graph,FE,-0.3333333333333333
price400,86,13650,PSEUDO,arrowhead,ate,DR_k1,1,False,backdoor,no,no,True,2,"estimand changed, answer kept",DR,0.0
price400,86,13650,PSEUDO,arrowhead,ate,DR_k2,2,False,backdoor,no,no,True,2,"estimand changed, answer kept",DR,0.0
price400,86,13650,PSEUDO,arrowhead,ate,DR_k3,3,False,no path,no,no,True,2,"estimand changed, answer kept",DR,1.0
price400,86,13650,PSEUDO,arrowhead,ate,ED_k1,1,True,backdoor,no,no,True,2,estimand kept,ED,0.0
price400,86,13650,PSEUDO,arrowhead,ate,ED_k2,2,False,backdoor,no,no,True,2,"estimand changed, answer kept",ED,0.3333333333333333
price400,86,13650,PSEUDO,arrowhead,ate,ED_k3,3,False,no path,no,no,True,2,"estimand changed, answer kept",ED,1.0
price400,86,13650,PSEUDO,arrowhead,ate,FE_k1,1,False,backdoor,no,no,True,2,"estimand changed, answer kept",FE,0.0
price400,87,2574,KEEP,arrowhead,ate,DR_k1,1,False,backdoor,no,yes,True,2,answer changed,DR,0.0
price400,87,2574,KEEP,arrowhead,ate,DR_k2,2,False,backdoor,yes,yes,True,2,"estimand changed, answer kept",DR,0.0
price400,87,2574,KEEP,arrowhead,ate,DR_k3,3,False,backdoor,no,yes,True,2,answer changed,DR,0.0
price400,87,2574,KEEP,arrowhead,ate,ED_k1,1,True,backdoor,yes,yes,True,2,estimand kept,ED,0.0
price400,87,2574,KEEP,arrowhead,ate,ED_k2,2,False,backdoor,ambiguous,yes,True,2,ambiguous,ED,0.0
price400,87,2574,KEEP,arrowhead,ate,ED_k3,3,False,backdoor,ambiguous,yes,True,2,ambiguous,ED,0.0
price400,87,2574,KEEP,arrowhead,ate,FE_k1,1,False,unidentified,unidentified,yes,True,2,unidentified under the shown graph,FE,0.0
price400,87,2574,PSEUDO,arrowhead,ate,DR_k1,1,False,backdoor,no,yes,True,2,answer changed,DR,0.0
price400,87,2574,PSEUDO,arrowhead,ate,DR_k2,2,False,backdoor,yes,yes,True,2,"estimand changed, answer kept",DR,0.0
price400,87,2574,PSEUDO,arrowhead,ate,DR_k3,3,False,backdoor,no,yes,True,2,answer changed,DR,-0.3333333333333333
price400,87,2574,PSEUDO,arrowhead,ate,ED_k1,1,True,backdoor,yes,yes,True,2,estimand kept,ED,-0.3333333333333333
price400,87,2574,PSEUDO,arrowhead,ate,ED_k2,2,False,backdoor,ambiguous,yes,True,2,ambiguous,ED,-0.3333333333333333
price400,87,2574,PSEUDO,arrowhead,ate,ED_k3,3,False,backdoor,ambiguous,yes,True,2,ambiguous,ED,-0.3333333333333333
price400,87,2574,PSEUDO,arrowhead,ate,FE_k1,1,False,unidentified,unidentified,yes,True,2,unidentified under the shown graph,FE,0.0
price400,88,2323,KEEP,arrowhead,ate,DR_k1,1,False,backdoor,yes,yes,True,2,"estimand changed, answer kept",DR,0.0
price400,88,2323,KEEP,arrowhead,ate,DR_k2,2,False,backdoor,yes,yes,True,2,"estimand changed, answer kept",DR,0.0
price400,88,2323,KEEP,arrowhead,ate,DR_k3,3,False,no path,no,yes,True,2,answer changed,DR,-0.6666666666666666
price400,88,2323,KEEP,arrowhead,ate,ED_k1,1,True,backdoor,yes,yes,True,2,estimand kept,ED,0.0
price400,88,2323,KEEP,arrowhead,ate,ED_k2,2,True,backdoor,yes,yes,True,2,estimand kept,ED,0.0
price400,88,2323,KEEP,arrowhead,ate,ED_k3,3,False,backdoor,yes,yes,True,2,"estimand changed, answer kept",ED,0.0
price400,88,2323,KEEP,arrowhead,ate,FE_k1,1,False,unidentified,unidentified,yes,True,2,unidentified under the shown graph,FE,0.0
price400,88,2323,PSEUDO,arrowhead,ate,DR_k1,1,False,backdoor,yes,yes,True,2,"estimand changed, answer kept",DR,0.0
price400,88,2323,PSEUDO,arrowhead,ate,DR_k2,2,False,backdoor,yes,yes,True,2,"estimand changed, answer kept",DR,0.0
price400,88,2323,PSEUDO,arrowhead,ate,DR_k3,3,False,no path,no,yes,True,2,answer changed,DR,-1.0
price400,88,2323,PSEUDO,arrowhead,ate,ED_k1,1,True,backdoor,yes,yes,True,2,estimand kept,ED,0.0
price400,88,2323,PSEUDO,arrowhead,ate,ED_k2,2,True,backdoor,yes,yes,True,2,estimand kept,ED,-0.3333333333333333
price400,88,2323,PSEUDO,arrowhead,ate,ED_k3,3,False,backdoor,yes,yes,True,2,"estimand changed, answer kept",ED,-0.3333333333333333
price400,88,2323,PSEUDO,arrowhead,ate,FE_k1,1,False,unidentified,unidentified,yes,True,2,unidentified under the shown graph,FE,0.0
price400,89,8091,KEEP,arrowhead,ate,DR_k1,1,False,backdoor,no,no,True,2,"estimand changed, answer kept",DR,0.0
price400,89,8091,KEEP,arrowhead,ate,DR_k2,2,False,no path,no,no,True,2,"estimand changed, answer kept",DR,0.0
price400,89,8091,KEEP,arrowhead,ate,DR_k3,3,False,no path,no,no,True,2,"estimand changed, answer kept",DR,0.0
price400,89,8091,KEEP,arrowhead,ate,ED_k1,1,True,backdoor,no,no,True,2,estimand kept,ED,-0.3333333333333333
price400,89,8091,KEEP,arrowhead,ate,ED_k2,2,True,backdoor,no,no,True,2,estimand kept,ED,0.0
price400,89,8091,KEEP,arrowhead,ate,ED_k3,3,True,backdoor,no,no,True,2,estimand kept,ED,0.0
price400,89,8091,KEEP,arrowhead,ate,FE_k1,1,False,backdoor,no,no,True,2,"estimand changed, answer kept",FE,0.0
price400,89,8091,PSEUDO,arrowhead,ate,DR_k1,1,False,backdoor,no,no,True,2,"estimand changed, answer kept",DR,0.0
price400,89,8091,PSEUDO,arrowhead,ate,DR_k2,2,False,no path,no,no,True,2,"estimand changed, answer kept",DR,0.0
price400,89,8091,PSEUDO,arrowhead,ate,DR_k3,3,False,no path,no,no,True,2,"estimand changed, answer kept",DR,0.0
price400,89,8091,PSEUDO,arrowhead,ate,ED_k1,1,True,backdoor,no,no,True,2,estimand kept,ED,0.0
price400,89,8091,PSEUDO,arrowhead,ate,ED_k2,2,True,backdoor,no,no,True,2,estimand kept,ED,0.0
price400,89,8091,PSEUDO,arrowhead,ate,ED_k3,3,True,backdoor,no,no,True,2,estimand kept,ED,-0.3333333333333333
price400,89,8091,PSEUDO,arrowhead,ate,FE_k1,1,False,backdoor,no,no,True,2,"estimand changed, answer kept",FE,0.0
price400,91,19581,KEEP,arrowhead,ate,DR_k1,1,False,backdoor,no,no,True,2,"estimand changed, answer kept",DR,0.0
price400,91,19581,KEEP,arrowhead,ate,DR_k2,2,False,no path,no,no,True,2,"estimand changed, answer kept",DR,0.0
price400,91,19581,KEEP,arrowhead,ate,DR_k3,3,False,backdoor,no,no,True,2,"estimand changed, answer kept",DR,-0.3333333333333333
price400,91,19581,KEEP,arrowhead,ate,ED_k1,1,True,backdoor,no,no,True,2,estimand kept,ED,0.0
price400,91,19581,KEEP,arrowhead,ate,ED_k2,2,True,backdoor,no,no,True,2,estimand kept,ED,-0.3333333333333333
price400,91,19581,KEEP,arrowhead,ate,ED_k3,3,False,no path,no,no,True,2,"estimand changed, answer kept",ED,0.0
price400,91,19581,KEEP,arrowhead,ate,FE_k1,1,False,backdoor,no,no,True,2,"estimand changed, answer kept",FE,0.0
price400,91,19581,PSEUDO,arrowhead,ate,DR_k1,1,False,backdoor,no,no,True,2,"estimand changed, answer kept",DR,0.0
price400,91,19581,PSEUDO,arrowhead,ate,DR_k2,2,False,no path,no,no,True,2,"estimand changed, answer kept",DR,0.3333333333333333
price400,91,19581,PSEUDO,arrowhead,ate,DR_k3,3,False,backdoor,no,no,True,2,"estimand changed, answer kept",DR,-0.3333333333333333
price400,91,19581,PSEUDO,arrowhead,ate,ED_k1,1,True,backdoor,no,no,True,2,estimand kept,ED,0.0
price400,91,19581,PSEUDO,arrowhead,ate,ED_k2,2,True,backdoor,no,no,True,2,estimand kept,ED,0.3333333333333333
price400,91,19581,PSEUDO,arrowhead,ate,ED_k3,3,False,no path,no,no,True,2,"estimand changed, answer kept",ED,0.6666666666666666
price400,91,19581,PSEUDO,arrowhead,ate,FE_k1,1,False,unidentified,unidentified,no,True,2,unidentified under the shown graph,FE,0.0
price400,94,7208,KEEP,arrowhead,ate,DR_k1,1,False,backdoor,yes,yes,True,2,"estimand changed, answer kept",DR,0.0
price400,94,7208,KEEP,arrowhead,ate,DR_k2,2,False,backdoor,yes,yes,True,2,"estimand changed, answer kept",DR,0.0
price400,94,7208,KEEP,arrowhead,ate,DR_k3,3,False,backdoor,yes,yes,True,2,"estimand changed, answer kept",DR,0.0
price400,94,7208,KEEP,arrowhead,ate,ED_k1,1,True,backdoor,yes,yes,True,2,estimand kept,ED,-0.3333333333333333
price400,94,7208,KEEP,arrowhead,ate,ED_k2,2,False,backdoor,yes,yes,True,2,"estimand changed, answer kept",ED,0.0
price400,94,7208,KEEP,arrowhead,ate,ED_k3,3,False,no path,no,yes,True,2,answer changed,ED,-0.3333333333333333
price400,94,7208,KEEP,arrowhead,ate,FE_k1,1,False,backdoor,yes,yes,True,2,"estimand changed, answer kept",FE,0.0
price400,94,7208,PSEUDO,arrowhead,ate,DR_k1,1,False,backdoor,yes,yes,True,2,"estimand changed, answer kept",DR,0.0
price400,94,7208,PSEUDO,arrowhead,ate,DR_k2,2,False,backdoor,yes,yes,True,2,"estimand changed, answer kept",DR,0.0
price400,94,7208,PSEUDO,arrowhead,ate,DR_k3,3,False,backdoor,yes,yes,True,2,"estimand changed, answer kept",DR,0.0
price400,94,7208,PSEUDO,arrowhead,ate,ED_k1,1,True,backdoor,yes,yes,True,2,estimand kept,ED,0.3333333333333333
price400,94,7208,PSEUDO,arrowhead,ate,ED_k2,2,False,backdoor,yes,yes,True,2,"estimand changed, answer kept",ED,0.0
price400,94,7208,PSEUDO,arrowhead,ate,ED_k3,3,False,no path,no,yes,True,2,answer changed,ED,0.0
price400,94,7208,PSEUDO,arrowhead,ate,FE_k1,1,False,unidentified,unidentified,yes,True,2,unidentified under the shown graph,FE,0.0
price400,96,14419,KEEP,arrowhead,ett,DR_k1,1,False,backdoor,no,no,True,2,"estimand changed, answer kept",DR,0.0
price400,96,14419,KEEP,arrowhead,ett,DR_k2,2,False,no path,no,no,True,2,"estimand changed, answer kept",DR,0.0
price400,96,14419,KEEP,arrowhead,ett,DR_k3,3,False,no path,no,no,True,2,"estimand changed, answer kept",DR,0.0
price400,96,14419,KEEP,arrowhead,ett,ED_k1,1,True,backdoor,no,no,True,2,estimand kept,ED,0.0
price400,96,14419,KEEP,arrowhead,ett,ED_k2,2,False,backdoor,no,no,True,2,"estimand changed, answer kept",ED,0.0
price400,96,14419,KEEP,arrowhead,ett,ED_k3,3,False,no path,no,no,True,2,"estimand changed, answer kept",ED,0.0
price400,96,14419,KEEP,arrowhead,ett,FE_k1,1,False,unidentified,unidentified,no,True,2,unidentified under the shown graph,FE,0.0
price400,96,14419,PSEUDO,arrowhead,ett,DR_k1,1,False,backdoor,no,no,True,2,"estimand changed, answer kept",DR,0.0
price400,96,14419,PSEUDO,arrowhead,ett,DR_k2,2,False,no path,no,no,True,2,"estimand changed, answer kept",DR,0.0
price400,96,14419,PSEUDO,arrowhead,ett,DR_k3,3,False,no path,no,no,True,2,"estimand changed, answer kept",DR,0.0
price400,96,14419,PSEUDO,arrowhead,ett,ED_k1,1,True,backdoor,no,no,True,2,estimand kept,ED,0.0
price400,96,14419,PSEUDO,arrowhead,ett,ED_k2,2,False,backdoor,no,no,True,2,"estimand changed, answer kept",ED,0.0
price400,96,14419,PSEUDO,arrowhead,ett,ED_k3,3,False,no path,no,no,True,2,"estimand changed, answer kept",ED,0.0
price400,96,14419,PSEUDO,arrowhead,ett,FE_k1,1,False,unidentified,unidentified,no,True,2,unidentified under the shown graph,FE,0.0
price400,98,18048,KEEP,arrowhead,ett,DR_k1,1,False,backdoor,yes,yes,True,2,"estimand changed, answer kept",DR,0.3333333333333333
price400,98,18048,KEEP,arrowhead,ett,DR_k2,2,False,backdoor,yes,yes,True,2,"estimand changed, answer kept",DR,-0.6666666666666666
price400,98,18048,KEEP,arrowhead,ett,DR_k3,3,False,no path,no,yes,True,2,answer changed,DR,0.3333333333333333
price400,98,18048,KEEP,arrowhead,ett,ED_k1,1,True,backdoor,yes,yes,True,2,estimand kept,ED,0.3333333333333333
price400,98,18048,KEEP,arrowhead,ett,ED_k2,2,True,backdoor,yes,yes,True,2,estimand kept,ED,-0.3333333333333333
price400,98,18048,KEEP,arrowhead,ett,ED_k3,3,True,backdoor,yes,yes,True,2,estimand kept,ED,-0.3333333333333333
price400,98,18048,KEEP,arrowhead,ett,FE_k1,1,False,unidentified,unidentified,yes,True,2,unidentified under the shown graph,FE,-0.3333333333333333
price400,98,18048,PSEUDO,arrowhead,ett,DR_k1,1,False,backdoor,yes,yes,True,2,"estimand changed, answer kept",DR,0.3333333333333333
price400,98,18048,PSEUDO,arrowhead,ett,DR_k2,2,False,backdoor,yes,yes,True,2,"estimand changed, answer kept",DR,0.3333333333333333
price400,98,18048,PSEUDO,arrowhead,ett,DR_k3,3,False,no path,no,yes,True,2,answer changed,DR,0.3333333333333333
price400,98,18048,PSEUDO,arrowhead,ett,ED_k1,1,True,backdoor,yes,yes,True,2,estimand kept,ED,0.3333333333333333
price400,98,18048,PSEUDO,arrowhead,ett,ED_k2,2,True,backdoor,yes,yes,True,2,estimand kept,ED,0.0
price400,98,18048,PSEUDO,arrowhead,ett,ED_k3,3,True,backdoor,yes,yes,True,2,estimand kept,ED,0.3333333333333333
price400,98,18048,PSEUDO,arrowhead,ett,FE_k1,1,False,backdoor,yes,yes,True,2,"estimand changed, answer kept",FE,0.3333333333333333
price400,99,4365,KEEP,arrowhead,ett,DR_k1,1,False,backdoor,yes,yes,True,2,"estimand changed, answer kept",DR,0.0
price400,99,4365,KEEP,arrowhead,ett,DR_k2,2,False,backdoor,yes,yes,True,2,"estimand changed, answer kept",DR,0.0
price400,99,4365,KEEP,arrowhead,ett,DR_k3,3,False,no path,no,yes,True,2,answer changed,DR,-1.0
price400,99,4365,KEEP,arrowhead,ett,ED_k1,1,True,backdoor,yes,yes,True,2,estimand kept,ED,0.0
price400,99,4365,KEEP,arrowhead,ett,ED_k2,2,False,no path,no,yes,True,2,answer changed,ED,0.0
price400,99,4365,KEEP,arrowhead,ett,ED_k3,3,True,backdoor,yes,yes,True,2,estimand kept,ED,0.0
price400,99,4365,KEEP,arrowhead,ett,FE_k1,1,False,backdoor,yes,yes,True,2,"estimand changed, answer kept",FE,0.0
price400,99,4365,PSEUDO,arrowhead,ett,DR_k1,1,False,backdoor,yes,yes,True,2,"estimand changed, answer kept",DR,-0.3333333333333333
price400,99,4365,PSEUDO,arrowhead,ett,DR_k2,2,False,backdoor,yes,yes,True,2,"estimand changed, answer kept",DR,-0.6666666666666666
price400,99,4365,PSEUDO,arrowhead,ett,DR_k3,3,False,no path,no,yes,True,2,answer changed,DR,-0.6666666666666666
price400,99,4365,PSEUDO,arrowhead,ett,ED_k1,1,True,backdoor,yes,yes,True,2,estimand kept,ED,0.0
price400,99,4365,PSEUDO,arrowhead,ett,ED_k2,2,False,no path,no,yes,True,2,answer changed,ED,0.0
price400,99,4365,PSEUDO,arrowhead,ett,ED_k3,3,True,backdoor,yes,yes,True,2,estimand kept,ED,0.0
price400,99,4365,PSEUDO,arrowhead,ett,FE_k1,1,False,backdoor,yes,yes,True,2,"estimand changed, answer kept",FE,0.0
price400,104,9178,KEEP,arrowhead,ett,DR_k1,1,False,backdoor,yes,yes,True,2,"estimand changed, answer kept",DR,0.0
price400,104,9178,KEEP,arrowhead,ett,DR_k2,2,False,backdoor,yes,yes,True,2,"estimand changed, answer kept",DR,0.0
price400,104,9178,KEEP,arrowhead,ett,DR_k3,3,False,no path,no,yes,True,2,answer changed,DR,-0.3333333333333333
price400,104,9178,KEEP,arrowhead,ett,ED_k1,1,True,backdoor,yes,yes,True,2,estimand kept,ED,0.0
price400,104,9178,KEEP,arrowhead,ett,ED_k2,2,True,backdoor,yes,yes,True,2,estimand kept,ED,0.0
price400,104,9178,KEEP,arrowhead,ett,ED_k3,3,True,backdoor,yes,yes,True,2,estimand kept,ED,0.0
price400,104,9178,KEEP,arrowhead,ett,FE_k1,1,False,unidentified,unidentified,yes,True,2,unidentified under the shown graph,FE,0.0
price400,104,9178,PSEUDO,arrowhead,ett,DR_k1,1,False,backdoor,yes,yes,True,2,"estimand changed, answer kept",DR,0.3333333333333333
price400,104,9178,PSEUDO,arrowhead,ett,DR_k2,2,False,backdoor,yes,yes,True,2,"estimand changed, answer kept",DR,0.3333333333333333
price400,104,9178,PSEUDO,arrowhead,ett,DR_k3,3,False,no path,no,yes,True,2,answer changed,DR,0.3333333333333333
price400,104,9178,PSEUDO,arrowhead,ett,ED_k1,1,True,backdoor,yes,yes,True,2,estimand kept,ED,0.0
price400,104,9178,PSEUDO,arrowhead,ett,ED_k2,2,True,backdoor,yes,yes,True,2,estimand kept,ED,0.3333333333333333
price400,104,9178,PSEUDO,arrowhead,ett,ED_k3,3,True,backdoor,yes,yes,True,2,estimand kept,ED,0.3333333333333333
price400,104,9178,PSEUDO,arrowhead,ett,FE_k1,1,False,backdoor,yes,yes,True,2,"estimand changed, answer kept",FE,0.0
price400,106,2480,KEEP,arrowhead,ett,DR_k1,1,True,backdoor,yes,yes,True,2,estimand kept,DR,0.0
price400,106,2480,KEEP,arrowhead,ett,DR_k2,2,False,no path,no,yes,True,2,answer changed,DR,-0.3333333333333333
price400,106,2480,KEEP,arrowhead,ett,DR_k3,3,False,backdoor,yes,yes,True,2,"estimand changed, answer kept",DR,0.0
price400,106,2480,KEEP,arrowhead,ett,ED_k1,1,False,backdoor,yes,yes,True,2,"estimand changed, answer kept",ED,0.0
price400,106,2480,KEEP,arrowhead,ett,ED_k2,2,False,backdoor,yes,yes,True,2,"estimand changed, answer kept",ED,0.0
price400,106,2480,KEEP,arrowhead,ett,ED_k3,3,False,no path,no,yes,True,2,answer changed,ED,-0.3333333333333333
price400,106,2480,KEEP,arrowhead,ett,FE_k1,1,False,backdoor,yes,yes,True,2,"estimand changed, answer kept",FE,0.0
price400,106,2480,PSEUDO,arrowhead,ett,DR_k1,1,True,backdoor,yes,yes,True,2,estimand kept,DR,0.0
price400,106,2480,PSEUDO,arrowhead,ett,DR_k2,2,False,no path,no,yes,True,2,answer changed,DR,0.0
price400,106,2480,PSEUDO,arrowhead,ett,DR_k3,3,False,backdoor,yes,yes,True,2,"estimand changed, answer kept",DR,0.0
price400,106,2480,PSEUDO,arrowhead,ett,ED_k1,1,False,backdoor,yes,yes,True,2,"estimand changed, answer kept",ED,0.0
price400,106,2480,PSEUDO,arrowhead,ett,ED_k2,2,False,backdoor,yes,yes,True,2,"estimand changed, answer kept",ED,-0.3333333333333333
price400,106,2480,PSEUDO,arrowhead,ett,ED_k3,3,False,no path,no,yes,True,2,answer changed,ED,-0.3333333333333333
price400,106,2480,PSEUDO,arrowhead,ett,FE_k1,1,False,unidentified,unidentified,yes,True,2,unidentified under the shown graph,FE,0.0
price400,109,14506,KEEP,arrowhead,ett,DR_k1,1,True,backdoor,yes,yes,True,2,estimand kept,DR,0.0
price400,109,14506,KEEP,arrowhead,ett,DR_k2,2,False,backdoor,yes,yes,True,2,"estimand changed, answer kept",DR,-0.3333333333333333
price400,109,14506,KEEP,arrowhead,ett,DR_k3,3,False,backdoor,yes,yes,True,2,"estimand changed, answer kept",DR,0.0
price400,109,14506,KEEP,arrowhead,ett,ED_k1,1,False,backdoor,yes,yes,True,2,"estimand changed, answer kept",ED,-0.3333333333333333
price400,109,14506,KEEP,arrowhead,ett,ED_k2,2,True,backdoor,yes,yes,True,2,estimand kept,ED,0.0
price400,109,14506,KEEP,arrowhead,ett,ED_k3,3,False,no path,no,yes,True,2,answer changed,ED,-0.6666666666666666
price400,109,14506,KEEP,arrowhead,ett,FE_k1,1,False,unidentified,unidentified,yes,True,2,unidentified under the shown graph,FE,0.0
price400,109,14506,PSEUDO,arrowhead,ett,DR_k1,1,True,backdoor,yes,yes,True,2,estimand kept,DR,0.0
price400,109,14506,PSEUDO,arrowhead,ett,DR_k2,2,False,backdoor,yes,yes,True,2,"estimand changed, answer kept",DR,-0.3333333333333333
price400,109,14506,PSEUDO,arrowhead,ett,DR_k3,3,False,backdoor,yes,yes,True,2,"estimand changed, answer kept",DR,0.0
price400,109,14506,PSEUDO,arrowhead,ett,ED_k1,1,False,backdoor,yes,yes,True,2,"estimand changed, answer kept",ED,-0.3333333333333333
price400,109,14506,PSEUDO,arrowhead,ett,ED_k2,2,True,backdoor,yes,yes,True,2,estimand kept,ED,0.0
price400,109,14506,PSEUDO,arrowhead,ett,ED_k3,3,False,no path,no,yes,True,2,answer changed,ED,-0.6666666666666666
price400,109,14506,PSEUDO,arrowhead,ett,FE_k1,1,False,unidentified,unidentified,yes,True,2,unidentified under the shown graph,FE,0.0
price400,110,3206,KEEP,arrowhead,ett,DR_k1,1,False,backdoor,yes,no,True,2,answer changed,DR,0.0
price400,110,3206,KEEP,arrowhead,ett,DR_k2,2,False,backdoor,yes,no,True,2,answer changed,DR,0.0
price400,110,3206,KEEP,arrowhead,ett,DR_k3,3,False,no path,no,no,True,2,"estimand changed, answer kept",DR,0.3333333333333333
price400,110,3206,KEEP,arrowhead,ett,ED_k1,1,True,backdoor,no,no,True,2,estimand kept,ED,0.3333333333333333
price400,110,3206,KEEP,arrowhead,ett,ED_k2,2,True,backdoor,no,no,True,2,estimand kept,ED,0.0
price400,110,3206,KEEP,arrowhead,ett,ED_k3,3,False,no path,no,no,True,2,"estimand changed, answer kept",ED,0.0
price400,110,3206,KEEP,arrowhead,ett,FE_k1,1,False,unidentified,unidentified,no,True,2,unidentified under the shown graph,FE,0.3333333333333333
price400,110,3206,PSEUDO,arrowhead,ett,DR_k1,1,False,backdoor,yes,no,True,2,answer changed,DR,-0.3333333333333333
price400,110,3206,PSEUDO,arrowhead,ett,DR_k2,2,False,backdoor,yes,no,True,2,answer changed,DR,0.0
price400,110,3206,PSEUDO,arrowhead,ett,DR_k3,3,False,no path,no,no,True,2,"estimand changed, answer kept",DR,-0.5
price400,110,3206,PSEUDO,arrowhead,ett,ED_k1,1,True,backdoor,no,no,True,2,estimand kept,ED,-0.3333333333333333
price400,110,3206,PSEUDO,arrowhead,ett,ED_k2,2,True,backdoor,no,no,True,2,estimand kept,ED,0.0
price400,110,3206,PSEUDO,arrowhead,ett,ED_k3,3,False,no path,no,no,True,2,"estimand changed, answer kept",ED,-0.3333333333333333
price400,110,3206,PSEUDO,arrowhead,ett,FE_k1,1,False,unidentified,unidentified,no,True,2,unidentified under the shown graph,FE,-0.3333333333333333
price400,133,19043,KEEP,confounding,ate,DR_k1,1,False,no path,no,yes,True,2,answer changed,DR,0.3333333333333333
price400,133,19043,KEEP,confounding,ate,DR_k2,2,False,backdoor,no,yes,True,2,answer changed,DR,0.3333333333333333
price400,133,19043,KEEP,confounding,ate,DR_k3,3,False,no path,no,yes,True,2,answer changed,DR,0.3333333333333333
price400,133,19043,KEEP,confounding,ate,ED_k1,1,False,backdoor,ambiguous,yes,True,2,ambiguous,ED,0.6666666666666666
price400,133,19043,KEEP,confounding,ate,ED_k2,2,False,no path,no,yes,True,2,answer changed,ED,0.3333333333333333
price400,133,19043,KEEP,confounding,ate,ED_k3,3,False,no path,no,yes,True,2,answer changed,ED,0.6666666666666666
price400,133,19043,PSEUDO,confounding,ate,DR_k1,1,False,no path,no,yes,True,2,answer changed,DR,-0.3333333333333333
price400,133,19043,PSEUDO,confounding,ate,DR_k2,2,False,backdoor,no,yes,True,2,answer changed,DR,0.3333333333333333
price400,133,19043,PSEUDO,confounding,ate,DR_k3,3,False,no path,no,yes,True,2,answer changed,DR,-0.6666666666666666
price400,133,19043,PSEUDO,confounding,ate,ED_k1,1,False,backdoor,ambiguous,yes,True,2,ambiguous,ED,-0.3333333333333333
price400,133,19043,PSEUDO,confounding,ate,ED_k2,2,False,no path,no,yes,True,2,answer changed,ED,-0.6666666666666666
price400,133,19043,PSEUDO,confounding,ate,ED_k3,3,False,no path,no,yes,True,2,answer changed,ED,-0.6666666666666666
price400,135,8698,KEEP,confounding,ate,DR_k1,1,False,no path,no,yes,True,2,answer changed,DR,0.0
price400,135,8698,KEEP,confounding,ate,DR_k2,2,False,backdoor,no,yes,True,2,answer changed,DR,0.0
price400,135,8698,KEEP,confounding,ate,DR_k3,3,False,no path,no,yes,True,2,answer changed,DR,0.0
price400,135,8698,KEEP,confounding,ate,ED_k1,1,False,backdoor,ambiguous,yes,True,2,ambiguous,ED,0.0
price400,135,8698,KEEP,confounding,ate,ED_k2,2,False,no path,no,yes,True,2,answer changed,ED,0.0
price400,135,8698,KEEP,confounding,ate,ED_k3,3,False,no path,no,yes,True,2,answer changed,ED,0.0
price400,135,8698,PSEUDO,confounding,ate,DR_k1,1,False,no path,no,yes,True,2,answer changed,DR,0.0
price400,135,8698,PSEUDO,confounding,ate,DR_k2,2,False,backdoor,no,yes,True,2,answer changed,DR,0.5
price400,135,8698,PSEUDO,confounding,ate,DR_k3,3,False,no path,no,yes,True,2,answer changed,DR,-0.5
price400,135,8698,PSEUDO,confounding,ate,ED_k1,1,False,backdoor,ambiguous,yes,True,2,ambiguous,ED,0.5
price400,135,8698,PSEUDO,confounding,ate,ED_k2,2,False,no path,no,yes,True,2,answer changed,ED,0.5
price400,135,8698,PSEUDO,confounding,ate,ED_k3,3,False,no path,no,yes,True,2,answer changed,ED,0.5
price400,139,8572,KEEP,confounding,ate,DR_k1,1,False,backdoor,yes,no,True,2,answer changed,DR,0.0
price400,139,8572,KEEP,confounding,ate,DR_k2,2,False,backdoor,yes,no,True,2,answer changed,DR,0.0
price400,139,8572,KEEP,confounding,ate,DR_k3,3,False,no path,no,no,True,2,"estimand changed, answer kept",DR,0.0
price400,139,8572,KEEP,confounding,ate,ED_k1,1,False,backdoor,ambiguous,no,True,2,ambiguous,ED,0.0
price400,139,8572,KEEP,confounding,ate,ED_k2,2,False,no path,no,no,True,2,"estimand changed, answer kept",ED,0.0
price400,139,8572,KEEP,confounding,ate,ED_k3,3,False,no path,no,no,True,2,"estimand changed, answer kept",ED,0.0
price400,139,8572,PSEUDO,confounding,ate,DR_k1,1,False,backdoor,yes,no,True,2,answer changed,DR,0.0
price400,139,8572,PSEUDO,confounding,ate,DR_k2,2,False,backdoor,yes,no,True,2,answer changed,DR,0.0
price400,139,8572,PSEUDO,confounding,ate,DR_k3,3,False,no path,no,no,True,2,"estimand changed, answer kept",DR,0.0
price400,139,8572,PSEUDO,confounding,ate,ED_k1,1,False,backdoor,ambiguous,no,True,2,ambiguous,ED,0.0
price400,139,8572,PSEUDO,confounding,ate,ED_k2,2,False,no path,no,no,True,2,"estimand changed, answer kept",ED,0.0
price400,139,8572,PSEUDO,confounding,ate,ED_k3,3,False,no path,no,no,True,2,"estimand changed, answer kept",ED,0.0
price400,142,3789,KEEP,confounding,ate,DR_k1,1,False,backdoor,yes,no,True,2,answer changed,DR,0.0
price400,142,3789,KEEP,confounding,ate,DR_k2,2,False,backdoor,yes,no,True,2,answer changed,DR,0.0
price400,142,3789,KEEP,confounding,ate,DR_k3,3,False,no path,no,no,True,2,"estimand changed, answer kept",DR,0.0
price400,142,3789,KEEP,confounding,ate,ED_k1,1,False,no path,no,no,True,2,"estimand changed, answer kept",ED,0.0
price400,142,3789,KEEP,confounding,ate,ED_k2,2,False,backdoor,yes,no,True,2,answer changed,ED,0.0
price400,142,3789,KEEP,confounding,ate,ED_k3,3,False,no path,no,no,True,2,"estimand changed, answer kept",ED,0.0
price400,142,3789,PSEUDO,confounding,ate,DR_k1,1,False,backdoor,yes,no,True,2,answer changed,DR,0.0
price400,142,3789,PSEUDO,confounding,ate,DR_k2,2,False,backdoor,yes,no,True,2,answer changed,DR,0.0
price400,142,3789,PSEUDO,confounding,ate,DR_k3,3,False,no path,no,no,True,2,"estimand changed, answer kept",DR,0.0
price400,142,3789,PSEUDO,confounding,ate,ED_k1,1,False,no path,no,no,True,2,"estimand changed, answer kept",ED,0.0
price400,142,3789,PSEUDO,confounding,ate,ED_k2,2,False,backdoor,yes,no,True,2,answer changed,ED,0.0
price400,142,3789,PSEUDO,confounding,ate,ED_k3,3,False,no path,no,no,True,2,"estimand changed, answer kept",ED,0.0
price400,143,8542,KEEP,confounding,ate,DR_k1,1,False,no path,no,yes,True,2,answer changed,DR,-0.3333333333333333
price400,143,8542,KEEP,confounding,ate,DR_k2,2,False,backdoor,no,yes,True,2,answer changed,DR,-0.3333333333333333
price400,143,8542,KEEP,confounding,ate,DR_k3,3,False,no path,no,yes,True,2,answer changed,DR,-0.6666666666666666
price400,143,8542,KEEP,confounding,ate,ED_k1,1,False,backdoor,ambiguous,yes,True,2,ambiguous,ED,0.0
price400,143,8542,KEEP,confounding,ate,ED_k2,2,False,no path,no,yes,True,2,answer changed,ED,-0.3333333333333333
price400,143,8542,KEEP,confounding,ate,ED_k3,3,False,no path,no,yes,True,2,answer changed,ED,0.0
price400,143,8542,PSEUDO,confounding,ate,DR_k1,1,False,no path,no,yes,True,2,answer changed,DR,-0.3333333333333333
price400,143,8542,PSEUDO,confounding,ate,DR_k2,2,False,backdoor,no,yes,True,2,answer changed,DR,0.0
price400,143,8542,PSEUDO,confounding,ate,DR_k3,3,False,no path,no,yes,True,2,answer changed,DR,-0.6666666666666666
price400,143,8542,PSEUDO,confounding,ate,ED_k1,1,False,backdoor,ambiguous,yes,True,2,ambiguous,ED,0.0
price400,143,8542,PSEUDO,confounding,ate,ED_k2,2,False,no path,no,yes,True,2,answer changed,ED,-0.3333333333333333
price400,143,8542,PSEUDO,confounding,ate,ED_k3,3,False,no path,no,yes,True,2,answer changed,ED,0.3333333333333333
price400,145,8355,KEEP,confounding,ate,DR_k1,1,False,no path,no,yes,True,2,answer changed,DR,-1.0
price400,145,8355,KEEP,confounding,ate,DR_k2,2,False,backdoor,no,yes,True,2,answer changed,DR,-0.6666666666666666
price400,145,8355,KEEP,confounding,ate,DR_k3,3,False,no path,no,yes,True,2,answer changed,DR,-1.0
price400,145,8355,KEEP,confounding,ate,ED_k1,1,False,backdoor,ambiguous,yes,True,2,ambiguous,ED,0.0
price400,145,8355,KEEP,confounding,ate,ED_k2,2,False,no path,no,yes,True,2,answer changed,ED,-0.3333333333333333
price400,145,8355,KEEP,confounding,ate,ED_k3,3,False,no path,no,yes,True,2,answer changed,ED,0.0
price400,145,8355,PSEUDO,confounding,ate,DR_k1,1,False,no path,no,yes,True,2,answer changed,DR,-0.6666666666666666
price400,145,8355,PSEUDO,confounding,ate,DR_k2,2,False,backdoor,no,yes,True,2,answer changed,DR,0.0
price400,145,8355,PSEUDO,confounding,ate,DR_k3,3,False,no path,no,yes,True,2,answer changed,DR,-0.6666666666666666
price400,145,8355,PSEUDO,confounding,ate,ED_k1,1,False,backdoor,ambiguous,yes,True,2,ambiguous,ED,0.0
price400,145,8355,PSEUDO,confounding,ate,ED_k2,2,False,no path,no,yes,True,2,answer changed,ED,-0.3333333333333333
price400,145,8355,PSEUDO,confounding,ate,ED_k3,3,False,no path,no,yes,True,2,answer changed,ED,0.0
price400,150,8686,KEEP,confounding,ate,DR_k1,1,False,no path,no,no,True,2,"estimand changed, answer kept",DR,0.0
price400,150,8686,KEEP,confounding,ate,DR_k2,2,False,backdoor,yes,no,True,2,answer changed,DR,0.0
price400,150,8686,KEEP,confounding,ate,DR_k3,3,False,no path,no,no,True,2,"estimand changed, answer kept",DR,0.0
price400,150,8686,KEEP,confounding,ate,ED_k1,1,False,no path,no,no,True,2,"estimand changed, answer kept",ED,0.0
price400,150,8686,KEEP,confounding,ate,ED_k2,2,False,backdoor,yes,no,True,2,answer changed,ED,0.0
price400,150,8686,KEEP,confounding,ate,ED_k3,3,False,no path,no,no,True,2,"estimand changed, answer kept",ED,0.0
price400,150,8686,PSEUDO,confounding,ate,DR_k1,1,False,no path,no,no,True,2,"estimand changed, answer kept",DR,0.0
price400,150,8686,PSEUDO,confounding,ate,DR_k2,2,False,backdoor,yes,no,True,2,answer changed,DR,
price400,150,8686,PSEUDO,confounding,ate,DR_k3,3,False,no path,no,no,True,2,"estimand changed, answer kept",DR,0.0
price400,150,8686,PSEUDO,confounding,ate,ED_k1,1,False,no path,no,no,True,2,"estimand changed, answer kept",ED,0.0
price400,150,8686,PSEUDO,confounding,ate,ED_k2,2,False,backdoor,yes,no,True,2,answer changed,ED,0.0
price400,150,8686,PSEUDO,confounding,ate,ED_k3,3,False,no path,no,no,True,2,"estimand changed, answer kept",ED,0.0
price400,151,14281,KEEP,confounding,ate,DR_k1,1,False,no path,no,yes,True,2,answer changed,DR,0.0
price400,151,14281,KEEP,confounding,ate,DR_k2,2,False,no path,no,yes,True,2,answer changed,DR,-0.5
price400,151,14281,KEEP,confounding,ate,DR_k3,3,False,no path,no,yes,True,2,answer changed,DR,0.3333333333333333
price400,151,14281,KEEP,confounding,ate,ED_k1,1,False,backdoor,ambiguous,yes,True,2,ambiguous,ED,0.3333333333333333
price400,151,14281,KEEP,confounding,ate,ED_k2,2,False,no path,no,yes,True,2,answer changed,ED,-0.3333333333333333
price400,151,14281,KEEP,confounding,ate,ED_k3,3,False,no path,no,yes,True,2,answer changed,ED,0.6666666666666666
price400,151,14281,PSEUDO,confounding,ate,DR_k1,1,False,no path,no,yes,True,2,answer changed,DR,-1.0
price400,151,14281,PSEUDO,confounding,ate,DR_k2,2,False,no path,no,yes,True,2,answer changed,DR,-0.3333333333333333
price400,151,14281,PSEUDO,confounding,ate,DR_k3,3,False,no path,no,yes,True,2,answer changed,DR,-0.3333333333333333
price400,151,14281,PSEUDO,confounding,ate,ED_k1,1,False,backdoor,ambiguous,yes,True,2,ambiguous,ED,-0.3333333333333333
price400,151,14281,PSEUDO,confounding,ate,ED_k2,2,False,no path,no,yes,True,2,answer changed,ED,-0.3333333333333333
price400,151,14281,PSEUDO,confounding,ate,ED_k3,3,False,no path,no,yes,True,2,answer changed,ED,0.0
price400,152,14393,KEEP,confounding,ett,DR_k1,1,False,no path,no,yes,True,2,answer changed,DR,0.0
price400,152,14393,KEEP,confounding,ett,DR_k2,2,False,backdoor,no,yes,True,2,answer changed,DR,0.0
price400,152,14393,KEEP,confounding,ett,DR_k3,3,False,no path,no,yes,True,2,answer changed,DR,0.0
price400,152,14393,KEEP,confounding,ett,ED_k1,1,False,backdoor,ambiguous,yes,True,2,ambiguous,ED,0.0
price400,152,14393,KEEP,confounding,ett,ED_k2,2,False,no path,no,yes,True,2,answer changed,ED,1.0
price400,152,14393,KEEP,confounding,ett,ED_k3,3,False,no path,no,yes,True,2,answer changed,ED,1.0
price400,152,14393,PSEUDO,confounding,ett,DR_k1,1,False,no path,no,yes,True,2,answer changed,DR,0.0
price400,152,14393,PSEUDO,confounding,ett,DR_k2,2,False,backdoor,no,yes,True,2,answer changed,DR,0.0
price400,152,14393,PSEUDO,confounding,ett,DR_k3,3,False,no path,no,yes,True,2,answer changed,DR,0.0
price400,152,14393,PSEUDO,confounding,ett,ED_k1,1,False,backdoor,ambiguous,yes,True,2,ambiguous,ED,0.0
price400,152,14393,PSEUDO,confounding,ett,ED_k2,2,False,no path,no,yes,True,2,answer changed,ED,0.0
price400,152,14393,PSEUDO,confounding,ett,ED_k3,3,False,no path,no,yes,True,2,answer changed,ED,0.0
price400,154,3621,KEEP,confounding,ett,DR_k1,1,False,no path,no,no,True,2,"estimand changed, answer kept",DR,-0.3333333333333333
price400,154,3621,KEEP,confounding,ett,DR_k2,2,False,no path,no,no,True,2,"estimand changed, answer kept",DR,0.0
price400,154,3621,KEEP,confounding,ett,DR_k3,3,False,no path,no,no,True,2,"estimand changed, answer kept",DR,0.0
price400,154,3621,KEEP,confounding,ett,ED_k1,1,False,backdoor,ambiguous,no,True,2,ambiguous,ED,0.0
price400,154,3621,KEEP,confounding,ett,ED_k2,2,False,no path,no,no,True,2,"estimand changed, answer kept",ED,0.0
price400,154,3621,KEEP,confounding,ett,ED_k3,3,False,no path,no,no,True,2,"estimand changed, answer kept",ED,0.0
price400,154,3621,PSEUDO,confounding,ett,DR_k1,1,False,no path,no,no,True,2,"estimand changed, answer kept",DR,-0.3333333333333333
price400,154,3621,PSEUDO,confounding,ett,DR_k2,2,False,no path,no,no,True,2,"estimand changed, answer kept",DR,0.0
price400,154,3621,PSEUDO,confounding,ett,DR_k3,3,False,no path,no,no,True,2,"estimand changed, answer kept",DR,0.0
price400,154,3621,PSEUDO,confounding,ett,ED_k1,1,False,backdoor,ambiguous,no,True,2,ambiguous,ED,0.0
price400,154,3621,PSEUDO,confounding,ett,ED_k2,2,False,no path,no,no,True,2,"estimand changed, answer kept",ED,-0.3333333333333333
price400,154,3621,PSEUDO,confounding,ett,ED_k3,3,False,no path,no,no,True,2,"estimand changed, answer kept",ED,0.0
price400,155,19014,KEEP,confounding,ett,DR_k1,1,False,backdoor,no,yes,True,2,answer changed,DR,0.0
price400,155,19014,KEEP,confounding,ett,DR_k2,2,False,no path,no,yes,True,2,answer changed,DR,-0.3333333333333333
price400,155,19014,KEEP,confounding,ett,DR_k3,3,False,no path,no,yes,True,2,answer changed,DR,0.0
price400,155,19014,KEEP,confounding,ett,ED_k1,1,False,backdoor,ambiguous,yes,True,2,ambiguous,ED,-0.3333333333333333
price400,155,19014,KEEP,confounding,ett,ED_k2,2,False,backdoor,no,yes,True,2,answer changed,ED,-0.3333333333333333
price400,155,19014,KEEP,confounding,ett,ED_k3,3,False,no path,no,yes,True,2,answer changed,ED,-0.3333333333333333
price400,155,19014,PSEUDO,confounding,ett,DR_k1,1,False,backdoor,no,yes,True,2,answer changed,DR,0.0
price400,155,19014,PSEUDO,confounding,ett,DR_k2,2,False,no path,no,yes,True,2,answer changed,DR,0.3333333333333333
price400,155,19014,PSEUDO,confounding,ett,DR_k3,3,False,no path,no,yes,True,2,answer changed,DR,0.0
price400,155,19014,PSEUDO,confounding,ett,ED_k1,1,False,backdoor,ambiguous,yes,True,2,ambiguous,ED,-0.3333333333333333
price400,155,19014,PSEUDO,confounding,ett,ED_k2,2,False,backdoor,no,yes,True,2,answer changed,ED,0.0
price400,155,19014,PSEUDO,confounding,ett,ED_k3,3,False,no path,no,yes,True,2,answer changed,ED,-0.3333333333333333
price400,158,18847,KEEP,confounding,ett,DR_k1,1,False,backdoor,yes,no,True,2,answer changed,DR,0.0
price400,158,18847,KEEP,confounding,ett,DR_k2,2,False,no path,no,no,True,2,"estimand changed, answer kept",DR,-1.0
price400,158,18847,KEEP,confounding,ett,DR_k3,3,False,no path,no,no,True,2,"estimand changed, answer kept",DR,0.0
price400,158,18847,KEEP,confounding,ett,ED_k1,1,False,no path,no,no,True,2,"estimand changed, answer kept",ED,0.0
price400,158,18847,KEEP,confounding,ett,ED_k2,2,False,no path,no,no,True,2,"estimand changed, answer kept",ED,-0.5
price400,158,18847,KEEP,confounding,ett,ED_k3,3,False,no path,no,no,True,2,"estimand changed, answer kept",ED,0.0
price400,158,18847,PSEUDO,confounding,ett,DR_k1,1,False,backdoor,yes,no,True,2,answer changed,DR,0.3333333333333333
price400,158,18847,PSEUDO,confounding,ett,DR_k2,2,False,no path,no,no,True,2,"estimand changed, answer kept",DR,-0.3333333333333333
price400,158,18847,PSEUDO,confounding,ett,DR_k3,3,False,no path,no,no,True,2,"estimand changed, answer kept",DR,0.0
price400,158,18847,PSEUDO,confounding,ett,ED_k1,1,False,no path,no,no,True,2,"estimand changed, answer kept",ED,0.0
price400,158,18847,PSEUDO,confounding,ett,ED_k2,2,False,no path,no,no,True,2,"estimand changed, answer kept",ED,0.0
price400,158,18847,PSEUDO,confounding,ett,ED_k3,3,False,no path,no,no,True,2,"estimand changed, answer kept",ED,0.0
price400,159,8323,KEEP,confounding,ett,DR_k1,1,False,backdoor,yes,no,True,2,answer changed,DR,0.0
price400,159,8323,KEEP,confounding,ett,DR_k2,2,False,no path,no,no,True,2,"estimand changed, answer kept",DR,0.0
price400,159,8323,KEEP,confounding,ett,DR_k3,3,False,no path,no,no,True,2,"estimand changed, answer kept",DR,0.3333333333333333
price400,159,8323,KEEP,confounding,ett,ED_k1,1,False,no path,no,no,True,2,"estimand changed, answer kept",ED,0.0
price400,159,8323,KEEP,confounding,ett,ED_k2,2,False,backdoor,yes,no,True,2,answer changed,ED,-0.6666666666666666
price400,159,8323,KEEP,confounding,ett,ED_k3,3,False,no path,no,no,True,2,"estimand changed, answer kept",ED,0.0
price400,159,8323,PSEUDO,confounding,ett,DR_k1,1,False,backdoor,yes,no,True,2,answer changed,DR,0.3333333333333333
price400,159,8323,PSEUDO,confounding,ett,DR_k2,2,False,no path,no,no,True,2,"estimand changed, answer kept",DR,0.3333333333333333
price400,159,8323,PSEUDO,confounding,ett,DR_k3,3,False,no path,no,no,True,2,"estimand changed, answer kept",DR,0.3333333333333333
price400,159,8323,PSEUDO,confounding,ett,ED_k1,1,False,no path,no,no,True,2,"estimand changed, answer kept",ED,0.3333333333333333
price400,159,8323,PSEUDO,confounding,ett,ED_k2,2,False,backdoor,yes,no,True,2,answer changed,ED,0.0
price400,159,8323,PSEUDO,confounding,ett,ED_k3,3,False,no path,no,no,True,2,"estimand changed, answer kept",ED,0.3333333333333333
price400,160,3569,KEEP,confounding,ett,DR_k1,1,False,backdoor,no,yes,True,2,answer changed,DR,0.0
price400,160,3569,KEEP,confounding,ett,DR_k2,2,False,backdoor,no,yes,True,2,answer changed,DR,-0.3333333333333333
price400,160,3569,KEEP,confounding,ett,DR_k3,3,False,no path,no,yes,True,2,answer changed,DR,0.0
price400,160,3569,KEEP,confounding,ett,ED_k1,1,False,backdoor,ambiguous,yes,True,2,ambiguous,ED,0.3333333333333333
price400,160,3569,KEEP,confounding,ett,ED_k2,2,False,no path,no,yes,True,2,answer changed,ED,-0.3333333333333333
price400,160,3569,KEEP,confounding,ett,ED_k3,3,False,no path,no,yes,True,2,answer changed,ED,0.0
price400,160,3569,PSEUDO,confounding,ett,DR_k1,1,False,backdoor,no,yes,True,2,answer changed,DR,0.3333333333333333
price400,160,3569,PSEUDO,confounding,ett,DR_k2,2,False,backdoor,no,yes,True,2,answer changed,DR,0.0
price400,160,3569,PSEUDO,confounding,ett,DR_k3,3,False,no path,no,yes,True,2,answer changed,DR,-0.3333333333333333
price400,160,3569,PSEUDO,confounding,ett,ED_k1,1,False,backdoor,ambiguous,yes,True,2,ambiguous,ED,0.3333333333333333
price400,160,3569,PSEUDO,confounding,ett,ED_k2,2,False,no path,no,yes,True,2,answer changed,ED,0.0
price400,160,3569,PSEUDO,confounding,ett,ED_k3,3,False,no path,no,yes,True,2,answer changed,ED,0.0
price400,162,3766,KEEP,confounding,ett,DR_k1,1,False,no path,no,no,True,2,"estimand changed, answer kept",DR,0.0
price400,162,3766,KEEP,confounding,ett,DR_k2,2,False,no path,no,no,True,2,"estimand changed, answer kept",DR,0.0
price400,162,3766,KEEP,confounding,ett,DR_k3,3,False,no path,no,no,True,2,"estimand changed, answer kept",DR,0.0
price400,162,3766,KEEP,confounding,ett,ED_k1,1,False,backdoor,ambiguous,no,True,2,ambiguous,ED,0.0
price400,162,3766,KEEP,confounding,ett,ED_k2,2,False,backdoor,yes,no,True,2,answer changed,ED,0.0
price400,162,3766,KEEP,confounding,ett,ED_k3,3,False,no path,no,no,True,2,"estimand changed, answer kept",ED,0.0
price400,162,3766,PSEUDO,confounding,ett,DR_k1,1,False,no path,no,no,True,2,"estimand changed, answer kept",DR,0.0
price400,162,3766,PSEUDO,confounding,ett,DR_k2,2,False,no path,no,no,True,2,"estimand changed, answer kept",DR,0.0
price400,162,3766,PSEUDO,confounding,ett,DR_k3,3,False,no path,no,no,True,2,"estimand changed, answer kept",DR,0.0
price400,162,3766,PSEUDO,confounding,ett,ED_k1,1,False,backdoor,ambiguous,no,True,2,ambiguous,ED,0.0
price400,162,3766,PSEUDO,confounding,ett,ED_k2,2,False,backdoor,yes,no,True,2,answer changed,ED,0.0
price400,162,3766,PSEUDO,confounding,ett,ED_k3,3,False,no path,no,no,True,2,"estimand changed, answer kept",ED,0.0
price400,163,8688,KEEP,confounding,ett,DR_k1,1,False,backdoor,yes,no,True,2,answer changed,DR,0.0
price400,163,8688,KEEP,confounding,ett,DR_k2,2,False,backdoor,yes,no,True,2,answer changed,DR,-0.3333333333333333
price400,163,8688,KEEP,confounding,ett,DR_k3,3,False,no path,no,no,True,2,"estimand changed, answer kept",DR,-0.3333333333333333
price400,163,8688,KEEP,confounding,ett,ED_k1,1,False,backdoor,ambiguous,no,True,2,ambiguous,ED,-0.3333333333333333
price400,163,8688,KEEP,confounding,ett,ED_k2,2,False,backdoor,yes,no,True,2,answer changed,ED,-0.6666666666666666
price400,163,8688,KEEP,confounding,ett,ED_k3,3,False,no path,no,no,True,2,"estimand changed, answer kept",ED,-0.6666666666666666
price400,163,8688,PSEUDO,confounding,ett,DR_k1,1,False,backdoor,yes,no,True,2,answer changed,DR,-0.3333333333333333
price400,163,8688,PSEUDO,confounding,ett,DR_k2,2,False,backdoor,yes,no,True,2,answer changed,DR,0.3333333333333333
price400,163,8688,PSEUDO,confounding,ett,DR_k3,3,False,no path,no,no,True,2,"estimand changed, answer kept",DR,-0.5
price400,163,8688,PSEUDO,confounding,ett,ED_k1,1,False,backdoor,ambiguous,no,True,2,ambiguous,ED,0.0
price400,163,8688,PSEUDO,confounding,ett,ED_k2,2,False,backdoor,yes,no,True,2,answer changed,ED,0.3333333333333333
price400,163,8688,PSEUDO,confounding,ett,ED_k3,3,False,no path,no,no,True,2,"estimand changed, answer kept",ED,-0.3333333333333333
price400,165,8424,KEEP,confounding,ett,DR_k1,1,False,backdoor,yes,no,True,2,answer changed,DR,0.0
price400,165,8424,KEEP,confounding,ett,DR_k2,2,False,no path,no,no,True,2,"estimand changed, answer kept",DR,-1.0
price400,165,8424,KEEP,confounding,ett,DR_k3,3,False,no path,no,no,True,2,"estimand changed, answer kept",DR,0.0
price400,165,8424,KEEP,confounding,ett,ED_k1,1,False,backdoor,ambiguous,no,True,2,ambiguous,ED,0.0
price400,165,8424,KEEP,confounding,ett,ED_k2,2,False,backdoor,yes,no,True,2,answer changed,ED,0.0
price400,165,8424,KEEP,confounding,ett,ED_k3,3,False,no path,no,no,True,2,"estimand changed, answer kept",ED,0.0
price400,165,8424,PSEUDO,confounding,ett,DR_k1,1,False,backdoor,yes,no,True,2,answer changed,DR,0.0
price400,165,8424,PSEUDO,confounding,ett,DR_k2,2,False,no path,no,no,True,2,"estimand changed, answer kept",DR,-0.5
price400,165,8424,PSEUDO,confounding,ett,DR_k3,3,False,no path,no,no,True,2,"estimand changed, answer kept",DR,-0.6666666666666666
price400,165,8424,PSEUDO,confounding,ett,ED_k1,1,False,backdoor,ambiguous,no,True,2,ambiguous,ED,-0.3333333333333333
price400,165,8424,PSEUDO,confounding,ett,ED_k2,2,False,backdoor,yes,no,True,2,answer changed,ED,-0.3333333333333333
price400,165,8424,PSEUDO,confounding,ett,ED_k3,3,False,no path,no,no,True,2,"estimand changed, answer kept",ED,-0.3333333333333333
price400,169,18799,KEEP,confounding,ett,DR_k1,1,False,no path,no,yes,True,2,answer changed,DR,-0.6666666666666666
price400,169,18799,KEEP,confounding,ett,DR_k2,2,False,backdoor,no,yes,True,2,answer changed,DR,-0.3333333333333333
price400,169,18799,KEEP,confounding,ett,DR_k3,3,False,no path,no,yes,True,2,answer changed,DR,-1.0
price400,169,18799,KEEP,confounding,ett,ED_k1,1,False,no path,no,yes,True,2,answer changed,ED,-0.3333333333333333
price400,169,18799,KEEP,confounding,ett,ED_k2,2,False,no path,no,yes,True,2,answer changed,ED,-0.3333333333333333
price400,169,18799,KEEP,confounding,ett,ED_k3,3,False,no path,no,yes,True,2,answer changed,ED,-0.3333333333333333
price400,169,18799,PSEUDO,confounding,ett,DR_k1,1,False,no path,no,yes,True,2,answer changed,DR,-0.6666666666666666
price400,169,18799,PSEUDO,confounding,ett,DR_k2,2,False,backdoor,no,yes,True,2,answer changed,DR,0.0
price400,169,18799,PSEUDO,confounding,ett,DR_k3,3,False,no path,no,yes,True,2,answer changed,DR,-0.3333333333333333
price400,169,18799,PSEUDO,confounding,ett,ED_k1,1,False,no path,no,yes,True,2,answer changed,ED,-0.3333333333333333
price400,169,18799,PSEUDO,confounding,ett,ED_k2,2,False,no path,no,yes,True,2,answer changed,ED,0.0
price400,169,18799,PSEUDO,confounding,ett,ED_k3,3,False,no path,no,yes,True,2,answer changed,ED,0.0
price400,170,19117,KEEP,confounding,ett,DR_k1,1,False,no path,no,yes,True,2,answer changed,DR,0.3333333333333333
price400,170,19117,KEEP,confounding,ett,DR_k2,2,False,backdoor,no,yes,True,2,answer changed,DR,0.0
price400,170,19117,KEEP,confounding,ett,DR_k3,3,False,no path,no,yes,True,2,answer changed,DR,0.0
price400,170,19117,KEEP,confounding,ett,ED_k1,1,False,no path,no,yes,True,2,answer changed,ED,0.3333333333333333
price400,170,19117,KEEP,confounding,ett,ED_k2,2,False,backdoor,no,yes,True,2,answer changed,ED,0.0
price400,170,19117,KEEP,confounding,ett,ED_k3,3,False,no path,no,yes,True,2,answer changed,ED,0.3333333333333333
price400,170,19117,PSEUDO,confounding,ett,DR_k1,1,False,no path,no,yes,True,2,answer changed,DR,-0.3333333333333333
price400,170,19117,PSEUDO,confounding,ett,DR_k2,2,False,backdoor,no,yes,True,2,answer changed,DR,-0.6666666666666666
price400,170,19117,PSEUDO,confounding,ett,DR_k3,3,False,no path,no,yes,True,2,answer changed,DR,-0.3333333333333333
price400,170,19117,PSEUDO,confounding,ett,ED_k1,1,False,no path,no,yes,True,2,answer changed,ED,-0.3333333333333333
price400,170,19117,PSEUDO,confounding,ett,ED_k2,2,False,backdoor,no,yes,True,2,answer changed,ED,0.0
price400,170,19117,PSEUDO,confounding,ett,ED_k3,3,False,no path,no,yes,True,2,answer changed,ED,0.0
price400,192,15841,KEEP,diamond,ate,DR_k1,1,False,backdoor,yes,yes,True,2,"estimand changed, answer kept",DR,-0.3333333333333333
price400,192,15841,KEEP,diamond,ate,DR_k2,2,False,no path,no,yes,True,2,answer changed,DR,0.0
price400,192,15841,KEEP,diamond,ate,DR_k3,3,False,no path,no,yes,True,2,answer changed,DR,0.0
price400,192,15841,KEEP,diamond,ate,ED_k1,1,True,backdoor,yes,yes,True,2,estimand kept,ED,-0.3333333333333333
price400,192,15841,KEEP,diamond,ate,ED_k2,2,False,backdoor,yes,yes,True,2,"estimand changed, answer kept",ED,0.0
price400,192,15841,KEEP,diamond,ate,ED_k3,3,False,no path,no,yes,True,2,answer changed,ED,0.0
price400,192,15841,KEEP,diamond,ate,FE_k1,1,True,backdoor,yes,yes,True,2,estimand kept,FE,0.0
price400,192,15841,KEEP,diamond,ate,FE_k2,2,True,backdoor,yes,yes,True,2,estimand kept,FE,-0.3333333333333333
price400,192,15841,PSEUDO,diamond,ate,DR_k1,1,False,backdoor,yes,yes,True,2,"estimand changed, answer kept",DR,-0.6666666666666666
price400,192,15841,PSEUDO,diamond,ate,DR_k2,2,False,no path,no,yes,True,2,answer changed,DR,-0.6666666666666666
price400,192,15841,PSEUDO,diamond,ate,DR_k3,3,False,no path,no,yes,True,2,answer changed,DR,-0.3333333333333333
price400,192,15841,PSEUDO,diamond,ate,ED_k1,1,True,backdoor,yes,yes,True,2,estimand kept,ED,-0.3333333333333333
price400,192,15841,PSEUDO,diamond,ate,ED_k2,2,False,backdoor,yes,yes,True,2,"estimand changed, answer kept",ED,0.0
price400,192,15841,PSEUDO,diamond,ate,ED_k3,3,False,no path,no,yes,True,2,answer changed,ED,-0.3333333333333333
price400,192,15841,PSEUDO,diamond,ate,FE_k1,1,True,backdoor,yes,yes,True,2,estimand kept,FE,0.0
price400,192,15841,PSEUDO,diamond,ate,FE_k2,2,True,backdoor,yes,yes,True,2,estimand kept,FE,0.0
price400,194,10797,KEEP,diamond,ate,DR_k1,1,False,backdoor,no,no,True,2,"estimand changed, answer kept",DR,0.0
price400,194,10797,KEEP,diamond,ate,DR_k2,2,False,no path,no,no,True,2,"estimand changed, answer kept",DR,0.0
price400,194,10797,KEEP,diamond,ate,DR_k3,3,False,no path,no,no,True,2,"estimand changed, answer kept",DR,0.0
price400,194,10797,KEEP,diamond,ate,ED_k1,1,True,backdoor,no,no,True,2,estimand kept,ED,0.0
price400,194,10797,KEEP,diamond,ate,ED_k2,2,False,backdoor,no,no,True,2,"estimand changed, answer kept",ED,0.0
price400,194,10797,KEEP,diamond,ate,ED_k3,3,False,no path,no,no,True,2,"estimand changed, answer kept",ED,0.0
price400,194,10797,KEEP,diamond,ate,FE_k1,1,True,backdoor,no,no,True,2,estimand kept,FE,0.0
price400,194,10797,KEEP,diamond,ate,FE_k2,2,True,backdoor,no,no,True,2,estimand kept,FE,0.0
price400,194,10797,PSEUDO,diamond,ate,DR_k1,1,False,backdoor,no,no,True,2,"estimand changed, answer kept",DR,0.0
price400,194,10797,PSEUDO,diamond,ate,DR_k2,2,False,no path,no,no,True,2,"estimand changed, answer kept",DR,0.0
price400,194,10797,PSEUDO,diamond,ate,DR_k3,3,False,no path,no,no,True,2,"estimand changed, answer kept",DR,0.0
price400,194,10797,PSEUDO,diamond,ate,ED_k1,1,True,backdoor,no,no,True,2,estimand kept,ED,0.0
price400,194,10797,PSEUDO,diamond,ate,ED_k2,2,False,backdoor,no,no,True,2,"estimand changed, answer kept",ED,0.0
price400,194,10797,PSEUDO,diamond,ate,ED_k3,3,False,no path,no,no,True,2,"estimand changed, answer kept",ED,0.0
price400,194,10797,PSEUDO,diamond,ate,FE_k1,1,True,backdoor,no,no,True,2,estimand kept,FE,0.0
price400,194,10797,PSEUDO,diamond,ate,FE_k2,2,True,backdoor,no,no,True,2,estimand kept,FE,0.0
price400,195,15595,KEEP,diamond,ate,DR_k1,1,True,backdoor,yes,yes,True,2,estimand kept,DR,0.0
price400,195,15595,KEEP,diamond,ate,DR_k2,2,False,no path,no,yes,True,2,answer changed,DR,0.0
price400,195,15595,KEEP,diamond,ate,DR_k3,3,False,no path,no,yes,True,2,answer changed,DR,-0.6666666666666666
price400,195,15595,KEEP,diamond,ate,ED_k1,1,False,backdoor,yes,yes,True,2,"estimand changed, answer kept",ED,0.0
price400,195,15595,KEEP,diamond,ate,ED_k2,2,False,backdoor,yes,yes,True,2,"estimand changed, answer kept",ED,0.0
price400,195,15595,KEEP,diamond,ate,ED_k3,3,False,no path,no,yes,True,2,answer changed,ED,0.0
price400,195,15595,KEEP,diamond,ate,FE_k1,1,True,backdoor,yes,yes,True,2,estimand kept,FE,0.0
price400,195,15595,KEEP,diamond,ate,FE_k2,2,True,backdoor,yes,yes,True,2,estimand kept,FE,0.0
price400,195,15595,PSEUDO,diamond,ate,DR_k1,1,True,backdoor,yes,yes,True,2,estimand kept,DR,0.3333333333333333
price400,195,15595,PSEUDO,diamond,ate,DR_k2,2,False,no path,no,yes,True,2,answer changed,DR,-0.6666666666666666
price400,195,15595,PSEUDO,diamond,ate,DR_k3,3,False,no path,no,yes,True,2,answer changed,DR,-0.3333333333333333
price400,195,15595,PSEUDO,diamond,ate,ED_k1,1,False,backdoor,yes,yes,True,2,"estimand changed, answer kept",ED,0.3333333333333333
price400,195,15595,PSEUDO,diamond,ate,ED_k2,2,False,backdoor,yes,yes,True,2,"estimand changed, answer kept",ED,0.0
price400,195,15595,PSEUDO,diamond,ate,ED_k3,3,False,no path,no,yes,True,2,answer changed,ED,-0.6666666666666666
price400,195,15595,PSEUDO,diamond,ate,FE_k1,1,True,backdoor,yes,yes,True,2,estimand kept,FE,0.3333333333333333
price400,195,15595,PSEUDO,diamond,ate,FE_k2,2,True,backdoor,yes,yes,True,2,estimand kept,FE,0.3333333333333333
price400,196,15596,KEEP,diamond,ate,DR_k1,1,False,backdoor,no,no,True,2,"estimand changed, answer kept",DR,-0.3333333333333333
price400,196,15596,KEEP,diamond,ate,DR_k2,2,False,no path,no,no,True,2,"estimand changed, answer kept",DR,0.0
price400,196,15596,KEEP,diamond,ate,DR_k3,3,False,no path,no,no,True,2,"estimand changed, answer kept",DR,0.0
price400,196,15596,KEEP,diamond,ate,ED_k1,1,True,backdoor,no,no,True,2,estimand kept,ED,0.0
price400,196,15596,KEEP,diamond,ate,ED_k2,2,False,no path,no,no,True,2,"estimand changed, answer kept",ED,0.0
price400,196,15596,KEEP,diamond,ate,ED_k3,3,False,no path,no,no,True,2,"estimand changed, answer kept",ED,0.0
price400,196,15596,KEEP,diamond,ate,FE_k1,1,True,backdoor,no,no,True,2,estimand kept,FE,0.0
price400,196,15596,KEEP,diamond,ate,FE_k2,2,True,backdoor,no,no,True,2,estimand kept,FE,0.0
price400,196,15596,PSEUDO,diamond,ate,DR_k1,1,False,backdoor,no,no,True,2,"estimand changed, answer kept",DR,0.0
price400,196,15596,PSEUDO,diamond,ate,DR_k2,2,False,no path,no,no,True,2,"estimand changed, answer kept",DR,0.0
price400,196,15596,PSEUDO,diamond,ate,DR_k3,3,False,no path,no,no,True,2,"estimand changed, answer kept",DR,0.0
price400,196,15596,PSEUDO,diamond,ate,ED_k1,1,True,backdoor,no,no,True,2,estimand kept,ED,0.0
price400,196,15596,PSEUDO,diamond,ate,ED_k2,2,False,no path,no,no,True,2,"estimand changed, answer kept",ED,0.0
price400,196,15596,PSEUDO,diamond,ate,ED_k3,3,False,no path,no,no,True,2,"estimand changed, answer kept",ED,-0.3333333333333333
price400,196,15596,PSEUDO,diamond,ate,FE_k1,1,True,backdoor,no,no,True,2,estimand kept,FE,0.0
price400,196,15596,PSEUDO,diamond,ate,FE_k2,2,True,backdoor,no,no,True,2,estimand kept,FE,0.0
price400,197,16459,KEEP,diamond,ate,DR_k1,1,True,backdoor,no,no,True,2,estimand kept,DR,0.0
price400,197,16459,KEEP,diamond,ate,DR_k2,2,False,no path,no,no,True,2,"estimand changed, answer kept",DR,0.0
price400,197,16459,KEEP,diamond,ate,DR_k3,3,False,no path,no,no,True,2,"estimand changed, answer kept",DR,0.0
price400,197,16459,KEEP,diamond,ate,ED_k1,1,False,backdoor,no,no,True,2,"estimand changed, answer kept",ED,0.0
price400,197,16459,KEEP,diamond,ate,ED_k2,2,False,no path,no,no,True,2,"estimand changed, answer kept",ED,0.0
price400,197,16459,KEEP,diamond,ate,ED_k3,3,False,no path,no,no,True,2,"estimand changed, answer kept",ED,0.0
price400,197,16459,KEEP,diamond,ate,FE_k1,1,True,backdoor,no,no,True,2,estimand kept,FE,0.0
price400,197,16459,KEEP,diamond,ate,FE_k2,2,True,backdoor,no,no,True,2,estimand kept,FE,0.0
price400,197,16459,PSEUDO,diamond,ate,DR_k1,1,True,backdoor,no,no,True,2,estimand kept,DR,0.0
price400,197,16459,PSEUDO,diamond,ate,DR_k2,2,False,no path,no,no,True,2,"estimand changed, answer kept",DR,0.0
price400,197,16459,PSEUDO,diamond,ate,DR_k3,3,False,no path,no,no,True,2,"estimand changed, answer kept",DR,0.0
price400,197,16459,PSEUDO,diamond,ate,ED_k1,1,False,backdoor,no,no,True,2,"estimand changed, answer kept",ED,0.0
price400,197,16459,PSEUDO,diamond,ate,ED_k2,2,False,no path,no,no,True,2,"estimand changed, answer kept",ED,0.0
price400,197,16459,PSEUDO,diamond,ate,ED_k3,3,False,no path,no,no,True,2,"estimand changed, answer kept",ED,0.0
price400,197,16459,PSEUDO,diamond,ate,FE_k1,1,True,backdoor,no,no,True,2,estimand kept,FE,0.0
price400,197,16459,PSEUDO,diamond,ate,FE_k2,2,True,backdoor,no,no,True,2,estimand kept,FE,-0.3333333333333333
price400,200,1215,KEEP,diamond,ate,DR_k1,1,True,backdoor,yes,yes,True,2,estimand kept,DR,0.0
price400,200,1215,KEEP,diamond,ate,DR_k2,2,False,no path,no,yes,True,2,answer changed,DR,0.0
price400,200,1215,KEEP,diamond,ate,DR_k3,3,False,no path,no,yes,True,2,answer changed,DR,-0.6666666666666666
price400,200,1215,KEEP,diamond,ate,ED_k1,1,False,backdoor,ambiguous,yes,True,2,ambiguous,ED,0.0
price400,200,1215,KEEP,diamond,ate,ED_k2,2,False,backdoor,yes,yes,True,2,"estimand changed, answer kept",ED,0.0
price400,200,1215,KEEP,diamond,ate,ED_k3,3,False,no path,no,yes,True,2,answer changed,ED,0.0
price400,200,1215,KEEP,diamond,ate,FE_k1,1,True,backdoor,yes,yes,True,2,estimand kept,FE,0.0
price400,200,1215,KEEP,diamond,ate,FE_k2,2,True,backdoor,yes,yes,True,2,estimand kept,FE,-0.3333333333333333
price400,200,1215,PSEUDO,diamond,ate,DR_k1,1,True,backdoor,yes,yes,True,2,estimand kept,DR,0.0
price400,200,1215,PSEUDO,diamond,ate,DR_k2,2,False,no path,no,yes,True,2,answer changed,DR,-0.6666666666666666
price400,200,1215,PSEUDO,diamond,ate,DR_k3,3,False,no path,no,yes,True,2,answer changed,DR,-0.6666666666666666
price400,200,1215,PSEUDO,diamond,ate,ED_k1,1,False,backdoor,ambiguous,yes,True,2,ambiguous,ED,0.0
price400,200,1215,PSEUDO,diamond,ate,ED_k2,2,False,backdoor,yes,yes,True,2,"estimand changed, answer kept",ED,0.0
price400,200,1215,PSEUDO,diamond,ate,ED_k3,3,False,no path,no,yes,True,2,answer changed,ED,-0.6666666666666666
price400,200,1215,PSEUDO,diamond,ate,FE_k1,1,True,backdoor,yes,yes,True,2,estimand kept,FE,0.0
price400,200,1215,PSEUDO,diamond,ate,FE_k2,2,True,backdoor,yes,yes,True,2,estimand kept,FE,0.3333333333333333
price400,201,16381,KEEP,diamond,ate,DR_k1,1,True,backdoor,no,no,True,2,estimand kept,DR,-0.3333333333333333
price400,201,16381,KEEP,diamond,ate,DR_k2,2,False,no path,no,no,True,2,"estimand changed, answer kept",DR,0.0
price400,201,16381,KEEP,diamond,ate,DR_k3,3,False,no path,no,no,True,2,"estimand changed, answer kept",DR,0.0
price400,201,16381,KEEP,diamond,ate,ED_k1,1,True,backdoor,no,no,True,2,estimand kept,ED,0.0
price400,201,16381,KEEP,diamond,ate,ED_k2,2,False,backdoor,no,no,True,2,"estimand changed, answer kept",ED,0.0
price400,201,16381,KEEP,diamond,ate,ED_k3,3,False,no path,no,no,True,2,"estimand changed, answer kept",ED,0.0
price400,201,16381,KEEP,diamond,ate,FE_k1,1,True,backdoor,no,no,True,2,estimand kept,FE,0.0
price400,201,16381,KEEP,diamond,ate,FE_k2,2,True,backdoor,no,no,True,2,estimand kept,FE,0.0
price400,201,16381,PSEUDO,diamond,ate,DR_k1,1,True,backdoor,no,no,True,2,estimand kept,DR,0.0
price400,201,16381,PSEUDO,diamond,ate,DR_k2,2,False,no path,no,no,True,2,"estimand changed, answer kept",DR,0.0
price400,201,16381,PSEUDO,diamond,ate,DR_k3,3,False,no path,no,no,True,2,"estimand changed, answer kept",DR,0.0
price400,201,16381,PSEUDO,diamond,ate,ED_k1,1,True,backdoor,no,no,True,2,estimand kept,ED,-0.3333333333333333
price400,201,16381,PSEUDO,diamond,ate,ED_k2,2,False,backdoor,no,no,True,2,"estimand changed, answer kept",ED,0.0
price400,201,16381,PSEUDO,diamond,ate,ED_k3,3,False,no path,no,no,True,2,"estimand changed, answer kept",ED,0.0
price400,201,16381,PSEUDO,diamond,ate,FE_k1,1,True,backdoor,no,no,True,2,estimand kept,FE,0.0
price400,201,16381,PSEUDO,diamond,ate,FE_k2,2,True,backdoor,no,no,True,2,estimand kept,FE,0.0
price400,202,6046,KEEP,diamond,ate,DR_k1,1,True,backdoor,yes,yes,True,2,estimand kept,DR,0.0
price400,202,6046,KEEP,diamond,ate,DR_k2,2,False,no path,no,yes,True,2,answer changed,DR,0.0
price400,202,6046,KEEP,diamond,ate,DR_k3,3,False,no path,no,yes,True,2,answer changed,DR,-1.0
price400,202,6046,KEEP,diamond,ate,ED_k1,1,True,backdoor,yes,yes,True,2,estimand kept,ED,0.0
price400,202,6046,KEEP,diamond,ate,ED_k2,2,False,backdoor,yes,yes,True,2,"estimand changed, answer kept",ED,0.0
price400,202,6046,KEEP,diamond,ate,ED_k3,3,False,no path,no,yes,True,2,answer changed,ED,0.0
price400,202,6046,KEEP,diamond,ate,FE_k1,1,True,backdoor,yes,yes,True,2,estimand kept,FE,0.0
price400,202,6046,KEEP,diamond,ate,FE_k2,2,True,backdoor,yes,yes,True,2,estimand kept,FE,0.0
price400,202,6046,PSEUDO,diamond,ate,DR_k1,1,True,backdoor,yes,yes,True,2,estimand kept,DR,0.0
price400,202,6046,PSEUDO,diamond,ate,DR_k2,2,False,no path,no,yes,True,2,answer changed,DR,0.0
price400,202,6046,PSEUDO,diamond,ate,DR_k3,3,False,no path,no,yes,True,2,answer changed,DR,0.0
price400,202,6046,PSEUDO,diamond,ate,ED_k1,1,True,backdoor,yes,yes,True,2,estimand kept,ED,0.0
price400,202,6046,PSEUDO,diamond,ate,ED_k2,2,False,backdoor,yes,yes,True,2,"estimand changed, answer kept",ED,0.0
price400,202,6046,PSEUDO,diamond,ate,ED_k3,3,False,no path,no,yes,True,2,answer changed,ED,-0.3333333333333333
price400,202,6046,PSEUDO,diamond,ate,FE_k1,1,True,backdoor,yes,yes,True,2,estimand kept,FE,0.0
price400,202,6046,PSEUDO,diamond,ate,FE_k2,2,True,backdoor,yes,yes,True,2,estimand kept,FE,0.3333333333333333
price400,203,1244,KEEP,diamond,ate,DR_k1,1,True,backdoor,yes,yes,True,2,estimand kept,DR,0.0
price400,203,1244,KEEP,diamond,ate,DR_k2,2,False,no path,no,yes,True,2,answer changed,DR,-0.3333333333333333
price400,203,1244,KEEP,diamond,ate,DR_k3,3,False,no path,no,yes,True,2,answer changed,DR,-0.6666666666666666
price400,203,1244,KEEP,diamond,ate,ED_k1,1,False,backdoor,yes,yes,True,2,"estimand changed, answer kept",ED,0.0
price400,203,1244,KEEP,diamond,ate,ED_k2,2,False,no path,no,yes,True,2,answer changed,ED,-0.6666666666666666
price400,203,1244,KEEP,diamond,ate,ED_k3,3,False,no path,no,yes,True,2,answer changed,ED,-0.3333333333333333
price400,203,1244,KEEP,diamond,ate,FE_k1,1,True,backdoor,yes,yes,True,2,estimand kept,FE,0.0
price400,203,1244,KEEP,diamond,ate,FE_k2,2,True,backdoor,yes,yes,True,2,estimand kept,FE,0.0
price400,203,1244,PSEUDO,diamond,ate,DR_k1,1,True,backdoor,yes,yes,True,2,estimand kept,DR,0.3333333333333333
price400,203,1244,PSEUDO,diamond,ate,DR_k2,2,False,no path,no,yes,True,2,answer changed,DR,0.0
price400,203,1244,PSEUDO,diamond,ate,DR_k3,3,False,no path,no,yes,True,2,answer changed,DR,-0.3333333333333333
price400,203,1244,PSEUDO,diamond,ate,ED_k1,1,False,backdoor,yes,yes,True,2,"estimand changed, answer kept",ED,0.3333333333333333
price400,203,1244,PSEUDO,diamond,ate,ED_k2,2,False,no path,no,yes,True,2,answer changed,ED,-0.3333333333333333
price400,203,1244,PSEUDO,diamond,ate,ED_k3,3,False,no path,no,yes,True,2,answer changed,ED,-0.3333333333333333
price400,203,1244,PSEUDO,diamond,ate,FE_k1,1,True,backdoor,yes,yes,True,2,estimand kept,FE,0.6666666666666666
price400,203,1244,PSEUDO,diamond,ate,FE_k2,2,True,backdoor,yes,yes,True,2,estimand kept,FE,0.3333333333333333
price400,204,5204,KEEP,diamond,ate,DR_k1,1,True,backdoor,no,no,True,2,estimand kept,DR,0.0
price400,204,5204,KEEP,diamond,ate,DR_k2,2,False,no path,no,no,True,2,"estimand changed, answer kept",DR,0.0
price400,204,5204,KEEP,diamond,ate,DR_k3,3,False,no path,no,no,True,2,"estimand changed, answer kept",DR,0.0
price400,204,5204,KEEP,diamond,ate,ED_k1,1,True,backdoor,no,no,True,2,estimand kept,ED,0.0
price400,204,5204,KEEP,diamond,ate,ED_k2,2,False,no path,no,no,True,2,"estimand changed, answer kept",ED,-0.3333333333333333
price400,204,5204,KEEP,diamond,ate,ED_k3,3,False,no path,no,no,True,2,"estimand changed, answer kept",ED,0.0
price400,204,5204,KEEP,diamond,ate,FE_k1,1,True,backdoor,no,no,True,2,estimand kept,FE,0.0
price400,204,5204,KEEP,diamond,ate,FE_k2,2,True,backdoor,no,no,True,2,estimand kept,FE,0.0
price400,204,5204,PSEUDO,diamond,ate,DR_k1,1,True,backdoor,no,no,True,2,estimand kept,DR,0.0
price400,204,5204,PSEUDO,diamond,ate,DR_k2,2,False,no path,no,no,True,2,"estimand changed, answer kept",DR,0.0
price400,204,5204,PSEUDO,diamond,ate,DR_k3,3,False,no path,no,no,True,2,"estimand changed, answer kept",DR,0.0
price400,204,5204,PSEUDO,diamond,ate,ED_k1,1,True,backdoor,no,no,True,2,estimand kept,ED,0.0
price400,204,5204,PSEUDO,diamond,ate,ED_k2,2,False,no path,no,no,True,2,"estimand changed, answer kept",ED,0.0
price400,204,5204,PSEUDO,diamond,ate,ED_k3,3,False,no path,no,no,True,2,"estimand changed, answer kept",ED,0.0
price400,204,5204,PSEUDO,diamond,ate,FE_k1,1,True,backdoor,no,no,True,2,estimand kept,FE,0.0
price400,204,5204,PSEUDO,diamond,ate,FE_k2,2,True,backdoor,no,no,True,2,estimand kept,FE,-0.3333333333333333
price400,209,6020,KEEP,diamond,ett,DR_k1,1,False,backdoor,no,no,True,2,"estimand changed, answer kept",DR,0.0
price400,209,6020,KEEP,diamond,ett,DR_k2,2,False,no path,no,no,True,2,"estimand changed, answer kept",DR,0.0
price400,209,6020,KEEP,diamond,ett,DR_k3,3,False,no path,no,no,True,2,"estimand changed, answer kept",DR,0.3333333333333333
price400,209,6020,KEEP,diamond,ett,ED_k1,1,True,backdoor,no,no,True,2,estimand kept,ED,0.0
price400,209,6020,KEEP,diamond,ett,ED_k2,2,False,backdoor,no,no,True,2,"estimand changed, answer kept",ED,0.3333333333333333
price400,209,6020,KEEP,diamond,ett,ED_k3,3,False,no path,no,no,True,2,"estimand changed, answer kept",ED,0.0
price400,209,6020,KEEP,diamond,ett,FE_k1,1,True,backdoor,no,no,True,2,estimand kept,FE,0.0
price400,209,6020,KEEP,diamond,ett,FE_k2,2,True,backdoor,no,no,True,2,estimand kept,FE,0.0
price400,209,6020,PSEUDO,diamond,ett,DR_k1,1,False,backdoor,no,no,True,2,"estimand changed, answer kept",DR,0.0
price400,209,6020,PSEUDO,diamond,ett,DR_k2,2,False,no path,no,no,True,2,"estimand changed, answer kept",DR,0.0
price400,209,6020,PSEUDO,diamond,ett,DR_k3,3,False,no path,no,no,True,2,"estimand changed, answer kept",DR,0.0
price400,209,6020,PSEUDO,diamond,ett,ED_k1,1,True,backdoor,no,no,True,2,estimand kept,ED,0.0
price400,209,6020,PSEUDO,diamond,ett,ED_k2,2,False,backdoor,no,no,True,2,"estimand changed, answer kept",ED,0.0
price400,209,6020,PSEUDO,diamond,ett,ED_k3,3,False,no path,no,no,True,2,"estimand changed, answer kept",ED,0.0
price400,209,6020,PSEUDO,diamond,ett,FE_k1,1,True,backdoor,no,no,True,2,estimand kept,FE,0.0
price400,209,6020,PSEUDO,diamond,ett,FE_k2,2,True,backdoor,no,no,True,2,estimand kept,FE,0.0
price400,210,5400,KEEP,diamond,ett,DR_k1,1,True,backdoor,no,no,True,2,estimand kept,DR,0.0
price400,210,5400,KEEP,diamond,ett,DR_k2,2,False,no path,no,no,True,2,"estimand changed, answer kept",DR,0.0
price400,210,5400,KEEP,diamond,ett,DR_k3,3,False,no path,no,no,True,2,"estimand changed, answer kept",DR,0.0
price400,210,5400,KEEP,diamond,ett,ED_k1,1,False,backdoor,ambiguous,no,True,2,ambiguous,ED,0.0
price400,210,5400,KEEP,diamond,ett,ED_k2,2,False,no path,no,no,True,2,"estimand changed, answer kept",ED,0.0
price400,210,5400,KEEP,diamond,ett,ED_k3,3,False,no path,no,no,True,2,"estimand changed, answer kept",ED,0.0
price400,210,5400,KEEP,diamond,ett,FE_k1,1,True,backdoor,no,no,True,2,estimand kept,FE,0.0
price400,210,5400,KEEP,diamond,ett,FE_k2,2,True,backdoor,no,no,True,2,estimand kept,FE,0.0
price400,210,5400,PSEUDO,diamond,ett,DR_k1,1,True,backdoor,no,no,True,2,estimand kept,DR,0.0
price400,210,5400,PSEUDO,diamond,ett,DR_k2,2,False,no path,no,no,True,2,"estimand changed, answer kept",DR,0.0
price400,210,5400,PSEUDO,diamond,ett,DR_k3,3,False,no path,no,no,True,2,"estimand changed, answer kept",DR,0.3333333333333333
price400,210,5400,PSEUDO,diamond,ett,ED_k1,1,False,backdoor,ambiguous,no,True,2,ambiguous,ED,0.0
price400,210,5400,PSEUDO,diamond,ett,ED_k2,2,False,no path,no,no,True,2,"estimand changed, answer kept",ED,0.3333333333333333
price400,210,5400,PSEUDO,diamond,ett,ED_k3,3,False,no path,no,no,True,2,"estimand changed, answer kept",ED,0.3333333333333333
price400,210,5400,PSEUDO,diamond,ett,FE_k1,1,True,backdoor,no,no,True,2,estimand kept,FE,0.0
price400,210,5400,PSEUDO,diamond,ett,FE_k2,2,True,backdoor,no,no,True,2,estimand kept,FE,0.3333333333333333
price400,211,16376,KEEP,diamond,ett,DR_k1,1,False,backdoor,yes,yes,True,2,"estimand changed, answer kept",DR,0.0
price400,211,16376,KEEP,diamond,ett,DR_k2,2,False,no path,no,yes,True,2,answer changed,DR,0.0
price400,211,16376,KEEP,diamond,ett,DR_k3,3,False,no path,no,yes,True,2,answer changed,DR,0.0
price400,211,16376,KEEP,diamond,ett,ED_k1,1,True,backdoor,yes,yes,True,2,estimand kept,ED,0.0
price400,211,16376,KEEP,diamond,ett,ED_k2,2,False,no path,no,yes,True,2,answer changed,ED,0.0
price400,211,16376,KEEP,diamond,ett,ED_k3,3,False,no path,no,yes,True,2,answer changed,ED,0.3333333333333333
price400,211,16376,KEEP,diamond,ett,FE_k1,1,True,backdoor,yes,yes,True,2,estimand kept,FE,0.0
price400,211,16376,KEEP,diamond,ett,FE_k2,2,True,backdoor,yes,yes,True,2,estimand kept,FE,0.0
price400,211,16376,PSEUDO,diamond,ett,DR_k1,1,False,backdoor,yes,yes,True,2,"estimand changed, answer kept",DR,0.0
price400,211,16376,PSEUDO,diamond,ett,DR_k2,2,False,no path,no,yes,True,2,answer changed,DR,0.0
price400,211,16376,PSEUDO,diamond,ett,DR_k3,3,False,no path,no,yes,True,2,answer changed,DR,0.0
price400,211,16376,PSEUDO,diamond,ett,ED_k1,1,True,backdoor,yes,yes,True,2,estimand kept,ED,0.0
price400,211,16376,PSEUDO,diamond,ett,ED_k2,2,False,no path,no,yes,True,2,answer changed,ED,0.0
price400,211,16376,PSEUDO,diamond,ett,ED_k3,3,False,no path,no,yes,True,2,answer changed,ED,0.0
price400,211,16376,PSEUDO,diamond,ett,FE_k1,1,True,backdoor,yes,yes,True,2,estimand kept,FE,0.0
price400,211,16376,PSEUDO,diamond,ett,FE_k2,2,True,backdoor,yes,yes,True,2,estimand kept,FE,0.0
price400,212,5978,KEEP,diamond,ett,DR_k1,1,True,backdoor,no,no,True,2,estimand kept,DR,0.0
price400,212,5978,KEEP,diamond,ett,DR_k2,2,False,no path,no,no,True,2,"estimand changed, answer kept",DR,0.0
price400,212,5978,KEEP,diamond,ett,DR_k3,3,False,no path,no,no,True,2,"estimand changed, answer kept",DR,0.3333333333333333
price400,212,5978,KEEP,diamond,ett,ED_k1,1,False,backdoor,no,no,True,2,"estimand changed, answer kept",ED,0.0
price400,212,5978,KEEP,diamond,ett,ED_k2,2,False,no path,no,no,True,2,"estimand changed, answer kept",ED,0.0
price400,212,5978,KEEP,diamond,ett,ED_k3,3,False,no path,no,no,True,2,"estimand changed, answer kept",ED,0.6666666666666666
price400,212,5978,KEEP,diamond,ett,FE_k1,1,True,backdoor,no,no,True,2,estimand kept,FE,0.0
price400,212,5978,KEEP,diamond,ett,FE_k2,2,True,backdoor,no,no,True,2,estimand kept,FE,0.0
price400,212,5978,PSEUDO,diamond,ett,DR_k1,1,True,backdoor,no,no,True,2,estimand kept,DR,0.0
price400,212,5978,PSEUDO,diamond,ett,DR_k2,2,False,no path,no,no,True,2,"estimand changed, answer kept",DR,0.6666666666666666
price400,212,5978,PSEUDO,diamond,ett,DR_k3,3,False,no path,no,no,True,2,"estimand changed, answer kept",DR,0.0
price400,212,5978,PSEUDO,diamond,ett,ED_k1,1,False,backdoor,no,no,True,2,"estimand changed, answer kept",ED,0.0
price400,212,5978,PSEUDO,diamond,ett,ED_k2,2,False,no path,no,no,True,2,"estimand changed, answer kept",ED,0.3333333333333333
price400,212,5978,PSEUDO,diamond,ett,ED_k3,3,False,no path,no,no,True,2,"estimand changed, answer kept",ED,0.3333333333333333
price400,212,5978,PSEUDO,diamond,ett,FE_k1,1,True,backdoor,no,no,True,2,estimand kept,FE,0.0
price400,212,5978,PSEUDO,diamond,ett,FE_k2,2,True,backdoor,no,no,True,2,estimand kept,FE,0.3333333333333333
price400,213,5247,KEEP,diamond,ett,DR_k1,1,True,backdoor,no,no,True,4,estimand kept,DR,0.3333333333333333
price400,213,5247,KEEP,diamond,ett,DR_k2,2,False,no path,no,no,True,4,"estimand changed, answer kept",DR,0.3333333333333333
price400,213,5247,KEEP,diamond,ett,DR_k3,3,False,no path,no,no,True,4,"estimand changed, answer kept",DR,0.3333333333333333
price400,213,5247,KEEP,diamond,ett,ED_k1,1,False,backdoor,no,no,True,4,"estimand changed, answer kept",ED,0.3333333333333333
price400,213,5247,KEEP,diamond,ett,ED_k2,2,False,backdoor,no,no,True,4,"estimand changed, answer kept",ED,0.3333333333333333
price400,213,5247,KEEP,diamond,ett,ED_k3,3,False,no path,no,no,True,4,"estimand changed, answer kept",ED,0.3333333333333333
price400,213,5247,KEEP,diamond,ett,FE_k1,1,True,backdoor,no,no,True,4,estimand kept,FE,0.3333333333333333
price400,213,5247,KEEP,diamond,ett,FE_k2,2,True,backdoor,no,no,True,4,estimand kept,FE,0.3333333333333333
price400,213,5247,PSEUDO,diamond,ett,DR_k1,1,True,backdoor,no,no,True,4,estimand kept,DR,-1.0
price400,213,5247,PSEUDO,diamond,ett,DR_k2,2,False,no path,no,no,True,4,"estimand changed, answer kept",DR,0.3333333333333333
price400,213,5247,PSEUDO,diamond,ett,DR_k3,3,False,no path,no,no,True,4,"estimand changed, answer kept",DR,0.0
price400,213,5247,PSEUDO,diamond,ett,ED_k1,1,False,backdoor,no,no,True,4,"estimand changed, answer kept",ED,-0.3333333333333333
price400,213,5247,PSEUDO,diamond,ett,ED_k2,2,False,backdoor,no,no,True,4,"estimand changed, answer kept",ED,0.0
price400,213,5247,PSEUDO,diamond,ett,ED_k3,3,False,no path,no,no,True,4,"estimand changed, answer kept",ED,0.3333333333333333
price400,213,5247,PSEUDO,diamond,ett,FE_k1,1,True,backdoor,no,no,True,4,estimand kept,FE,0.0
price400,213,5247,PSEUDO,diamond,ett,FE_k2,2,True,backdoor,no,no,True,4,estimand kept,FE,0.0
price400,215,1194,KEEP,diamond,ett,DR_k1,1,True,backdoor,no,no,True,2,estimand kept,DR,0.0
price400,215,1194,KEEP,diamond,ett,DR_k2,2,False,no path,no,no,True,2,"estimand changed, answer kept",DR,0.3333333333333333
price400,215,1194,KEEP,diamond,ett,DR_k3,3,False,no path,no,no,True,2,"estimand changed, answer kept",DR,0.3333333333333333
price400,215,1194,KEEP,diamond,ett,ED_k1,1,True,backdoor,no,no,True,2,estimand kept,ED,0.0
price400,215,1194,KEEP,diamond,ett,ED_k2,2,False,backdoor,no,no,True,2,"estimand changed, answer kept",ED,0.0
price400,215,1194,KEEP,diamond,ett,ED_k3,3,False,no path,no,no,True,2,"estimand changed, answer kept",ED,0.0
price400,215,1194,KEEP,diamond,ett,FE_k1,1,True,backdoor,no,no,True,2,estimand kept,FE,0.0
price400,215,1194,KEEP,diamond,ett,FE_k2,2,True,backdoor,no,no,True,2,estimand kept,FE,0.0
price400,215,1194,PSEUDO,diamond,ett,DR_k1,1,True,backdoor,no,no,True,2,estimand kept,DR,0.3333333333333333
price400,215,1194,PSEUDO,diamond,ett,DR_k2,2,False,no path,no,no,True,2,"estimand changed, answer kept",DR,0.0
price400,215,1194,PSEUDO,diamond,ett,DR_k3,3,False,no path,no,no,True,2,"estimand changed, answer kept",DR,0.0
price400,215,1194,PSEUDO,diamond,ett,ED_k1,1,True,backdoor,no,no,True,2,estimand kept,ED,0.3333333333333333
price400,215,1194,PSEUDO,diamond,ett,ED_k2,2,False,backdoor,no,no,True,2,"estimand changed, answer kept",ED,0.0
price400,215,1194,PSEUDO,diamond,ett,ED_k3,3,False,no path,no,no,True,2,"estimand changed, answer kept",ED,0.0
price400,215,1194,PSEUDO,diamond,ett,FE_k1,1,True,backdoor,no,no,True,2,estimand kept,FE,0.0
price400,215,1194,PSEUDO,diamond,ett,FE_k2,2,True,backdoor,no,no,True,2,estimand kept,FE,0.0
price400,220,11650,KEEP,diamond,ett,DR_k1,1,False,backdoor,yes,no,True,2,answer changed,DR,0.0
price400,220,11650,KEEP,diamond,ett,DR_k2,2,False,no path,no,no,True,2,"estimand changed, answer kept",DR,0.0
price400,220,11650,KEEP,diamond,ett,DR_k3,3,False,no path,no,no,True,2,"estimand changed, answer kept",DR,0.0
price400,220,11650,KEEP,diamond,ett,ED_k1,1,False,backdoor,ambiguous,no,True,2,ambiguous,ED,0.0
price400,220,11650,KEEP,diamond,ett,ED_k2,2,False,no path,no,no,True,2,"estimand changed, answer kept",ED,0.0
price400,220,11650,KEEP,diamond,ett,ED_k3,3,False,no path,no,no,True,2,"estimand changed, answer kept",ED,0.0
price400,220,11650,KEEP,diamond,ett,FE_k1,1,True,backdoor,no,no,True,2,estimand kept,FE,0.0
price400,220,11650,KEEP,diamond,ett,FE_k2,2,True,backdoor,no,no,True,2,estimand kept,FE,0.0
price400,220,11650,PSEUDO,diamond,ett,DR_k1,1,False,backdoor,yes,no,True,2,answer changed,DR,0.0
price400,220,11650,PSEUDO,diamond,ett,DR_k2,2,False,no path,no,no,True,2,"estimand changed, answer kept",DR,0.0
price400,220,11650,PSEUDO,diamond,ett,DR_k3,3,False,no path,no,no,True,2,"estimand changed, answer kept",DR,0.0
price400,220,11650,PSEUDO,diamond,ett,ED_k1,1,False,backdoor,ambiguous,no,True,2,ambiguous,ED,0.0
price400,220,11650,PSEUDO,diamond,ett,ED_k2,2,False,no path,no,no,True,2,"estimand changed, answer kept",ED,0.0
price400,220,11650,PSEUDO,diamond,ett,ED_k3,3,False,no path,no,no,True,2,"estimand changed, answer kept",ED,0.0
price400,220,11650,PSEUDO,diamond,ett,FE_k1,1,True,backdoor,no,no,True,2,estimand kept,FE,0.0
price400,220,11650,PSEUDO,diamond,ett,FE_k2,2,True,backdoor,no,no,True,2,estimand kept,FE,0.0
price400,221,16370,KEEP,diamond,ett,DR_k1,1,False,backdoor,no,no,True,2,"estimand changed, answer kept",DR,0.0
price400,221,16370,KEEP,diamond,ett,DR_k2,2,False,no path,no,no,True,2,"estimand changed, answer kept",DR,0.0
price400,221,16370,KEEP,diamond,ett,DR_k3,3,False,no path,no,no,True,2,"estimand changed, answer kept",DR,0.0
price400,221,16370,KEEP,diamond,ett,ED_k1,1,False,backdoor,ambiguous,no,True,2,ambiguous,ED,0.0
price400,221,16370,KEEP,diamond,ett,ED_k2,2,False,no path,no,no,True,2,"estimand changed, answer kept",ED,0.3333333333333333
price400,221,16370,KEEP,diamond,ett,ED_k3,3,False,no path,no,no,True,2,"estimand changed, answer kept",ED,0.0
price400,221,16370,KEEP,diamond,ett,FE_k1,1,True,backdoor,no,no,True,2,estimand kept,FE,0.0
price400,221,16370,KEEP,diamond,ett,FE_k2,2,True,backdoor,no,no,True,2,estimand kept,FE,0.0
price400,221,16370,PSEUDO,diamond,ett,DR_k1,1,False,backdoor,no,no,True,2,"estimand changed, answer kept",DR,0.0
price400,221,16370,PSEUDO,diamond,ett,DR_k2,2,False,no path,no,no,True,2,"estimand changed, answer kept",DR,0.0
price400,221,16370,PSEUDO,diamond,ett,DR_k3,3,False,no path,no,no,True,2,"estimand changed, answer kept",DR,0.0
price400,221,16370,PSEUDO,diamond,ett,ED_k1,1,False,backdoor,ambiguous,no,True,2,ambiguous,ED,0.0
price400,221,16370,PSEUDO,diamond,ett,ED_k2,2,False,no path,no,no,True,2,"estimand changed, answer kept",ED,0.0
price400,221,16370,PSEUDO,diamond,ett,ED_k3,3,False,no path,no,no,True,2,"estimand changed, answer kept",ED,0.3333333333333333
price400,221,16370,PSEUDO,diamond,ett,FE_k1,1,True,backdoor,no,no,True,2,estimand kept,FE,0.0
price400,221,16370,PSEUDO,diamond,ett,FE_k2,2,True,backdoor,no,no,True,2,estimand kept,FE,0.0
price400,226,10992,KEEP,diamond,ett,DR_k1,1,False,backdoor,no,no,True,2,"estimand changed, answer kept",DR,0.0
price400,226,10992,KEEP,diamond,ett,DR_k2,2,False,no path,no,no,True,2,"estimand changed, answer kept",DR,0.0
price400,226,10992,KEEP,diamond,ett,DR_k3,3,False,no path,no,no,True,2,"estimand changed, answer kept",DR,0.3333333333333333
price400,226,10992,KEEP,diamond,ett,ED_k1,1,True,backdoor,no,no,True,2,estimand kept,ED,0.0
price400,226,10992,KEEP,diamond,ett,ED_k2,2,False,no path,no,no,True,2,"estimand changed, answer kept",ED,0.0
price400,226,10992,KEEP,diamond,ett,ED_k3,3,False,no path,no,no,True,2,"estimand changed, answer kept",ED,0.0
price400,226,10992,KEEP,diamond,ett,FE_k1,1,True,backdoor,no,no,True,2,estimand kept,FE,0.0
price400,226,10992,KEEP,diamond,ett,FE_k2,2,True,backdoor,no,no,True,2,estimand kept,FE,0.0
price400,226,10992,PSEUDO,diamond,ett,DR_k1,1,False,backdoor,no,no,True,2,"estimand changed, answer kept",DR,0.0
price400,226,10992,PSEUDO,diamond,ett,DR_k2,2,False,no path,no,no,True,2,"estimand changed, answer kept",DR,0.0
price400,226,10992,PSEUDO,diamond,ett,DR_k3,3,False,no path,no,no,True,2,"estimand changed, answer kept",DR,0.0
price400,226,10992,PSEUDO,diamond,ett,ED_k1,1,True,backdoor,no,no,True,2,estimand kept,ED,0.0
price400,226,10992,PSEUDO,diamond,ett,ED_k2,2,False,no path,no,no,True,2,"estimand changed, answer kept",ED,0.0
price400,226,10992,PSEUDO,diamond,ett,ED_k3,3,False,no path,no,no,True,2,"estimand changed, answer kept",ED,0.0
price400,226,10992,PSEUDO,diamond,ett,FE_k1,1,True,backdoor,no,no,True,2,estimand kept,FE,0.0
price400,226,10992,PSEUDO,diamond,ett,FE_k2,2,True,backdoor,no,no,True,2,estimand kept,FE,0.0
price400,227,16444,KEEP,diamond,ett,DR_k1,1,True,backdoor,no,no,True,2,estimand kept,DR,0.0
price400,227,16444,KEEP,diamond,ett,DR_k2,2,False,no path,no,no,True,2,"estimand changed, answer kept",DR,0.3333333333333333
price400,227,16444,KEEP,diamond,ett,DR_k3,3,False,no path,no,no,True,2,"estimand changed, answer kept",DR,0.6666666666666666
price400,227,16444,KEEP,diamond,ett,ED_k1,1,True,backdoor,no,no,True,2,estimand kept,ED,0.0
price400,227,16444,KEEP,diamond,ett,ED_k2,2,False,backdoor,no,no,True,2,"estimand changed, answer kept",ED,0.0
price400,227,16444,KEEP,diamond,ett,ED_k3,3,False,no path,no,no,True,2,"estimand changed, answer kept",ED,0.0
price400,227,16444,KEEP,diamond,ett,FE_k1,1,True,backdoor,no,no,True,2,estimand kept,FE,0.0
price400,227,16444,KEEP,diamond,ett,FE_k2,2,True,backdoor,no,no,True,2,estimand kept,FE,0.0
price400,227,16444,PSEUDO,diamond,ett,DR_k1,1,True,backdoor,no,no,True,2,estimand kept,DR,0.3333333333333333
price400,227,16444,PSEUDO,diamond,ett,DR_k2,2,False,no path,no,no,True,2,"estimand changed, answer kept",DR,0.0
price400,227,16444,PSEUDO,diamond,ett,DR_k3,3,False,no path,no,no,True,2,"estimand changed, answer kept",DR,0.0
price400,227,16444,PSEUDO,diamond,ett,ED_k1,1,True,backdoor,no,no,True,2,estimand kept,ED,0.3333333333333333
price400,227,16444,PSEUDO,diamond,ett,ED_k2,2,False,backdoor,no,no,True,2,"estimand changed, answer kept",ED,0.3333333333333333
price400,227,16444,PSEUDO,diamond,ett,ED_k3,3,False,no path,no,no,True,2,"estimand changed, answer kept",ED,0.0
price400,227,16444,PSEUDO,diamond,ett,FE_k1,1,True,backdoor,no,no,True,2,estimand kept,FE,0.0
price400,227,16444,PSEUDO,diamond,ett,FE_k2,2,True,backdoor,no,no,True,2,estimand kept,FE,0.0
price400,247,10713,KEEP,diamondcut,ate,DR_k1,1,False,backdoor,no,no,True,2,"estimand changed, answer kept",DR,0.0
price400,247,10713,KEEP,diamondcut,ate,DR_k2,2,False,backdoor,no,no,True,2,"estimand changed, answer kept",DR,-0.3333333333333333
price400,247,10713,KEEP,diamondcut,ate,DR_k3,3,False,no path,no,no,True,2,"estimand changed, answer kept",DR,0.0
price400,247,10713,KEEP,diamondcut,ate,ED_k1,1,False,backdoor,no,no,True,2,"estimand changed, answer kept",ED,0.0
price400,247,10713,KEEP,diamondcut,ate,ED_k2,2,False,no path,no,no,True,2,"estimand changed, answer kept",ED,-0.3333333333333333
price400,247,10713,KEEP,diamondcut,ate,ED_k3,3,False,no path,no,no,True,2,"estimand changed, answer kept",ED,0.0
price400,247,10713,KEEP,diamondcut,ate,FE_k1,1,False,backdoor,no,no,True,2,"estimand changed, answer kept",FE,0.0
price400,247,10713,KEEP,diamondcut,ate,FE_k2,2,False,backdoor,no,no,True,2,"estimand changed, answer kept",FE,0.0
price400,247,10713,PSEUDO,diamondcut,ate,DR_k1,1,False,backdoor,no,no,True,2,"estimand changed, answer kept",DR,0.0
price400,247,10713,PSEUDO,diamondcut,ate,DR_k2,2,False,backdoor,no,no,True,2,"estimand changed, answer kept",DR,-0.3333333333333333
price400,247,10713,PSEUDO,diamondcut,ate,DR_k3,3,False,no path,no,no,True,2,"estimand changed, answer kept",DR,0.0
price400,247,10713,PSEUDO,diamondcut,ate,ED_k1,1,False,backdoor,no,no,True,2,"estimand changed, answer kept",ED,-0.3333333333333333
price400,247,10713,PSEUDO,diamondcut,ate,ED_k2,2,False,no path,no,no,True,2,"estimand changed, answer kept",ED,0.0
price400,247,10713,PSEUDO,diamondcut,ate,ED_k3,3,False,no path,no,no,True,2,"estimand changed, answer kept",ED,0.0
price400,247,10713,PSEUDO,diamondcut,ate,FE_k1,1,False,backdoor,no,no,True,2,"estimand changed, answer kept",FE,0.0
price400,247,10713,PSEUDO,diamondcut,ate,FE_k2,2,False,backdoor,no,no,True,2,"estimand changed, answer kept",FE,-0.5
price400,249,15505,KEEP,diamondcut,ate,DR_k1,1,False,backdoor,yes,yes,True,2,"estimand changed, answer kept",DR,0.0
price400,249,15505,KEEP,diamondcut,ate,DR_k2,2,False,backdoor,yes,yes,True,2,"estimand changed, answer kept",DR,0.0
price400,249,15505,KEEP,diamondcut,ate,DR_k3,3,False,no path,no,yes,True,2,answer changed,DR,0.0
price400,249,15505,KEEP,diamondcut,ate,ED_k1,1,False,backdoor,yes,yes,True,2,"estimand changed, answer kept",ED,0.0
price400,249,15505,KEEP,diamondcut,ate,ED_k2,2,False,backdoor,yes,yes,True,2,"estimand changed, answer kept",ED,0.0
price400,249,15505,KEEP,diamondcut,ate,ED_k3,3,False,no path,no,yes,True,2,answer changed,ED,-0.6666666666666666
price400,249,15505,KEEP,diamondcut,ate,FE_k1,1,False,backdoor,yes,yes,True,2,"estimand changed, answer kept",FE,-0.3333333333333333
price400,249,15505,KEEP,diamondcut,ate,FE_k2,2,False,backdoor,yes,yes,True,2,"estimand changed, answer kept",FE,0.0
price400,249,15505,PSEUDO,diamondcut,ate,DR_k1,1,False,backdoor,yes,yes,True,2,"estimand changed, answer kept",DR,0.0
price400,249,15505,PSEUDO,diamondcut,ate,DR_k2,2,False,backdoor,yes,yes,True,2,"estimand changed, answer kept",DR,-0.3333333333333333
price400,249,15505,PSEUDO,diamondcut,ate,DR_k3,3,False,no path,no,yes,True,2,answer changed,DR,-0.5
price400,249,15505,PSEUDO,diamondcut,ate,ED_k1,1,False,backdoor,yes,yes,True,2,"estimand changed, answer kept",ED,0.0
price400,249,15505,PSEUDO,diamondcut,ate,ED_k2,2,False,backdoor,yes,yes,True,2,"estimand changed, answer kept",ED,0.0
price400,249,15505,PSEUDO,diamondcut,ate,ED_k3,3,False,no path,no,yes,True,2,answer changed,ED,-0.3333333333333333
price400,249,15505,PSEUDO,diamondcut,ate,FE_k1,1,False,backdoor,yes,yes,True,2,"estimand changed, answer kept",FE,0.0
price400,249,15505,PSEUDO,diamondcut,ate,FE_k2,2,False,backdoor,yes,yes,True,2,"estimand changed, answer kept",FE,0.0
price400,254,15545,KEEP,diamondcut,ate,DR_k1,1,True,backdoor,yes,yes,True,2,estimand kept,DR,0.0
price400,254,15545,KEEP,diamondcut,ate,DR_k2,2,False,backdoor,yes,yes,True,2,"estimand changed, answer kept",DR,0.0
price400,254,15545,KEEP,diamondcut,ate,DR_k3,3,False,backdoor,yes,yes,True,2,"estimand changed, answer kept",DR,0.0
price400,254,15545,KEEP,diamondcut,ate,ED_k1,1,False,backdoor,yes,yes,True,2,"estimand changed, answer kept",ED,0.0
price400,254,15545,KEEP,diamondcut,ate,ED_k2,2,False,backdoor,yes,yes,True,2,"estimand changed, answer kept",ED,0.0
price400,254,15545,KEEP,diamondcut,ate,ED_k3,3,False,no path,no,yes,True,2,answer changed,ED,-0.3333333333333333
price400,254,15545,KEEP,diamondcut,ate,FE_k1,1,False,backdoor,yes,yes,True,2,"estimand changed, answer kept",FE,0.0
price400,254,15545,KEEP,diamondcut,ate,FE_k2,2,False,backdoor,yes,yes,True,2,"estimand changed, answer kept",FE,0.0
price400,254,15545,PSEUDO,diamondcut,ate,DR_k1,1,True,backdoor,yes,yes,True,2,estimand kept,DR,0.0
price400,254,15545,PSEUDO,diamondcut,ate,DR_k2,2,False,backdoor,yes,yes,True,2,"estimand changed, answer kept",DR,0.0
price400,254,15545,PSEUDO,diamondcut,ate,DR_k3,3,False,backdoor,yes,yes,True,2,"estimand changed, answer kept",DR,0.0
price400,254,15545,PSEUDO,diamondcut,ate,ED_k1,1,False,backdoor,yes,yes,True,2,"estimand changed, answer kept",ED,0.0
price400,254,15545,PSEUDO,diamondcut,ate,ED_k2,2,False,backdoor,yes,yes,True,2,"estimand changed, answer kept",ED,-0.3333333333333333
price400,254,15545,PSEUDO,diamondcut,ate,ED_k3,3,False,no path,no,yes,True,2,answer changed,ED,-0.6666666666666666
price400,254,15545,PSEUDO,diamondcut,ate,FE_k1,1,False,backdoor,yes,yes,True,2,"estimand changed, answer kept",FE,0.0
price400,254,15545,PSEUDO,diamondcut,ate,FE_k2,2,False,backdoor,yes,yes,True,2,"estimand changed, answer kept",FE,-0.5
price400,256,15509,KEEP,diamondcut,ate,DR_k1,1,False,no path,no,yes,True,2,answer changed,DR,-0.3333333333333333
price400,256,15509,KEEP,diamondcut,ate,DR_k2,2,False,no path,no,yes,True,2,answer changed,DR,-0.3333333333333333
price400,256,15509,KEEP,diamondcut,ate,DR_k3,3,False,no path,no,yes,True,2,answer changed,DR,-0.6666666666666666
price400,256,15509,KEEP,diamondcut,ate,ED_k1,1,False,backdoor,yes,yes,True,2,"estimand changed, answer kept",ED,0.0
price400,256,15509,KEEP,diamondcut,ate,ED_k2,2,False,no path,no,yes,True,2,answer changed,ED,0.0
price400,256,15509,KEEP,diamondcut,ate,ED_k3,3,False,no path,no,yes,True,2,answer changed,ED,-0.3333333333333333
price400,256,15509,KEEP,diamondcut,ate,FE_k1,1,False,backdoor,yes,yes,True,2,"estimand changed, answer kept",FE,0.0
price400,256,15509,KEEP,diamondcut,ate,FE_k2,2,False,backdoor,yes,yes,True,2,"estimand changed, answer kept",FE,0.0
price400,256,15509,PSEUDO,diamondcut,ate,DR_k1,1,False,no path,no,yes,True,2,answer changed,DR,-0.6666666666666666
price400,256,15509,PSEUDO,diamondcut,ate,DR_k2,2,False,no path,no,yes,True,2,answer changed,DR,-0.6666666666666666
price400,256,15509,PSEUDO,diamondcut,ate,DR_k3,3,False,no path,no,yes,True,2,answer changed,DR,-0.6666666666666666
price400,256,15509,PSEUDO,diamondcut,ate,ED_k1,1,False,backdoor,yes,yes,True,2,"estimand changed, answer kept",ED,0.0
price400,256,15509,PSEUDO,diamondcut,ate,ED_k2,2,False,no path,no,yes,True,2,answer changed,ED,0.0
price400,256,15509,PSEUDO,diamondcut,ate,ED_k3,3,False,no path,no,yes,True,2,answer changed,ED,-0.6666666666666666
price400,256,15509,PSEUDO,diamondcut,ate,FE_k1,1,False,backdoor,yes,yes,True,2,"estimand changed, answer kept",FE,0.0
price400,256,15509,PSEUDO,diamondcut,ate,FE_k2,2,False,backdoor,yes,yes,True,2,"estimand changed, answer kept",FE,0.0
price400,257,15521,KEEP,diamondcut,ate,DR_k1,1,False,backdoor,yes,yes,True,2,"estimand changed, answer kept",DR,0.0
price400,257,15521,KEEP,diamondcut,ate,DR_k2,2,False,no path,no,yes,True,2,answer changed,DR,0.0
price400,257,15521,KEEP,diamondcut,ate,DR_k3,3,False,backdoor,yes,yes,True,2,"estimand changed, answer kept",DR,0.0
price400,257,15521,KEEP,diamondcut,ate,ED_k1,1,False,backdoor,yes,yes,True,2,"estimand changed, answer kept",ED,0.0
price400,257,15521,KEEP,diamondcut,ate,ED_k2,2,False,backdoor,yes,yes,True,2,"estimand changed, answer kept",ED,0.0
price400,257,15521,KEEP,diamondcut,ate,ED_k3,3,False,no path,no,yes,True,2,answer changed,ED,-0.3333333333333333
price400,257,15521,KEEP,diamondcut,ate,FE_k1,1,False,backdoor,yes,yes,True,2,"estimand changed, answer kept",FE,0.0
price400,257,15521,KEEP,diamondcut,ate,FE_k2,2,False,backdoor,yes,yes,True,2,"estimand changed, answer kept",FE,0.0
price400,257,15521,PSEUDO,diamondcut,ate,DR_k1,1,False,backdoor,yes,yes,True,2,"estimand changed, answer kept",DR,0.0
price400,257,15521,PSEUDO,diamondcut,ate,DR_k2,2,False,no path,no,yes,True,2,answer changed,DR,-0.3333333333333333
price400,257,15521,PSEUDO,diamondcut,ate,DR_k3,3,False,backdoor,yes,yes,True,2,"estimand changed, answer kept",DR,0.0
price400,257,15521,PSEUDO,diamondcut,ate,ED_k1,1,False,backdoor,yes,yes,True,2,"estimand changed, answer kept",ED,0.0
price400,257,15521,PSEUDO,diamondcut,ate,ED_k2,2,False,backdoor,yes,yes,True,2,"estimand changed, answer kept",ED,0.0
price400,257,15521,PSEUDO,diamondcut,ate,ED_k3,3,False,no path,no,yes,True,2,answer changed,ED,-0.3333333333333333
price400,257,15521,PSEUDO,diamondcut,ate,FE_k1,1,False,backdoor,yes,yes,True,2,"estimand changed, answer kept",FE,0.0
price400,257,15521,PSEUDO,diamondcut,ate,FE_k2,2,False,backdoor,yes,yes,True,2,"estimand changed, answer kept",FE,0.0
price400,262,15562,KEEP,diamondcut,ate,DR_k1,1,True,backdoor,no,no,True,2,estimand kept,DR,0.0
price400,262,15562,KEEP,diamondcut,ate,DR_k2,2,False,no path,no,no,True,2,"estimand changed, answer kept",DR,0.0
price400,262,15562,KEEP,diamondcut,ate,DR_k3,3,False,no path,no,no,True,2,"estimand changed, answer kept",DR,0.0
price400,262,15562,KEEP,diamondcut,ate,ED_k1,1,False,backdoor,no,no,True,2,"estimand changed, answer kept",ED,0.0
price400,262,15562,KEEP,diamondcut,ate,ED_k2,2,False,backdoor,no,no,True,2,"estimand changed, answer kept",ED,0.0
price400,262,15562,KEEP,diamondcut,ate,ED_k3,3,False,no path,no,no,True,2,"estimand changed, answer kept",ED,0.0
price400,262,15562,KEEP,diamondcut,ate,FE_k1,1,False,backdoor,no,no,True,2,"estimand changed, answer kept",FE,0.0
price400,262,15562,KEEP,diamondcut,ate,FE_k2,2,False,backdoor,no,no,True,2,"estimand changed, answer kept",FE,0.0
price400,262,15562,PSEUDO,diamondcut,ate,DR_k1,1,True,backdoor,no,no,True,2,estimand kept,DR,0.0
price400,262,15562,PSEUDO,diamondcut,ate,DR_k2,2,False,no path,no,no,True,2,"estimand changed, answer kept",DR,0.0
price400,262,15562,PSEUDO,diamondcut,ate,DR_k3,3,False,no path,no,no,True,2,"estimand changed, answer kept",DR,0.0
price400,262,15562,PSEUDO,diamondcut,ate,ED_k1,1,False,backdoor,no,no,True,2,"estimand changed, answer kept",ED,-0.3333333333333333
price400,262,15562,PSEUDO,diamondcut,ate,ED_k2,2,False,backdoor,no,no,True,2,"estimand changed, answer kept",ED,0.0
price400,262,15562,PSEUDO,diamondcut,ate,ED_k3,3,False,no path,no,no,True,2,"estimand changed, answer kept",ED,0.0
price400,262,15562,PSEUDO,diamondcut,ate,FE_k1,1,False,backdoor,no,no,True,2,"estimand changed, answer kept",FE,-0.3333333333333333
price400,262,15562,PSEUDO,diamondcut,ate,FE_k2,2,False,backdoor,no,no,True,2,"estimand changed, answer kept",FE,0.0
price400,266,5173,KEEP,diamondcut,ett,DR_k1,1,False,no path,no,yes,True,2,answer changed,DR,
price400,266,5173,KEEP,diamondcut,ett,DR_k2,2,False,backdoor,yes,yes,True,2,"estimand changed, answer kept",DR,0.0
price400,266,5173,KEEP,diamondcut,ett,DR_k3,3,False,no path,no,yes,True,2,answer changed,DR,0.0
price400,266,5173,KEEP,diamondcut,ett,ED_k1,1,False,no path,no,yes,True,2,answer changed,ED,1.0
price400,266,5173,KEEP,diamondcut,ett,ED_k2,2,False,no path,no,yes,True,2,answer changed,ED,0.5
price400,266,5173,KEEP,diamondcut,ett,ED_k3,3,False,no path,no,yes,True,2,answer changed,ED,0.5
price400,266,5173,KEEP,diamondcut,ett,FE_k1,1,False,backdoor,yes,yes,True,2,"estimand changed, answer kept",FE,0.0
price400,266,5173,KEEP,diamondcut,ett,FE_k2,2,False,backdoor,yes,yes,True,2,"estimand changed, answer kept",FE,0.5
price400,266,5173,PSEUDO,diamondcut,ett,DR_k1,1,False,no path,no,yes,True,2,answer changed,DR,1.0
price400,266,5173,PSEUDO,diamondcut,ett,DR_k2,2,False,backdoor,yes,yes,True,2,"estimand changed, answer kept",DR,0.0
price400,266,5173,PSEUDO,diamondcut,ett,DR_k3,3,False,no path,no,yes,True,2,answer changed,DR,1.0
price400,266,5173,PSEUDO,diamondcut,ett,ED_k1,1,False,no path,no,yes,True,2,answer changed,ED,0.0
price400,266,5173,PSEUDO,diamondcut,ett,ED_k2,2,False,no path,no,yes,True,2,answer changed,ED,0.0
price400,266,5173,PSEUDO,diamondcut,ett,ED_k3,3,False,no path,no,yes,True,2,answer changed,ED,0.0
price400,266,5173,PSEUDO,diamondcut,ett,FE_k1,1,False,backdoor,yes,yes,True,2,"estimand changed, answer kept",FE,0.0
price400,266,5173,PSEUDO,diamondcut,ett,FE_k2,2,False,backdoor,yes,yes,True,2,"estimand changed, answer kept",FE,0.0
price400,269,308,KEEP,diamondcut,ett,DR_k1,1,False,backdoor,no,no,True,2,"estimand changed, answer kept",DR,0.0
price400,269,308,KEEP,diamondcut,ett,DR_k2,2,False,no path,no,no,True,2,"estimand changed, answer kept",DR,0.0
price400,269,308,KEEP,diamondcut,ett,DR_k3,3,False,no path,no,no,True,2,"estimand changed, answer kept",DR,0.0
price400,269,308,KEEP,diamondcut,ett,ED_k1,1,False,no path,no,no,True,2,"estimand changed, answer kept",ED,0.0
price400,269,308,KEEP,diamondcut,ett,ED_k2,2,False,no path,no,no,True,2,"estimand changed, answer kept",ED,0.0
price400,269,308,KEEP,diamondcut,ett,ED_k3,3,False,no path,no,no,True,2,"estimand changed, answer kept",ED,0.0
price400,269,308,KEEP,diamondcut,ett,FE_k1,1,False,backdoor,no,no,True,2,"estimand changed, answer kept",FE,0.0
price400,269,308,KEEP,diamondcut,ett,FE_k2,2,False,backdoor,no,no,True,2,"estimand changed, answer kept",FE,0.0
price400,269,308,PSEUDO,diamondcut,ett,DR_k1,1,False,backdoor,no,no,True,2,"estimand changed, answer kept",DR,-0.5
price400,269,308,PSEUDO,diamondcut,ett,DR_k2,2,False,no path,no,no,True,2,"estimand changed, answer kept",DR,-0.5
price400,269,308,PSEUDO,diamondcut,ett,DR_k3,3,False,no path,no,no,True,2,"estimand changed, answer kept",DR,-0.3333333333333333
price400,269,308,PSEUDO,diamondcut,ett,ED_k1,1,False,no path,no,no,True,2,"estimand changed, answer kept",ED,-0.5
price400,269,308,PSEUDO,diamondcut,ett,ED_k2,2,False,no path,no,no,True,2,"estimand changed, answer kept",ED,-0.5
price400,269,308,PSEUDO,diamondcut,ett,ED_k3,3,False,no path,no,no,True,2,"estimand changed, answer kept",ED,-0.3333333333333333
price400,269,308,PSEUDO,diamondcut,ett,FE_k1,1,False,backdoor,no,no,True,2,"estimand changed, answer kept",FE,-0.5
price400,269,308,PSEUDO,diamondcut,ett,FE_k2,2,False,backdoor,no,no,True,2,"estimand changed, answer kept",FE,0.0
price400,272,5114,KEEP,diamondcut,ett,DR_k1,1,False,no path,no,yes,True,2,answer changed,DR,0.0
price400,272,5114,KEEP,diamondcut,ett,DR_k2,2,False,no path,no,yes,True,2,answer changed,DR,-0.5
price400,272,5114,KEEP,diamondcut,ett,DR_k3,3,False,backdoor,yes,yes,True,2,"estimand changed, answer kept",DR,0.0
price400,272,5114,KEEP,diamondcut,ett,ED_k1,1,False,backdoor,yes,yes,True,2,"estimand changed, answer kept",ED,0.0
price400,272,5114,KEEP,diamondcut,ett,ED_k2,2,False,backdoor,yes,yes,True,2,"estimand changed, answer kept",ED,-0.5
price400,272,5114,KEEP,diamondcut,ett,ED_k3,3,False,no path,no,yes,True,2,answer changed,ED,0.0
price400,272,5114,KEEP,diamondcut,ett,FE_k1,1,False,backdoor,yes,yes,True,2,"estimand changed, answer kept",FE,0.0
price400,272,5114,KEEP,diamondcut,ett,FE_k2,2,False,backdoor,yes,yes,True,2,"estimand changed, answer kept",FE,0.0
price400,272,5114,PSEUDO,diamondcut,ett,DR_k1,1,False,no path,no,yes,True,2,answer changed,DR,0.0
price400,272,5114,PSEUDO,diamondcut,ett,DR_k2,2,False,no path,no,yes,True,2,answer changed,DR,-0.5
price400,272,5114,PSEUDO,diamondcut,ett,DR_k3,3,False,backdoor,yes,yes,True,2,"estimand changed, answer kept",DR,0.0
price400,272,5114,PSEUDO,diamondcut,ett,ED_k1,1,False,backdoor,yes,yes,True,2,"estimand changed, answer kept",ED,0.0
price400,272,5114,PSEUDO,diamondcut,ett,ED_k2,2,False,backdoor,yes,yes,True,2,"estimand changed, answer kept",ED,0.0
price400,272,5114,PSEUDO,diamondcut,ett,ED_k3,3,False,no path,no,yes,True,2,answer changed,ED,-0.5
price400,272,5114,PSEUDO,diamondcut,ett,FE_k1,1,False,backdoor,yes,yes,True,2,"estimand changed, answer kept",FE,0.5
price400,272,5114,PSEUDO,diamondcut,ett,FE_k2,2,False,backdoor,yes,yes,True,2,"estimand changed, answer kept",FE,0.0
price400,273,364,KEEP,diamondcut,ett,DR_k1,1,False,backdoor,yes,yes,True,2,"estimand changed, answer kept",DR,0.0
price400,273,364,KEEP,diamondcut,ett,DR_k2,2,False,no path,no,yes,True,2,answer changed,DR,-0.5
price400,273,364,KEEP,diamondcut,ett,DR_k3,3,False,no path,no,yes,True,2,answer changed,DR,0.0
price400,273,364,KEEP,diamondcut,ett,ED_k1,1,False,no path,no,yes,True,2,answer changed,ED,-1.0
price400,273,364,KEEP,diamondcut,ett,ED_k2,2,False,backdoor,yes,yes,True,2,"estimand changed, answer kept",ED,-0.5
price400,273,364,KEEP,diamondcut,ett,ED_k3,3,False,no path,no,yes,True,2,answer changed,ED,-0.5
price400,273,364,KEEP,diamondcut,ett,FE_k1,1,False,backdoor,yes,yes,True,2,"estimand changed, answer kept",FE,0.0
price400,273,364,KEEP,diamondcut,ett,FE_k2,2,False,backdoor,yes,yes,True,2,"estimand changed, answer kept",FE,0.5
price400,273,364,PSEUDO,diamondcut,ett,DR_k1,1,False,backdoor,yes,yes,True,2,"estimand changed, answer kept",DR,0.0
price400,273,364,PSEUDO,diamondcut,ett,DR_k2,2,False,no path,no,yes,True,2,answer changed,DR,0.0
price400,273,364,PSEUDO,diamondcut,ett,DR_k3,3,False,no path,no,yes,True,2,answer changed,DR,0.0
price400,273,364,PSEUDO,diamondcut,ett,ED_k1,1,False,no path,no,yes,True,2,answer changed,ED,0.0
price400,273,364,PSEUDO,diamondcut,ett,ED_k2,2,False,backdoor,yes,yes,True,2,"estimand changed, answer kept",ED,1.0
price400,273,364,PSEUDO,diamondcut,ett,ED_k3,3,False,no path,no,yes,True,2,answer changed,ED,0.0
price400,273,364,PSEUDO,diamondcut,ett,FE_k1,1,False,backdoor,yes,yes,True,2,"estimand changed, answer kept",FE,0.0
price400,273,364,PSEUDO,diamondcut,ett,FE_k2,2,False,backdoor,yes,yes,True,2,"estimand changed, answer kept",FE,0.0
price400,274,10693,KEEP,diamondcut,ett,DR_k1,1,False,backdoor,yes,yes,True,2,"estimand changed, answer kept",DR,-0.3333333333333333
price400,274,10693,KEEP,diamondcut,ett,DR_k2,2,False,no path,no,yes,True,2,answer changed,DR,-0.3333333333333333
price400,274,10693,KEEP,diamondcut,ett,DR_k3,3,False,no path,no,yes,True,2,answer changed,DR,0.0
price400,274,10693,KEEP,diamondcut,ett,ED_k1,1,False,no path,no,yes,True,2,answer changed,ED,-0.5
price400,274,10693,KEEP,diamondcut,ett,ED_k2,2,False,no path,no,yes,True,2,answer changed,ED,-0.3333333333333333
price400,274,10693,KEEP,diamondcut,ett,ED_k3,3,False,backdoor,yes,yes,True,2,"estimand changed, answer kept",ED,-0.3333333333333333
price400,274,10693,KEEP,diamondcut,ett,FE_k1,1,False,backdoor,yes,yes,True,2,"estimand changed, answer kept",FE,-0.6666666666666666
price400,274,10693,KEEP,diamondcut,ett,FE_k2,2,False,backdoor,yes,yes,True,2,"estimand changed, answer kept",FE,-1.0
price400,274,10693,PSEUDO,diamondcut,ett,DR_k1,1,False,backdoor,yes,yes,True,2,"estimand changed, answer kept",DR,-0.3333333333333333
price400,274,10693,PSEUDO,diamondcut,ett,DR_k2,2,False,no path,no,yes,True,2,answer changed,DR,-0.3333333333333333
price400,274,10693,PSEUDO,diamondcut,ett,DR_k3,3,False,no path,no,yes,True,2,answer changed,DR,0.0
price400,274,10693,PSEUDO,diamondcut,ett,ED_k1,1,False,no path,no,yes,True,2,answer changed,ED,
price400,274,10693,PSEUDO,diamondcut,ett,ED_k2,2,False,no path,no,yes,True,2,answer changed,ED,-1.0
price400,274,10693,PSEUDO,diamondcut,ett,ED_k3,3,False,backdoor,yes,yes,True,2,"estimand changed, answer kept",ED,-0.6666666666666666
price400,274,10693,PSEUDO,diamondcut,ett,FE_k1,1,False,backdoor,yes,yes,True,2,"estimand changed, answer kept",FE,0.0
price400,274,10693,PSEUDO,diamondcut,ett,FE_k2,2,False,backdoor,yes,yes,True,2,"estimand changed, answer kept",FE,0.3333333333333333
price400,276,10756,KEEP,diamondcut,ett,DR_k1,1,False,no path,no,yes,True,2,answer changed,DR,0.0
price400,276,10756,KEEP,diamondcut,ett,DR_k2,2,False,backdoor,yes,yes,True,2,"estimand changed, answer kept",DR,0.5
price400,276,10756,KEEP,diamondcut,ett,DR_k3,3,False,no path,no,yes,True,2,answer changed,DR,0.5
price400,276,10756,KEEP,diamondcut,ett,ED_k1,1,False,backdoor,yes,yes,True,2,"estimand changed, answer kept",ED,0.5
price400,276,10756,KEEP,diamondcut,ett,ED_k2,2,False,backdoor,yes,yes,True,2,"estimand changed, answer kept",ED,1.0
price400,276,10756,KEEP,diamondcut,ett,ED_k3,3,False,no path,no,yes,True,2,answer changed,ED,-0.5
price400,276,10756,KEEP,diamondcut,ett,FE_k1,1,False,backdoor,yes,yes,True,2,"estimand changed, answer kept",FE,1.0
price400,276,10756,KEEP,diamondcut,ett,FE_k2,2,False,backdoor,yes,yes,True,2,"estimand changed, answer kept",FE,0.0
price400,276,10756,PSEUDO,diamondcut,ett,DR_k1,1,False,no path,no,yes,True,2,answer changed,DR,0.0
price400,276,10756,PSEUDO,diamondcut,ett,DR_k2,2,False,backdoor,yes,yes,True,2,"estimand changed, answer kept",DR,0.0
price400,276,10756,PSEUDO,diamondcut,ett,DR_k3,3,False,no path,no,yes,True,2,answer changed,DR,0.3333333333333333
price400,276,10756,PSEUDO,diamondcut,ett,ED_k1,1,False,backdoor,yes,yes,True,2,"estimand changed, answer kept",ED,-0.5
price400,276,10756,PSEUDO,diamondcut,ett,ED_k2,2,False,backdoor,yes,yes,True,2,"estimand changed, answer kept",ED,-0.3333333333333333
price400,276,10756,PSEUDO,diamondcut,ett,ED_k3,3,False,no path,no,yes,True,2,answer changed,ED,-0.3333333333333333
price400,276,10756,PSEUDO,diamondcut,ett,FE_k1,1,False,backdoor,yes,yes,True,2,"estimand changed, answer kept",FE,0.0
price400,276,10756,PSEUDO,diamondcut,ett,FE_k2,2,False,backdoor,yes,yes,True,2,"estimand changed, answer kept",FE,0.0
price400,277,15553,KEEP,diamondcut,ett,DR_k1,1,True,backdoor,yes,yes,True,2,estimand kept,DR,1.0
price400,277,15553,KEEP,diamondcut,ett,DR_k2,2,False,no path,no,yes,True,2,answer changed,DR,0.5
price400,277,15553,KEEP,diamondcut,ett,DR_k3,3,False,no path,no,yes,True,2,answer changed,DR,0.0
price400,277,15553,KEEP,diamondcut,ett,ED_k1,1,False,backdoor,yes,yes,True,2,"estimand changed, answer kept",ED,0.0
price400,277,15553,KEEP,diamondcut,ett,ED_k2,2,False,backdoor,yes,yes,True,2,"estimand changed, answer kept",ED,0.0
price400,277,15553,KEEP,diamondcut,ett,ED_k3,3,False,no path,no,yes,True,2,answer changed,ED,0.0
price400,277,15553,KEEP,diamondcut,ett,FE_k1,1,False,backdoor,yes,yes,True,2,"estimand changed, answer kept",FE,0.0
price400,277,15553,KEEP,diamondcut,ett,FE_k2,2,False,backdoor,yes,yes,True,2,"estimand changed, answer kept",FE,
price400,277,15553,PSEUDO,diamondcut,ett,DR_k1,1,True,backdoor,yes,yes,True,2,estimand kept,DR,0.0
price400,277,15553,PSEUDO,diamondcut,ett,DR_k2,2,False,no path,no,yes,True,2,answer changed,DR,0.0
price400,277,15553,PSEUDO,diamondcut,ett,DR_k3,3,False,no path,no,yes,True,2,answer changed,DR,-0.5
price400,277,15553,PSEUDO,diamondcut,ett,ED_k1,1,False,backdoor,yes,yes,True,2,"estimand changed, answer kept",ED,0.0
price400,277,15553,PSEUDO,diamondcut,ett,ED_k2,2,False,backdoor,yes,yes,True,2,"estimand changed, answer kept",ED,-0.5
price400,277,15553,PSEUDO,diamondcut,ett,ED_k3,3,False,no path,no,yes,True,2,answer changed,ED,-0.5
price400,277,15553,PSEUDO,diamondcut,ett,FE_k1,1,False,backdoor,yes,yes,True,2,"estimand changed, answer kept",FE,-0.5
price400,277,15553,PSEUDO,diamondcut,ett,FE_k2,2,False,backdoor,yes,yes,True,2,"estimand changed, answer kept",FE,0.0
price400,278,15530,KEEP,diamondcut,ett,DR_k1,1,False,no path,no,yes,True,2,answer changed,DR,0.0
price400,278,15530,KEEP,diamondcut,ett,DR_k2,2,False,no path,no,yes,True,2,answer changed,DR,
price400,278,15530,KEEP,diamondcut,ett,DR_k3,3,False,backdoor,yes,yes,True,2,"estimand changed, answer kept",DR,0.0
price400,278,15530,KEEP,diamondcut,ett,ED_k1,1,False,no path,no,yes,True,2,answer changed,ED,
price400,278,15530,KEEP,diamondcut,ett,ED_k2,2,False,no path,no,yes,True,2,answer changed,ED,
price400,278,15530,KEEP,diamondcut,ett,ED_k3,3,False,backdoor,yes,yes,True,2,"estimand changed, answer kept",ED,0.0
price400,278,15530,KEEP,diamondcut,ett,FE_k1,1,False,backdoor,yes,yes,True,2,"estimand changed, answer kept",FE,0.0
price400,278,15530,KEEP,diamondcut,ett,FE_k2,2,False,backdoor,yes,yes,True,2,"estimand changed, answer kept",FE,0.0
price400,278,15530,PSEUDO,diamondcut,ett,DR_k1,1,False,no path,no,yes,True,2,answer changed,DR,0.0
price400,278,15530,PSEUDO,diamondcut,ett,DR_k2,2,False,no path,no,yes,True,2,answer changed,DR,0.0
price400,278,15530,PSEUDO,diamondcut,ett,DR_k3,3,False,backdoor,yes,yes,True,2,"estimand changed, answer kept",DR,0.0
price400,278,15530,PSEUDO,diamondcut,ett,ED_k1,1,False,no path,no,yes,True,2,answer changed,ED,0.0
price400,278,15530,PSEUDO,diamondcut,ett,ED_k2,2,False,no path,no,yes,True,2,answer changed,ED,0.0
price400,278,15530,PSEUDO,diamondcut,ett,ED_k3,3,False,backdoor,yes,yes,True,2,"estimand changed, answer kept",ED,0.0
price400,278,15530,PSEUDO,diamondcut,ett,FE_k1,1,False,backdoor,yes,yes,True,2,"estimand changed, answer kept",FE,0.0
price400,278,15530,PSEUDO,diamondcut,ett,FE_k2,2,False,backdoor,yes,yes,True,2,"estimand changed, answer kept",FE,0.0
price400,280,351,KEEP,diamondcut,ett,DR_k1,1,True,backdoor,yes,yes,True,2,estimand kept,DR,0.0
price400,280,351,KEEP,diamondcut,ett,DR_k2,2,False,backdoor,yes,yes,True,2,"estimand changed, answer kept",DR,0.5
price400,280,351,KEEP,diamondcut,ett,DR_k3,3,False,no path,no,yes,True,2,answer changed,DR,0.0
price400,280,351,KEEP,diamondcut,ett,ED_k1,1,False,no path,no,yes,True,2,answer changed,ED,0.0
price400,280,351,KEEP,diamondcut,ett,ED_k2,2,False,no path,no,yes,True,2,answer changed,ED,0.5
price400,280,351,KEEP,diamondcut,ett,ED_k3,3,False,no path,no,yes,True,2,answer changed,ED,0.0
price400,280,351,KEEP,diamondcut,ett,FE_k1,1,False,backdoor,yes,yes,True,2,"estimand changed, answer kept",FE,0.0
price400,280,351,KEEP,diamondcut,ett,FE_k2,2,False,backdoor,yes,yes,True,2,"estimand changed, answer kept",FE,0.3333333333333333
price400,280,351,PSEUDO,diamondcut,ett,DR_k1,1,True,backdoor,yes,yes,True,2,estimand kept,DR,0.5
price400,280,351,PSEUDO,diamondcut,ett,DR_k2,2,False,backdoor,yes,yes,True,2,"estimand changed, answer kept",DR,0.0
price400,280,351,PSEUDO,diamondcut,ett,DR_k3,3,False,no path,no,yes,True,2,answer changed,DR,0.0
price400,280,351,PSEUDO,diamondcut,ett,ED_k1,1,False,no path,no,yes,True,2,answer changed,ED,0.0
price400,280,351,PSEUDO,diamondcut,ett,ED_k2,2,False,no path,no,yes,True,2,answer changed,ED,0.0
price400,280,351,PSEUDO,diamondcut,ett,ED_k3,3,False,no path,no,yes,True,2,answer changed,ED,0.5
price400,280,351,PSEUDO,diamondcut,ett,FE_k1,1,False,backdoor,yes,yes,True,2,"estimand changed, answer kept",FE,0.0
price400,280,351,PSEUDO,diamondcut,ett,FE_k2,2,False,backdoor,yes,yes,True,2,"estimand changed, answer kept",FE,0.5
price400,281,15565,KEEP,diamondcut,ett,DR_k1,1,False,no path,no,yes,True,2,answer changed,DR,0.0
price400,281,15565,KEEP,diamondcut,ett,DR_k2,2,False,no path,no,yes,True,2,answer changed,DR,0.0
price400,281,15565,KEEP,diamondcut,ett,DR_k3,3,False,no path,no,yes,True,2,answer changed,DR,0.0
price400,281,15565,KEEP,diamondcut,ett,ED_k1,1,False,backdoor,yes,yes,True,2,"estimand changed, answer kept",ED,0.0
price400,281,15565,KEEP,diamondcut,ett,ED_k2,2,False,backdoor,yes,yes,True,2,"estimand changed, answer kept",ED,0.0
price400,281,15565,KEEP,diamondcut,ett,ED_k3,3,False,no path,no,yes,True,2,answer changed,ED,0.0
price400,281,15565,KEEP,diamondcut,ett,FE_k1,1,False,backdoor,yes,yes,True,2,"estimand changed, answer kept",FE,0.0
price400,281,15565,KEEP,diamondcut,ett,FE_k2,2,False,backdoor,yes,yes,True,2,"estimand changed, answer kept",FE,0.6666666666666666
price400,281,15565,PSEUDO,diamondcut,ett,DR_k1,1,False,no path,no,yes,True,2,answer changed,DR,-1.0
price400,281,15565,PSEUDO,diamondcut,ett,DR_k2,2,False,no path,no,yes,True,2,answer changed,DR,0.0
price400,281,15565,PSEUDO,diamondcut,ett,DR_k3,3,False,no path,no,yes,True,2,answer changed,DR,0.0
price400,281,15565,PSEUDO,diamondcut,ett,ED_k1,1,False,backdoor,yes,yes,True,2,"estimand changed, answer kept",ED,0.0
price400,281,15565,PSEUDO,diamondcut,ett,ED_k2,2,False,backdoor,yes,yes,True,2,"estimand changed, answer kept",ED,-1.0
price400,281,15565,PSEUDO,diamondcut,ett,ED_k3,3,False,no path,no,yes,True,2,answer changed,ED,-1.0
price400,281,15565,PSEUDO,diamondcut,ett,FE_k1,1,False,backdoor,yes,yes,True,2,"estimand changed, answer kept",FE,0.0
price400,281,15565,PSEUDO,diamondcut,ett,FE_k2,2,False,backdoor,yes,yes,True,2,"estimand changed, answer kept",FE,0.0
price400,282,10747,KEEP,diamondcut,ett,DR_k1,1,False,backdoor,no,no,True,2,"estimand changed, answer kept",DR,-0.5
price400,282,10747,KEEP,diamondcut,ett,DR_k2,2,False,no path,no,no,True,2,"estimand changed, answer kept",DR,-0.5
price400,282,10747,KEEP,diamondcut,ett,DR_k3,3,False,no path,no,no,True,2,"estimand changed, answer kept",DR,0.0
price400,282,10747,KEEP,diamondcut,ett,ED_k1,1,False,backdoor,no,no,True,2,"estimand changed, answer kept",ED,0.0
price400,282,10747,KEEP,diamondcut,ett,ED_k2,2,False,no path,no,no,True,2,"estimand changed, answer kept",ED,-0.3333333333333333
price400,282,10747,KEEP,diamondcut,ett,ED_k3,3,False,no path,no,no,True,2,"estimand changed, answer kept",ED,-0.3333333333333333
price400,282,10747,KEEP,diamondcut,ett,FE_k1,1,False,backdoor,no,no,True,2,"estimand changed, answer kept",FE,0.0
price400,282,10747,KEEP,diamondcut,ett,FE_k2,2,False,backdoor,no,no,True,2,"estimand changed, answer kept",FE,0.0
price400,282,10747,PSEUDO,diamondcut,ett,DR_k1,1,False,backdoor,no,no,True,2,"estimand changed, answer kept",DR,0.0
price400,282,10747,PSEUDO,diamondcut,ett,DR_k2,2,False,no path,no,no,True,2,"estimand changed, answer kept",DR,0.0
price400,282,10747,PSEUDO,diamondcut,ett,DR_k3,3,False,no path,no,no,True,2,"estimand changed, answer kept",DR,0.0
price400,282,10747,PSEUDO,diamondcut,ett,ED_k1,1,False,backdoor,no,no,True,2,"estimand changed, answer kept",ED,0.0
price400,282,10747,PSEUDO,diamondcut,ett,ED_k2,2,False,no path,no,no,True,2,"estimand changed, answer kept",ED,0.0
price400,282,10747,PSEUDO,diamondcut,ett,ED_k3,3,False,no path,no,no,True,2,"estimand changed, answer kept",ED,0.0
price400,282,10747,PSEUDO,diamondcut,ett,FE_k1,1,False,backdoor,no,no,True,2,"estimand changed, answer kept",FE,
price400,282,10747,PSEUDO,diamondcut,ett,FE_k2,2,False,backdoor,no,no,True,2,"estimand changed, answer kept",FE,0.0
price400,283,346,KEEP,diamondcut,ett,DR_k1,1,True,backdoor,yes,yes,True,2,estimand kept,DR,0.0
price400,283,346,KEEP,diamondcut,ett,DR_k2,2,False,backdoor,yes,yes,True,2,"estimand changed, answer kept",DR,-0.3333333333333333
price400,283,346,KEEP,diamondcut,ett,DR_k3,3,False,backdoor,yes,yes,True,2,"estimand changed, answer kept",DR,-0.6666666666666666
price400,283,346,KEEP,diamondcut,ett,ED_k1,1,False,backdoor,yes,yes,True,2,"estimand changed, answer kept",ED,-1.0
price400,283,346,KEEP,diamondcut,ett,ED_k2,2,False,backdoor,yes,yes,True,2,"estimand changed, answer kept",ED,-0.5
price400,283,346,KEEP,diamondcut,ett,ED_k3,3,False,no path,no,yes,True,2,answer changed,ED,-0.6666666666666666
price400,283,346,KEEP,diamondcut,ett,FE_k1,1,False,backdoor,yes,yes,True,2,"estimand changed, answer kept",FE,-0.5
price400,283,346,KEEP,diamondcut,ett,FE_k2,2,False,backdoor,yes,yes,True,2,"estimand changed, answer kept",FE,0.0
price400,283,346,PSEUDO,diamondcut,ett,DR_k1,1,True,backdoor,yes,yes,True,2,estimand kept,DR,0.0
price400,283,346,PSEUDO,diamondcut,ett,DR_k2,2,False,backdoor,yes,yes,True,2,"estimand changed, answer kept",DR,0.0
price400,283,346,PSEUDO,diamondcut,ett,DR_k3,3,False,backdoor,yes,yes,True,2,"estimand changed, answer kept",DR,0.0
price400,283,346,PSEUDO,diamondcut,ett,ED_k1,1,False,backdoor,yes,yes,True,2,"estimand changed, answer kept",ED,0.0
price400,283,346,PSEUDO,diamondcut,ett,ED_k2,2,False,backdoor,yes,yes,True,2,"estimand changed, answer kept",ED,0.0
price400,283,346,PSEUDO,diamondcut,ett,ED_k3,3,False,no path,no,yes,True,2,answer changed,ED,0.0
price400,283,346,PSEUDO,diamondcut,ett,FE_k1,1,False,backdoor,yes,yes,True,2,"estimand changed, answer kept",FE,0.0
price400,283,346,PSEUDO,diamondcut,ett,FE_k2,2,False,backdoor,yes,yes,True,2,"estimand changed, answer kept",FE,0.0
price400,304,8976,KEEP,frontdoor,ate,DR_k1,1,False,no path,no,no,True,2,"estimand changed, answer kept",DR,0.0
price400,304,8976,KEEP,frontdoor,ate,DR_k2,2,False,backdoor,no,no,True,2,"estimand changed, answer kept",DR,0.0
price400,304,8976,KEEP,frontdoor,ate,DR_k3,3,False,no path,no,no,True,2,"estimand changed, answer kept",DR,0.0
price400,304,8976,KEEP,frontdoor,ate,ED_k1,1,False,no path,no,no,True,2,"estimand changed, answer kept",ED,0.0
price400,304,8976,KEEP,frontdoor,ate,ED_k2,2,False,no path,no,no,True,2,"estimand changed, answer kept",ED,0.0
price400,304,8976,KEEP,frontdoor,ate,ED_k3,3,False,no path,no,no,True,2,"estimand changed, answer kept",ED,
price400,304,8976,KEEP,frontdoor,ate,FE_k1,1,True,unidentified,unidentified,no,True,2,estimand kept,FE,0.0
price400,304,8976,KEEP,frontdoor,ate,FE_k2,2,True,unidentified,unidentified,no,True,2,estimand kept,FE,0.0
price400,304,8976,PSEUDO,frontdoor,ate,DR_k1,1,False,no path,no,no,True,2,"estimand changed, answer kept",DR,0.3333333333333333
price400,304,8976,PSEUDO,frontdoor,ate,DR_k2,2,False,backdoor,no,no,True,2,"estimand changed, answer kept",DR,0.3333333333333333
price400,304,8976,PSEUDO,frontdoor,ate,DR_k3,3,False,no path,no,no,True,2,"estimand changed, answer kept",DR,0.3333333333333333
price400,304,8976,PSEUDO,frontdoor,ate,ED_k1,1,False,no path,no,no,True,2,"estimand changed, answer kept",ED,0.3333333333333333
price400,304,8976,PSEUDO,frontdoor,ate,ED_k2,2,False,no path,no,no,True,2,"estimand changed, answer kept",ED,0.3333333333333333
price400,304,8976,PSEUDO,frontdoor,ate,ED_k3,3,False,no path,no,no,True,2,"estimand changed, answer kept",ED,0.0
price400,304,8976,PSEUDO,frontdoor,ate,FE_k1,1,True,unidentified,unidentified,no,True,2,estimand kept,FE,0.3333333333333333
price400,304,8976,PSEUDO,frontdoor,ate,FE_k2,2,True,unidentified,unidentified,no,True,2,estimand kept,FE,0.3333333333333333
price400,305,4302,KEEP,frontdoor,ate,DR_k1,1,False,backdoor,no,no,True,2,"estimand changed, answer kept",DR,0.0
price400,305,4302,KEEP,frontdoor,ate,DR_k2,2,False,no path,no,no,True,2,"estimand changed, answer kept",DR,0.0
price400,305,4302,KEEP,frontdoor,ate,DR_k3,3,False,no path,no,no,True,2,"estimand changed, answer kept",DR,0.0
price400,305,4302,KEEP,frontdoor,ate,ED_k1,1,False,backdoor,no,no,True,2,"estimand changed, answer kept",ED,0.0
price400,305,4302,KEEP,frontdoor,ate,ED_k2,2,False,no path,no,no,True,2,"estimand changed, answer kept",ED,0.0
price400,305,4302,KEEP,frontdoor,ate,ED_k3,3,False,no path,no,no,True,2,"estimand changed, answer kept",ED,0.0
price400,305,4302,KEEP,frontdoor,ate,FE_k1,1,True,unidentified,unidentified,no,True,2,estimand kept,FE,0.0
price400,305,4302,KEEP,frontdoor,ate,FE_k2,2,True,unidentified,unidentified,no,True,2,estimand kept,FE,0.0
price400,305,4302,PSEUDO,frontdoor,ate,DR_k1,1,False,backdoor,no,no,True,2,"estimand changed, answer kept",DR,0.0
price400,305,4302,PSEUDO,frontdoor,ate,DR_k2,2,False,no path,no,no,True,2,"estimand changed, answer kept",DR,0.0
price400,305,4302,PSEUDO,frontdoor,ate,DR_k3,3,False,no path,no,no,True,2,"estimand changed, answer kept",DR,0.0
price400,305,4302,PSEUDO,frontdoor,ate,ED_k1,1,False,backdoor,no,no,True,2,"estimand changed, answer kept",ED,0.0
price400,305,4302,PSEUDO,frontdoor,ate,ED_k2,2,False,no path,no,no,True,2,"estimand changed, answer kept",ED,0.0
price400,305,4302,PSEUDO,frontdoor,ate,ED_k3,3,False,no path,no,no,True,2,"estimand changed, answer kept",ED,-0.3333333333333333
price400,305,4302,PSEUDO,frontdoor,ate,FE_k1,1,True,unidentified,unidentified,no,True,2,estimand kept,FE,0.0
price400,305,4302,PSEUDO,frontdoor,ate,FE_k2,2,True,unidentified,unidentified,no,True,2,estimand kept,FE,0.0
price400,311,14676,KEEP,frontdoor,ate,DR_k1,1,False,backdoor,yes,no,True,2,answer changed,DR,
price400,311,14676,KEEP,frontdoor,ate,DR_k2,2,False,no path,no,no,True,2,"estimand changed, answer kept",DR,0.0
price400,311,14676,KEEP,frontdoor,ate,DR_k3,3,False,no path,no,no,True,2,"estimand changed, answer kept",DR,0.0
price400,311,14676,KEEP,frontdoor,ate,ED_k1,1,False,no path,no,no,True,2,"estimand changed, answer kept",ED,0.0
price400,311,14676,KEEP,frontdoor,ate,ED_k2,2,False,no path,no,no,True,2,"estimand changed, answer kept",ED,-1.0
price400,311,14676,KEEP,frontdoor,ate,ED_k3,3,False,no path,no,no,True,2,"estimand changed, answer kept",ED,0.0
price400,311,14676,KEEP,frontdoor,ate,FE_k1,1,True,unidentified,unidentified,no,True,2,estimand kept,FE,
price400,311,14676,KEEP,frontdoor,ate,FE_k2,2,True,unidentified,unidentified,no,True,2,estimand kept,FE,-1.0
price400,311,14676,PSEUDO,frontdoor,ate,DR_k1,1,False,backdoor,yes,no,True,2,answer changed,DR,0.0
price400,311,14676,PSEUDO,frontdoor,ate,DR_k2,2,False,no path,no,no,True,2,"estimand changed, answer kept",DR,0.0
price400,311,14676,PSEUDO,frontdoor,ate,DR_k3,3,False,no path,no,no,True,2,"estimand changed, answer kept",DR,0.0
price400,311,14676,PSEUDO,frontdoor,ate,ED_k1,1,False,no path,no,no,True,2,"estimand changed, answer kept",ED,0.0
price400,311,14676,PSEUDO,frontdoor,ate,ED_k2,2,False,no path,no,no,True,2,"estimand changed, answer kept",ED,0.0
price400,311,14676,PSEUDO,frontdoor,ate,ED_k3,3,False,no path,no,no,True,2,"estimand changed, answer kept",ED,0.0
price400,311,14676,PSEUDO,frontdoor,ate,FE_k1,1,True,unidentified,unidentified,no,True,2,estimand kept,FE,0.0
price400,311,14676,PSEUDO,frontdoor,ate,FE_k2,2,True,unidentified,unidentified,no,True,2,estimand kept,FE,0.0
price400,312,4247,KEEP,frontdoor,ate,DR_k1,1,False,backdoor,no,no,True,2,"estimand changed, answer kept",DR,0.0
price400,312,4247,KEEP,frontdoor,ate,DR_k2,2,False,backdoor,no,no,True,2,"estimand changed, answer kept",DR,0.0
price400,312,4247,KEEP,frontdoor,ate,DR_k3,3,False,no path,no,no,True,2,"estimand changed, answer kept",DR,-0.3333333333333333
price400,312,4247,KEEP,frontdoor,ate,ED_k1,1,False,backdoor,no,no,True,2,"estimand changed, answer kept",ED,0.0
price400,312,4247,KEEP,frontdoor,ate,ED_k2,2,False,no path,no,no,True,2,"estimand changed, answer kept",ED,0.0
price400,312,4247,KEEP,frontdoor,ate,ED_k3,3,False,no path,no,no,True,2,"estimand changed, answer kept",ED,0.0
price400,312,4247,KEEP,frontdoor,ate,FE_k1,1,True,unidentified,unidentified,no,True,2,estimand kept,FE,0.0
price400,312,4247,KEEP,frontdoor,ate,FE_k2,2,True,unidentified,unidentified,no,True,2,estimand kept,FE,0.0
price400,312,4247,PSEUDO,frontdoor,ate,DR_k1,1,False,backdoor,no,no,True,2,"estimand changed, answer kept",DR,0.0
price400,312,4247,PSEUDO,frontdoor,ate,DR_k2,2,False,backdoor,no,no,True,2,"estimand changed, answer kept",DR,0.0
price400,312,4247,PSEUDO,frontdoor,ate,DR_k3,3,False,no path,no,no,True,2,"estimand changed, answer kept",DR,0.0
price400,312,4247,PSEUDO,frontdoor,ate,ED_k1,1,False,backdoor,no,no,True,2,"estimand changed, answer kept",ED,0.0
price400,312,4247,PSEUDO,frontdoor,ate,ED_k2,2,False,no path,no,no,True,2,"estimand changed, answer kept",ED,0.0
price400,312,4247,PSEUDO,frontdoor,ate,ED_k3,3,False,no path,no,no,True,2,"estimand changed, answer kept",ED,0.0
price400,312,4247,PSEUDO,frontdoor,ate,FE_k1,1,True,unidentified,unidentified,no,True,2,estimand kept,FE,0.0
price400,312,4247,PSEUDO,frontdoor,ate,FE_k2,2,True,unidentified,unidentified,no,True,2,estimand kept,FE,0.0
price400,313,8984,KEEP,frontdoor,ate,DR_k1,1,False,no path,no,yes,True,2,answer changed,DR,0.0
price400,313,8984,KEEP,frontdoor,ate,DR_k2,2,False,backdoor,yes,yes,True,2,"estimand changed, answer kept",DR,0.0
price400,313,8984,KEEP,frontdoor,ate,DR_k3,3,False,no path,no,yes,True,2,answer changed,DR,0.5
price400,313,8984,KEEP,frontdoor,ate,ED_k1,1,False,backdoor,yes,yes,True,2,"estimand changed, answer kept",ED,0.0
price400,313,8984,KEEP,frontdoor,ate,ED_k2,2,False,no path,no,yes,True,2,answer changed,ED,0.0
price400,313,8984,KEEP,frontdoor,ate,ED_k3,3,False,no path,no,yes,True,2,answer changed,ED,0.5
price400,313,8984,KEEP,frontdoor,ate,FE_k1,1,True,unidentified,unidentified,yes,True,2,estimand kept,FE,0.0
price400,313,8984,KEEP,frontdoor,ate,FE_k2,2,True,unidentified,unidentified,yes,True,2,estimand kept,FE,0.0
price400,313,8984,PSEUDO,frontdoor,ate,DR_k1,1,False,no path,no,yes,True,2,answer changed,DR,0.0
price400,313,8984,PSEUDO,frontdoor,ate,DR_k2,2,False,backdoor,yes,yes,True,2,"estimand changed, answer kept",DR,0.0
price400,313,8984,PSEUDO,frontdoor,ate,DR_k3,3,False,no path,no,yes,True,2,answer changed,DR,0.3333333333333333
price400,313,8984,PSEUDO,frontdoor,ate,ED_k1,1,False,backdoor,yes,yes,True,2,"estimand changed, answer kept",ED,0.0
price400,313,8984,PSEUDO,frontdoor,ate,ED_k2,2,False,no path,no,yes,True,2,answer changed,ED,0.0
price400,313,8984,PSEUDO,frontdoor,ate,ED_k3,3,False,no path,no,yes,True,2,answer changed,ED,0.0
price400,313,8984,PSEUDO,frontdoor,ate,FE_k1,1,True,unidentified,unidentified,yes,True,2,estimand kept,FE,0.0
price400,313,8984,PSEUDO,frontdoor,ate,FE_k2,2,True,unidentified,unidentified,yes,True,2,estimand kept,FE,0.3333333333333333
price400,314,19415,KEEP,frontdoor,ate,DR_k1,1,False,no path,no,yes,True,2,answer changed,DR,0.0
price400,314,19415,KEEP,frontdoor,ate,DR_k2,2,False,backdoor,no,yes,True,2,answer changed,DR,0.0
price400,314,19415,KEEP,frontdoor,ate,DR_k3,3,False,no path,no,yes,True,2,answer changed,DR,0.0
price400,314,19415,KEEP,frontdoor,ate,ED_k1,1,False,no path,no,yes,True,2,answer changed,ED,0.3333333333333333
price400,314,19415,KEEP,frontdoor,ate,ED_k2,2,False,no path,no,yes,True,2,answer changed,ED,0.3333333333333333
price400,314,19415,KEEP,frontdoor,ate,ED_k3,3,False,no path,no,yes,True,2,answer changed,ED,0.6666666666666666
price400,314,19415,KEEP,frontdoor,ate,FE_k1,1,True,unidentified,unidentified,yes,True,2,estimand kept,FE,0.6666666666666666
price400,314,19415,KEEP,frontdoor,ate,FE_k2,2,True,unidentified,unidentified,yes,True,2,estimand kept,FE,0.3333333333333333
price400,314,19415,PSEUDO,frontdoor,ate,DR_k1,1,False,no path,no,yes,True,2,answer changed,DR,-0.3333333333333333
price400,314,19415,PSEUDO,frontdoor,ate,DR_k2,2,False,backdoor,no,yes,True,2,answer changed,DR,-0.3333333333333333
price400,314,19415,PSEUDO,frontdoor,ate,DR_k3,3,False,no path,no,yes,True,2,answer changed,DR,0.0
price400,314,19415,PSEUDO,frontdoor,ate,ED_k1,1,False,no path,no,yes,True,2,answer changed,ED,-0.3333333333333333
price400,314,19415,PSEUDO,frontdoor,ate,ED_k2,2,False,no path,no,yes,True,2,answer changed,ED,-0.3333333333333333
price400,314,19415,PSEUDO,frontdoor,ate,ED_k3,3,False,no path,no,yes,True,2,answer changed,ED,-0.3333333333333333
price400,314,19415,PSEUDO,frontdoor,ate,FE_k1,1,True,unidentified,unidentified,yes,True,2,estimand kept,FE,-0.3333333333333333
price400,314,19415,PSEUDO,frontdoor,ate,FE_k2,2,True,unidentified,unidentified,yes,True,2,estimand kept,FE,0.0
price400,315,8952,KEEP,frontdoor,ate,DR_k1,1,False,no path,no,no,True,2,"estimand changed, answer kept",DR,0.0
price400,315,8952,KEEP,frontdoor,ate,DR_k2,2,False,no path,no,no,True,2,"estimand changed, answer kept",DR,0.0
price400,315,8952,KEEP,frontdoor,ate,DR_k3,3,False,no path,no,no,True,2,"estimand changed, answer kept",DR,0.0
price400,315,8952,KEEP,frontdoor,ate,ED_k1,1,False,backdoor,no,no,True,2,"estimand changed, answer kept",ED,0.0
price400,315,8952,KEEP,frontdoor,ate,ED_k2,2,False,backdoor,no,no,True,2,"estimand changed, answer kept",ED,0.0
price400,315,8952,KEEP,frontdoor,ate,ED_k3,3,False,no path,no,no,True,2,"estimand changed, answer kept",ED,0.0
price400,315,8952,KEEP,frontdoor,ate,FE_k1,1,True,unidentified,unidentified,no,True,2,estimand kept,FE,0.0
price400,315,8952,KEEP,frontdoor,ate,FE_k2,2,True,unidentified,unidentified,no,True,2,estimand kept,FE,0.0
price400,315,8952,PSEUDO,frontdoor,ate,DR_k1,1,False,no path,no,no,True,2,"estimand changed, answer kept",DR,0.0
price400,315,8952,PSEUDO,frontdoor,ate,DR_k2,2,False,no path,no,no,True,2,"estimand changed, answer kept",DR,0.0
price400,315,8952,PSEUDO,frontdoor,ate,DR_k3,3,False,no path,no,no,True,2,"estimand changed, answer kept",DR,-0.6666666666666666
price400,315,8952,PSEUDO,frontdoor,ate,ED_k1,1,False,backdoor,no,no,True,2,"estimand changed, answer kept",ED,-0.3333333333333333
price400,315,8952,PSEUDO,frontdoor,ate,ED_k2,2,False,backdoor,no,no,True,2,"estimand changed, answer kept",ED,-0.6666666666666666
price400,315,8952,PSEUDO,frontdoor,ate,ED_k3,3,False,no path,no,no,True,2,"estimand changed, answer kept",ED,0.0
price400,315,8952,PSEUDO,frontdoor,ate,FE_k1,1,True,unidentified,unidentified,no,True,2,estimand kept,FE,-0.3333333333333333
price400,315,8952,PSEUDO,frontdoor,ate,FE_k2,2,True,unidentified,unidentified,no,True,2,estimand kept,FE,0.0
price400,316,19384,KEEP,frontdoor,ate,DR_k1,1,False,backdoor,no,no,True,2,"estimand changed, answer kept",DR,0.0
price400,316,19384,KEEP,frontdoor,ate,DR_k2,2,False,backdoor,yes,no,True,2,answer changed,DR,0.0
price400,316,19384,KEEP,frontdoor,ate,DR_k3,3,False,no path,no,no,True,2,"estimand changed, answer kept",DR,0.0
price400,316,19384,KEEP,frontdoor,ate,ED_k1,1,False,backdoor,no,no,True,2,"estimand changed, answer kept",ED,0.0
price400,316,19384,KEEP,frontdoor,ate,ED_k2,2,False,no path,no,no,True,2,"estimand changed, answer kept",ED,0.0
price400,316,19384,KEEP,frontdoor,ate,ED_k3,3,False,no path,no,no,True,2,"estimand changed, answer kept",ED,0.0
price400,316,19384,KEEP,frontdoor,ate,FE_k1,1,True,unidentified,unidentified,no,True,2,estimand kept,FE,
price400,316,19384,KEEP,frontdoor,ate,FE_k2,2,True,unidentified,unidentified,no,True,2,estimand kept,FE,0.0
price400,316,19384,PSEUDO,frontdoor,ate,DR_k1,1,False,backdoor,no,no,True,2,"estimand changed, answer kept",DR,0.6666666666666666
price400,316,19384,PSEUDO,frontdoor,ate,DR_k2,2,False,backdoor,yes,no,True,2,answer changed,DR,0.0
price400,316,19384,PSEUDO,frontdoor,ate,DR_k3,3,False,no path,no,no,True,2,"estimand changed, answer kept",DR,0.3333333333333333
price400,316,19384,PSEUDO,frontdoor,ate,ED_k1,1,False,backdoor,no,no,True,2,"estimand changed, answer kept",ED,0.3333333333333333
price400,316,19384,PSEUDO,frontdoor,ate,ED_k2,2,False,no path,no,no,True,2,"estimand changed, answer kept",ED,0.6666666666666666
price400,316,19384,PSEUDO,frontdoor,ate,ED_k3,3,False,no path,no,no,True,2,"estimand changed, answer kept",ED,0.3333333333333333
price400,316,19384,PSEUDO,frontdoor,ate,FE_k1,1,True,unidentified,unidentified,no,True,2,estimand kept,FE,0.0
price400,316,19384,PSEUDO,frontdoor,ate,FE_k2,2,True,unidentified,unidentified,no,True,2,estimand kept,FE,0.3333333333333333
price400,318,8933,KEEP,frontdoor,ate,DR_k1,1,False,backdoor,yes,yes,True,2,"estimand changed, answer kept",DR,0.0
price400,318,8933,KEEP,frontdoor,ate,DR_k2,2,False,backdoor,yes,yes,True,2,"estimand changed, answer kept",DR,0.0
price400,318,8933,KEEP,frontdoor,ate,DR_k3,3,False,no path,no,yes,True,2,answer changed,DR,0.0
price400,318,8933,KEEP,frontdoor,ate,ED_k1,1,False,no path,no,yes,True,2,answer changed,ED,-0.5
price400,318,8933,KEEP,frontdoor,ate,ED_k2,2,False,no path,no,yes,True,2,answer changed,ED,0.0
price400,318,8933,KEEP,frontdoor,ate,ED_k3,3,False,no path,no,yes,True,2,answer changed,ED,0.5
price400,318,8933,KEEP,frontdoor,ate,FE_k1,1,True,unidentified,unidentified,yes,True,2,estimand kept,FE,-0.5
price400,318,8933,KEEP,frontdoor,ate,FE_k2,2,True,unidentified,unidentified,yes,True,2,estimand kept,FE,-0.5
price400,318,8933,PSEUDO,frontdoor,ate,DR_k1,1,False,backdoor,yes,yes,True,2,"estimand changed, answer kept",DR,0.3333333333333333
price400,318,8933,PSEUDO,frontdoor,ate,DR_k2,2,False,backdoor,yes,yes,True,2,"estimand changed, answer kept",DR,0.0
price400,318,8933,PSEUDO,frontdoor,ate,DR_k3,3,False,no path,no,yes,True,2,answer changed,DR,0.0
price400,318,8933,PSEUDO,frontdoor,ate,ED_k1,1,False,no path,no,yes,True,2,answer changed,ED,0.0
price400,318,8933,PSEUDO,frontdoor,ate,ED_k2,2,False,no path,no,yes,True,2,answer changed,ED,0.0
price400,318,8933,PSEUDO,frontdoor,ate,ED_k3,3,False,no path,no,yes,True,2,answer changed,ED,0.3333333333333333
price400,318,8933,PSEUDO,frontdoor,ate,FE_k1,1,True,unidentified,unidentified,yes,True,2,estimand kept,FE,0.3333333333333333
price400,318,8933,PSEUDO,frontdoor,ate,FE_k2,2,True,unidentified,unidentified,yes,True,2,estimand kept,FE,1.0
price400,319,14645,KEEP,frontdoor,ate,DR_k1,1,False,backdoor,yes,yes,True,2,"estimand changed, answer kept",DR,0.0
price400,319,14645,KEEP,frontdoor,ate,DR_k2,2,False,backdoor,yes,yes,True,2,"estimand changed, answer kept",DR,0.0
price400,319,14645,KEEP,frontdoor,ate,DR_k3,3,False,no path,no,yes,True,2,answer changed,DR,-1.0
price400,319,14645,KEEP,frontdoor,ate,ED_k1,1,False,no path,no,yes,True,2,answer changed,ED,0.0
price400,319,14645,KEEP,frontdoor,ate,ED_k2,2,False,no path,no,yes,True,2,answer changed,ED,-1.0
price400,319,14645,KEEP,frontdoor,ate,ED_k3,3,False,no path,no,yes,True,2,answer changed,ED,0.0
price400,319,14645,KEEP,frontdoor,ate,FE_k1,1,True,unidentified,unidentified,yes,True,2,estimand kept,FE,-1.0
price400,319,14645,KEEP,frontdoor,ate,FE_k2,2,True,unidentified,unidentified,yes,True,2,estimand kept,FE,0.0
price400,319,14645,PSEUDO,frontdoor,ate,DR_k1,1,False,backdoor,yes,yes,True,2,"estimand changed, answer kept",DR,0.3333333333333333
price400,319,14645,PSEUDO,frontdoor,ate,DR_k2,2,False,backdoor,yes,yes,True,2,"estimand changed, answer kept",DR,0.3333333333333333
price400,319,14645,PSEUDO,frontdoor,ate,DR_k3,3,False,no path,no,yes,True,2,answer changed,DR,0.0
price400,319,14645,PSEUDO,frontdoor,ate,ED_k1,1,False,no path,no,yes,True,2,answer changed,ED,0.0
price400,319,14645,PSEUDO,frontdoor,ate,ED_k2,2,False,no path,no,yes,True,2,answer changed,ED,-0.3333333333333333
price400,319,14645,PSEUDO,frontdoor,ate,ED_k3,3,False,no path,no,yes,True,2,answer changed,ED,0.3333333333333333
price400,319,14645,PSEUDO,frontdoor,ate,FE_k1,1,True,unidentified,unidentified,yes,True,2,estimand kept,FE,0.0
price400,319,14645,PSEUDO,frontdoor,ate,FE_k2,2,True,unidentified,unidentified,yes,True,2,estimand kept,FE,0.0
price400,321,9023,KEEP,frontdoor,ate,DR_k1,1,False,backdoor,yes,yes,True,2,"estimand changed, answer kept",DR,-0.5
price400,321,9023,KEEP,frontdoor,ate,DR_k2,2,False,no path,no,yes,True,2,answer changed,DR,-0.5
price400,321,9023,KEEP,frontdoor,ate,DR_k3,3,False,no path,no,yes,True,2,answer changed,DR,-0.5
price400,321,9023,KEEP,frontdoor,ate,ED_k1,1,False,no path,no,yes,True,2,answer changed,ED,0.0
price400,321,9023,KEEP,frontdoor,ate,ED_k2,2,False,no path,no,yes,True,2,answer changed,ED,0.0
price400,321,9023,KEEP,frontdoor,ate,ED_k3,3,False,no path,no,yes,True,2,answer changed,ED,0.0
price400,321,9023,KEEP,frontdoor,ate,FE_k1,1,True,unidentified,unidentified,yes,True,2,estimand kept,FE,0.0
price400,321,9023,KEEP,frontdoor,ate,FE_k2,2,True,unidentified,unidentified,yes,True,2,estimand kept,FE,0.0
price400,321,9023,PSEUDO,frontdoor,ate,DR_k1,1,False,backdoor,yes,yes,True,2,"estimand changed, answer kept",DR,0.0
price400,321,9023,PSEUDO,frontdoor,ate,DR_k2,2,False,no path,no,yes,True,2,answer changed,DR,0.0
price400,321,9023,PSEUDO,frontdoor,ate,DR_k3,3,False,no path,no,yes,True,2,answer changed,DR,0.0
price400,321,9023,PSEUDO,frontdoor,ate,ED_k1,1,False,no path,no,yes,True,2,answer changed,ED,0.0
price400,321,9023,PSEUDO,frontdoor,ate,ED_k2,2,False,no path,no,yes,True,2,answer changed,ED,0.0
price400,321,9023,PSEUDO,frontdoor,ate,ED_k3,3,False,no path,no,yes,True,2,answer changed,ED,0.0
price400,321,9023,PSEUDO,frontdoor,ate,FE_k1,1,True,unidentified,unidentified,yes,True,2,estimand kept,FE,0.0
price400,321,9023,PSEUDO,frontdoor,ate,FE_k2,2,True,unidentified,unidentified,yes,True,2,estimand kept,FE,0.0
price400,322,4178,KEEP,frontdoor,ate,DR_k1,1,False,no path,no,yes,True,2,answer changed,DR,-0.5
price400,322,4178,KEEP,frontdoor,ate,DR_k2,2,False,backdoor,yes,yes,True,2,"estimand changed, answer kept",DR,-0.5
price400,322,4178,KEEP,frontdoor,ate,DR_k3,3,False,no path,no,yes,True,2,answer changed,DR,-1.0
price400,322,4178,KEEP,frontdoor,ate,ED_k1,1,False,backdoor,yes,yes,True,2,"estimand changed, answer kept",ED,-1.0
price400,322,4178,KEEP,frontdoor,ate,ED_k2,2,False,no path,no,yes,True,2,answer changed,ED,-1.0
price400,322,4178,KEEP,frontdoor,ate,ED_k3,3,False,no path,no,yes,True,2,answer changed,ED,-1.0
price400,322,4178,KEEP,frontdoor,ate,FE_k1,1,True,unidentified,unidentified,yes,True,2,estimand kept,FE,-0.5
price400,322,4178,KEEP,frontdoor,ate,FE_k2,2,True,unidentified,unidentified,yes,True,2,estimand kept,FE,-0.5
price400,322,4178,PSEUDO,frontdoor,ate,DR_k1,1,False,no path,no,yes,True,2,answer changed,DR,-0.3333333333333333
price400,322,4178,PSEUDO,frontdoor,ate,DR_k2,2,False,backdoor,yes,yes,True,2,"estimand changed, answer kept",DR,0.0
price400,322,4178,PSEUDO,frontdoor,ate,DR_k3,3,False,no path,no,yes,True,2,answer changed,DR,-0.3333333333333333
price400,322,4178,PSEUDO,frontdoor,ate,ED_k1,1,False,backdoor,yes,yes,True,2,"estimand changed, answer kept",ED,0.3333333333333333
price400,322,4178,PSEUDO,frontdoor,ate,ED_k2,2,False,no path,no,yes,True,2,answer changed,ED,-0.6666666666666666
price400,322,4178,PSEUDO,frontdoor,ate,ED_k3,3,False,no path,no,yes,True,2,answer changed,ED,-0.3333333333333333
price400,322,4178,PSEUDO,frontdoor,ate,FE_k1,1,True,unidentified,unidentified,yes,True,2,estimand kept,FE,0.3333333333333333
price400,322,4178,PSEUDO,frontdoor,ate,FE_k2,2,True,unidentified,unidentified,yes,True,2,estimand kept,FE,0.3333333333333333
price400,326,4255,KEEP,frontdoor,ett,DR_k1,1,False,no path,no,yes,True,2,answer changed,DR,-0.3333333333333333
price400,326,4255,KEEP,frontdoor,ett,DR_k2,2,False,backdoor,yes,yes,True,2,"estimand changed, answer kept",DR,-0.3333333333333333
price400,326,4255,KEEP,frontdoor,ett,DR_k3,3,False,no path,no,yes,True,2,answer changed,DR,0.0
price400,326,4255,KEEP,frontdoor,ett,ED_k1,1,False,no path,no,yes,True,2,answer changed,ED,-0.3333333333333333
price400,326,4255,KEEP,frontdoor,ett,ED_k2,2,False,no path,no,yes,True,2,answer changed,ED,-0.3333333333333333
price400,326,4255,KEEP,frontdoor,ett,ED_k3,3,False,no path,no,yes,True,2,answer changed,ED,-0.3333333333333333
price400,326,4255,KEEP,frontdoor,ett,FE_k1,1,True,unidentified,unidentified,yes,True,2,estimand kept,FE,0.0
price400,326,4255,KEEP,frontdoor,ett,FE_k2,2,True,unidentified,unidentified,yes,True,2,estimand kept,FE,0.0
price400,326,4255,PSEUDO,frontdoor,ett,DR_k1,1,False,no path,no,yes,True,2,answer changed,DR,0.0
price400,326,4255,PSEUDO,frontdoor,ett,DR_k2,2,False,backdoor,yes,yes,True,2,"estimand changed, answer kept",DR,-0.3333333333333333
price400,326,4255,PSEUDO,frontdoor,ett,DR_k3,3,False,no path,no,yes,True,2,answer changed,DR,0.0
price400,326,4255,PSEUDO,frontdoor,ett,ED_k1,1,False,no path,no,yes,True,2,answer changed,ED,0.0
price400,326,4255,PSEUDO,frontdoor,ett,ED_k2,2,False,no path,no,yes,True,2,answer changed,ED,0.0
price400,326,4255,PSEUDO,frontdoor,ett,ED_k3,3,False,no path,no,yes,True,2,answer changed,ED,0.0
price400,326,4255,PSEUDO,frontdoor,ett,FE_k1,1,True,unidentified,unidentified,yes,True,2,estimand kept,FE,0.0
price400,326,4255,PSEUDO,frontdoor,ett,FE_k2,2,True,unidentified,unidentified,yes,True,2,estimand kept,FE,0.0
price400,327,4275,KEEP,frontdoor,ett,DR_k1,1,False,no path,no,yes,True,2,answer changed,DR,-0.3333333333333333
price400,327,4275,KEEP,frontdoor,ett,DR_k2,2,False,no path,no,yes,True,2,answer changed,DR,-0.3333333333333333
price400,327,4275,KEEP,frontdoor,ett,DR_k3,3,False,no path,no,yes,True,2,answer changed,DR,-0.6666666666666666
price400,327,4275,KEEP,frontdoor,ett,ED_k1,1,False,no path,no,yes,True,2,answer changed,ED,0.3333333333333333
price400,327,4275,KEEP,frontdoor,ett,ED_k2,2,False,no path,no,yes,True,2,answer changed,ED,-0.3333333333333333
price400,327,4275,KEEP,frontdoor,ett,ED_k3,3,False,no path,no,yes,True,2,answer changed,ED,0.0
price400,327,4275,KEEP,frontdoor,ett,FE_k1,1,True,unidentified,unidentified,yes,True,2,estimand kept,FE,0.3333333333333333
price400,327,4275,KEEP,frontdoor,ett,FE_k2,2,True,unidentified,unidentified,yes,True,2,estimand kept,FE,0.0
price400,327,4275,PSEUDO,frontdoor,ett,DR_k1,1,False,no path,no,yes,True,2,answer changed,DR,0.0
price400,327,4275,PSEUDO,frontdoor,ett,DR_k2,2,False,no path,no,yes,True,2,answer changed,DR,0.3333333333333333
price400,327,4275,PSEUDO,frontdoor,ett,DR_k3,3,False,no path,no,yes,True,2,answer changed,DR,0.3333333333333333
price400,327,4275,PSEUDO,frontdoor,ett,ED_k1,1,False,no path,no,yes,True,2,answer changed,ED,0.3333333333333333
price400,327,4275,PSEUDO,frontdoor,ett,ED_k2,2,False,no path,no,yes,True,2,answer changed,ED,-0.3333333333333333
price400,327,4275,PSEUDO,frontdoor,ett,ED_k3,3,False,no path,no,yes,True,2,answer changed,ED,0.3333333333333333
price400,327,4275,PSEUDO,frontdoor,ett,FE_k1,1,True,unidentified,unidentified,yes,True,2,estimand kept,FE,0.3333333333333333
price400,327,4275,PSEUDO,frontdoor,ett,FE_k2,2,True,unidentified,unidentified,yes,True,2,estimand kept,FE,0.3333333333333333
price400,330,9035,KEEP,frontdoor,ett,DR_k1,1,False,backdoor,yes,yes,True,2,"estimand changed, answer kept",DR,0.0
price400,330,9035,KEEP,frontdoor,ett,DR_k2,2,False,backdoor,yes,yes,True,2,"estimand changed, answer kept",DR,-1.0
price400,330,9035,KEEP,frontdoor,ett,DR_k3,3,False,no path,no,yes,True,2,answer changed,DR,-0.3333333333333333
price400,330,9035,KEEP,frontdoor,ett,ED_k1,1,False,backdoor,yes,yes,True,2,"estimand changed, answer kept",ED,0.0
price400,330,9035,KEEP,frontdoor,ett,ED_k2,2,False,no path,no,yes,True,2,answer changed,ED,0.0
price400,330,9035,KEEP,frontdoor,ett,ED_k3,3,False,no path,no,yes,True,2,answer changed,ED,-1.0
price400,330,9035,KEEP,frontdoor,ett,FE_k1,1,True,unidentified,unidentified,yes,True,2,estimand kept,FE,-0.3333333333333333
price400,330,9035,KEEP,frontdoor,ett,FE_k2,2,True,unidentified,unidentified,yes,True,2,estimand kept,FE,0.0
price400,330,9035,PSEUDO,frontdoor,ett,DR_k1,1,False,backdoor,yes,yes,True,2,"estimand changed, answer kept",DR,0.3333333333333333
price400,330,9035,PSEUDO,frontdoor,ett,DR_k2,2,False,backdoor,yes,yes,True,2,"estimand changed, answer kept",DR,-0.3333333333333333
price400,330,9035,PSEUDO,frontdoor,ett,DR_k3,3,False,no path,no,yes,True,2,answer changed,DR,0.0
price400,330,9035,PSEUDO,frontdoor,ett,ED_k1,1,False,backdoor,yes,yes,True,2,"estimand changed, answer kept",ED,-0.3333333333333333
price400,330,9035,PSEUDO,frontdoor,ett,ED_k2,2,False,no path,no,yes,True,2,answer changed,ED,0.3333333333333333
price400,330,9035,PSEUDO,frontdoor,ett,ED_k3,3,False,no path,no,yes,True,2,answer changed,ED,-0.3333333333333333
price400,330,9035,PSEUDO,frontdoor,ett,FE_k1,1,True,unidentified,unidentified,yes,True,2,estimand kept,FE,-0.3333333333333333
price400,330,9035,PSEUDO,frontdoor,ett,FE_k2,2,True,unidentified,unidentified,yes,True,2,estimand kept,FE,0.0
price400,332,19432,KEEP,frontdoor,ett,DR_k1,1,False,backdoor,yes,yes,True,2,"estimand changed, answer kept",DR,0.0
price400,332,19432,KEEP,frontdoor,ett,DR_k2,2,False,backdoor,yes,yes,True,2,"estimand changed, answer kept",DR,0.3333333333333333
price400,332,19432,KEEP,frontdoor,ett,DR_k3,3,False,no path,no,yes,True,2,answer changed,DR,0.6666666666666666
price400,332,19432,KEEP,frontdoor,ett,ED_k1,1,False,no path,no,yes,True,2,answer changed,ED,0.0
price400,332,19432,KEEP,frontdoor,ett,ED_k2,2,False,no path,no,yes,True,2,answer changed,ED,0.3333333333333333
price400,332,19432,KEEP,frontdoor,ett,ED_k3,3,False,no path,no,yes,True,2,answer changed,ED,0.6666666666666666
price400,332,19432,KEEP,frontdoor,ett,FE_k1,1,True,unidentified,unidentified,yes,True,2,estimand kept,FE,0.3333333333333333
price400,332,19432,KEEP,frontdoor,ett,FE_k2,2,True,unidentified,unidentified,yes,True,2,estimand kept,FE,0.6666666666666666
price400,332,19432,PSEUDO,frontdoor,ett,DR_k1,1,False,backdoor,yes,yes,True,2,"estimand changed, answer kept",DR,0.3333333333333333
price400,332,19432,PSEUDO,frontdoor,ett,DR_k2,2,False,backdoor,yes,yes,True,2,"estimand changed, answer kept",DR,0.0
price400,332,19432,PSEUDO,frontdoor,ett,DR_k3,3,False,no path,no,yes,True,2,answer changed,DR,0.3333333333333333
price400,332,19432,PSEUDO,frontdoor,ett,ED_k1,1,False,no path,no,yes,True,2,answer changed,ED,0.3333333333333333
price400,332,19432,PSEUDO,frontdoor,ett,ED_k2,2,False,no path,no,yes,True,2,answer changed,ED,0.3333333333333333
price400,332,19432,PSEUDO,frontdoor,ett,ED_k3,3,False,no path,no,yes,True,2,answer changed,ED,0.0
price400,332,19432,PSEUDO,frontdoor,ett,FE_k1,1,True,unidentified,unidentified,yes,True,2,estimand kept,FE,0.3333333333333333
price400,332,19432,PSEUDO,frontdoor,ett,FE_k2,2,True,unidentified,unidentified,yes,True,2,estimand kept,FE,0.6666666666666666
price400,335,19407,KEEP,frontdoor,ett,DR_k1,1,False,no path,no,yes,True,2,answer changed,DR,0.0
price400,335,19407,KEEP,frontdoor,ett,DR_k2,2,False,no path,no,yes,True,2,answer changed,DR,0.0
price400,335,19407,KEEP,frontdoor,ett,DR_k3,3,False,no path,no,yes,True,2,answer changed,DR,0.0
price400,335,19407,KEEP,frontdoor,ett,ED_k1,1,False,no path,no,yes,True,2,answer changed,ED,0.0
price400,335,19407,KEEP,frontdoor,ett,ED_k2,2,False,no path,no,yes,True,2,answer changed,ED,0.0
price400,335,19407,KEEP,frontdoor,ett,ED_k3,3,False,no path,no,yes,True,2,answer changed,ED,0.0
price400,335,19407,KEEP,frontdoor,ett,FE_k1,1,True,unidentified,unidentified,yes,True,2,estimand kept,FE,0.0
price400,335,19407,KEEP,frontdoor,ett,FE_k2,2,True,unidentified,unidentified,yes,True,2,estimand kept,FE,0.0
price400,335,19407,PSEUDO,frontdoor,ett,DR_k1,1,False,no path,no,yes,True,2,answer changed,DR,0.6666666666666666
price400,335,19407,PSEUDO,frontdoor,ett,DR_k2,2,False,no path,no,yes,True,2,answer changed,DR,0.3333333333333333
price400,335,19407,PSEUDO,frontdoor,ett,DR_k3,3,False,no path,no,yes,True,2,answer changed,DR,0.6666666666666666
price400,335,19407,PSEUDO,frontdoor,ett,ED_k1,1,False,no path,no,yes,True,2,answer changed,ED,1.0
price400,335,19407,PSEUDO,frontdoor,ett,ED_k2,2,False,no path,no,yes,True,2,answer changed,ED,0.6666666666666666
price400,335,19407,PSEUDO,frontdoor,ett,ED_k3,3,False,no path,no,yes,True,2,answer changed,ED,0.6666666666666666
price400,335,19407,PSEUDO,frontdoor,ett,FE_k1,1,True,unidentified,unidentified,yes,True,2,estimand kept,FE,0.3333333333333333
price400,335,19407,PSEUDO,frontdoor,ett,FE_k2,2,True,unidentified,unidentified,yes,True,2,estimand kept,FE,0.0
price400,337,14559,KEEP,frontdoor,ett,DR_k1,1,False,no path,no,no,True,2,"estimand changed, answer kept",DR,0.0
price400,337,14559,KEEP,frontdoor,ett,DR_k2,2,False,backdoor,no,no,True,2,"estimand changed, answer kept",DR,0.0
price400,337,14559,KEEP,frontdoor,ett,DR_k3,3,False,no path,no,no,True,2,"estimand changed, answer kept",DR,0.0
price400,337,14559,KEEP,frontdoor,ett,ED_k1,1,False,no path,no,no,True,2,"estimand changed, answer kept",ED,0.0
price400,337,14559,KEEP,frontdoor,ett,ED_k2,2,False,no path,no,no,True,2,"estimand changed, answer kept",ED,0.0
price400,337,14559,KEEP,frontdoor,ett,ED_k3,3,False,no path,no,no,True,2,"estimand changed, answer kept",ED,0.0
price400,337,14559,KEEP,frontdoor,ett,FE_k1,1,True,unidentified,unidentified,no,True,2,estimand kept,FE,0.0
price400,337,14559,KEEP,frontdoor,ett,FE_k2,2,True,unidentified,unidentified,no,True,2,estimand kept,FE,0.0
price400,337,14559,PSEUDO,frontdoor,ett,DR_k1,1,False,no path,no,no,True,2,"estimand changed, answer kept",DR,0.0
price400,337,14559,PSEUDO,frontdoor,ett,DR_k2,2,False,backdoor,no,no,True,2,"estimand changed, answer kept",DR,0.0
price400,337,14559,PSEUDO,frontdoor,ett,DR_k3,3,False,no path,no,no,True,2,"estimand changed, answer kept",DR,0.0
price400,337,14559,PSEUDO,frontdoor,ett,ED_k1,1,False,no path,no,no,True,2,"estimand changed, answer kept",ED,0.0
price400,337,14559,PSEUDO,frontdoor,ett,ED_k2,2,False,no path,no,no,True,2,"estimand changed, answer kept",ED,0.0
price400,337,14559,PSEUDO,frontdoor,ett,ED_k3,3,False,no path,no,no,True,2,"estimand changed, answer kept",ED,0.0
price400,337,14559,PSEUDO,frontdoor,ett,FE_k1,1,True,unidentified,unidentified,no,True,2,estimand kept,FE,0.0
price400,337,14559,PSEUDO,frontdoor,ett,FE_k2,2,True,unidentified,unidentified,no,True,2,estimand kept,FE,0.0
price400,362,15339,KEEP,mediation,ate,DR_k1,1,True,backdoor,yes,yes,True,4,estimand kept,DR,0.0
price400,362,15339,KEEP,mediation,ate,DR_k2,2,False,no path,no,yes,True,4,answer changed,DR,-0.3333333333333333
price400,362,15339,KEEP,mediation,ate,DR_k3,3,False,no path,no,yes,True,4,answer changed,DR,-0.3333333333333333
price400,362,15339,KEEP,mediation,ate,ED_k1,1,True,backdoor,yes,yes,True,4,estimand kept,ED,0.0
price400,362,15339,KEEP,mediation,ate,ED_k2,2,False,backdoor,yes,yes,True,4,"estimand changed, answer kept",ED,0.0
price400,362,15339,KEEP,mediation,ate,ED_k3,3,False,no path,no,yes,True,4,answer changed,ED,0.0
price400,362,15339,PSEUDO,mediation,ate,DR_k1,1,True,backdoor,yes,yes,True,4,estimand kept,DR,0.0
price400,362,15339,PSEUDO,mediation,ate,DR_k2,2,False,no path,no,yes,True,4,answer changed,DR,0.0
price400,362,15339,PSEUDO,mediation,ate,DR_k3,3,False,no path,no,yes,True,4,answer changed,DR,0.0
price400,362,15339,PSEUDO,mediation,ate,ED_k1,1,True,backdoor,yes,yes,True,4,estimand kept,ED,0.0
price400,362,15339,PSEUDO,mediation,ate,ED_k2,2,False,backdoor,yes,yes,True,4,"estimand changed, answer kept",ED,0.3333333333333333
price400,362,15339,PSEUDO,mediation,ate,ED_k3,3,False,no path,no,yes,True,4,answer changed,ED,0.3333333333333333
price400,368,7880,KEEP,mediation,ate,DR_k1,1,True,backdoor,yes,yes,True,2,estimand kept,DR,0.0
price400,368,7880,KEEP,mediation,ate,DR_k2,2,False,no path,no,yes,True,2,answer changed,DR,-0.6666666666666666
price400,368,7880,KEEP,mediation,ate,DR_k3,3,False,no path,no,yes,True,2,answer changed,DR,-1.0
price400,368,7880,KEEP,mediation,ate,ED_k1,1,True,backdoor,yes,yes,True,2,estimand kept,ED,0.0
price400,368,7880,KEEP,mediation,ate,ED_k2,2,False,no path,no,yes,True,2,answer changed,ED,0.0
price400,368,7880,KEEP,mediation,ate,ED_k3,3,False,no path,no,yes,True,2,answer changed,ED,0.0
price400,368,7880,PSEUDO,mediation,ate,DR_k1,1,True,backdoor,yes,yes,True,2,estimand kept,DR,0.0
price400,368,7880,PSEUDO,mediation,ate,DR_k2,2,False,no path,no,yes,True,2,answer changed,DR,-0.6666666666666666
price400,368,7880,PSEUDO,mediation,ate,DR_k3,3,False,no path,no,yes,True,2,answer changed,DR,-1.0
price400,368,7880,PSEUDO,mediation,ate,ED_k1,1,True,backdoor,yes,yes,True,2,estimand kept,ED,-0.3333333333333333
price400,368,7880,PSEUDO,mediation,ate,ED_k2,2,False,no path,no,yes,True,2,answer changed,ED,-1.0
price400,368,7880,PSEUDO,mediation,ate,ED_k3,3,False,no path,no,yes,True,2,answer changed,ED,0.0
price400,369,7,KEEP,mediation,ate,DR_k1,1,False,backdoor,no,no,True,2,"estimand changed, answer kept",DR,0.0
price400,369,7,KEEP,mediation,ate,DR_k2,2,False,no path,no,no,True,2,"estimand changed, answer kept",DR,0.0
price400,369,7,KEEP,mediation,ate,DR_k3,3,False,no path,no,no,True,2,"estimand changed, answer kept",DR,0.0
price400,369,7,KEEP,mediation,ate,ED_k1,1,False,backdoor,no,no,True,2,"estimand changed, answer kept",ED,0.0
price400,369,7,KEEP,mediation,ate,ED_k2,2,False,no path,no,no,True,2,"estimand changed, answer kept",ED,0.0
price400,369,7,KEEP,mediation,ate,ED_k3,3,False,no path,no,no,True,2,"estimand changed, answer kept",ED,0.0
price400,369,7,PSEUDO,mediation,ate,DR_k1,1,False,backdoor,no,no,True,2,"estimand changed, answer kept",DR,0.0
price400,369,7,PSEUDO,mediation,ate,DR_k2,2,False,no path,no,no,True,2,"estimand changed, answer kept",DR,0.0
price400,369,7,PSEUDO,mediation,ate,DR_k3,3,False,no path,no,no,True,2,"estimand changed, answer kept",DR,0.0
price400,369,7,PSEUDO,mediation,ate,ED_k1,1,False,backdoor,no,no,True,2,"estimand changed, answer kept",ED,0.0
price400,369,7,PSEUDO,mediation,ate,ED_k2,2,False,no path,no,no,True,2,"estimand changed, answer kept",ED,0.0
price400,369,7,PSEUDO,mediation,ate,ED_k3,3,False,no path,no,no,True,2,"estimand changed, answer kept",ED,0.0
price400,370,10513,KEEP,mediation,ate,DR_k1,1,True,backdoor,no,no,True,2,estimand kept,DR,0.0
price400,370,10513,KEEP,mediation,ate,DR_k2,2,False,no path,no,no,True,2,"estimand changed, answer kept",DR,0.0
price400,370,10513,KEEP,mediation,ate,DR_k3,3,False,no path,no,no,True,2,"estimand changed, answer kept",DR,0.0
price400,370,10513,KEEP,mediation,ate,ED_k1,1,True,backdoor,no,no,True,2,estimand kept,ED,0.0
price400,370,10513,KEEP,mediation,ate,ED_k2,2,False,no path,no,no,True,2,"estimand changed, answer kept",ED,0.0
price400,370,10513,KEEP,mediation,ate,ED_k3,3,False,no path,no,no,True,2,"estimand changed, answer kept",ED,0.0
price400,370,10513,PSEUDO,mediation,ate,DR_k1,1,True,backdoor,no,no,True,2,estimand kept,DR,0.0
price400,370,10513,PSEUDO,mediation,ate,DR_k2,2,False,no path,no,no,True,2,"estimand changed, answer kept",DR,0.0
price400,370,10513,PSEUDO,mediation,ate,DR_k3,3,False,no path,no,no,True,2,"estimand changed, answer kept",DR,0.0
price400,370,10513,PSEUDO,mediation,ate,ED_k1,1,True,backdoor,no,no,True,2,estimand kept,ED,0.0
price400,370,10513,PSEUDO,mediation,ate,ED_k2,2,False,no path,no,no,True,2,"estimand changed, answer kept",ED,0.0
price400,370,10513,PSEUDO,mediation,ate,ED_k3,3,False,no path,no,no,True,2,"estimand changed, answer kept",ED,0.0
price400,371,17339,KEEP,mediation,ate,DR_k1,1,False,backdoor,no,no,True,2,"estimand changed, answer kept",DR,0.0
price400,371,17339,KEEP,mediation,ate,DR_k2,2,False,no path,no,no,True,2,"estimand changed, answer kept",DR,0.0
price400,371,17339,KEEP,mediation,ate,DR_k3,3,False,no path,no,no,True,2,"estimand changed, answer kept",DR,0.0
price400,371,17339,KEEP,mediation,ate,ED_k1,1,False,backdoor,no,no,True,2,"estimand changed, answer kept",ED,0.0
price400,371,17339,KEEP,mediation,ate,ED_k2,2,False,no path,no,no,True,2,"estimand changed, answer kept",ED,0.0
price400,371,17339,KEEP,mediation,ate,ED_k3,3,False,no path,no,no,True,2,"estimand changed, answer kept",ED,0.0
price400,371,17339,PSEUDO,mediation,ate,DR_k1,1,False,backdoor,no,no,True,2,"estimand changed, answer kept",DR,0.3333333333333333
price400,371,17339,PSEUDO,mediation,ate,DR_k2,2,False,no path,no,no,True,2,"estimand changed, answer kept",DR,0.3333333333333333
price400,371,17339,PSEUDO,mediation,ate,DR_k3,3,False,no path,no,no,True,2,"estimand changed, answer kept",DR,0.6666666666666666
price400,371,17339,PSEUDO,mediation,ate,ED_k1,1,False,backdoor,no,no,True,2,"estimand changed, answer kept",ED,0.3333333333333333
price400,371,17339,PSEUDO,mediation,ate,ED_k2,2,False,no path,no,no,True,2,"estimand changed, answer kept",ED,0.6666666666666666
price400,371,17339,PSEUDO,mediation,ate,ED_k3,3,False,no path,no,no,True,2,"estimand changed, answer kept",ED,0.6666666666666666
price400,374,13406,KEEP,mediation,ate,DR_k1,1,False,backdoor,yes,yes,True,2,"estimand changed, answer kept",DR,-0.3333333333333333
price400,374,13406,KEEP,mediation,ate,DR_k2,2,False,no path,no,yes,True,2,answer changed,DR,-0.6666666666666666
price400,374,13406,KEEP,mediation,ate,DR_k3,3,False,no path,no,yes,True,2,answer changed,DR,-0.6666666666666666
price400,374,13406,KEEP,mediation,ate,ED_k1,1,False,backdoor,yes,yes,True,2,"estimand changed, answer kept",ED,0.0
price400,374,13406,KEEP,mediation,ate,ED_k2,2,False,no path,no,yes,True,2,answer changed,ED,-0.6666666666666666
price400,374,13406,KEEP,mediation,ate,ED_k3,3,False,no path,no,yes,True,2,answer changed,ED,0.0
price400,374,13406,PSEUDO,mediation,ate,DR_k1,1,False,backdoor,yes,yes,True,2,"estimand changed, answer kept",DR,0.3333333333333333
price400,374,13406,PSEUDO,mediation,ate,DR_k2,2,False,no path,no,yes,True,2,answer changed,DR,0.0
price400,374,13406,PSEUDO,mediation,ate,DR_k3,3,False,no path,no,yes,True,2,answer changed,DR,-0.3333333333333333
price400,374,13406,PSEUDO,mediation,ate,ED_k1,1,False,backdoor,yes,yes,True,2,"estimand changed, answer kept",ED,0.0
price400,374,13406,PSEUDO,mediation,ate,ED_k2,2,False,no path,no,yes,True,2,answer changed,ED,-0.3333333333333333
price400,374,13406,PSEUDO,mediation,ate,ED_k3,3,False,no path,no,yes,True,2,answer changed,ED,0.0
price400,375,7069,KEEP,mediation,ate,DR_k1,1,False,backdoor,no,no,True,2,"estimand changed, answer kept",DR,0.0
price400,375,7069,KEEP,mediation,ate,DR_k2,2,False,no path,no,no,True,2,"estimand changed, answer kept",DR,0.0
price400,375,7069,KEEP,mediation,ate,DR_k3,3,False,no path,no,no,True,2,"estimand changed, answer kept",DR,0.0
price400,375,7069,KEEP,mediation,ate,ED_k1,1,True,backdoor,no,no,True,2,estimand kept,ED,0.0
price400,375,7069,KEEP,mediation,ate,ED_k2,2,False,no path,no,no,True,2,"estimand changed, answer kept",ED,0.0
price400,375,7069,KEEP,mediation,ate,ED_k3,3,False,no path,no,no,True,2,"estimand changed, answer kept",ED,0.0
price400,375,7069,PSEUDO,mediation,ate,DR_k1,1,False,backdoor,no,no,True,2,"estimand changed, answer kept",DR,0.0
price400,375,7069,PSEUDO,mediation,ate,DR_k2,2,False,no path,no,no,True,2,"estimand changed, answer kept",DR,1.0
price400,375,7069,PSEUDO,mediation,ate,DR_k3,3,False,no path,no,no,True,2,"estimand changed, answer kept",DR,0.6666666666666666
price400,375,7069,PSEUDO,mediation,ate,ED_k1,1,True,backdoor,no,no,True,2,estimand kept,ED,0.6666666666666666
price400,375,7069,PSEUDO,mediation,ate,ED_k2,2,False,no path,no,no,True,2,"estimand changed, answer kept",ED,1.0
price400,375,7069,PSEUDO,mediation,ate,ED_k3,3,False,no path,no,no,True,2,"estimand changed, answer kept",ED,1.0
price400,376,17220,KEEP,mediation,ate,DR_k1,1,True,backdoor,no,no,True,2,estimand kept,DR,0.0
price400,376,17220,KEEP,mediation,ate,DR_k2,2,False,no path,no,no,True,2,"estimand changed, answer kept",DR,0.0
price400,376,17220,KEEP,mediation,ate,DR_k3,3,False,no path,no,no,True,2,"estimand changed, answer kept",DR,0.0
price400,376,17220,KEEP,mediation,ate,ED_k1,1,True,backdoor,no,no,True,2,estimand kept,ED,0.0
price400,376,17220,KEEP,mediation,ate,ED_k2,2,False,backdoor,no,no,True,2,"estimand changed, answer kept",ED,0.0
price400,376,17220,KEEP,mediation,ate,ED_k3,3,False,no path,no,no,True,2,"estimand changed, answer kept",ED,0.0
price400,376,17220,PSEUDO,mediation,ate,DR_k1,1,True,backdoor,no,no,True,2,estimand kept,DR,0.3333333333333333
price400,376,17220,PSEUDO,mediation,ate,DR_k2,2,False,no path,no,no,True,2,"estimand changed, answer kept",DR,0.3333333333333333
price400,376,17220,PSEUDO,mediation,ate,DR_k3,3,False,no path,no,no,True,2,"estimand changed, answer kept",DR,0.3333333333333333
price400,376,17220,PSEUDO,mediation,ate,ED_k1,1,True,backdoor,no,no,True,2,estimand kept,ED,0.3333333333333333
price400,376,17220,PSEUDO,mediation,ate,ED_k2,2,False,backdoor,no,no,True,2,"estimand changed, answer kept",ED,0.0
price400,376,17220,PSEUDO,mediation,ate,ED_k3,3,False,no path,no,no,True,2,"estimand changed, answer kept",ED,0.3333333333333333
price400,378,2164,KEEP,mediation,ate,DR_k1,1,True,backdoor,no,no,True,2,estimand kept,DR,0.0
price400,378,2164,KEEP,mediation,ate,DR_k2,2,False,no path,no,no,True,2,"estimand changed, answer kept",DR,0.0
price400,378,2164,KEEP,mediation,ate,DR_k3,3,False,no path,no,no,True,2,"estimand changed, answer kept",DR,0.0
price400,378,2164,KEEP,mediation,ate,ED_k1,1,True,backdoor,no,no,True,2,estimand kept,ED,0.0
price400,378,2164,KEEP,mediation,ate,ED_k2,2,False,no path,no,no,True,2,"estimand changed, answer kept",ED,0.0
price400,378,2164,KEEP,mediation,ate,ED_k3,3,False,no path,no,no,True,2,"estimand changed, answer kept",ED,0.0
price400,378,2164,PSEUDO,mediation,ate,DR_k1,1,True,backdoor,no,no,True,2,estimand kept,DR,0.0
price400,378,2164,PSEUDO,mediation,ate,DR_k2,2,False,no path,no,no,True,2,"estimand changed, answer kept",DR,0.0
price400,378,2164,PSEUDO,mediation,ate,DR_k3,3,False,no path,no,no,True,2,"estimand changed, answer kept",DR,0.0
price400,378,2164,PSEUDO,mediation,ate,ED_k1,1,True,backdoor,no,no,True,2,estimand kept,ED,0.0
price400,378,2164,PSEUDO,mediation,ate,ED_k2,2,False,no path,no,no,True,2,"estimand changed, answer kept",ED,0.0
price400,378,2164,PSEUDO,mediation,ate,ED_k3,3,False,no path,no,no,True,2,"estimand changed, answer kept",ED,0.0
price400,381,11409,KEEP,mediation,ett,DR_k1,1,True,backdoor,no,no,True,2,estimand kept,DR,0.0
price400,381,11409,KEEP,mediation,ett,DR_k2,2,False,no path,no,no,True,2,"estimand changed, answer kept",DR,0.3333333333333333
price400,381,11409,KEEP,mediation,ett,DR_k3,3,False,no path,no,no,True,2,"estimand changed, answer kept",DR,0.3333333333333333
price400,381,11409,KEEP,mediation,ett,ED_k1,1,True,backdoor,no,no,True,2,estimand kept,ED,0.3333333333333333
price400,381,11409,KEEP,mediation,ett,ED_k2,2,False,no path,no,no,True,2,"estimand changed, answer kept",ED,0.3333333333333333
price400,381,11409,KEEP,mediation,ett,ED_k3,3,False,no path,no,no,True,2,"estimand changed, answer kept",ED,0.3333333333333333
price400,381,11409,PSEUDO,mediation,ett,DR_k1,1,True,backdoor,no,no,True,2,estimand kept,DR,0.0
price400,381,11409,PSEUDO,mediation,ett,DR_k2,2,False,no path,no,no,True,2,"estimand changed, answer kept",DR,0.0
price400,381,11409,PSEUDO,mediation,ett,DR_k3,3,False,no path,no,no,True,2,"estimand changed, answer kept",DR,0.0
price400,381,11409,PSEUDO,mediation,ett,ED_k1,1,True,backdoor,no,no,True,2,estimand kept,ED,0.0
price400,381,11409,PSEUDO,mediation,ett,ED_k2,2,False,no path,no,no,True,2,"estimand changed, answer kept",ED,0.0
price400,381,11409,PSEUDO,mediation,ett,ED_k3,3,False,no path,no,no,True,2,"estimand changed, answer kept",ED,0.0
price400,382,13438,KEEP,mediation,ett,DR_k1,1,False,backdoor,no,no,True,2,"estimand changed, answer kept",DR,-0.3333333333333333
price400,382,13438,KEEP,mediation,ett,DR_k2,2,False,no path,no,no,True,2,"estimand changed, answer kept",DR,-0.3333333333333333
price400,382,13438,KEEP,mediation,ett,DR_k3,3,False,no path,no,no,True,2,"estimand changed, answer kept",DR,0.0
price400,382,13438,KEEP,mediation,ett,ED_k1,1,True,backdoor,no,no,True,2,estimand kept,ED,0.0
price400,382,13438,KEEP,mediation,ett,ED_k2,2,False,no path,no,no,True,2,"estimand changed, answer kept",ED,-0.3333333333333333
price400,382,13438,KEEP,mediation,ett,ED_k3,3,False,no path,no,no,True,2,"estimand changed, answer kept",ED,-0.3333333333333333
price400,382,13438,PSEUDO,mediation,ett,DR_k1,1,False,backdoor,no,no,True,2,"estimand changed, answer kept",DR,0.3333333333333333
price400,382,13438,PSEUDO,mediation,ett,DR_k2,2,False,no path,no,no,True,2,"estimand changed, answer kept",DR,0.0
price400,382,13438,PSEUDO,mediation,ett,DR_k3,3,False,no path,no,no,True,2,"estimand changed, answer kept",DR,0.0
price400,382,13438,PSEUDO,mediation,ett,ED_k1,1,True,backdoor,no,no,True,2,estimand kept,ED,0.0
price400,382,13438,PSEUDO,mediation,ett,ED_k2,2,False,no path,no,no,True,2,"estimand changed, answer kept",ED,0.3333333333333333
price400,382,13438,PSEUDO,mediation,ett,ED_k3,3,False,no path,no,no,True,2,"estimand changed, answer kept",ED,0.0
price400,387,17411,KEEP,mediation,ett,DR_k1,1,True,backdoor,yes,yes,True,2,estimand kept,DR,0.0
price400,387,17411,KEEP,mediation,ett,DR_k2,2,False,no path,no,yes,True,2,answer changed,DR,-0.3333333333333333
price400,387,17411,KEEP,mediation,ett,DR_k3,3,False,no path,no,yes,True,2,answer changed,DR,0.0
price400,387,17411,KEEP,mediation,ett,ED_k1,1,True,backdoor,yes,yes,True,2,estimand kept,ED,0.0
price400,387,17411,KEEP,mediation,ett,ED_k2,2,False,no path,no,yes,True,2,answer changed,ED,-0.6666666666666666
price400,387,17411,KEEP,mediation,ett,ED_k3,3,False,no path,no,yes,True,2,answer changed,ED,0.0
price400,387,17411,PSEUDO,mediation,ett,DR_k1,1,True,backdoor,yes,yes,True,2,estimand kept,DR,0.0
price400,387,17411,PSEUDO,mediation,ett,DR_k2,2,False,no path,no,yes,True,2,answer changed,DR,0.0
price400,387,17411,PSEUDO,mediation,ett,DR_k3,3,False,no path,no,yes,True,2,answer changed,DR,-0.3333333333333333
price400,387,17411,PSEUDO,mediation,ett,ED_k1,1,True,backdoor,yes,yes,True,2,estimand kept,ED,0.0
price400,387,17411,PSEUDO,mediation,ett,ED_k2,2,False,no path,no,yes,True,2,answer changed,ED,-0.3333333333333333
price400,387,17411,PSEUDO,mediation,ett,ED_k3,3,False,no path,no,yes,True,2,answer changed,ED,0.0
price400,393,16497,KEEP,mediation,ett,DR_k1,1,True,backdoor,no,no,True,2,estimand kept,DR,0.0
price400,393,16497,KEEP,mediation,ett,DR_k2,2,False,no path,no,no,True,2,"estimand changed, answer kept",DR,0.0
price400,393,16497,KEEP,mediation,ett,DR_k3,3,False,no path,no,no,True,2,"estimand changed, answer kept",DR,-0.6666666666666666
price400,393,16497,KEEP,mediation,ett,ED_k1,1,True,backdoor,no,no,True,2,estimand kept,ED,-0.3333333333333333
price400,393,16497,KEEP,mediation,ett,ED_k2,2,False,backdoor,no,no,True,2,"estimand changed, answer kept",ED,-0.6666666666666666
price400,393,16497,KEEP,mediation,ett,ED_k3,3,False,no path,no,no,True,2,"estimand changed, answer kept",ED,-0.3333333333333333
price400,393,16497,PSEUDO,mediation,ett,DR_k1,1,True,backdoor,no,no,True,2,estimand kept,DR,0.3333333333333333
price400,393,16497,PSEUDO,mediation,ett,DR_k2,2,False,no path,no,no,True,2,"estimand changed, answer kept",DR,0.3333333333333333
price400,393,16497,PSEUDO,mediation,ett,DR_k3,3,False,no path,no,no,True,2,"estimand changed, answer kept",DR,0.3333333333333333
price400,393,16497,PSEUDO,mediation,ett,ED_k1,1,True,backdoor,no,no,True,2,estimand kept,ED,0.0
price400,393,16497,PSEUDO,mediation,ett,ED_k2,2,False,backdoor,no,no,True,2,"estimand changed, answer kept",ED,0.0
price400,393,16497,PSEUDO,mediation,ett,ED_k3,3,False,no path,no,no,True,2,"estimand changed, answer kept",ED,0.0
price400,396,18150,KEEP,mediation,ett,DR_k1,1,False,backdoor,yes,yes,True,2,"estimand changed, answer kept",DR,0.0
price400,396,18150,KEEP,mediation,ett,DR_k2,2,False,no path,no,yes,True,2,answer changed,DR,0.0
price400,396,18150,KEEP,mediation,ett,DR_k3,3,False,no path,no,yes,True,2,answer changed,DR,-0.3333333333333333
price400,396,18150,KEEP,mediation,ett,ED_k1,1,True,backdoor,yes,yes,True,2,estimand kept,ED,0.0
price400,396,18150,KEEP,mediation,ett,ED_k2,2,False,no path,no,yes,True,2,answer changed,ED,-0.3333333333333333
price400,396,18150,KEEP,mediation,ett,ED_k3,3,False,no path,no,yes,True,2,answer changed,ED,0.0
price400,396,18150,PSEUDO,mediation,ett,DR_k1,1,False,backdoor,yes,yes,True,2,"estimand changed, answer kept",DR,0.0
price400,396,18150,PSEUDO,mediation,ett,DR_k2,2,False,no path,no,yes,True,2,answer changed,DR,0.0
price400,396,18150,PSEUDO,mediation,ett,DR_k3,3,False,no path,no,yes,True,2,answer changed,DR,0.0
price400,396,18150,PSEUDO,mediation,ett,ED_k1,1,True,backdoor,yes,yes,True,2,estimand kept,ED,-0.6666666666666666
price400,396,18150,PSEUDO,mediation,ett,ED_k2,2,False,no path,no,yes,True,2,answer changed,ED,0.0
price400,396,18150,PSEUDO,mediation,ett,ED_k3,3,False,no path,no,yes,True,2,answer changed,ED,0.0
