item,family,query_type,cond,arm,k,estimand_unchanged,touches_causal_path,strict_unchanged,unchanged_qt
0,IV,correlation,DR_k1,DR,1,False,True,False,False
0,IV,correlation,DR_k2,DR,2,False,True,False,False
0,IV,correlation,DR_k3,DR,3,False,True,False,False
0,IV,correlation,ED_k1,ED,1,False,True,False,False
0,IV,correlation,ED_k2,ED,2,False,False,False,False
0,IV,correlation,ED_k3,ED,3,False,True,False,False
0,IV,correlation,FE_k1,FE,1,True,False,True,True
0,IV,correlation,FE_k2,FE,2,False,False,False,False
1,IV,correlation,DR_k1,DR,1,False,True,False,False
1,IV,correlation,DR_k2,DR,2,False,True,False,False
1,IV,correlation,DR_k3,DR,3,False,True,False,False
1,IV,correlation,ED_k1,ED,1,True,False,True,True
1,IV,correlation,ED_k2,ED,2,False,False,False,False
1,IV,correlation,ED_k3,ED,3,False,True,False,False
1,IV,correlation,FE_k1,FE,1,True,False,True,True
1,IV,correlation,FE_k2,FE,2,False,False,False,False
2,IV,marginal,DR_k1,DR,1,False,True,False,False
2,IV,marginal,DR_k2,DR,2,False,True,False,False
2,IV,marginal,DR_k3,DR,3,False,True,False,False
2,IV,marginal,ED_k1,ED,1,False,True,False,False
2,IV,marginal,ED_k2,ED,2,False,True,False,False
2,IV,marginal,ED_k3,ED,3,False,True,False,False
2,IV,marginal,FE_k1,FE,1,True,False,True,True
2,IV,marginal,FE_k2,FE,2,False,False,False,False
3,IV,marginal,DR_k1,DR,1,False,True,False,False
3,IV,marginal,DR_k2,DR,2,False,True,False,False
3,IV,marginal,DR_k3,DR,3,False,True,False,False
3,IV,marginal,ED_k1,ED,1,False,True,False,False
3,IV,marginal,ED_k2,ED,2,False,True,False,False
3,IV,marginal,ED_k3,ED,3,False,True,False,False
3,IV,marginal,FE_k1,FE,1,True,False,True,True
3,IV,marginal,FE_k2,FE,2,False,False,False,False
4,IV,marginal,DR_k1,DR,1,False,True,False,False
4,IV,marginal,DR_k2,DR,2,False,True,False,False
4,IV,marginal,DR_k3,DR,3,False,True,False,False
4,IV,marginal,ED_k1,ED,1,False,False,False,False
4,IV,marginal,ED_k2,ED,2,False,True,False,False
4,IV,marginal,ED_k3,ED,3,False,True,False,False
4,IV,marginal,FE_k1,FE,1,True,False,True,True
4,IV,marginal,FE_k2,FE,2,False,False,False,False
5,IV,marginal,DR_k1,DR,1,False,True,False,False
5,IV,marginal,DR_k2,DR,2,False,True,False,False
5,IV,marginal,DR_k3,DR,3,False,True,False,False
5,IV,marginal,ED_k1,ED,1,False,True,False,False
5,IV,marginal,ED_k2,ED,2,False,True,False,False
5,IV,marginal,ED_k3,ED,3,False,False,False,False
5,IV,marginal,FE_k1,FE,1,True,False,True,True
5,IV,marginal,FE_k2,FE,2,False,False,False,False
6,IV,marginal,DR_k1,DR,1,False,True,False,False
6,IV,marginal,DR_k2,DR,2,False,True,False,False
6,IV,marginal,DR_k3,DR,3,False,True,False,False
6,IV,marginal,ED_k1,ED,1,False,False,False,False
6,IV,marginal,ED_k2,ED,2,False,False,False,False
6,IV,marginal,ED_k3,ED,3,False,False,False,False
6,IV,marginal,FE_k1,FE,1,True,False,True,True
6,IV,marginal,FE_k2,FE,2,False,False,False,False
7,IV,correlation,DR_k1,DR,1,False,True,False,False
7,IV,correlation,DR_k2,DR,2,False,True,False,False
7,IV,correlation,DR_k3,DR,3,False,True,False,False
7,IV,correlation,ED_k1,ED,1,False,True,False,False
7,IV,correlation,ED_k2,ED,2,False,False,False,False
7,IV,correlation,ED_k3,ED,3,False,False,False,False
7,IV,correlation,FE_k1,FE,1,True,False,True,True
7,IV,correlation,FE_k2,FE,2,False,False,False,False
8,IV,correlation,DR_k1,DR,1,False,True,False,False
8,IV,correlation,DR_k2,DR,2,False,True,False,False
8,IV,correlation,DR_k3,DR,3,False,True,False,False
8,IV,correlation,ED_k1,ED,1,False,False,False,False
8,IV,correlation,ED_k2,ED,2,False,False,False,False
8,IV,correlation,ED_k3,ED,3,False,True,False,False
8,IV,correlation,FE_k1,FE,1,False,False,False,False
8,IV,correlation,FE_k2,FE,2,False,False,False,False
9,IV,correlation,DR_k1,DR,1,False,True,False,False
9,IV,correlation,DR_k2,DR,2,False,True,False,False
9,IV,correlation,DR_k3,DR,3,False,True,False,False
9,IV,correlation,ED_k1,ED,1,False,False,False,False
9,IV,correlation,ED_k2,ED,2,False,True,False,False
9,IV,correlation,ED_k3,ED,3,False,True,False,False
9,IV,correlation,FE_k1,FE,1,True,False,True,True
9,IV,correlation,FE_k2,FE,2,False,False,False,False
10,IV,marginal,DR_k1,DR,1,False,True,False,False
10,IV,marginal,DR_k2,DR,2,False,True,False,False
10,IV,marginal,DR_k3,DR,3,False,True,False,False
10,IV,marginal,ED_k1,ED,1,False,False,False,False
10,IV,marginal,ED_k2,ED,2,False,True,False,False
10,IV,marginal,ED_k3,ED,3,False,True,False,False
10,IV,marginal,FE_k1,FE,1,True,False,True,True
10,IV,marginal,FE_k2,FE,2,False,False,False,False
11,IV,correlation,DR_k1,DR,1,False,True,False,False
11,IV,correlation,DR_k2,DR,2,False,True,False,False
11,IV,correlation,DR_k3,DR,3,False,True,False,False
11,IV,correlation,ED_k1,ED,1,False,False,False,False
11,IV,correlation,ED_k2,ED,2,False,False,False,False
11,IV,correlation,ED_k3,ED,3,False,True,False,False
11,IV,correlation,FE_k1,FE,1,True,False,True,True
11,IV,correlation,FE_k2,FE,2,False,False,False,False
12,IV,correlation,DR_k1,DR,1,False,True,False,False
12,IV,correlation,DR_k2,DR,2,False,True,False,False
12,IV,correlation,DR_k3,DR,3,False,True,False,False
12,IV,correlation,ED_k1,ED,1,False,False,False,False
12,IV,correlation,ED_k2,ED,2,False,True,False,False
12,IV,correlation,ED_k3,ED,3,False,True,False,False
12,IV,correlation,FE_k1,FE,1,True,False,True,True
12,IV,correlation,FE_k2,FE,2,False,False,False,False
13,IV,marginal,DR_k1,DR,1,False,True,False,False
13,IV,marginal,DR_k2,DR,2,False,True,False,False
13,IV,marginal,DR_k3,DR,3,False,True,False,False
13,IV,marginal,ED_k1,ED,1,True,False,True,True
13,IV,marginal,ED_k2,ED,2,False,False,False,False
13,IV,marginal,ED_k3,ED,3,False,True,False,False
13,IV,marginal,FE_k1,FE,1,True,False,True,True
13,IV,marginal,FE_k2,FE,2,False,False,False,False
14,IV,marginal,DR_k1,DR,1,False,True,False,False
14,IV,marginal,DR_k2,DR,2,False,True,False,False
14,IV,marginal,DR_k3,DR,3,False,True,False,False
14,IV,marginal,ED_k1,ED,1,True,False,True,True
14,IV,marginal,ED_k2,ED,2,False,True,False,False
14,IV,marginal,ED_k3,ED,3,False,True,False,False
14,IV,marginal,FE_k1,FE,1,False,False,False,False
14,IV,marginal,FE_k2,FE,2,False,False,False,False
15,IV,correlation,DR_k1,DR,1,False,True,False,False
15,IV,correlation,DR_k2,DR,2,False,True,False,False
15,IV,correlation,DR_k3,DR,3,False,True,False,False
15,IV,correlation,ED_k1,ED,1,False,False,False,False
15,IV,correlation,ED_k2,ED,2,False,False,False,False
15,IV,correlation,ED_k3,ED,3,False,True,False,False
15,IV,correlation,FE_k1,FE,1,True,False,True,True
15,IV,correlation,FE_k2,FE,2,False,False,False,False
16,IV,correlation,DR_k1,DR,1,False,True,False,False
16,IV,correlation,DR_k2,DR,2,False,True,False,False
16,IV,correlation,DR_k3,DR,3,False,True,False,False
16,IV,correlation,ED_k1,ED,1,False,False,False,False
16,IV,correlation,ED_k2,ED,2,False,True,False,False
16,IV,correlation,ED_k3,ED,3,False,True,False,False
16,IV,correlation,FE_k1,FE,1,False,False,False,False
16,IV,correlation,FE_k2,FE,2,False,False,False,False
17,IV,correlation,DR_k1,DR,1,False,True,False,False
17,IV,correlation,DR_k2,DR,2,False,True,False,False
17,IV,correlation,DR_k3,DR,3,False,True,False,False
17,IV,correlation,ED_k1,ED,1,False,False,False,False
17,IV,correlation,ED_k2,ED,2,False,True,False,False
17,IV,correlation,ED_k3,ED,3,False,True,False,False
17,IV,correlation,FE_k1,FE,1,True,False,True,True
17,IV,correlation,FE_k2,FE,2,False,False,False,False
18,IV,marginal,DR_k1,DR,1,False,True,False,False
18,IV,marginal,DR_k2,DR,2,False,True,False,False
18,IV,marginal,DR_k3,DR,3,False,True,False,False
18,IV,marginal,ED_k1,ED,1,False,False,False,False
18,IV,marginal,ED_k2,ED,2,False,False,False,False
18,IV,marginal,ED_k3,ED,3,False,True,False,False
18,IV,marginal,FE_k1,FE,1,False,False,False,False
18,IV,marginal,FE_k2,FE,2,False,False,False,False
19,IV,backadj,DR_k1,DR,1,False,True,False,False
19,IV,backadj,DR_k2,DR,2,False,True,False,False
19,IV,backadj,DR_k3,DR,3,False,True,False,False
19,IV,backadj,ED_k1,ED,1,False,False,False,False
19,IV,backadj,ED_k2,ED,2,False,False,False,False
19,IV,backadj,ED_k3,ED,3,False,True,False,False
19,IV,backadj,FE_k1,FE,1,True,False,True,True
19,IV,backadj,FE_k2,FE,2,False,False,False,False
20,IV,ate,DR_k1,DR,1,False,True,False,False
20,IV,ate,DR_k2,DR,2,False,True,False,False
20,IV,ate,DR_k3,DR,3,False,True,False,False
20,IV,ate,ED_k1,ED,1,True,False,True,True
20,IV,ate,ED_k2,ED,2,False,False,False,False
20,IV,ate,ED_k3,ED,3,False,True,False,False
20,IV,ate,FE_k1,FE,1,True,False,True,True
20,IV,ate,FE_k2,FE,2,False,False,False,False
21,IV,ate,DR_k1,DR,1,False,True,False,False
21,IV,ate,DR_k2,DR,2,False,True,False,False
21,IV,ate,DR_k3,DR,3,False,True,False,False
21,IV,ate,ED_k1,ED,1,True,False,True,True
21,IV,ate,ED_k2,ED,2,False,True,False,False
21,IV,ate,ED_k3,ED,3,False,True,False,False
21,IV,ate,FE_k1,FE,1,True,False,True,True
21,IV,ate,FE_k2,FE,2,False,False,False,False
22,IV,backadj,DR_k1,DR,1,False,True,False,False
22,IV,backadj,DR_k2,DR,2,False,True,False,False
22,IV,backadj,DR_k3,DR,3,False,True,False,False
22,IV,backadj,ED_k1,ED,1,True,False,True,True
22,IV,backadj,ED_k2,ED,2,False,True,False,False
22,IV,backadj,ED_k3,ED,3,False,True,False,False
22,IV,backadj,FE_k1,FE,1,False,False,False,False
22,IV,backadj,FE_k2,FE,2,False,False,False,False
23,IV,ate,DR_k1,DR,1,False,True,False,False
23,IV,ate,DR_k2,DR,2,False,True,False,False
23,IV,ate,DR_k3,DR,3,False,True,False,False
23,IV,ate,ED_k1,ED,1,False,False,False,False
23,IV,ate,ED_k2,ED,2,False,True,False,False
23,IV,ate,ED_k3,ED,3,False,True,False,False
23,IV,ate,FE_k1,FE,1,False,False,False,False
23,IV,ate,FE_k2,FE,2,False,False,False,False
24,IV,ate,DR_k1,DR,1,False,True,False,False
24,IV,ate,DR_k2,DR,2,False,True,False,False
24,IV,ate,DR_k3,DR,3,False,True,False,False
24,IV,ate,ED_k1,ED,1,True,False,True,True
24,IV,ate,ED_k2,ED,2,False,True,False,False
24,IV,ate,ED_k3,ED,3,False,True,False,False
24,IV,ate,FE_k1,FE,1,True,False,True,True
24,IV,ate,FE_k2,FE,2,False,False,False,False
25,IV,backadj,DR_k1,DR,1,False,True,False,False
25,IV,backadj,DR_k2,DR,2,False,True,False,False
25,IV,backadj,DR_k3,DR,3,False,True,False,False
25,IV,backadj,ED_k1,ED,1,True,False,True,True
25,IV,backadj,ED_k2,ED,2,False,True,False,False
25,IV,backadj,ED_k3,ED,3,False,True,False,False
25,IV,backadj,FE_k1,FE,1,True,False,True,True
25,IV,backadj,FE_k2,FE,2,False,False,False,False
26,IV,ate,DR_k1,DR,1,False,True,False,False
26,IV,ate,DR_k2,DR,2,False,True,False,False
26,IV,ate,DR_k3,DR,3,False,True,False,False
26,IV,ate,ED_k1,ED,1,False,False,False,False
26,IV,ate,ED_k2,ED,2,False,True,False,False
26,IV,ate,ED_k3,ED,3,False,False,False,False
26,IV,ate,FE_k1,FE,1,True,False,True,True
26,IV,ate,FE_k2,FE,2,False,False,False,False
27,IV,backadj,DR_k1,DR,1,False,True,False,False
27,IV,backadj,DR_k2,DR,2,False,True,False,False
27,IV,backadj,DR_k3,DR,3,False,True,False,False
27,IV,backadj,ED_k1,ED,1,False,False,False,False
27,IV,backadj,ED_k2,ED,2,False,True,False,False
27,IV,backadj,ED_k3,ED,3,False,True,False,False
27,IV,backadj,FE_k1,FE,1,True,False,True,True
27,IV,backadj,FE_k2,FE,2,False,False,False,False
28,IV,backadj,DR_k1,DR,1,False,True,False,False
28,IV,backadj,DR_k2,DR,2,False,True,False,False
28,IV,backadj,DR_k3,DR,3,False,True,False,False
28,IV,backadj,ED_k1,ED,1,False,False,False,False
28,IV,backadj,ED_k2,ED,2,False,False,False,False
28,IV,backadj,ED_k3,ED,3,False,False,False,False
28,IV,backadj,FE_k1,FE,1,True,False,True,True
28,IV,backadj,FE_k2,FE,2,False,False,False,False
29,IV,ate,DR_k1,DR,1,False,True,False,False
29,IV,ate,DR_k2,DR,2,False,True,False,False
29,IV,ate,DR_k3,DR,3,False,True,False,False
29,IV,ate,ED_k1,ED,1,False,False,False,False
29,IV,ate,ED_k2,ED,2,False,False,False,False
29,IV,ate,ED_k3,ED,3,False,True,False,False
29,IV,ate,FE_k1,FE,1,True,False,True,True
29,IV,ate,FE_k2,FE,2,False,False,False,False
30,IV,backadj,DR_k1,DR,1,False,True,False,False
30,IV,backadj,DR_k2,DR,2,False,True,False,False
30,IV,backadj,DR_k3,DR,3,False,True,False,False
30,IV,backadj,ED_k1,ED,1,False,False,False,False
30,IV,backadj,ED_k2,ED,2,False,True,False,False
30,IV,backadj,ED_k3,ED,3,False,True,False,False
30,IV,backadj,FE_k1,FE,1,True,False,True,True
30,IV,backadj,FE_k2,FE,2,False,False,False,False
31,IV,backadj,DR_k1,DR,1,False,True,False,False
31,IV,backadj,DR_k2,DR,2,False,True,False,False
31,IV,backadj,DR_k3,DR,3,False,True,False,False
31,IV,backadj,ED_k1,ED,1,False,False,False,False
31,IV,backadj,ED_k2,ED,2,False,False,False,False
31,IV,backadj,ED_k3,ED,3,False,True,False,False
31,IV,backadj,FE_k1,FE,1,True,False,True,True
31,IV,backadj,FE_k2,FE,2,False,False,False,False
32,IV,ate,DR_k1,DR,1,False,True,False,False
32,IV,ate,DR_k2,DR,2,False,True,False,False
32,IV,ate,DR_k3,DR,3,False,True,False,False
32,IV,ate,ED_k1,ED,1,False,False,False,False
32,IV,ate,ED_k2,ED,2,False,True,False,False
32,IV,ate,ED_k3,ED,3,False,True,False,False
32,IV,ate,FE_k1,FE,1,True,False,True,True
32,IV,ate,FE_k2,FE,2,False,False,False,False
33,IV,ate,DR_k1,DR,1,False,True,False,False
33,IV,ate,DR_k2,DR,2,False,True,False,False
33,IV,ate,DR_k3,DR,3,False,True,False,False
33,IV,ate,ED_k1,ED,1,False,False,False,False
33,IV,ate,ED_k2,ED,2,False,True,False,False
33,IV,ate,ED_k3,ED,3,False,False,False,False
33,IV,ate,FE_k1,FE,1,True,False,True,True
33,IV,ate,FE_k2,FE,2,False,False,False,False
34,IV,ate,DR_k1,DR,1,False,True,False,False
34,IV,ate,DR_k2,DR,2,False,True,False,False
34,IV,ate,DR_k3,DR,3,False,True,False,False
34,IV,ate,ED_k1,ED,1,False,True,False,False
34,IV,ate,ED_k2,ED,2,False,True,False,False
34,IV,ate,ED_k3,ED,3,False,True,False,False
34,IV,ate,FE_k1,FE,1,False,False,False,False
34,IV,ate,FE_k2,FE,2,False,False,False,False
35,IV,ate,DR_k1,DR,1,False,True,False,False
35,IV,ate,DR_k2,DR,2,False,True,False,False
35,IV,ate,DR_k3,DR,3,False,True,False,False
35,IV,ate,ED_k1,ED,1,False,True,False,False
35,IV,ate,ED_k2,ED,2,False,False,False,False
35,IV,ate,ED_k3,ED,3,False,True,False,False
35,IV,ate,FE_k1,FE,1,False,False,False,False
35,IV,ate,FE_k2,FE,2,False,False,False,False
36,IV,backadj,DR_k1,DR,1,False,True,False,False
36,IV,backadj,DR_k2,DR,2,False,True,False,False
36,IV,backadj,DR_k3,DR,3,False,True,False,False
36,IV,backadj,ED_k1,ED,1,True,False,True,True
36,IV,backadj,ED_k2,ED,2,False,True,False,False
36,IV,backadj,ED_k3,ED,3,False,True,False,False
36,IV,backadj,FE_k1,FE,1,True,False,True,True
36,IV,backadj,FE_k2,FE,2,False,False,False,False
37,IV,ate,DR_k1,DR,1,False,True,False,False
37,IV,ate,DR_k2,DR,2,False,True,False,False
37,IV,ate,DR_k3,DR,3,False,True,False,False
37,IV,ate,ED_k1,ED,1,False,False,False,False
37,IV,ate,ED_k2,ED,2,False,True,False,False
37,IV,ate,ED_k3,ED,3,False,True,False,False
37,IV,ate,FE_k1,FE,1,False,False,False,False
37,IV,ate,FE_k2,FE,2,False,False,False,False
38,IV,det-counterfactual,DR_k1,DR,1,False,True,False,False
38,IV,det-counterfactual,DR_k2,DR,2,False,True,False,False
38,IV,det-counterfactual,DR_k3,DR,3,False,True,False,False
38,IV,det-counterfactual,ED_k1,ED,1,False,False,False,False
38,IV,det-counterfactual,ED_k2,ED,2,False,False,False,False
38,IV,det-counterfactual,ED_k3,ED,3,False,False,False,False
38,IV,det-counterfactual,FE_k1,FE,1,False,False,False,False
38,IV,det-counterfactual,FE_k2,FE,2,False,False,False,False
39,IV,det-counterfactual,DR_k1,DR,1,False,True,False,False
39,IV,det-counterfactual,DR_k2,DR,2,False,True,False,False
39,IV,det-counterfactual,DR_k3,DR,3,False,True,False,False
39,IV,det-counterfactual,ED_k1,ED,1,False,True,False,False
39,IV,det-counterfactual,ED_k2,ED,2,False,True,False,False
39,IV,det-counterfactual,ED_k3,ED,3,False,True,False,False
39,IV,det-counterfactual,FE_k1,FE,1,True,False,True,True
39,IV,det-counterfactual,FE_k2,FE,2,False,False,False,False
40,IV,det-counterfactual,DR_k1,DR,1,False,True,False,False
40,IV,det-counterfactual,DR_k2,DR,2,False,True,False,False
40,IV,det-counterfactual,DR_k3,DR,3,False,True,False,False
40,IV,det-counterfactual,ED_k1,ED,1,True,False,True,True
40,IV,det-counterfactual,ED_k2,ED,2,False,False,False,False
40,IV,det-counterfactual,ED_k3,ED,3,False,True,False,False
40,IV,det-counterfactual,FE_k1,FE,1,True,False,True,True
40,IV,det-counterfactual,FE_k2,FE,2,False,False,False,False
41,IV,det-counterfactual,DR_k1,DR,1,False,True,False,False
41,IV,det-counterfactual,DR_k2,DR,2,False,True,False,False
41,IV,det-counterfactual,DR_k3,DR,3,False,True,False,False
41,IV,det-counterfactual,ED_k1,ED,1,False,True,False,False
41,IV,det-counterfactual,ED_k2,ED,2,False,False,False,False
41,IV,det-counterfactual,ED_k3,ED,3,False,False,False,False
41,IV,det-counterfactual,FE_k1,FE,1,True,False,True,True
41,IV,det-counterfactual,FE_k2,FE,2,False,False,False,False
42,IV,det-counterfactual,DR_k1,DR,1,False,True,False,False
42,IV,det-counterfactual,DR_k2,DR,2,False,True,False,False
42,IV,det-counterfactual,DR_k3,DR,3,False,True,False,False
42,IV,det-counterfactual,ED_k1,ED,1,False,False,False,False
42,IV,det-counterfactual,ED_k2,ED,2,False,False,False,False
42,IV,det-counterfactual,ED_k3,ED,3,False,True,False,False
42,IV,det-counterfactual,FE_k1,FE,1,False,False,False,False
42,IV,det-counterfactual,FE_k2,FE,2,False,False,False,False
43,IV,det-counterfactual,DR_k1,DR,1,False,True,False,False
43,IV,det-counterfactual,DR_k2,DR,2,False,True,False,False
43,IV,det-counterfactual,DR_k3,DR,3,False,True,False,False
43,IV,det-counterfactual,ED_k1,ED,1,False,False,False,False
43,IV,det-counterfactual,ED_k2,ED,2,False,True,False,False
43,IV,det-counterfactual,ED_k3,ED,3,False,True,False,False
43,IV,det-counterfactual,FE_k1,FE,1,True,False,True,True
43,IV,det-counterfactual,FE_k2,FE,2,False,False,False,False
44,IV,det-counterfactual,DR_k1,DR,1,False,True,False,False
44,IV,det-counterfactual,DR_k2,DR,2,False,True,False,False
44,IV,det-counterfactual,DR_k3,DR,3,False,True,False,False
44,IV,det-counterfactual,ED_k1,ED,1,False,True,False,False
44,IV,det-counterfactual,ED_k2,ED,2,False,False,False,False
44,IV,det-counterfactual,ED_k3,ED,3,False,True,False,False
44,IV,det-counterfactual,FE_k1,FE,1,True,False,True,True
44,IV,det-counterfactual,FE_k2,FE,2,False,False,False,False
45,IV,det-counterfactual,DR_k1,DR,1,False,True,False,False
45,IV,det-counterfactual,DR_k2,DR,2,False,True,False,False
45,IV,det-counterfactual,DR_k3,DR,3,False,True,False,False
45,IV,det-counterfactual,ED_k1,ED,1,False,False,False,False
45,IV,det-counterfactual,ED_k2,ED,2,False,True,False,False
45,IV,det-counterfactual,ED_k3,ED,3,False,True,False,False
45,IV,det-counterfactual,FE_k1,FE,1,True,False,True,True
45,IV,det-counterfactual,FE_k2,FE,2,False,False,False,False
46,IV,det-counterfactual,DR_k1,DR,1,False,True,False,False
46,IV,det-counterfactual,DR_k2,DR,2,False,True,False,False
46,IV,det-counterfactual,DR_k3,DR,3,False,True,False,False
46,IV,det-counterfactual,ED_k1,ED,1,False,False,False,False
46,IV,det-counterfactual,ED_k2,ED,2,False,True,False,False
46,IV,det-counterfactual,ED_k3,ED,3,False,True,False,False
46,IV,det-counterfactual,FE_k1,FE,1,False,False,False,False
46,IV,det-counterfactual,FE_k2,FE,2,False,False,False,False
47,IV,det-counterfactual,DR_k1,DR,1,False,True,False,False
47,IV,det-counterfactual,DR_k2,DR,2,False,True,False,False
47,IV,det-counterfactual,DR_k3,DR,3,False,True,False,False
47,IV,det-counterfactual,ED_k1,ED,1,False,True,False,False
47,IV,det-counterfactual,ED_k2,ED,2,False,False,False,False
47,IV,det-counterfactual,ED_k3,ED,3,False,False,False,False
47,IV,det-counterfactual,FE_k1,FE,1,True,False,True,True
47,IV,det-counterfactual,FE_k2,FE,2,False,False,False,False
48,IV,det-counterfactual,DR_k1,DR,1,False,True,False,False
48,IV,det-counterfactual,DR_k2,DR,2,False,True,False,False
48,IV,det-counterfactual,DR_k3,DR,3,False,True,False,False
48,IV,det-counterfactual,ED_k1,ED,1,False,True,False,False
48,IV,det-counterfactual,ED_k2,ED,2,False,True,False,False
48,IV,det-counterfactual,ED_k3,ED,3,False,True,False,False
48,IV,det-counterfactual,FE_k1,FE,1,True,False,True,True
48,IV,det-counterfactual,FE_k2,FE,2,False,False,False,False
49,IV,det-counterfactual,DR_k1,DR,1,False,True,False,False
49,IV,det-counterfactual,DR_k2,DR,2,False,True,False,False
49,IV,det-counterfactual,DR_k3,DR,3,False,True,False,False
49,IV,det-counterfactual,ED_k1,ED,1,True,False,True,True
49,IV,det-counterfactual,ED_k2,ED,2,False,True,False,False
49,IV,det-counterfactual,ED_k3,ED,3,False,True,False,False
49,IV,det-counterfactual,FE_k1,FE,1,True,False,True,True
49,IV,det-counterfactual,FE_k2,FE,2,False,False,False,False
50,IV,det-counterfactual,DR_k1,DR,1,False,True,False,False
50,IV,det-counterfactual,DR_k2,DR,2,False,True,False,False
50,IV,det-counterfactual,DR_k3,DR,3,False,True,False,False
50,IV,det-counterfactual,ED_k1,ED,1,True,False,True,True
50,IV,det-counterfactual,ED_k2,ED,2,False,True,False,False
50,IV,det-counterfactual,ED_k3,ED,3,False,True,False,False
50,IV,det-counterfactual,FE_k1,FE,1,True,False,True,True
50,IV,det-counterfactual,FE_k2,FE,2,False,False,False,False
51,IV,det-counterfactual,DR_k1,DR,1,False,True,False,False
51,IV,det-counterfactual,DR_k2,DR,2,False,True,False,False
51,IV,det-counterfactual,DR_k3,DR,3,False,True,False,False
51,IV,det-counterfactual,ED_k1,ED,1,False,False,False,False
51,IV,det-counterfactual,ED_k2,ED,2,False,False,False,False
51,IV,det-counterfactual,ED_k3,ED,3,False,True,False,False
51,IV,det-counterfactual,FE_k1,FE,1,True,False,True,True
51,IV,det-counterfactual,FE_k2,FE,2,False,False,False,False
52,IV,det-counterfactual,DR_k1,DR,1,False,True,False,False
52,IV,det-counterfactual,DR_k2,DR,2,False,True,False,False
52,IV,det-counterfactual,DR_k3,DR,3,False,True,False,False
52,IV,det-counterfactual,ED_k1,ED,1,False,False,False,False
52,IV,det-counterfactual,ED_k2,ED,2,False,False,False,False
52,IV,det-counterfactual,ED_k3,ED,3,False,True,False,False
52,IV,det-counterfactual,FE_k1,FE,1,True,False,True,True
52,IV,det-counterfactual,FE_k2,FE,2,False,False,False,False
53,IV,det-counterfactual,DR_k1,DR,1,False,True,False,False
53,IV,det-counterfactual,DR_k2,DR,2,False,True,False,False
53,IV,det-counterfactual,DR_k3,DR,3,False,True,False,False
53,IV,det-counterfactual,ED_k1,ED,1,True,False,True,True
53,IV,det-counterfactual,ED_k2,ED,2,False,False,False,False
53,IV,det-counterfactual,ED_k3,ED,3,False,True,False,False
53,IV,det-counterfactual,FE_k1,FE,1,False,False,False,False
53,IV,det-counterfactual,FE_k2,FE,2,False,False,False,False
54,IV,det-counterfactual,DR_k1,DR,1,False,True,False,False
54,IV,det-counterfactual,DR_k2,DR,2,False,True,False,False
54,IV,det-counterfactual,DR_k3,DR,3,False,True,False,False
54,IV,det-counterfactual,ED_k1,ED,1,False,True,False,False
54,IV,det-counterfactual,ED_k2,ED,2,False,False,False,False
54,IV,det-counterfactual,ED_k3,ED,3,False,True,False,False
54,IV,det-counterfactual,FE_k1,FE,1,True,False,True,True
54,IV,det-counterfactual,FE_k2,FE,2,False,False,False,False
55,IV,det-counterfactual,DR_k1,DR,1,False,True,False,False
55,IV,det-counterfactual,DR_k2,DR,2,False,True,False,False
55,IV,det-counterfactual,DR_k3,DR,3,False,True,False,False
55,IV,det-counterfactual,ED_k1,ED,1,False,False,False,False
55,IV,det-counterfactual,ED_k2,ED,2,False,False,False,False
55,IV,det-counterfactual,ED_k3,ED,3,False,True,False,False
55,IV,det-counterfactual,FE_k1,FE,1,False,False,False,False
55,IV,det-counterfactual,FE_k2,FE,2,False,False,False,False
56,IV,det-counterfactual,DR_k1,DR,1,False,True,False,False
56,IV,det-counterfactual,DR_k2,DR,2,False,True,False,False
56,IV,det-counterfactual,DR_k3,DR,3,False,True,False,False
56,IV,det-counterfactual,ED_k1,ED,1,False,True,False,False
56,IV,det-counterfactual,ED_k2,ED,2,False,True,False,False
56,IV,det-counterfactual,ED_k3,ED,3,False,True,False,False
56,IV,det-counterfactual,FE_k1,FE,1,True,False,True,True
56,IV,det-counterfactual,FE_k2,FE,2,False,False,False,False
57,arrowhead,marginal,DR_k1,DR,1,False,True,False,False
57,arrowhead,marginal,DR_k2,DR,2,False,True,False,False
57,arrowhead,marginal,DR_k3,DR,3,False,True,False,False
57,arrowhead,marginal,ED_k1,ED,1,False,True,False,False
57,arrowhead,marginal,ED_k2,ED,2,False,True,False,False
57,arrowhead,marginal,ED_k3,ED,3,False,True,False,False
57,arrowhead,marginal,FE_k1,FE,1,False,False,False,False
58,arrowhead,correlation,DR_k1,DR,1,False,True,False,False
58,arrowhead,correlation,DR_k2,DR,2,False,True,False,False
58,arrowhead,correlation,DR_k3,DR,3,False,True,False,False
58,arrowhead,correlation,ED_k1,ED,1,True,True,False,True
58,arrowhead,correlation,ED_k2,ED,2,True,True,False,True
58,arrowhead,correlation,ED_k3,ED,3,False,True,False,False
58,arrowhead,correlation,FE_k1,FE,1,False,True,False,False
59,arrowhead,marginal,DR_k1,DR,1,False,True,False,False
59,arrowhead,marginal,DR_k2,DR,2,False,True,False,False
59,arrowhead,marginal,DR_k3,DR,3,False,True,False,False
59,arrowhead,marginal,ED_k1,ED,1,True,False,True,True
59,arrowhead,marginal,ED_k2,ED,2,False,True,False,False
59,arrowhead,marginal,ED_k3,ED,3,True,True,False,True
59,arrowhead,marginal,FE_k1,FE,1,False,True,False,False
60,arrowhead,marginal,DR_k1,DR,1,False,True,False,False
60,arrowhead,marginal,DR_k2,DR,2,False,True,False,False
60,arrowhead,marginal,DR_k3,DR,3,False,True,False,False
60,arrowhead,marginal,ED_k1,ED,1,False,True,False,False
60,arrowhead,marginal,ED_k2,ED,2,False,True,False,False
60,arrowhead,marginal,ED_k3,ED,3,False,True,False,False
60,arrowhead,marginal,FE_k1,FE,1,False,True,False,False
61,arrowhead,marginal,DR_k1,DR,1,False,True,False,False
61,arrowhead,marginal,DR_k2,DR,2,False,True,False,False
61,arrowhead,marginal,DR_k3,DR,3,False,True,False,False
61,arrowhead,marginal,ED_k1,ED,1,True,True,False,True
61,arrowhead,marginal,ED_k2,ED,2,False,True,False,False
61,arrowhead,marginal,ED_k3,ED,3,False,True,False,False
61,arrowhead,marginal,FE_k1,FE,1,False,False,False,False
62,arrowhead,marginal,DR_k1,DR,1,True,True,False,True
62,arrowhead,marginal,DR_k2,DR,2,False,True,False,False
62,arrowhead,marginal,DR_k3,DR,3,False,True,False,False
62,arrowhead,marginal,ED_k1,ED,1,True,True,False,True
62,arrowhead,marginal,ED_k2,ED,2,False,True,False,False
62,arrowhead,marginal,ED_k3,ED,3,False,True,False,False
62,arrowhead,marginal,FE_k1,FE,1,False,False,False,False
63,arrowhead,marginal,DR_k1,DR,1,True,True,False,True
63,arrowhead,marginal,DR_k2,DR,2,False,True,False,False
63,arrowhead,marginal,DR_k3,DR,3,False,True,False,False
63,arrowhead,marginal,ED_k1,ED,1,True,True,False,True
63,arrowhead,marginal,ED_k2,ED,2,True,False,True,True
63,arrowhead,marginal,ED_k3,ED,3,False,True,False,False
63,arrowhead,marginal,FE_k1,FE,1,False,True,False,False
64,arrowhead,correlation,DR_k1,DR,1,True,True,False,True
64,arrowhead,correlation,DR_k2,DR,2,False,True,False,False
64,arrowhead,correlation,DR_k3,DR,3,False,True,False,False
64,arrowhead,correlation,ED_k1,ED,1,True,True,False,True
64,arrowhead,correlation,ED_k2,ED,2,True,True,False,True
64,arrowhead,correlation,ED_k3,ED,3,False,True,False,False
64,arrowhead,correlation,FE_k1,FE,1,False,False,False,False
65,arrowhead,marginal,DR_k1,DR,1,False,True,False,False
65,arrowhead,marginal,DR_k2,DR,2,False,True,False,False
65,arrowhead,marginal,DR_k3,DR,3,False,True,False,False
65,arrowhead,marginal,ED_k1,ED,1,True,True,False,True
65,arrowhead,marginal,ED_k2,ED,2,False,True,False,False
65,arrowhead,marginal,ED_k3,ED,3,False,True,False,False
65,arrowhead,marginal,FE_k1,FE,1,False,False,False,False
66,arrowhead,correlation,DR_k1,DR,1,False,True,False,False
66,arrowhead,correlation,DR_k2,DR,2,False,True,False,False
66,arrowhead,correlation,DR_k3,DR,3,False,True,False,False
66,arrowhead,correlation,ED_k1,ED,1,True,True,False,True
66,arrowhead,correlation,ED_k2,ED,2,True,False,True,True
66,arrowhead,correlation,ED_k3,ED,3,False,True,False,False
66,arrowhead,correlation,FE_k1,FE,1,False,False,False,False
67,arrowhead,marginal,DR_k1,DR,1,False,True,False,False
67,arrowhead,marginal,DR_k2,DR,2,False,True,False,False
67,arrowhead,marginal,DR_k3,DR,3,False,True,False,False
67,arrowhead,marginal,ED_k1,ED,1,True,False,True,True
67,arrowhead,marginal,ED_k2,ED,2,False,True,False,False
67,arrowhead,marginal,ED_k3,ED,3,False,True,False,False
67,arrowhead,marginal,FE_k1,FE,1,False,True,False,False
68,arrowhead,correlation,DR_k1,DR,1,True,True,False,True
68,arrowhead,correlation,DR_k2,DR,2,False,True,False,False
68,arrowhead,correlation,DR_k3,DR,3,False,True,False,False
68,arrowhead,correlation,ED_k1,ED,1,True,False,True,True
68,arrowhead,correlation,ED_k2,ED,2,False,True,False,False
68,arrowhead,correlation,ED_k3,ED,3,True,True,False,True
68,arrowhead,correlation,FE_k1,FE,1,False,False,False,False
69,arrowhead,marginal,DR_k1,DR,1,False,True,False,False
69,arrowhead,marginal,DR_k2,DR,2,False,True,False,False
69,arrowhead,marginal,DR_k3,DR,3,False,True,False,False
69,arrowhead,marginal,ED_k1,ED,1,True,True,False,True
69,arrowhead,marginal,ED_k2,ED,2,False,True,False,False
69,arrowhead,marginal,ED_k3,ED,3,False,True,False,False
69,arrowhead,marginal,FE_k1,FE,1,False,True,False,False
70,arrowhead,correlation,DR_k1,DR,1,True,True,False,True
70,arrowhead,correlation,DR_k2,DR,2,False,True,False,False
70,arrowhead,correlation,DR_k3,DR,3,False,True,False,False
70,arrowhead,correlation,ED_k1,ED,1,True,False,True,True
70,arrowhead,correlation,ED_k2,ED,2,True,True,False,True
70,arrowhead,correlation,ED_k3,ED,3,False,True,False,False
70,arrowhead,correlation,FE_k1,FE,1,False,False,False,False
71,arrowhead,correlation,DR_k1,DR,1,True,True,False,True
71,arrowhead,correlation,DR_k2,DR,2,False,True,False,False
71,arrowhead,correlation,DR_k3,DR,3,False,True,False,False
71,arrowhead,correlation,ED_k1,ED,1,True,False,True,True
71,arrowhead,correlation,ED_k2,ED,2,True,False,True,True
71,arrowhead,correlation,ED_k3,ED,3,True,True,False,True
71,arrowhead,correlation,FE_k1,FE,1,False,True,False,False
72,arrowhead,correlation,DR_k1,DR,1,True,True,False,True
72,arrowhead,correlation,DR_k2,DR,2,False,True,False,False
72,arrowhead,correlation,DR_k3,DR,3,False,True,False,False
72,arrowhead,correlation,ED_k1,ED,1,False,True,False,False
72,arrowhead,correlation,ED_k2,ED,2,True,True,False,True
72,arrowhead,correlation,ED_k3,ED,3,True,True,False,True
72,arrowhead,correlation,FE_k1,FE,1,False,False,False,False
73,arrowhead,marginal,DR_k1,DR,1,False,True,False,False
73,arrowhead,marginal,DR_k2,DR,2,False,True,False,False
73,arrowhead,marginal,DR_k3,DR,3,False,True,False,False
73,arrowhead,marginal,ED_k1,ED,1,True,False,True,True
73,arrowhead,marginal,ED_k2,ED,2,True,True,False,True
73,arrowhead,marginal,ED_k3,ED,3,False,True,False,False
73,arrowhead,marginal,FE_k1,FE,1,False,True,False,False
74,arrowhead,correlation,DR_k1,DR,1,False,True,False,False
74,arrowhead,correlation,DR_k2,DR,2,False,True,False,False
74,arrowhead,correlation,DR_k3,DR,3,False,True,False,False
74,arrowhead,correlation,ED_k1,ED,1,True,False,True,True
74,arrowhead,correlation,ED_k2,ED,2,False,True,False,False
74,arrowhead,correlation,ED_k3,ED,3,False,True,False,False
74,arrowhead,correlation,FE_k1,FE,1,False,False,False,False
75,arrowhead,marginal,DR_k1,DR,1,True,True,False,True
75,arrowhead,marginal,DR_k2,DR,2,False,True,False,False
75,arrowhead,marginal,DR_k3,DR,3,False,True,False,False
75,arrowhead,marginal,ED_k1,ED,1,True,False,True,True
75,arrowhead,marginal,ED_k2,ED,2,False,True,False,False
75,arrowhead,marginal,ED_k3,ED,3,False,True,False,False
75,arrowhead,marginal,FE_k1,FE,1,False,False,False,False
76,arrowhead,backadj,DR_k1,DR,1,False,True,False,False
76,arrowhead,backadj,DR_k2,DR,2,False,True,False,False
76,arrowhead,backadj,DR_k3,DR,3,False,True,False,False
76,arrowhead,backadj,ED_k1,ED,1,True,False,True,True
76,arrowhead,backadj,ED_k2,ED,2,True,True,False,True
76,arrowhead,backadj,ED_k3,ED,3,False,True,False,False
76,arrowhead,backadj,FE_k1,FE,1,False,False,False,False
77,arrowhead,backadj,DR_k1,DR,1,True,True,False,True
77,arrowhead,backadj,DR_k2,DR,2,False,True,False,False
77,arrowhead,backadj,DR_k3,DR,3,False,True,False,False
77,arrowhead,backadj,ED_k1,ED,1,True,False,True,True
77,arrowhead,backadj,ED_k2,ED,2,True,True,False,True
77,arrowhead,backadj,ED_k3,ED,3,False,True,False,False
77,arrowhead,backadj,FE_k1,FE,1,False,False,False,False
78,arrowhead,backadj,DR_k1,DR,1,True,True,False,True
78,arrowhead,backadj,DR_k2,DR,2,False,True,False,False
78,arrowhead,backadj,DR_k3,DR,3,False,True,False,False
78,arrowhead,backadj,ED_k1,ED,1,True,False,True,True
78,arrowhead,backadj,ED_k2,ED,2,True,True,False,True
78,arrowhead,backadj,ED_k3,ED,3,False,True,False,False
78,arrowhead,backadj,FE_k1,FE,1,False,False,False,False
79,arrowhead,backadj,DR_k1,DR,1,False,True,False,False
79,arrowhead,backadj,DR_k2,DR,2,False,True,False,False
79,arrowhead,backadj,DR_k3,DR,3,False,True,False,False
79,arrowhead,backadj,ED_k1,ED,1,False,True,False,False
79,arrowhead,backadj,ED_k2,ED,2,False,True,False,False
79,arrowhead,backadj,ED_k3,ED,3,False,True,False,False
79,arrowhead,backadj,FE_k1,FE,1,False,True,False,False
80,arrowhead,ate,DR_k1,DR,1,False,True,False,False
80,arrowhead,ate,DR_k2,DR,2,False,True,False,False
80,arrowhead,ate,DR_k3,DR,3,False,True,False,False
80,arrowhead,ate,ED_k1,ED,1,True,False,True,True
80,arrowhead,ate,ED_k2,ED,2,False,True,False,False
80,arrowhead,ate,ED_k3,ED,3,True,True,False,True
80,arrowhead,ate,FE_k1,FE,1,False,True,False,False
81,arrowhead,ate,DR_k1,DR,1,False,True,False,False
81,arrowhead,ate,DR_k2,DR,2,False,True,False,False
81,arrowhead,ate,DR_k3,DR,3,False,True,False,False
81,arrowhead,ate,ED_k1,ED,1,True,False,True,True
81,arrowhead,ate,ED_k2,ED,2,False,True,False,False
81,arrowhead,ate,ED_k3,ED,3,False,True,False,False
81,arrowhead,ate,FE_k1,FE,1,False,False,False,False
82,arrowhead,ate,DR_k1,DR,1,True,True,False,True
82,arrowhead,ate,DR_k2,DR,2,False,True,False,False
82,arrowhead,ate,DR_k3,DR,3,False,True,False,False
82,arrowhead,ate,ED_k1,ED,1,True,False,True,True
82,arrowhead,ate,ED_k2,ED,2,True,True,False,True
82,arrowhead,ate,ED_k3,ED,3,False,True,False,False
82,arrowhead,ate,FE_k1,FE,1,False,True,False,False
83,arrowhead,ate,DR_k1,DR,1,False,True,False,False
83,arrowhead,ate,DR_k2,DR,2,False,True,False,False
83,arrowhead,ate,DR_k3,DR,3,False,True,False,False
83,arrowhead,ate,ED_k1,ED,1,True,False,True,True
83,arrowhead,ate,ED_k2,ED,2,True,True,False,True
83,arrowhead,ate,ED_k3,ED,3,True,True,False,True
83,arrowhead,ate,FE_k1,FE,1,False,False,False,False
84,arrowhead,backadj,DR_k1,DR,1,False,True,False,False
84,arrowhead,backadj,DR_k2,DR,2,False,True,False,False
84,arrowhead,backadj,DR_k3,DR,3,False,True,False,False
84,arrowhead,backadj,ED_k1,ED,1,True,False,True,True
84,arrowhead,backadj,ED_k2,ED,2,True,False,True,True
84,arrowhead,backadj,ED_k3,ED,3,True,True,False,True
84,arrowhead,backadj,FE_k1,FE,1,False,False,False,False
85,arrowhead,backadj,DR_k1,DR,1,False,True,False,False
85,arrowhead,backadj,DR_k2,DR,2,False,True,False,False
85,arrowhead,backadj,DR_k3,DR,3,False,True,False,False
85,arrowhead,backadj,ED_k1,ED,1,False,True,False,False
85,arrowhead,backadj,ED_k2,ED,2,True,True,False,True
85,arrowhead,backadj,ED_k3,ED,3,False,True,False,False
85,arrowhead,backadj,FE_k1,FE,1,False,False,False,False
86,arrowhead,ate,DR_k1,DR,1,True,True,False,True
86,arrowhead,ate,DR_k2,DR,2,False,True,False,False
86,arrowhead,ate,DR_k3,DR,3,False,True,False,False
86,arrowhead,ate,ED_k1,ED,1,True,True,False,True
86,arrowhead,ate,ED_k2,ED,2,True,True,False,True
86,arrowhead,ate,ED_k3,ED,3,False,True,False,False
86,arrowhead,ate,FE_k1,FE,1,False,True,False,False
87,arrowhead,ate,DR_k1,DR,1,False,True,False,False
87,arrowhead,ate,DR_k2,DR,2,False,True,False,False
87,arrowhead,ate,DR_k3,DR,3,False,True,False,False
87,arrowhead,ate,ED_k1,ED,1,True,True,False,True
87,arrowhead,ate,ED_k2,ED,2,False,True,False,False
87,arrowhead,ate,ED_k3,ED,3,False,True,False,False
87,arrowhead,ate,FE_k1,FE,1,False,True,False,False
88,arrowhead,ate,DR_k1,DR,1,True,True,False,True
88,arrowhead,ate,DR_k2,DR,2,False,True,False,False
88,arrowhead,ate,DR_k3,DR,3,False,True,False,False
88,arrowhead,ate,ED_k1,ED,1,False,True,False,False
88,arrowhead,ate,ED_k2,ED,2,False,True,False,False
88,arrowhead,ate,ED_k3,ED,3,False,True,False,False
88,arrowhead,ate,FE_k1,FE,1,False,True,False,False
89,arrowhead,ate,DR_k1,DR,1,False,True,False,False
89,arrowhead,ate,DR_k2,DR,2,False,True,False,False
89,arrowhead,ate,DR_k3,DR,3,False,True,False,False
89,arrowhead,ate,ED_k1,ED,1,True,False,True,True
89,arrowhead,ate,ED_k2,ED,2,False,True,False,False
89,arrowhead,ate,ED_k3,ED,3,False,True,False,False
89,arrowhead,ate,FE_k1,FE,1,False,False,False,False
90,arrowhead,backadj,DR_k1,DR,1,False,True,False,False
90,arrowhead,backadj,DR_k2,DR,2,False,True,False,False
90,arrowhead,backadj,DR_k3,DR,3,False,True,False,False
90,arrowhead,backadj,ED_k1,ED,1,False,True,False,False
90,arrowhead,backadj,ED_k2,ED,2,False,True,False,False
90,arrowhead,backadj,ED_k3,ED,3,False,True,False,False
90,arrowhead,backadj,FE_k1,FE,1,False,False,False,False
91,arrowhead,ate,DR_k1,DR,1,False,True,False,False
91,arrowhead,ate,DR_k2,DR,2,False,True,False,False
91,arrowhead,ate,DR_k3,DR,3,False,True,False,False
91,arrowhead,ate,ED_k1,ED,1,True,True,False,True
91,arrowhead,ate,ED_k2,ED,2,True,True,False,True
91,arrowhead,ate,ED_k3,ED,3,True,True,False,True
91,arrowhead,ate,FE_k1,FE,1,False,False,False,False
92,arrowhead,backadj,DR_k1,DR,1,False,True,False,False
92,arrowhead,backadj,DR_k2,DR,2,False,True,False,False
92,arrowhead,backadj,DR_k3,DR,3,False,True,False,False
92,arrowhead,backadj,ED_k1,ED,1,True,False,True,True
92,arrowhead,backadj,ED_k2,ED,2,True,True,False,True
92,arrowhead,backadj,ED_k3,ED,3,False,True,False,False
92,arrowhead,backadj,FE_k1,FE,1,False,False,False,False
93,arrowhead,backadj,DR_k1,DR,1,False,True,False,False
93,arrowhead,backadj,DR_k2,DR,2,False,True,False,False
93,arrowhead,backadj,DR_k3,DR,3,False,True,False,False
93,arrowhead,backadj,ED_k1,ED,1,False,True,False,False
93,arrowhead,backadj,ED_k2,ED,2,False,True,False,False
93,arrowhead,backadj,ED_k3,ED,3,False,True,False,False
93,arrowhead,backadj,FE_k1,FE,1,False,True,False,False
94,arrowhead,ate,DR_k1,DR,1,False,True,False,False
94,arrowhead,ate,DR_k2,DR,2,False,True,False,False
94,arrowhead,ate,DR_k3,DR,3,False,True,False,False
94,arrowhead,ate,ED_k1,ED,1,True,False,True,True
94,arrowhead,ate,ED_k2,ED,2,True,True,False,True
94,arrowhead,ate,ED_k3,ED,3,False,True,False,False
94,arrowhead,ate,FE_k1,FE,1,False,False,False,False
95,arrowhead,nde,DR_k1,DR,1,False,True,False,False
95,arrowhead,nde,DR_k2,DR,2,False,True,False,False
95,arrowhead,nde,DR_k3,DR,3,False,True,False,False
95,arrowhead,nde,ED_k1,ED,1,False,True,False,False
95,arrowhead,nde,ED_k2,ED,2,True,False,True,True
95,arrowhead,nde,ED_k3,ED,3,False,True,False,False
95,arrowhead,nde,FE_k1,FE,1,False,False,False,False
96,arrowhead,ett,DR_k1,DR,1,True,True,False,True
96,arrowhead,ett,DR_k2,DR,2,False,True,False,False
96,arrowhead,ett,DR_k3,DR,3,False,True,False,False
96,arrowhead,ett,ED_k1,ED,1,False,True,False,False
96,arrowhead,ett,ED_k2,ED,2,True,True,False,True
96,arrowhead,ett,ED_k3,ED,3,False,True,False,False
96,arrowhead,ett,FE_k1,FE,1,False,False,False,False
97,arrowhead,nde,DR_k1,DR,1,False,True,False,False
97,arrowhead,nde,DR_k2,DR,2,False,True,False,False
97,arrowhead,nde,DR_k3,DR,3,False,True,False,False
97,arrowhead,nde,ED_k1,ED,1,True,True,False,False
97,arrowhead,nde,ED_k2,ED,2,True,True,False,False
97,arrowhead,nde,ED_k3,ED,3,False,True,False,False
97,arrowhead,nde,FE_k1,FE,1,False,False,False,False
98,arrowhead,ett,DR_k1,DR,1,True,True,False,True
98,arrowhead,ett,DR_k2,DR,2,False,True,False,False
98,arrowhead,ett,DR_k3,DR,3,False,True,False,False
98,arrowhead,ett,ED_k1,ED,1,True,True,False,True
98,arrowhead,ett,ED_k2,ED,2,False,True,False,False
98,arrowhead,ett,ED_k3,ED,3,False,True,False,False
98,arrowhead,ett,FE_k1,FE,1,False,False,False,False
99,arrowhead,ett,DR_k1,DR,1,True,True,False,True
99,arrowhead,ett,DR_k2,DR,2,False,True,False,False
99,arrowhead,ett,DR_k3,DR,3,False,True,False,False
99,arrowhead,ett,ED_k1,ED,1,True,False,True,True
99,arrowhead,ett,ED_k2,ED,2,True,True,False,True
99,arrowhead,ett,ED_k3,ED,3,False,True,False,False
99,arrowhead,ett,FE_k1,FE,1,False,False,False,False
100,arrowhead,nie,DR_k1,DR,1,False,True,False,False
100,arrowhead,nie,DR_k2,DR,2,False,True,False,False
100,arrowhead,nie,DR_k3,DR,3,False,True,False,False
100,arrowhead,nie,ED_k1,ED,1,True,False,True,True
100,arrowhead,nie,ED_k2,ED,2,True,False,True,True
100,arrowhead,nie,ED_k3,ED,3,True,True,False,False
100,arrowhead,nie,FE_k1,FE,1,False,True,False,False
101,arrowhead,det-counterfactual,DR_k1,DR,1,True,True,False,False
101,arrowhead,det-counterfactual,DR_k2,DR,2,False,True,False,False
101,arrowhead,det-counterfactual,DR_k3,DR,3,False,True,False,False
101,arrowhead,det-counterfactual,ED_k1,ED,1,True,False,True,True
101,arrowhead,det-counterfactual,ED_k2,ED,2,True,True,False,False
101,arrowhead,det-counterfactual,ED_k3,ED,3,True,True,False,False
101,arrowhead,det-counterfactual,FE_k1,FE,1,False,False,False,False
102,arrowhead,det-counterfactual,DR_k1,DR,1,True,True,False,False
102,arrowhead,det-counterfactual,DR_k2,DR,2,False,True,False,False
102,arrowhead,det-counterfactual,DR_k3,DR,3,False,True,False,False
102,arrowhead,det-counterfactual,ED_k1,ED,1,True,False,True,True
102,arrowhead,det-counterfactual,ED_k2,ED,2,False,True,False,False
102,arrowhead,det-counterfactual,ED_k3,ED,3,True,True,False,False
102,arrowhead,det-counterfactual,FE_k1,FE,1,False,True,False,False
103,arrowhead,nie,DR_k1,DR,1,False,True,False,False
103,arrowhead,nie,DR_k2,DR,2,False,True,False,False
103,arrowhead,nie,DR_k3,DR,3,False,True,False,False
103,arrowhead,nie,ED_k1,ED,1,True,True,False,False
103,arrowhead,nie,ED_k2,ED,2,True,True,False,False
103,arrowhead,nie,ED_k3,ED,3,True,True,False,False
103,arrowhead,nie,FE_k1,FE,1,False,False,False,False
104,arrowhead,ett,DR_k1,DR,1,True,True,False,True
104,arrowhead,ett,DR_k2,DR,2,False,True,False,False
104,arrowhead,ett,DR_k3,DR,3,False,True,False,False
104,arrowhead,ett,ED_k1,ED,1,True,True,False,True
104,arrowhead,ett,ED_k2,ED,2,False,True,False,False
104,arrowhead,ett,ED_k3,ED,3,False,True,False,False
104,arrowhead,ett,FE_k1,FE,1,False,True,False,False
105,arrowhead,nde,DR_k1,DR,1,True,True,False,False
105,arrowhead,nde,DR_k2,DR,2,False,True,False,False
105,arrowhead,nde,DR_k3,DR,3,False,True,False,False
105,arrowhead,nde,ED_k1,ED,1,True,False,True,True
105,arrowhead,nde,ED_k2,ED,2,True,True,False,False
105,arrowhead,nde,ED_k3,ED,3,False,True,False,False
105,arrowhead,nde,FE_k1,FE,1,False,True,False,False
106,arrowhead,ett,DR_k1,DR,1,False,True,False,False
106,arrowhead,ett,DR_k2,DR,2,False,True,False,False
106,arrowhead,ett,DR_k3,DR,3,False,True,False,False
106,arrowhead,ett,ED_k1,ED,1,True,False,True,True
106,arrowhead,ett,ED_k2,ED,2,True,True,False,True
106,arrowhead,ett,ED_k3,ED,3,False,True,False,False
106,arrowhead,ett,FE_k1,FE,1,False,False,False,False
107,arrowhead,nie,DR_k1,DR,1,False,True,False,False
107,arrowhead,nie,DR_k2,DR,2,False,True,False,False
107,arrowhead,nie,DR_k3,DR,3,False,True,False,False
107,arrowhead,nie,ED_k1,ED,1,True,True,False,False
107,arrowhead,nie,ED_k2,ED,2,True,True,False,False
107,arrowhead,nie,ED_k3,ED,3,False,True,False,False
107,arrowhead,nie,FE_k1,FE,1,False,True,False,False
108,arrowhead,nde,DR_k1,DR,1,False,True,False,False
108,arrowhead,nde,DR_k2,DR,2,False,True,False,False
108,arrowhead,nde,DR_k3,DR,3,False,True,False,False
108,arrowhead,nde,ED_k1,ED,1,True,False,True,True
108,arrowhead,nde,ED_k2,ED,2,True,True,False,False
108,arrowhead,nde,ED_k3,ED,3,True,True,False,False
108,arrowhead,nde,FE_k1,FE,1,False,True,False,False
109,arrowhead,ett,DR_k1,DR,1,False,True,False,False
109,arrowhead,ett,DR_k2,DR,2,False,True,False,False
109,arrowhead,ett,DR_k3,DR,3,False,True,False,False
109,arrowhead,ett,ED_k1,ED,1,True,False,True,True
109,arrowhead,ett,ED_k2,ED,2,False,True,False,False
109,arrowhead,ett,ED_k3,ED,3,True,True,False,True
109,arrowhead,ett,FE_k1,FE,1,False,False,False,False
110,arrowhead,ett,DR_k1,DR,1,False,True,False,False
110,arrowhead,ett,DR_k2,DR,2,False,True,False,False
110,arrowhead,ett,DR_k3,DR,3,False,True,False,False
110,arrowhead,ett,ED_k1,ED,1,True,False,True,True
110,arrowhead,ett,ED_k2,ED,2,False,True,False,False
110,arrowhead,ett,ED_k3,ED,3,True,True,False,True
110,arrowhead,ett,FE_k1,FE,1,False,True,False,False
111,arrowhead,nde,DR_k1,DR,1,False,True,False,False
111,arrowhead,nde,DR_k2,DR,2,False,True,False,False
111,arrowhead,nde,DR_k3,DR,3,False,True,False,False
111,arrowhead,nde,ED_k1,ED,1,True,True,False,False
111,arrowhead,nde,ED_k2,ED,2,True,True,False,False
111,arrowhead,nde,ED_k3,ED,3,False,True,False,False
111,arrowhead,nde,FE_k1,FE,1,False,False,False,False
112,arrowhead,nde,DR_k1,DR,1,False,True,False,False
112,arrowhead,nde,DR_k2,DR,2,False,True,False,False
112,arrowhead,nde,DR_k3,DR,3,False,True,False,False
112,arrowhead,nde,ED_k1,ED,1,True,False,True,True
112,arrowhead,nde,ED_k2,ED,2,False,True,False,False
112,arrowhead,nde,ED_k3,ED,3,False,True,False,False
112,arrowhead,nde,FE_k1,FE,1,False,False,False,False
113,arrowhead,nde,DR_k1,DR,1,True,True,False,False
113,arrowhead,nde,DR_k2,DR,2,False,True,False,False
113,arrowhead,nde,DR_k3,DR,3,False,True,False,False
113,arrowhead,nde,ED_k1,ED,1,False,True,False,False
113,arrowhead,nde,ED_k2,ED,2,True,False,True,True
113,arrowhead,nde,ED_k3,ED,3,False,True,False,False
113,arrowhead,nde,FE_k1,FE,1,False,True,False,False
114,confounding,correlation,DR_k1,DR,1,False,True,False,False
114,confounding,correlation,DR_k2,DR,2,False,True,False,False
114,confounding,correlation,DR_k3,DR,3,False,True,False,False
114,confounding,correlation,ED_k1,ED,1,False,False,False,False
114,confounding,correlation,ED_k2,ED,2,False,True,False,False
114,confounding,correlation,ED_k3,ED,3,False,True,False,False
115,confounding,marginal,DR_k1,DR,1,False,True,False,False
115,confounding,marginal,DR_k2,DR,2,False,True,False,False
115,confounding,marginal,DR_k3,DR,3,False,True,False,False
115,confounding,marginal,ED_k1,ED,1,False,False,False,False
115,confounding,marginal,ED_k2,ED,2,False,False,False,False
115,confounding,marginal,ED_k3,ED,3,False,True,False,False
116,confounding,marginal,DR_k1,DR,1,False,True,False,False
116,confounding,marginal,DR_k2,DR,2,False,True,False,False
116,confounding,marginal,DR_k3,DR,3,False,True,False,False
116,confounding,marginal,ED_k1,ED,1,False,False,False,False
116,confounding,marginal,ED_k2,ED,2,False,True,False,False
116,confounding,marginal,ED_k3,ED,3,False,True,False,False
117,confounding,marginal,DR_k1,DR,1,False,True,False,False
117,confounding,marginal,DR_k2,DR,2,False,True,False,False
117,confounding,marginal,DR_k3,DR,3,False,True,False,False
117,confounding,marginal,ED_k1,ED,1,False,True,False,False
117,confounding,marginal,ED_k2,ED,2,False,False,False,False
117,confounding,marginal,ED_k3,ED,3,False,True,False,False
118,confounding,correlation,DR_k1,DR,1,False,True,False,False
118,confounding,correlation,DR_k2,DR,2,False,True,False,False
118,confounding,correlation,DR_k3,DR,3,False,True,False,False
118,confounding,correlation,ED_k1,ED,1,False,False,False,False
118,confounding,correlation,ED_k2,ED,2,False,True,False,False
118,confounding,correlation,ED_k3,ED,3,False,True,False,False
119,confounding,correlation,DR_k1,DR,1,False,True,False,False
119,confounding,correlation,DR_k2,DR,2,False,True,False,False
119,confounding,correlation,DR_k3,DR,3,False,True,False,False
119,confounding,correlation,ED_k1,ED,1,False,False,False,False
119,confounding,correlation,ED_k2,ED,2,False,True,False,False
119,confounding,correlation,ED_k3,ED,3,False,True,False,False
120,confounding,correlation,DR_k1,DR,1,False,True,False,False
120,confounding,correlation,DR_k2,DR,2,False,True,False,False
120,confounding,correlation,DR_k3,DR,3,False,True,False,False
120,confounding,correlation,ED_k1,ED,1,False,False,False,False
120,confounding,correlation,ED_k2,ED,2,False,True,False,False
120,confounding,correlation,ED_k3,ED,3,False,True,False,False
121,confounding,correlation,DR_k1,DR,1,False,True,False,False
121,confounding,correlation,DR_k2,DR,2,False,True,False,False
121,confounding,correlation,DR_k3,DR,3,False,True,False,False
121,confounding,correlation,ED_k1,ED,1,False,False,False,False
121,confounding,correlation,ED_k2,ED,2,False,True,False,False
121,confounding,correlation,ED_k3,ED,3,False,True,False,False
122,confounding,marginal,DR_k1,DR,1,False,True,False,False
122,confounding,marginal,DR_k2,DR,2,False,True,False,False
122,confounding,marginal,DR_k3,DR,3,False,True,False,False
122,confounding,marginal,ED_k1,ED,1,False,False,False,False
122,confounding,marginal,ED_k2,ED,2,False,True,False,False
122,confounding,marginal,ED_k3,ED,3,False,True,False,False
123,confounding,correlation,DR_k1,DR,1,False,True,False,False
123,confounding,correlation,DR_k2,DR,2,False,True,False,False
123,confounding,correlation,DR_k3,DR,3,False,True,False,False
123,confounding,correlation,ED_k1,ED,1,False,False,False,False
123,confounding,correlation,ED_k2,ED,2,False,True,False,False
123,confounding,correlation,ED_k3,ED,3,False,True,False,False
124,confounding,correlation,DR_k1,DR,1,False,True,False,False
124,confounding,correlation,DR_k2,DR,2,False,True,False,False
124,confounding,correlation,DR_k3,DR,3,False,True,False,False
124,confounding,correlation,ED_k1,ED,1,False,True,False,False
124,confounding,correlation,ED_k2,ED,2,False,False,False,False
124,confounding,correlation,ED_k3,ED,3,False,True,False,False
125,confounding,marginal,DR_k1,DR,1,False,True,False,False
125,confounding,marginal,DR_k2,DR,2,False,True,False,False
125,confounding,marginal,DR_k3,DR,3,False,True,False,False
125,confounding,marginal,ED_k1,ED,1,False,False,False,False
125,confounding,marginal,ED_k2,ED,2,False,True,False,False
125,confounding,marginal,ED_k3,ED,3,False,True,False,False
126,confounding,marginal,DR_k1,DR,1,False,True,False,False
126,confounding,marginal,DR_k2,DR,2,False,True,False,False
126,confounding,marginal,DR_k3,DR,3,False,True,False,False
126,confounding,marginal,ED_k1,ED,1,False,True,False,False
126,confounding,marginal,ED_k2,ED,2,False,False,False,False
126,confounding,marginal,ED_k3,ED,3,False,True,False,False
127,confounding,correlation,DR_k1,DR,1,False,True,False,False
127,confounding,correlation,DR_k2,DR,2,False,True,False,False
127,confounding,correlation,DR_k3,DR,3,False,True,False,False
127,confounding,correlation,ED_k1,ED,1,False,False,False,False
127,confounding,correlation,ED_k2,ED,2,False,True,False,False
127,confounding,correlation,ED_k3,ED,3,False,True,False,False
128,confounding,marginal,DR_k1,DR,1,False,True,False,False
128,confounding,marginal,DR_k2,DR,2,False,True,False,False
128,confounding,marginal,DR_k3,DR,3,False,True,False,False
128,confounding,marginal,ED_k1,ED,1,False,True,False,False
128,confounding,marginal,ED_k2,ED,2,False,True,False,False
128,confounding,marginal,ED_k3,ED,3,False,True,False,False
129,confounding,marginal,DR_k1,DR,1,False,True,False,False
129,confounding,marginal,DR_k2,DR,2,False,True,False,False
129,confounding,marginal,DR_k3,DR,3,False,True,False,False
129,confounding,marginal,ED_k1,ED,1,False,True,False,False
129,confounding,marginal,ED_k2,ED,2,False,False,False,False
129,confounding,marginal,ED_k3,ED,3,False,True,False,False
130,confounding,correlation,DR_k1,DR,1,False,True,False,False
130,confounding,correlation,DR_k2,DR,2,False,True,False,False
130,confounding,correlation,DR_k3,DR,3,False,True,False,False
130,confounding,correlation,ED_k1,ED,1,False,True,False,False
130,confounding,correlation,ED_k2,ED,2,False,True,False,False
130,confounding,correlation,ED_k3,ED,3,False,True,False,False
131,confounding,correlation,DR_k1,DR,1,False,True,False,False
131,confounding,correlation,DR_k2,DR,2,False,True,False,False
131,confounding,correlation,DR_k3,DR,3,False,True,False,False
131,confounding,correlation,ED_k1,ED,1,False,True,False,False
131,confounding,correlation,ED_k2,ED,2,False,True,False,False
131,confounding,correlation,ED_k3,ED,3,False,True,False,False
132,confounding,marginal,DR_k1,DR,1,False,True,False,False
132,confounding,marginal,DR_k2,DR,2,False,True,False,False
132,confounding,marginal,DR_k3,DR,3,False,True,False,False
132,confounding,marginal,ED_k1,ED,1,False,False,False,False
132,confounding,marginal,ED_k2,ED,2,False,True,False,False
132,confounding,marginal,ED_k3,ED,3,False,True,False,False
133,confounding,ate,DR_k1,DR,1,False,True,False,False
133,confounding,ate,DR_k2,DR,2,False,True,False,False
133,confounding,ate,DR_k3,DR,3,False,True,False,False
133,confounding,ate,ED_k1,ED,1,False,False,False,False
133,confounding,ate,ED_k2,ED,2,False,True,False,False
133,confounding,ate,ED_k3,ED,3,False,True,False,False
134,confounding,backadj,DR_k1,DR,1,False,True,False,False
134,confounding,backadj,DR_k2,DR,2,False,True,False,False
134,confounding,backadj,DR_k3,DR,3,False,True,False,False
134,confounding,backadj,ED_k1,ED,1,False,True,False,False
134,confounding,backadj,ED_k2,ED,2,False,False,False,False
134,confounding,backadj,ED_k3,ED,3,False,True,False,False
135,confounding,ate,DR_k1,DR,1,False,True,False,False
135,confounding,ate,DR_k2,DR,2,False,True,False,False
135,confounding,ate,DR_k3,DR,3,False,True,False,False
135,confounding,ate,ED_k1,ED,1,False,False,False,False
135,confounding,ate,ED_k2,ED,2,False,True,False,False
135,confounding,ate,ED_k3,ED,3,False,True,False,False
136,confounding,backadj,DR_k1,DR,1,False,True,False,False
136,confounding,backadj,DR_k2,DR,2,False,True,False,False
136,confounding,backadj,DR_k3,DR,3,False,True,False,False
136,confounding,backadj,ED_k1,ED,1,False,False,False,False
136,confounding,backadj,ED_k2,ED,2,False,False,False,False
136,confounding,backadj,ED_k3,ED,3,False,True,False,False
137,confounding,backadj,DR_k1,DR,1,False,True,False,False
137,confounding,backadj,DR_k2,DR,2,False,True,False,False
137,confounding,backadj,DR_k3,DR,3,False,True,False,False
137,confounding,backadj,ED_k1,ED,1,False,False,False,False
137,confounding,backadj,ED_k2,ED,2,False,True,False,False
137,confounding,backadj,ED_k3,ED,3,False,True,False,False
138,confounding,backadj,DR_k1,DR,1,False,True,False,False
138,confounding,backadj,DR_k2,DR,2,False,True,False,False
138,confounding,backadj,DR_k3,DR,3,False,True,False,False
138,confounding,backadj,ED_k1,ED,1,False,False,False,False
138,confounding,backadj,ED_k2,ED,2,False,True,False,False
138,confounding,backadj,ED_k3,ED,3,False,True,False,False
139,confounding,ate,DR_k1,DR,1,False,True,False,False
139,confounding,ate,DR_k2,DR,2,False,True,False,False
139,confounding,ate,DR_k3,DR,3,False,True,False,False
139,confounding,ate,ED_k1,ED,1,False,False,False,False
139,confounding,ate,ED_k2,ED,2,False,True,False,False
139,confounding,ate,ED_k3,ED,3,False,True,False,False
140,confounding,backadj,DR_k1,DR,1,False,True,False,False
140,confounding,backadj,DR_k2,DR,2,False,True,False,False
140,confounding,backadj,DR_k3,DR,3,False,True,False,False
140,confounding,backadj,ED_k1,ED,1,False,True,False,False
140,confounding,backadj,ED_k2,ED,2,False,True,False,False
140,confounding,backadj,ED_k3,ED,3,False,True,False,False
141,confounding,backadj,DR_k1,DR,1,False,True,False,False
141,confounding,backadj,DR_k2,DR,2,False,True,False,False
141,confounding,backadj,DR_k3,DR,3,False,True,False,False
141,confounding,backadj,ED_k1,ED,1,False,True,False,False
141,confounding,backadj,ED_k2,ED,2,False,True,False,False
141,confounding,backadj,ED_k3,ED,3,False,True,False,False
142,confounding,ate,DR_k1,DR,1,False,True,False,False
142,confounding,ate,DR_k2,DR,2,False,True,False,False
142,confounding,ate,DR_k3,DR,3,False,True,False,False
142,confounding,ate,ED_k1,ED,1,False,True,False,False
142,confounding,ate,ED_k2,ED,2,False,False,False,False
142,confounding,ate,ED_k3,ED,3,False,True,False,False
143,confounding,ate,DR_k1,DR,1,False,True,False,False
143,confounding,ate,DR_k2,DR,2,False,True,False,False
143,confounding,ate,DR_k3,DR,3,False,True,False,False
143,confounding,ate,ED_k1,ED,1,False,False,False,False
143,confounding,ate,ED_k2,ED,2,False,True,False,False
143,confounding,ate,ED_k3,ED,3,False,True,False,False
144,confounding,backadj,DR_k1,DR,1,False,True,False,False
144,confounding,backadj,DR_k2,DR,2,False,True,False,False
144,confounding,backadj,DR_k3,DR,3,False,True,False,False
144,confounding,backadj,ED_k1,ED,1,False,True,False,False
144,confounding,backadj,ED_k2,ED,2,False,True,False,False
144,confounding,backadj,ED_k3,ED,3,False,True,False,False
145,confounding,ate,DR_k1,DR,1,False,True,False,False
145,confounding,ate,DR_k2,DR,2,False,True,False,False
145,confounding,ate,DR_k3,DR,3,False,True,False,False
145,confounding,ate,ED_k1,ED,1,False,False,False,False
145,confounding,ate,ED_k2,ED,2,False,True,False,False
145,confounding,ate,ED_k3,ED,3,False,True,False,False
146,confounding,backadj,DR_k1,DR,1,False,True,False,False
146,confounding,backadj,DR_k2,DR,2,False,True,False,False
146,confounding,backadj,DR_k3,DR,3,False,True,False,False
146,confounding,backadj,ED_k1,ED,1,False,False,False,False
146,confounding,backadj,ED_k2,ED,2,False,False,False,False
146,confounding,backadj,ED_k3,ED,3,False,True,False,False
147,confounding,backadj,DR_k1,DR,1,False,True,False,False
147,confounding,backadj,DR_k2,DR,2,False,True,False,False
147,confounding,backadj,DR_k3,DR,3,False,True,False,False
147,confounding,backadj,ED_k1,ED,1,False,False,False,False
147,confounding,backadj,ED_k2,ED,2,False,False,False,False
147,confounding,backadj,ED_k3,ED,3,False,True,False,False
148,confounding,backadj,DR_k1,DR,1,False,True,False,False
148,confounding,backadj,DR_k2,DR,2,False,True,False,False
148,confounding,backadj,DR_k3,DR,3,False,True,False,False
148,confounding,backadj,ED_k1,ED,1,False,True,False,False
148,confounding,backadj,ED_k2,ED,2,False,True,False,False
148,confounding,backadj,ED_k3,ED,3,False,True,False,False
149,confounding,backadj,DR_k1,DR,1,False,True,False,False
149,confounding,backadj,DR_k2,DR,2,False,True,False,False
149,confounding,backadj,DR_k3,DR,3,False,True,False,False
149,confounding,backadj,ED_k1,ED,1,False,True,False,False
149,confounding,backadj,ED_k2,ED,2,False,True,False,False
149,confounding,backadj,ED_k3,ED,3,False,True,False,False
150,confounding,ate,DR_k1,DR,1,False,True,False,False
150,confounding,ate,DR_k2,DR,2,False,True,False,False
150,confounding,ate,DR_k3,DR,3,False,True,False,False
150,confounding,ate,ED_k1,ED,1,False,True,False,False
150,confounding,ate,ED_k2,ED,2,False,False,False,False
150,confounding,ate,ED_k3,ED,3,False,True,False,False
151,confounding,ate,DR_k1,DR,1,False,True,False,False
151,confounding,ate,DR_k2,DR,2,False,True,False,False
151,confounding,ate,DR_k3,DR,3,False,True,False,False
151,confounding,ate,ED_k1,ED,1,False,False,False,False
151,confounding,ate,ED_k2,ED,2,False,True,False,False
151,confounding,ate,ED_k3,ED,3,False,True,False,False
152,confounding,ett,DR_k1,DR,1,False,True,False,False
152,confounding,ett,DR_k2,DR,2,False,True,False,False
152,confounding,ett,DR_k3,DR,3,False,True,False,False
152,confounding,ett,ED_k1,ED,1,False,False,False,False
152,confounding,ett,ED_k2,ED,2,False,True,False,False
152,confounding,ett,ED_k3,ED,3,False,True,False,False
153,confounding,det-counterfactual,DR_k1,DR,1,False,True,False,False
153,confounding,det-counterfactual,DR_k2,DR,2,False,True,False,False
153,confounding,det-counterfactual,DR_k3,DR,3,False,True,False,False
153,confounding,det-counterfactual,ED_k1,ED,1,False,False,False,False
153,confounding,det-counterfactual,ED_k2,ED,2,False,True,False,False
153,confounding,det-counterfactual,ED_k3,ED,3,False,True,False,False
154,confounding,ett,DR_k1,DR,1,False,True,False,False
154,confounding,ett,DR_k2,DR,2,False,True,False,False
154,confounding,ett,DR_k3,DR,3,False,True,False,False
154,confounding,ett,ED_k1,ED,1,False,False,False,False
154,confounding,ett,ED_k2,ED,2,False,True,False,False
154,confounding,ett,ED_k3,ED,3,False,True,False,False
155,confounding,ett,DR_k1,DR,1,False,True,False,False
155,confounding,ett,DR_k2,DR,2,False,True,False,False
155,confounding,ett,DR_k3,DR,3,False,True,False,False
155,confounding,ett,ED_k1,ED,1,False,False,False,False
155,confounding,ett,ED_k2,ED,2,False,False,False,False
155,confounding,ett,ED_k3,ED,3,False,True,False,False
156,confounding,det-counterfactual,DR_k1,DR,1,False,True,False,False
156,confounding,det-counterfactual,DR_k2,DR,2,False,True,False,False
156,confounding,det-counterfactual,DR_k3,DR,3,False,True,False,False
156,confounding,det-counterfactual,ED_k1,ED,1,False,False,False,False
156,confounding,det-counterfactual,ED_k2,ED,2,False,False,False,False
156,confounding,det-counterfactual,ED_k3,ED,3,False,True,False,False
157,confounding,det-counterfactual,DR_k1,DR,1,False,True,False,False
157,confounding,det-counterfactual,DR_k2,DR,2,False,True,False,False
157,confounding,det-counterfactual,DR_k3,DR,3,False,True,False,False
157,confounding,det-counterfactual,ED_k1,ED,1,False,True,False,False
157,confounding,det-counterfactual,ED_k2,ED,2,False,True,False,False
157,confounding,det-counterfactual,ED_k3,ED,3,False,True,False,False
158,confounding,ett,DR_k1,DR,1,False,True,False,False
158,confounding,ett,DR_k2,DR,2,False,True,False,False
158,confounding,ett,DR_k3,DR,3,False,True,False,False
158,confounding,ett,ED_k1,ED,1,False,True,False,False
158,confounding,ett,ED_k2,ED,2,False,True,False,False
158,confounding,ett,ED_k3,ED,3,False,True,False,False
159,confounding,ett,DR_k1,DR,1,False,True,False,False
159,confounding,ett,DR_k2,DR,2,False,True,False,False
159,confounding,ett,DR_k3,DR,3,False,True,False,False
159,confounding,ett,ED_k1,ED,1,False,True,False,False
159,confounding,ett,ED_k2,ED,2,False,False,False,False
159,confounding,ett,ED_k3,ED,3,False,True,False,False
160,confounding,ett,DR_k1,DR,1,False,True,False,False
160,confounding,ett,DR_k2,DR,2,False,True,False,False
160,confounding,ett,DR_k3,DR,3,False,True,False,False
160,confounding,ett,ED_k1,ED,1,False,False,False,False
160,confounding,ett,ED_k2,ED,2,False,True,False,False
160,confounding,ett,ED_k3,ED,3,False,True,False,False
161,confounding,det-counterfactual,DR_k1,DR,1,False,True,False,False
161,confounding,det-counterfactual,DR_k2,DR,2,False,True,False,False
161,confounding,det-counterfactual,DR_k3,DR,3,False,True,False,False
161,confounding,det-counterfactual,ED_k1,ED,1,False,False,False,False
161,confounding,det-counterfactual,ED_k2,ED,2,False,True,False,False
161,confounding,det-counterfactual,ED_k3,ED,3,False,True,False,False
162,confounding,ett,DR_k1,DR,1,False,True,False,False
162,confounding,ett,DR_k2,DR,2,False,True,False,False
162,confounding,ett,DR_k3,DR,3,False,True,False,False
162,confounding,ett,ED_k1,ED,1,False,False,False,False
162,confounding,ett,ED_k2,ED,2,False,False,False,False
162,confounding,ett,ED_k3,ED,3,False,True,False,False
163,confounding,ett,DR_k1,DR,1,False,True,False,False
163,confounding,ett,DR_k2,DR,2,False,True,False,False
163,confounding,ett,DR_k3,DR,3,False,True,False,False
163,confounding,ett,ED_k1,ED,1,False,False,False,False
163,confounding,ett,ED_k2,ED,2,False,False,False,False
163,confounding,ett,ED_k3,ED,3,False,True,False,False
164,confounding,det-counterfactual,DR_k1,DR,1,False,True,False,False
164,confounding,det-counterfactual,DR_k2,DR,2,False,True,False,False
164,confounding,det-counterfactual,DR_k3,DR,3,False,True,False,False
164,confounding,det-counterfactual,ED_k1,ED,1,False,False,False,False
164,confounding,det-counterfactual,ED_k2,ED,2,False,True,False,False
164,confounding,det-counterfactual,ED_k3,ED,3,False,True,False,False
165,confounding,ett,DR_k1,DR,1,False,True,False,False
165,confounding,ett,DR_k2,DR,2,False,True,False,False
165,confounding,ett,DR_k3,DR,3,False,True,False,False
165,confounding,ett,ED_k1,ED,1,False,False,False,False
165,confounding,ett,ED_k2,ED,2,False,False,False,False
165,confounding,ett,ED_k3,ED,3,False,True,False,False
166,confounding,det-counterfactual,DR_k1,DR,1,False,True,False,False
166,confounding,det-counterfactual,DR_k2,DR,2,False,True,False,False
166,confounding,det-counterfactual,DR_k3,DR,3,False,True,False,False
166,confounding,det-counterfactual,ED_k1,ED,1,False,False,False,False
166,confounding,det-counterfactual,ED_k2,ED,2,False,True,False,False
166,confounding,det-counterfactual,ED_k3,ED,3,False,True,False,False
167,confounding,det-counterfactual,DR_k1,DR,1,False,True,False,False
167,confounding,det-counterfactual,DR_k2,DR,2,False,True,False,False
167,confounding,det-counterfactual,DR_k3,DR,3,False,True,False,False
167,confounding,det-counterfactual,ED_k1,ED,1,False,False,False,False
167,confounding,det-counterfactual,ED_k2,ED,2,False,True,False,False
167,confounding,det-counterfactual,ED_k3,ED,3,False,True,False,False
168,confounding,det-counterfactual,DR_k1,DR,1,False,True,False,False
168,confounding,det-counterfactual,DR_k2,DR,2,False,True,False,False
168,confounding,det-counterfactual,DR_k3,DR,3,False,True,False,False
168,confounding,det-counterfactual,ED_k1,ED,1,False,False,False,False
168,confounding,det-counterfactual,ED_k2,ED,2,False,True,False,False
168,confounding,det-counterfactual,ED_k3,ED,3,False,True,False,False
169,confounding,ett,DR_k1,DR,1,False,True,False,False
169,confounding,ett,DR_k2,DR,2,False,True,False,False
169,confounding,ett,DR_k3,DR,3,False,True,False,False
169,confounding,ett,ED_k1,ED,1,False,True,False,False
169,confounding,ett,ED_k2,ED,2,False,True,False,False
169,confounding,ett,ED_k3,ED,3,False,True,False,False
170,confounding,ett,DR_k1,DR,1,False,True,False,False
170,confounding,ett,DR_k2,DR,2,False,True,False,False
170,confounding,ett,DR_k3,DR,3,False,True,False,False
170,confounding,ett,ED_k1,ED,1,False,True,False,False
170,confounding,ett,ED_k2,ED,2,False,False,False,False
170,confounding,ett,ED_k3,ED,3,False,True,False,False
171,diamond,correlation,DR_k1,DR,1,True,True,False,True
171,diamond,correlation,DR_k2,DR,2,False,True,False,False
171,diamond,correlation,DR_k3,DR,3,False,True,False,False
171,diamond,correlation,ED_k1,ED,1,True,True,False,True
171,diamond,correlation,ED_k2,ED,2,False,True,False,False
171,diamond,correlation,ED_k3,ED,3,False,True,False,False
171,diamond,correlation,FE_k1,FE,1,True,True,False,True
171,diamond,correlation,FE_k2,FE,2,True,True,False,True
172,diamond,correlation,DR_k1,DR,1,False,True,False,False
172,diamond,correlation,DR_k2,DR,2,False,True,False,False
172,diamond,correlation,DR_k3,DR,3,False,True,False,False
172,diamond,correlation,ED_k1,ED,1,True,True,False,True
172,diamond,correlation,ED_k2,ED,2,False,True,False,False
172,diamond,correlation,ED_k3,ED,3,False,True,False,False
172,diamond,correlation,FE_k1,FE,1,True,True,False,True
172,diamond,correlation,FE_k2,FE,2,True,True,False,True
173,diamond,correlation,DR_k1,DR,1,True,True,False,True
173,diamond,correlation,DR_k2,DR,2,False,True,False,False
173,diamond,correlation,DR_k3,DR,3,False,True,False,False
173,diamond,correlation,ED_k1,ED,1,True,True,False,True
173,diamond,correlation,ED_k2,ED,2,False,True,False,False
173,diamond,correlation,ED_k3,ED,3,False,True,False,False
173,diamond,correlation,FE_k1,FE,1,True,True,False,True
173,diamond,correlation,FE_k2,FE,2,True,True,False,True
174,diamond,marginal,DR_k1,DR,1,False,True,False,False
174,diamond,marginal,DR_k2,DR,2,False,True,False,False
174,diamond,marginal,DR_k3,DR,3,False,True,False,False
174,diamond,marginal,ED_k1,ED,1,False,True,False,False
174,diamond,marginal,ED_k2,ED,2,False,True,False,False
174,diamond,marginal,ED_k3,ED,3,False,True,False,False
174,diamond,marginal,FE_k1,FE,1,True,True,False,True
174,diamond,marginal,FE_k2,FE,2,True,True,False,True
175,diamond,correlation,DR_k1,DR,1,False,True,False,False
175,diamond,correlation,DR_k2,DR,2,False,True,False,False
175,diamond,correlation,DR_k3,DR,3,False,True,False,False
175,diamond,correlation,ED_k1,ED,1,True,True,False,True
175,diamond,correlation,ED_k2,ED,2,False,True,False,False
175,diamond,correlation,ED_k3,ED,3,False,True,False,False
175,diamond,correlation,FE_k1,FE,1,True,True,False,True
175,diamond,correlation,FE_k2,FE,2,True,True,False,True
176,diamond,correlation,DR_k1,DR,1,False,True,False,False
176,diamond,correlation,DR_k2,DR,2,False,True,False,False
176,diamond,correlation,DR_k3,DR,3,False,True,False,False
176,diamond,correlation,ED_k1,ED,1,True,True,False,True
176,diamond,correlation,ED_k2,ED,2,False,True,False,False
176,diamond,correlation,ED_k3,ED,3,False,True,False,False
176,diamond,correlation,FE_k1,FE,1,True,True,False,True
176,diamond,correlation,FE_k2,FE,2,True,True,False,True
177,diamond,marginal,DR_k1,DR,1,False,True,False,False
177,diamond,marginal,DR_k2,DR,2,False,True,False,False
177,diamond,marginal,DR_k3,DR,3,False,True,False,False
177,diamond,marginal,ED_k1,ED,1,False,True,False,False
177,diamond,marginal,ED_k2,ED,2,False,True,False,False
177,diamond,marginal,ED_k3,ED,3,False,True,False,False
177,diamond,marginal,FE_k1,FE,1,True,True,False,True
177,diamond,marginal,FE_k2,FE,2,True,True,False,True
178,diamond,correlation,DR_k1,DR,1,False,True,False,False
178,diamond,correlation,DR_k2,DR,2,False,True,False,False
178,diamond,correlation,DR_k3,DR,3,False,True,False,False
178,diamond,correlation,ED_k1,ED,1,True,True,False,True
178,diamond,correlation,ED_k2,ED,2,False,True,False,False
178,diamond,correlation,ED_k3,ED,3,False,True,False,False
178,diamond,correlation,FE_k1,FE,1,True,True,False,True
178,diamond,correlation,FE_k2,FE,2,True,True,False,True
179,diamond,marginal,DR_k1,DR,1,False,True,False,False
179,diamond,marginal,DR_k2,DR,2,False,True,False,False
179,diamond,marginal,DR_k3,DR,3,False,True,False,False
179,diamond,marginal,ED_k1,ED,1,False,True,False,False
179,diamond,marginal,ED_k2,ED,2,False,True,False,False
179,diamond,marginal,ED_k3,ED,3,False,True,False,False
179,diamond,marginal,FE_k1,FE,1,True,True,False,True
179,diamond,marginal,FE_k2,FE,2,True,True,False,True
180,diamond,correlation,DR_k1,DR,1,False,True,False,False
180,diamond,correlation,DR_k2,DR,2,False,True,False,False
180,diamond,correlation,DR_k3,DR,3,False,True,False,False
180,diamond,correlation,ED_k1,ED,1,False,True,False,False
180,diamond,correlation,ED_k2,ED,2,False,True,False,False
180,diamond,correlation,ED_k3,ED,3,False,True,False,False
180,diamond,correlation,FE_k1,FE,1,True,True,False,True
180,diamond,correlation,FE_k2,FE,2,True,True,False,True
181,diamond,marginal,DR_k1,DR,1,False,True,False,False
181,diamond,marginal,DR_k2,DR,2,False,True,False,False
181,diamond,marginal,DR_k3,DR,3,False,True,False,False
181,diamond,marginal,ED_k1,ED,1,True,True,False,True
181,diamond,marginal,ED_k2,ED,2,False,True,False,False
181,diamond,marginal,ED_k3,ED,3,False,True,False,False
181,diamond,marginal,FE_k1,FE,1,True,True,False,True
181,diamond,marginal,FE_k2,FE,2,True,True,False,True
182,diamond,correlation,DR_k1,DR,1,False,True,False,False
182,diamond,correlation,DR_k2,DR,2,False,True,False,False
182,diamond,correlation,DR_k3,DR,3,False,True,False,False
182,diamond,correlation,ED_k1,ED,1,True,True,False,True
182,diamond,correlation,ED_k2,ED,2,False,True,False,False
182,diamond,correlation,ED_k3,ED,3,False,True,False,False
182,diamond,correlation,FE_k1,FE,1,True,True,False,True
182,diamond,correlation,FE_k2,FE,2,True,True,False,True
183,diamond,correlation,DR_k1,DR,1,False,True,False,False
183,diamond,correlation,DR_k2,DR,2,False,True,False,False
183,diamond,correlation,DR_k3,DR,3,False,True,False,False
183,diamond,correlation,ED_k1,ED,1,False,True,False,False
183,diamond,correlation,ED_k2,ED,2,False,True,False,False
183,diamond,correlation,ED_k3,ED,3,False,True,False,False
183,diamond,correlation,FE_k1,FE,1,True,True,False,True
183,diamond,correlation,FE_k2,FE,2,True,True,False,True
184,diamond,correlation,DR_k1,DR,1,True,True,False,True
184,diamond,correlation,DR_k2,DR,2,False,True,False,False
184,diamond,correlation,DR_k3,DR,3,False,True,False,False
184,diamond,correlation,ED_k1,ED,1,True,True,False,True
184,diamond,correlation,ED_k2,ED,2,False,True,False,False
184,diamond,correlation,ED_k3,ED,3,False,True,False,False
184,diamond,correlation,FE_k1,FE,1,True,True,False,True
184,diamond,correlation,FE_k2,FE,2,True,True,False,True
185,diamond,marginal,DR_k1,DR,1,True,True,False,True
185,diamond,marginal,DR_k2,DR,2,False,True,False,False
185,diamond,marginal,DR_k3,DR,3,False,True,False,False
185,diamond,marginal,ED_k1,ED,1,True,True,False,True
185,diamond,marginal,ED_k2,ED,2,False,True,False,False
185,diamond,marginal,ED_k3,ED,3,False,True,False,False
185,diamond,marginal,FE_k1,FE,1,True,True,False,True
185,diamond,marginal,FE_k2,FE,2,True,True,False,True
186,diamond,correlation,DR_k1,DR,1,True,True,False,True
186,diamond,correlation,DR_k2,DR,2,False,True,False,False
186,diamond,correlation,DR_k3,DR,3,False,True,False,False
186,diamond,correlation,ED_k1,ED,1,True,True,False,True
186,diamond,correlation,ED_k2,ED,2,False,True,False,False
186,diamond,correlation,ED_k3,ED,3,False,True,False,False
186,diamond,correlation,FE_k1,FE,1,True,True,False,True
186,diamond,correlation,FE_k2,FE,2,True,True,False,True
187,diamond,correlation,DR_k1,DR,1,False,True,False,False
187,diamond,correlation,DR_k2,DR,2,False,True,False,False
187,diamond,correlation,DR_k3,DR,3,False,True,False,False
187,diamond,correlation,ED_k1,ED,1,False,True,False,False
187,diamond,correlation,ED_k2,ED,2,False,True,False,False
187,diamond,correlation,ED_k3,ED,3,False,True,False,False
187,diamond,correlation,FE_k1,FE,1,True,True,False,True
187,diamond,correlation,FE_k2,FE,2,True,True,False,True
188,diamond,marginal,DR_k1,DR,1,False,True,False,False
188,diamond,marginal,DR_k2,DR,2,False,True,False,False
188,diamond,marginal,DR_k3,DR,3,False,True,False,False
188,diamond,marginal,ED_k1,ED,1,True,True,False,True
188,diamond,marginal,ED_k2,ED,2,False,True,False,False
188,diamond,marginal,ED_k3,ED,3,False,True,False,False
188,diamond,marginal,FE_k1,FE,1,True,True,False,True
188,diamond,marginal,FE_k2,FE,2,True,True,False,True
189,diamond,correlation,DR_k1,DR,1,True,True,False,True
189,diamond,correlation,DR_k2,DR,2,False,True,False,False
189,diamond,correlation,DR_k3,DR,3,False,True,False,False
189,diamond,correlation,ED_k1,ED,1,True,True,False,True
189,diamond,correlation,ED_k2,ED,2,False,True,False,False
189,diamond,correlation,ED_k3,ED,3,False,True,False,False
189,diamond,correlation,FE_k1,FE,1,True,True,False,True
189,diamond,correlation,FE_k2,FE,2,True,True,False,True
190,diamond,backadj,DR_k1,DR,1,False,True,False,False
190,diamond,backadj,DR_k2,DR,2,False,True,False,False
190,diamond,backadj,DR_k3,DR,3,False,True,False,False
190,diamond,backadj,ED_k1,ED,1,True,True,False,True
190,diamond,backadj,ED_k2,ED,2,False,True,False,False
190,diamond,backadj,ED_k3,ED,3,False,True,False,False
190,diamond,backadj,FE_k1,FE,1,True,True,False,True
190,diamond,backadj,FE_k2,FE,2,True,True,False,True
191,diamond,backadj,DR_k1,DR,1,False,True,False,False
191,diamond,backadj,DR_k2,DR,2,False,True,False,False
191,diamond,backadj,DR_k3,DR,3,False,True,False,False
191,diamond,backadj,ED_k1,ED,1,True,True,False,True
191,diamond,backadj,ED_k2,ED,2,False,True,False,False
191,diamond,backadj,ED_k3,ED,3,False,True,False,False
191,diamond,backadj,FE_k1,FE,1,True,True,False,True
191,diamond,backadj,FE_k2,FE,2,True,True,False,True
192,diamond,ate,DR_k1,DR,1,True,True,False,True
192,diamond,ate,DR_k2,DR,2,False,True,False,False
192,diamond,ate,DR_k3,DR,3,False,True,False,False
192,diamond,ate,ED_k1,ED,1,False,True,False,False
192,diamond,ate,ED_k2,ED,2,False,True,False,False
192,diamond,ate,ED_k3,ED,3,False,True,False,False
192,diamond,ate,FE_k1,FE,1,True,True,False,True
192,diamond,ate,FE_k2,FE,2,True,True,False,True
193,diamond,backadj,DR_k1,DR,1,True,True,False,True
193,diamond,backadj,DR_k2,DR,2,False,True,False,False
193,diamond,backadj,DR_k3,DR,3,False,True,False,False
193,diamond,backadj,ED_k1,ED,1,False,True,False,False
193,diamond,backadj,ED_k2,ED,2,False,True,False,False
193,diamond,backadj,ED_k3,ED,3,False,True,False,False
193,diamond,backadj,FE_k1,FE,1,True,True,False,True
193,diamond,backadj,FE_k2,FE,2,True,True,False,True
194,diamond,ate,DR_k1,DR,1,True,True,False,True
194,diamond,ate,DR_k2,DR,2,False,True,False,False
194,diamond,ate,DR_k3,DR,3,False,True,False,False
194,diamond,ate,ED_k1,ED,1,False,True,False,False
194,diamond,ate,ED_k2,ED,2,False,True,False,False
194,diamond,ate,ED_k3,ED,3,False,True,False,False
194,diamond,ate,FE_k1,FE,1,True,True,False,True
194,diamond,ate,FE_k2,FE,2,True,True,False,True
195,diamond,ate,DR_k1,DR,1,False,True,False,False
195,diamond,ate,DR_k2,DR,2,False,True,False,False
195,diamond,ate,DR_k3,DR,3,False,True,False,False
195,diamond,ate,ED_k1,ED,1,True,True,False,True
195,diamond,ate,ED_k2,ED,2,False,True,False,False
195,diamond,ate,ED_k3,ED,3,False,True,False,False
195,diamond,ate,FE_k1,FE,1,True,True,False,True
195,diamond,ate,FE_k2,FE,2,True,True,False,True
196,diamond,ate,DR_k1,DR,1,True,True,False,True
196,diamond,ate,DR_k2,DR,2,False,True,False,False
196,diamond,ate,DR_k3,DR,3,False,True,False,False
196,diamond,ate,ED_k1,ED,1,False,True,False,False
196,diamond,ate,ED_k2,ED,2,False,True,False,False
196,diamond,ate,ED_k3,ED,3,False,True,False,False
196,diamond,ate,FE_k1,FE,1,True,True,False,True
196,diamond,ate,FE_k2,FE,2,True,True,False,True
197,diamond,ate,DR_k1,DR,1,False,True,False,False
197,diamond,ate,DR_k2,DR,2,False,True,False,False
197,diamond,ate,DR_k3,DR,3,False,True,False,False
197,diamond,ate,ED_k1,ED,1,True,True,False,True
197,diamond,ate,ED_k2,ED,2,False,True,False,False
197,diamond,ate,ED_k3,ED,3,False,True,False,False
197,diamond,ate,FE_k1,FE,1,True,True,False,True
197,diamond,ate,FE_k2,FE,2,True,True,False,True
198,diamond,backadj,DR_k1,DR,1,False,True,False,False
198,diamond,backadj,DR_k2,DR,2,False,True,False,False
198,diamond,backadj,DR_k3,DR,3,False,True,False,False
198,diamond,backadj,ED_k1,ED,1,True,True,False,True
198,diamond,backadj,ED_k2,ED,2,False,True,False,False
198,diamond,backadj,ED_k3,ED,3,False,True,False,False
198,diamond,backadj,FE_k1,FE,1,True,True,False,True
198,diamond,backadj,FE_k2,FE,2,True,True,False,True
199,diamond,backadj,DR_k1,DR,1,True,True,False,True
199,diamond,backadj,DR_k2,DR,2,False,True,False,False
199,diamond,backadj,DR_k3,DR,3,False,True,False,False
199,diamond,backadj,ED_k1,ED,1,False,True,False,False
199,diamond,backadj,ED_k2,ED,2,False,True,False,False
199,diamond,backadj,ED_k3,ED,3,False,True,False,False
199,diamond,backadj,FE_k1,FE,1,True,True,False,True
199,diamond,backadj,FE_k2,FE,2,True,True,False,True
200,diamond,ate,DR_k1,DR,1,False,True,False,False
200,diamond,ate,DR_k2,DR,2,False,True,False,False
200,diamond,ate,DR_k3,DR,3,False,True,False,False
200,diamond,ate,ED_k1,ED,1,True,True,False,True
200,diamond,ate,ED_k2,ED,2,False,True,False,False
200,diamond,ate,ED_k3,ED,3,False,True,False,False
200,diamond,ate,FE_k1,FE,1,True,True,False,True
200,diamond,ate,FE_k2,FE,2,True,True,False,True
201,diamond,ate,DR_k1,DR,1,False,True,False,False
201,diamond,ate,DR_k2,DR,2,False,True,False,False
201,diamond,ate,DR_k3,DR,3,False,True,False,False
201,diamond,ate,ED_k1,ED,1,False,True,False,False
201,diamond,ate,ED_k2,ED,2,False,True,False,False
201,diamond,ate,ED_k3,ED,3,False,True,False,False
201,diamond,ate,FE_k1,FE,1,True,True,False,True
201,diamond,ate,FE_k2,FE,2,True,True,False,True
202,diamond,ate,DR_k1,DR,1,False,True,False,False
202,diamond,ate,DR_k2,DR,2,False,True,False,False
202,diamond,ate,DR_k3,DR,3,False,True,False,False
202,diamond,ate,ED_k1,ED,1,False,True,False,False
202,diamond,ate,ED_k2,ED,2,False,True,False,False
202,diamond,ate,ED_k3,ED,3,False,True,False,False
202,diamond,ate,FE_k1,FE,1,True,True,False,True
202,diamond,ate,FE_k2,FE,2,True,True,False,True
203,diamond,ate,DR_k1,DR,1,False,True,False,False
203,diamond,ate,DR_k2,DR,2,False,True,False,False
203,diamond,ate,DR_k3,DR,3,False,True,False,False
203,diamond,ate,ED_k1,ED,1,True,True,False,True
203,diamond,ate,ED_k2,ED,2,False,True,False,False
203,diamond,ate,ED_k3,ED,3,False,True,False,False
203,diamond,ate,FE_k1,FE,1,True,True,False,True
203,diamond,ate,FE_k2,FE,2,True,True,False,True
204,diamond,ate,DR_k1,DR,1,False,True,False,False
204,diamond,ate,DR_k2,DR,2,False,True,False,False
204,diamond,ate,DR_k3,DR,3,False,True,False,False
204,diamond,ate,ED_k1,ED,1,False,True,False,False
204,diamond,ate,ED_k2,ED,2,False,True,False,False
204,diamond,ate,ED_k3,ED,3,False,True,False,False
204,diamond,ate,FE_k1,FE,1,True,True,False,True
204,diamond,ate,FE_k2,FE,2,True,True,False,True
205,diamond,backadj,DR_k1,DR,1,True,True,False,True
205,diamond,backadj,DR_k2,DR,2,False,True,False,False
205,diamond,backadj,DR_k3,DR,3,False,True,False,False
205,diamond,backadj,ED_k1,ED,1,False,True,False,False
205,diamond,backadj,ED_k2,ED,2,False,True,False,False
205,diamond,backadj,ED_k3,ED,3,False,True,False,False
205,diamond,backadj,FE_k1,FE,1,True,True,False,True
205,diamond,backadj,FE_k2,FE,2,True,True,False,True
206,diamond,backadj,DR_k1,DR,1,False,True,False,False
206,diamond,backadj,DR_k2,DR,2,False,True,False,False
206,diamond,backadj,DR_k3,DR,3,False,True,False,False
206,diamond,backadj,ED_k1,ED,1,True,True,False,True
206,diamond,backadj,ED_k2,ED,2,False,True,False,False
206,diamond,backadj,ED_k3,ED,3,False,True,False,False
206,diamond,backadj,FE_k1,FE,1,True,True,False,True
206,diamond,backadj,FE_k2,FE,2,True,True,False,True
207,diamond,backadj,DR_k1,DR,1,True,True,False,True
207,diamond,backadj,DR_k2,DR,2,False,True,False,False
207,diamond,backadj,DR_k3,DR,3,False,True,False,False
207,diamond,backadj,ED_k1,ED,1,True,True,False,True
207,diamond,backadj,ED_k2,ED,2,False,True,False,False
207,diamond,backadj,ED_k3,ED,3,False,True,False,False
207,diamond,backadj,FE_k1,FE,1,True,True,False,True
207,diamond,backadj,FE_k2,FE,2,True,True,False,True
208,diamond,backadj,DR_k1,DR,1,True,True,False,True
208,diamond,backadj,DR_k2,DR,2,False,True,False,False
208,diamond,backadj,DR_k3,DR,3,False,True,False,False
208,diamond,backadj,ED_k1,ED,1,False,True,False,False
208,diamond,backadj,ED_k2,ED,2,False,True,False,False
208,diamond,backadj,ED_k3,ED,3,False,True,False,False
208,diamond,backadj,FE_k1,FE,1,True,True,False,True
208,diamond,backadj,FE_k2,FE,2,True,True,False,True
209,diamond,ett,DR_k1,DR,1,True,True,False,True
209,diamond,ett,DR_k2,DR,2,False,True,False,False
209,diamond,ett,DR_k3,DR,3,False,True,False,False
209,diamond,ett,ED_k1,ED,1,False,True,False,False
209,diamond,ett,ED_k2,ED,2,False,True,False,False
209,diamond,ett,ED_k3,ED,3,False,True,False,False
209,diamond,ett,FE_k1,FE,1,True,True,False,True
209,diamond,ett,FE_k2,FE,2,True,True,False,True
210,diamond,ett,DR_k1,DR,1,False,True,False,False
210,diamond,ett,DR_k2,DR,2,False,True,False,False
210,diamond,ett,DR_k3,DR,3,False,True,False,False
210,diamond,ett,ED_k1,ED,1,True,True,False,True
210,diamond,ett,ED_k2,ED,2,False,True,False,False
210,diamond,ett,ED_k3,ED,3,False,True,False,False
210,diamond,ett,FE_k1,FE,1,True,True,False,True
210,diamond,ett,FE_k2,FE,2,True,True,False,True
211,diamond,ett,DR_k1,DR,1,True,True,False,True
211,diamond,ett,DR_k2,DR,2,False,True,False,False
211,diamond,ett,DR_k3,DR,3,False,True,False,False
211,diamond,ett,ED_k1,ED,1,False,True,False,False
211,diamond,ett,ED_k2,ED,2,False,True,False,False
211,diamond,ett,ED_k3,ED,3,False,True,False,False
211,diamond,ett,FE_k1,FE,1,True,True,False,True
211,diamond,ett,FE_k2,FE,2,True,True,False,True
212,diamond,ett,DR_k1,DR,1,False,True,False,False
212,diamond,ett,DR_k2,DR,2,False,True,False,False
212,diamond,ett,DR_k3,DR,3,False,True,False,False
212,diamond,ett,ED_k1,ED,1,True,True,False,True
212,diamond,ett,ED_k2,ED,2,False,True,False,False
212,diamond,ett,ED_k3,ED,3,False,True,False,False
212,diamond,ett,FE_k1,FE,1,True,True,False,True
212,diamond,ett,FE_k2,FE,2,True,True,False,True
213,diamond,ett,DR_k1,DR,1,False,True,False,False
213,diamond,ett,DR_k2,DR,2,False,True,False,False
213,diamond,ett,DR_k3,DR,3,False,True,False,False
213,diamond,ett,ED_k1,ED,1,True,True,False,True
213,diamond,ett,ED_k2,ED,2,False,True,False,False
213,diamond,ett,ED_k3,ED,3,False,True,False,False
213,diamond,ett,FE_k1,FE,1,True,True,False,True
213,diamond,ett,FE_k2,FE,2,True,True,False,True
214,diamond,det-counterfactual,DR_k1,DR,1,True,True,False,False
214,diamond,det-counterfactual,DR_k2,DR,2,False,True,False,False
214,diamond,det-counterfactual,DR_k3,DR,3,False,True,False,False
214,diamond,det-counterfactual,ED_k1,ED,1,False,True,False,False
214,diamond,det-counterfactual,ED_k2,ED,2,False,True,False,False
214,diamond,det-counterfactual,ED_k3,ED,3,False,True,False,False
214,diamond,det-counterfactual,FE_k1,FE,1,True,True,False,False
214,diamond,det-counterfactual,FE_k2,FE,2,True,True,False,False
215,diamond,ett,DR_k1,DR,1,False,True,False,False
215,diamond,ett,DR_k2,DR,2,False,True,False,False
215,diamond,ett,DR_k3,DR,3,False,True,False,False
215,diamond,ett,ED_k1,ED,1,False,True,False,False
215,diamond,ett,ED_k2,ED,2,False,True,False,False
215,diamond,ett,ED_k3,ED,3,False,True,False,False
215,diamond,ett,FE_k1,FE,1,True,True,False,True
215,diamond,ett,FE_k2,FE,2,True,True,False,True
216,diamond,nie,DR_k1,DR,1,True,True,False,False
216,diamond,nie,DR_k2,DR,2,False,True,False,False
216,diamond,nie,DR_k3,DR,3,False,True,False,False
216,diamond,nie,ED_k1,ED,1,True,True,False,False
216,diamond,nie,ED_k2,ED,2,False,True,False,False
216,diamond,nie,ED_k3,ED,3,False,True,False,False
216,diamond,nie,FE_k1,FE,1,True,True,False,False
216,diamond,nie,FE_k2,FE,2,True,True,False,False
217,diamond,det-counterfactual,DR_k1,DR,1,False,True,False,False
217,diamond,det-counterfactual,DR_k2,DR,2,False,True,False,False
217,diamond,det-counterfactual,DR_k3,DR,3,False,True,False,False
217,diamond,det-counterfactual,ED_k1,ED,1,True,True,False,False
217,diamond,det-counterfactual,ED_k2,ED,2,False,True,False,False
217,diamond,det-counterfactual,ED_k3,ED,3,False,True,False,False
217,diamond,det-counterfactual,FE_k1,FE,1,True,True,False,False
217,diamond,det-counterfactual,FE_k2,FE,2,True,True,False,False
218,diamond,nie,DR_k1,DR,1,True,True,False,False
218,diamond,nie,DR_k2,DR,2,False,True,False,False
218,diamond,nie,DR_k3,DR,3,False,True,False,False
218,diamond,nie,ED_k1,ED,1,True,True,False,False
218,diamond,nie,ED_k2,ED,2,False,True,False,False
218,diamond,nie,ED_k3,ED,3,False,True,False,False
218,diamond,nie,FE_k1,FE,1,True,True,False,False
218,diamond,nie,FE_k2,FE,2,True,True,False,False
219,diamond,nie,DR_k1,DR,1,False,True,False,False
219,diamond,nie,DR_k2,DR,2,False,True,False,False
219,diamond,nie,DR_k3,DR,3,False,True,False,False
219,diamond,nie,ED_k1,ED,1,False,True,False,False
219,diamond,nie,ED_k2,ED,2,False,True,False,False
219,diamond,nie,ED_k3,ED,3,False,True,False,False
219,diamond,nie,FE_k1,FE,1,True,True,False,False
219,diamond,nie,FE_k2,FE,2,True,True,False,False
220,diamond,ett,DR_k1,DR,1,True,True,False,True
220,diamond,ett,DR_k2,DR,2,False,True,False,False
220,diamond,ett,DR_k3,DR,3,False,True,False,False
220,diamond,ett,ED_k1,ED,1,True,True,False,True
220,diamond,ett,ED_k2,ED,2,False,True,False,False
220,diamond,ett,ED_k3,ED,3,False,True,False,False
220,diamond,ett,FE_k1,FE,1,True,True,False,True
220,diamond,ett,FE_k2,FE,2,True,True,False,True
221,diamond,ett,DR_k1,DR,1,True,True,False,True
221,diamond,ett,DR_k2,DR,2,False,True,False,False
221,diamond,ett,DR_k3,DR,3,False,True,False,False
221,diamond,ett,ED_k1,ED,1,True,True,False,True
221,diamond,ett,ED_k2,ED,2,False,True,False,False
221,diamond,ett,ED_k3,ED,3,False,True,False,False
221,diamond,ett,FE_k1,FE,1,True,True,False,True
221,diamond,ett,FE_k2,FE,2,True,True,False,True
222,diamond,nie,DR_k1,DR,1,True,True,False,False
222,diamond,nie,DR_k2,DR,2,False,True,False,False
222,diamond,nie,DR_k3,DR,3,False,True,False,False
222,diamond,nie,ED_k1,ED,1,False,True,False,False
222,diamond,nie,ED_k2,ED,2,False,True,False,False
222,diamond,nie,ED_k3,ED,3,False,True,False,False
222,diamond,nie,FE_k1,FE,1,True,True,False,False
222,diamond,nie,FE_k2,FE,2,True,True,False,False
223,diamond,nie,DR_k1,DR,1,True,True,False,False
223,diamond,nie,DR_k2,DR,2,False,True,False,False
223,diamond,nie,DR_k3,DR,3,False,True,False,False
223,diamond,nie,ED_k1,ED,1,True,True,False,False
223,diamond,nie,ED_k2,ED,2,False,True,False,False
223,diamond,nie,ED_k3,ED,3,False,True,False,False
223,diamond,nie,FE_k1,FE,1,True,True,False,False
223,diamond,nie,FE_k2,FE,2,True,True,False,False
224,diamond,det-counterfactual,DR_k1,DR,1,True,True,False,False
224,diamond,det-counterfactual,DR_k2,DR,2,False,True,False,False
224,diamond,det-counterfactual,DR_k3,DR,3,False,True,False,False
224,diamond,det-counterfactual,ED_k1,ED,1,False,True,False,False
224,diamond,det-counterfactual,ED_k2,ED,2,False,True,False,False
224,diamond,det-counterfactual,ED_k3,ED,3,False,True,False,False
224,diamond,det-counterfactual,FE_k1,FE,1,True,True,False,False
224,diamond,det-counterfactual,FE_k2,FE,2,True,True,False,False
225,diamond,det-counterfactual,DR_k1,DR,1,True,True,False,False
225,diamond,det-counterfactual,DR_k2,DR,2,False,True,False,False
225,diamond,det-counterfactual,DR_k3,DR,3,False,True,False,False
225,diamond,det-counterfactual,ED_k1,ED,1,False,True,False,False
225,diamond,det-counterfactual,ED_k2,ED,2,False,True,False,False
225,diamond,det-counterfactual,ED_k3,ED,3,False,True,False,False
225,diamond,det-counterfactual,FE_k1,FE,1,True,True,False,False
225,diamond,det-counterfactual,FE_k2,FE,2,True,True,False,False
226,diamond,ett,DR_k1,DR,1,True,True,False,True
226,diamond,ett,DR_k2,DR,2,False,True,False,False
226,diamond,ett,DR_k3,DR,3,False,True,False,False
226,diamond,ett,ED_k1,ED,1,False,True,False,False
226,diamond,ett,ED_k2,ED,2,False,True,False,False
226,diamond,ett,ED_k3,ED,3,False,True,False,False
226,diamond,ett,FE_k1,FE,1,True,True,False,True
226,diamond,ett,FE_k2,FE,2,True,True,False,True
227,diamond,ett,DR_k1,DR,1,False,True,False,False
227,diamond,ett,DR_k2,DR,2,False,True,False,False
227,diamond,ett,DR_k3,DR,3,False,True,False,False
227,diamond,ett,ED_k1,ED,1,False,True,False,False
227,diamond,ett,ED_k2,ED,2,False,True,False,False
227,diamond,ett,ED_k3,ED,3,False,True,False,False
227,diamond,ett,FE_k1,FE,1,True,True,False,True
227,diamond,ett,FE_k2,FE,2,True,True,False,True
228,diamondcut,correlation,DR_k1,DR,1,False,True,False,False
228,diamondcut,correlation,DR_k2,DR,2,False,True,False,False
228,diamondcut,correlation,DR_k3,DR,3,False,True,False,False
228,diamondcut,correlation,ED_k1,ED,1,False,False,False,False
228,diamondcut,correlation,ED_k2,ED,2,False,False,False,False
228,diamondcut,correlation,ED_k3,ED,3,False,True,False,False
228,diamondcut,correlation,FE_k1,FE,1,False,True,False,False
228,diamondcut,correlation,FE_k2,FE,2,False,True,False,False
229,diamondcut,correlation,DR_k1,DR,1,False,True,False,False
229,diamondcut,correlation,DR_k2,DR,2,False,True,False,False
229,diamondcut,correlation,DR_k3,DR,3,False,True,False,False
229,diamondcut,correlation,ED_k1,ED,1,False,False,False,False
229,diamondcut,correlation,ED_k2,ED,2,False,True,False,False
229,diamondcut,correlation,ED_k3,ED,3,False,True,False,False
229,diamondcut,correlation,FE_k1,FE,1,False,True,False,False
229,diamondcut,correlation,FE_k2,FE,2,False,True,False,False
230,diamondcut,marginal,DR_k1,DR,1,False,True,False,False
230,diamondcut,marginal,DR_k2,DR,2,False,True,False,False
230,diamondcut,marginal,DR_k3,DR,3,False,True,False,False
230,diamondcut,marginal,ED_k1,ED,1,False,False,False,False
230,diamondcut,marginal,ED_k2,ED,2,False,False,False,False
230,diamondcut,marginal,ED_k3,ED,3,False,True,False,False
230,diamondcut,marginal,FE_k1,FE,1,False,False,False,False
230,diamondcut,marginal,FE_k2,FE,2,False,False,False,False
231,diamondcut,correlation,DR_k1,DR,1,False,True,False,False
231,diamondcut,correlation,DR_k2,DR,2,False,True,False,False
231,diamondcut,correlation,DR_k3,DR,3,False,True,False,False
231,diamondcut,correlation,ED_k1,ED,1,False,False,False,False
231,diamondcut,correlation,ED_k2,ED,2,False,False,False,False
231,diamondcut,correlation,ED_k3,ED,3,False,True,False,False
231,diamondcut,correlation,FE_k1,FE,1,False,False,False,False
231,diamondcut,correlation,FE_k2,FE,2,False,False,False,False
232,diamondcut,marginal,DR_k1,DR,1,False,True,False,False
232,diamondcut,marginal,DR_k2,DR,2,False,True,False,False
232,diamondcut,marginal,DR_k3,DR,3,False,True,False,False
232,diamondcut,marginal,ED_k1,ED,1,False,True,False,False
232,diamondcut,marginal,ED_k2,ED,2,False,False,False,False
232,diamondcut,marginal,ED_k3,ED,3,False,False,False,False
232,diamondcut,marginal,FE_k1,FE,1,False,False,False,False
232,diamondcut,marginal,FE_k2,FE,2,False,False,False,False
233,diamondcut,correlation,DR_k1,DR,1,False,True,False,False
233,diamondcut,correlation,DR_k2,DR,2,False,True,False,False
233,diamondcut,correlation,DR_k3,DR,3,False,True,False,False
233,diamondcut,correlation,ED_k1,ED,1,False,False,False,False
233,diamondcut,correlation,ED_k2,ED,2,False,False,False,False
233,diamondcut,correlation,ED_k3,ED,3,False,True,False,False
233,diamondcut,correlation,FE_k1,FE,1,False,False,False,False
233,diamondcut,correlation,FE_k2,FE,2,False,True,False,False
234,diamondcut,marginal,DR_k1,DR,1,True,False,True,True
234,diamondcut,marginal,DR_k2,DR,2,False,True,False,False
234,diamondcut,marginal,DR_k3,DR,3,False,True,False,False
234,diamondcut,marginal,ED_k1,ED,1,False,False,False,False
234,diamondcut,marginal,ED_k2,ED,2,False,True,False,False
234,diamondcut,marginal,ED_k3,ED,3,False,True,False,False
234,diamondcut,marginal,FE_k1,FE,1,False,False,False,False
234,diamondcut,marginal,FE_k2,FE,2,False,True,False,False
235,diamondcut,correlation,DR_k1,DR,1,False,True,False,False
235,diamondcut,correlation,DR_k2,DR,2,False,True,False,False
235,diamondcut,correlation,DR_k3,DR,3,False,True,False,False
235,diamondcut,correlation,ED_k1,ED,1,False,False,False,False
235,diamondcut,correlation,ED_k2,ED,2,False,False,False,False
235,diamondcut,correlation,ED_k3,ED,3,False,True,False,False
235,diamondcut,correlation,FE_k1,FE,1,False,False,False,False
235,diamondcut,correlation,FE_k2,FE,2,False,False,False,False
236,diamondcut,marginal,DR_k1,DR,1,False,True,False,False
236,diamondcut,marginal,DR_k2,DR,2,False,True,False,False
236,diamondcut,marginal,DR_k3,DR,3,False,True,False,False
236,diamondcut,marginal,ED_k1,ED,1,False,False,False,False
236,diamondcut,marginal,ED_k2,ED,2,False,False,False,False
236,diamondcut,marginal,ED_k3,ED,3,False,True,False,False
236,diamondcut,marginal,FE_k1,FE,1,False,False,False,False
236,diamondcut,marginal,FE_k2,FE,2,False,True,False,False
237,diamondcut,correlation,DR_k1,DR,1,True,False,True,True
237,diamondcut,correlation,DR_k2,DR,2,False,True,False,False
237,diamondcut,correlation,DR_k3,DR,3,False,True,False,False
237,diamondcut,correlation,ED_k1,ED,1,False,True,False,False
237,diamondcut,correlation,ED_k2,ED,2,False,True,False,False
237,diamondcut,correlation,ED_k3,ED,3,False,True,False,False
237,diamondcut,correlation,FE_k1,FE,1,False,True,False,False
237,diamondcut,correlation,FE_k2,FE,2,False,False,False,False
238,diamondcut,correlation,DR_k1,DR,1,False,True,False,False
238,diamondcut,correlation,DR_k2,DR,2,False,True,False,False
238,diamondcut,correlation,DR_k3,DR,3,False,True,False,False
238,diamondcut,correlation,ED_k1,ED,1,False,False,False,False
238,diamondcut,correlation,ED_k2,ED,2,False,False,False,False
238,diamondcut,correlation,ED_k3,ED,3,False,True,False,False
238,diamondcut,correlation,FE_k1,FE,1,False,True,False,False
238,diamondcut,correlation,FE_k2,FE,2,False,False,False,False
239,diamondcut,marginal,DR_k1,DR,1,False,True,False,False
239,diamondcut,marginal,DR_k2,DR,2,False,True,False,False
239,diamondcut,marginal,DR_k3,DR,3,False,True,False,False
239,diamondcut,marginal,ED_k1,ED,1,False,False,False,False
239,diamondcut,marginal,ED_k2,ED,2,False,True,False,False
239,diamondcut,marginal,ED_k3,ED,3,False,True,False,False
239,diamondcut,marginal,FE_k1,FE,1,False,False,False,False
239,diamondcut,marginal,FE_k2,FE,2,False,True,False,False
240,diamondcut,marginal,DR_k1,DR,1,False,True,False,False
240,diamondcut,marginal,DR_k2,DR,2,False,True,False,False
240,diamondcut,marginal,DR_k3,DR,3,False,True,False,False
240,diamondcut,marginal,ED_k1,ED,1,False,False,False,False
240,diamondcut,marginal,ED_k2,ED,2,False,True,False,False
240,diamondcut,marginal,ED_k3,ED,3,False,True,False,False
240,diamondcut,marginal,FE_k1,FE,1,False,True,False,False
240,diamondcut,marginal,FE_k2,FE,2,False,False,False,False
241,diamondcut,correlation,DR_k1,DR,1,True,False,True,True
241,diamondcut,correlation,DR_k2,DR,2,False,True,False,False
241,diamondcut,correlation,DR_k3,DR,3,False,True,False,False
241,diamondcut,correlation,ED_k1,ED,1,False,True,False,False
241,diamondcut,correlation,ED_k2,ED,2,False,False,False,False
241,diamondcut,correlation,ED_k3,ED,3,False,False,False,False
241,diamondcut,correlation,FE_k1,FE,1,False,False,False,False
241,diamondcut,correlation,FE_k2,FE,2,False,True,False,False
242,diamondcut,correlation,DR_k1,DR,1,False,True,False,False
242,diamondcut,correlation,DR_k2,DR,2,False,True,False,False
242,diamondcut,correlation,DR_k3,DR,3,False,True,False,False
242,diamondcut,correlation,ED_k1,ED,1,False,False,False,False
242,diamondcut,correlation,ED_k2,ED,2,False,False,False,False
242,diamondcut,correlation,ED_k3,ED,3,False,False,False,False
242,diamondcut,correlation,FE_k1,FE,1,False,True,False,False
242,diamondcut,correlation,FE_k2,FE,2,False,False,False,False
243,diamondcut,marginal,DR_k1,DR,1,False,True,False,False
243,diamondcut,marginal,DR_k2,DR,2,False,True,False,False
243,diamondcut,marginal,DR_k3,DR,3,False,True,False,False
243,diamondcut,marginal,ED_k1,ED,1,False,False,False,False
243,diamondcut,marginal,ED_k2,ED,2,False,True,False,False
243,diamondcut,marginal,ED_k3,ED,3,False,True,False,False
243,diamondcut,marginal,FE_k1,FE,1,False,True,False,False
243,diamondcut,marginal,FE_k2,FE,2,False,True,False,False
244,diamondcut,marginal,DR_k1,DR,1,False,True,False,False
244,diamondcut,marginal,DR_k2,DR,2,False,True,False,False
244,diamondcut,marginal,DR_k3,DR,3,False,True,False,False
244,diamondcut,marginal,ED_k1,ED,1,False,False,False,False
244,diamondcut,marginal,ED_k2,ED,2,False,False,False,False
244,diamondcut,marginal,ED_k3,ED,3,False,False,False,False
244,diamondcut,marginal,FE_k1,FE,1,False,True,False,False
244,diamondcut,marginal,FE_k2,FE,2,False,False,False,False
245,diamondcut,correlation,DR_k1,DR,1,False,True,False,False
245,diamondcut,correlation,DR_k2,DR,2,False,True,False,False
245,diamondcut,correlation,DR_k3,DR,3,False,True,False,False
245,diamondcut,correlation,ED_k1,ED,1,False,False,False,False
245,diamondcut,correlation,ED_k2,ED,2,False,False,False,False
245,diamondcut,correlation,ED_k3,ED,3,False,True,False,False
245,diamondcut,correlation,FE_k1,FE,1,False,True,False,False
245,diamondcut,correlation,FE_k2,FE,2,False,True,False,False
246,diamondcut,marginal,DR_k1,DR,1,False,True,False,False
246,diamondcut,marginal,DR_k2,DR,2,False,True,False,False
246,diamondcut,marginal,DR_k3,DR,3,False,True,False,False
246,diamondcut,marginal,ED_k1,ED,1,False,False,False,False
246,diamondcut,marginal,ED_k2,ED,2,False,False,False,False
246,diamondcut,marginal,ED_k3,ED,3,False,True,False,False
246,diamondcut,marginal,FE_k1,FE,1,False,False,False,False
246,diamondcut,marginal,FE_k2,FE,2,False,False,False,False
247,diamondcut,ate,DR_k1,DR,1,False,True,False,False
247,diamondcut,ate,DR_k2,DR,2,False,True,False,False
247,diamondcut,ate,DR_k3,DR,3,False,True,False,False
247,diamondcut,ate,ED_k1,ED,1,False,False,False,False
247,diamondcut,ate,ED_k2,ED,2,False,True,False,False
247,diamondcut,ate,ED_k3,ED,3,False,True,False,False
247,diamondcut,ate,FE_k1,FE,1,False,False,False,False
247,diamondcut,ate,FE_k2,FE,2,False,True,False,False
248,diamondcut,backadj,DR_k1,DR,1,True,False,True,True
248,diamondcut,backadj,DR_k2,DR,2,False,True,False,False
248,diamondcut,backadj,DR_k3,DR,3,False,True,False,False
248,diamondcut,backadj,ED_k1,ED,1,False,False,False,False
248,diamondcut,backadj,ED_k2,ED,2,False,True,False,False
248,diamondcut,backadj,ED_k3,ED,3,False,True,False,False
248,diamondcut,backadj,FE_k1,FE,1,False,False,False,False
248,diamondcut,backadj,FE_k2,FE,2,False,True,False,False
249,diamondcut,ate,DR_k1,DR,1,False,True,False,False
249,diamondcut,ate,DR_k2,DR,2,False,True,False,False
249,diamondcut,ate,DR_k3,DR,3,False,True,False,False
249,diamondcut,ate,ED_k1,ED,1,False,False,False,False
249,diamondcut,ate,ED_k2,ED,2,False,False,False,False
249,diamondcut,ate,ED_k3,ED,3,False,False,False,False
249,diamondcut,ate,FE_k1,FE,1,False,False,False,False
249,diamondcut,ate,FE_k2,FE,2,False,True,False,False
250,diamondcut,backadj,DR_k1,DR,1,False,True,False,False
250,diamondcut,backadj,DR_k2,DR,2,False,True,False,False
250,diamondcut,backadj,DR_k3,DR,3,False,True,False,False
250,diamondcut,backadj,ED_k1,ED,1,False,True,False,False
250,diamondcut,backadj,ED_k2,ED,2,False,True,False,False
250,diamondcut,backadj,ED_k3,ED,3,False,True,False,False
250,diamondcut,backadj,FE_k1,FE,1,False,False,False,False
250,diamondcut,backadj,FE_k2,FE,2,False,True,False,False
251,diamondcut,backadj,DR_k1,DR,1,False,True,False,False
251,diamondcut,backadj,DR_k2,DR,2,False,True,False,False
251,diamondcut,backadj,DR_k3,DR,3,False,True,False,False
251,diamondcut,backadj,ED_k1,ED,1,False,True,False,False
251,diamondcut,backadj,ED_k2,ED,2,False,False,False,False
251,diamondcut,backadj,ED_k3,ED,3,False,True,False,False
251,diamondcut,backadj,FE_k1,FE,1,False,False,False,False
251,diamondcut,backadj,FE_k2,FE,2,False,False,False,False
252,diamondcut,backadj,DR_k1,DR,1,False,True,False,False
252,diamondcut,backadj,DR_k2,DR,2,False,True,False,False
252,diamondcut,backadj,DR_k3,DR,3,False,True,False,False
252,diamondcut,backadj,ED_k1,ED,1,False,False,False,False
252,diamondcut,backadj,ED_k2,ED,2,False,False,False,False
252,diamondcut,backadj,ED_k3,ED,3,False,True,False,False
252,diamondcut,backadj,FE_k1,FE,1,False,True,False,False
252,diamondcut,backadj,FE_k2,FE,2,False,True,False,False
253,diamondcut,backadj,DR_k1,DR,1,False,True,False,False
253,diamondcut,backadj,DR_k2,DR,2,False,True,False,False
253,diamondcut,backadj,DR_k3,DR,3,False,True,False,False
253,diamondcut,backadj,ED_k1,ED,1,False,False,False,False
253,diamondcut,backadj,ED_k2,ED,2,False,True,False,False
253,diamondcut,backadj,ED_k3,ED,3,False,True,False,False
253,diamondcut,backadj,FE_k1,FE,1,False,False,False,False
253,diamondcut,backadj,FE_k2,FE,2,False,True,False,False
254,diamondcut,ate,DR_k1,DR,1,True,False,True,True
254,diamondcut,ate,DR_k2,DR,2,False,True,False,False
254,diamondcut,ate,DR_k3,DR,3,False,True,False,False
254,diamondcut,ate,ED_k1,ED,1,False,True,False,False
254,diamondcut,ate,ED_k2,ED,2,False,True,False,False
254,diamondcut,ate,ED_k3,ED,3,False,False,False,False
254,diamondcut,ate,FE_k1,FE,1,False,False,False,False
254,diamondcut,ate,FE_k2,FE,2,False,False,False,False
255,diamondcut,backadj,DR_k1,DR,1,False,True,False,False
255,diamondcut,backadj,DR_k2,DR,2,False,True,False,False
255,diamondcut,backadj,DR_k3,DR,3,False,True,False,False
255,diamondcut,backadj,ED_k1,ED,1,False,False,False,False
255,diamondcut,backadj,ED_k2,ED,2,False,False,False,False
255,diamondcut,backadj,ED_k3,ED,3,False,True,False,False
255,diamondcut,backadj,FE_k1,FE,1,False,True,False,False
255,diamondcut,backadj,FE_k2,FE,2,False,False,False,False
256,diamondcut,ate,DR_k1,DR,1,False,True,False,False
256,diamondcut,ate,DR_k2,DR,2,False,True,False,False
256,diamondcut,ate,DR_k3,DR,3,False,True,False,False
256,diamondcut,ate,ED_k1,ED,1,False,False,False,False
256,diamondcut,ate,ED_k2,ED,2,False,True,False,False
256,diamondcut,ate,ED_k3,ED,3,False,True,False,False
256,diamondcut,ate,FE_k1,FE,1,False,False,False,False
256,diamondcut,ate,FE_k2,FE,2,False,True,False,False
257,diamondcut,ate,DR_k1,DR,1,False,True,False,False
257,diamondcut,ate,DR_k2,DR,2,False,True,False,False
257,diamondcut,ate,DR_k3,DR,3,False,True,False,False
257,diamondcut,ate,ED_k1,ED,1,False,True,False,False
257,diamondcut,ate,ED_k2,ED,2,False,True,False,False
257,diamondcut,ate,ED_k3,ED,3,False,True,False,False
257,diamondcut,ate,FE_k1,FE,1,False,False,False,False
257,diamondcut,ate,FE_k2,FE,2,False,False,False,False
258,diamondcut,backadj,DR_k1,DR,1,False,True,False,False
258,diamondcut,backadj,DR_k2,DR,2,False,True,False,False
258,diamondcut,backadj,DR_k3,DR,3,False,True,False,False
258,diamondcut,backadj,ED_k1,ED,1,False,True,False,False
258,diamondcut,backadj,ED_k2,ED,2,False,False,False,False
258,diamondcut,backadj,ED_k3,ED,3,False,False,False,False
258,diamondcut,backadj,FE_k1,FE,1,False,False,False,False
258,diamondcut,backadj,FE_k2,FE,2,False,False,False,False
259,diamondcut,backadj,DR_k1,DR,1,False,True,False,False
259,diamondcut,backadj,DR_k2,DR,2,False,True,False,False
259,diamondcut,backadj,DR_k3,DR,3,False,True,False,False
259,diamondcut,backadj,ED_k1,ED,1,False,True,False,False
259,diamondcut,backadj,ED_k2,ED,2,False,True,False,False
259,diamondcut,backadj,ED_k3,ED,3,False,True,False,False
259,diamondcut,backadj,FE_k1,FE,1,False,False,False,False
259,diamondcut,backadj,FE_k2,FE,2,False,True,False,False
260,diamondcut,backadj,DR_k1,DR,1,True,False,True,True
260,diamondcut,backadj,DR_k2,DR,2,False,True,False,False
260,diamondcut,backadj,DR_k3,DR,3,False,True,False,False
260,diamondcut,backadj,ED_k1,ED,1,False,False,False,False
260,diamondcut,backadj,ED_k2,ED,2,False,False,False,False
260,diamondcut,backadj,ED_k3,ED,3,False,True,False,False
260,diamondcut,backadj,FE_k1,FE,1,False,False,False,False
260,diamondcut,backadj,FE_k2,FE,2,False,False,False,False
261,diamondcut,backadj,DR_k1,DR,1,False,True,False,False
261,diamondcut,backadj,DR_k2,DR,2,False,True,False,False
261,diamondcut,backadj,DR_k3,DR,3,False,True,False,False
261,diamondcut,backadj,ED_k1,ED,1,False,False,False,False
261,diamondcut,backadj,ED_k2,ED,2,False,True,False,False
261,diamondcut,backadj,ED_k3,ED,3,False,True,False,False
261,diamondcut,backadj,FE_k1,FE,1,False,False,False,False
261,diamondcut,backadj,FE_k2,FE,2,False,False,False,False
262,diamondcut,ate,DR_k1,DR,1,True,False,True,True
262,diamondcut,ate,DR_k2,DR,2,False,True,False,False
262,diamondcut,ate,DR_k3,DR,3,False,True,False,False
262,diamondcut,ate,ED_k1,ED,1,False,False,False,False
262,diamondcut,ate,ED_k2,ED,2,False,True,False,False
262,diamondcut,ate,ED_k3,ED,3,False,True,False,False
262,diamondcut,ate,FE_k1,FE,1,False,False,False,False
262,diamondcut,ate,FE_k2,FE,2,False,False,False,False
263,diamondcut,backadj,DR_k1,DR,1,False,True,False,False
263,diamondcut,backadj,DR_k2,DR,2,False,True,False,False
263,diamondcut,backadj,DR_k3,DR,3,False,True,False,False
263,diamondcut,backadj,ED_k1,ED,1,False,False,False,False
263,diamondcut,backadj,ED_k2,ED,2,False,True,False,False
263,diamondcut,backadj,ED_k3,ED,3,False,True,False,False
263,diamondcut,backadj,FE_k1,FE,1,False,False,False,False
263,diamondcut,backadj,FE_k2,FE,2,False,False,False,False
264,diamondcut,backadj,DR_k1,DR,1,False,True,False,False
264,diamondcut,backadj,DR_k2,DR,2,False,True,False,False
264,diamondcut,backadj,DR_k3,DR,3,False,True,False,False
264,diamondcut,backadj,ED_k1,ED,1,False,False,False,False
264,diamondcut,backadj,ED_k2,ED,2,False,False,False,False
264,diamondcut,backadj,ED_k3,ED,3,False,True,False,False
264,diamondcut,backadj,FE_k1,FE,1,False,False,False,False
264,diamondcut,backadj,FE_k2,FE,2,False,False,False,False
265,diamondcut,backadj,DR_k1,DR,1,False,True,False,False
265,diamondcut,backadj,DR_k2,DR,2,False,True,False,False
265,diamondcut,backadj,DR_k3,DR,3,False,True,False,False
265,diamondcut,backadj,ED_k1,ED,1,False,False,False,False
265,diamondcut,backadj,ED_k2,ED,2,False,False,False,False
265,diamondcut,backadj,ED_k3,ED,3,False,True,False,False
265,diamondcut,backadj,FE_k1,FE,1,False,True,False,False
265,diamondcut,backadj,FE_k2,FE,2,False,True,False,False
266,diamondcut,ett,DR_k1,DR,1,False,True,False,False
266,diamondcut,ett,DR_k2,DR,2,False,True,False,False
266,diamondcut,ett,DR_k3,DR,3,False,True,False,False
266,diamondcut,ett,ED_k1,ED,1,False,False,False,False
266,diamondcut,ett,ED_k2,ED,2,False,True,False,False
266,diamondcut,ett,ED_k3,ED,3,False,False,False,False
266,diamondcut,ett,FE_k1,FE,1,False,False,False,False
266,diamondcut,ett,FE_k2,FE,2,False,False,False,False
267,diamondcut,det-counterfactual,DR_k1,DR,1,True,False,True,True
267,diamondcut,det-counterfactual,DR_k2,DR,2,False,True,False,False
267,diamondcut,det-counterfactual,DR_k3,DR,3,False,True,False,False
267,diamondcut,det-counterfactual,ED_k1,ED,1,False,False,False,False
267,diamondcut,det-counterfactual,ED_k2,ED,2,False,True,False,False
267,diamondcut,det-counterfactual,ED_k3,ED,3,False,False,False,False
267,diamondcut,det-counterfactual,FE_k1,FE,1,False,False,False,False
267,diamondcut,det-counterfactual,FE_k2,FE,2,False,False,False,False
268,diamondcut,det-counterfactual,DR_k1,DR,1,True,False,True,True
268,diamondcut,det-counterfactual,DR_k2,DR,2,False,True,False,False
268,diamondcut,det-counterfactual,DR_k3,DR,3,False,True,False,False
268,diamondcut,det-counterfactual,ED_k1,ED,1,False,False,False,False
268,diamondcut,det-counterfactual,ED_k2,ED,2,False,False,False,False
268,diamondcut,det-counterfactual,ED_k3,ED,3,False,True,False,False
268,diamondcut,det-counterfactual,FE_k1,FE,1,False,False,False,False
268,diamondcut,det-counterfactual,FE_k2,FE,2,False,False,False,False
269,diamondcut,ett,DR_k1,DR,1,False,True,False,False
269,diamondcut,ett,DR_k2,DR,2,False,True,False,False
269,diamondcut,ett,DR_k3,DR,3,False,True,False,False
269,diamondcut,ett,ED_k1,ED,1,False,False,False,False
269,diamondcut,ett,ED_k2,ED,2,False,True,False,False
269,diamondcut,ett,ED_k3,ED,3,False,True,False,False
269,diamondcut,ett,FE_k1,FE,1,False,True,False,False
269,diamondcut,ett,FE_k2,FE,2,False,False,False,False
270,diamondcut,det-counterfactual,DR_k1,DR,1,False,True,False,False
270,diamondcut,det-counterfactual,DR_k2,DR,2,False,True,False,False
270,diamondcut,det-counterfactual,DR_k3,DR,3,False,True,False,False
270,diamondcut,det-counterfactual,ED_k1,ED,1,False,False,False,False
270,diamondcut,det-counterfactual,ED_k2,ED,2,False,True,False,False
270,diamondcut,det-counterfactual,ED_k3,ED,3,False,True,False,False
270,diamondcut,det-counterfactual,FE_k1,FE,1,False,False,False,False
270,diamondcut,det-counterfactual,FE_k2,FE,2,False,False,False,False
271,diamondcut,det-counterfactual,DR_k1,DR,1,False,True,False,False
271,diamondcut,det-counterfactual,DR_k2,DR,2,False,True,False,False
271,diamondcut,det-counterfactual,DR_k3,DR,3,False,True,False,False
271,diamondcut,det-counterfactual,ED_k1,ED,1,False,False,False,False
271,diamondcut,det-counterfactual,ED_k2,ED,2,False,True,False,False
271,diamondcut,det-counterfactual,ED_k3,ED,3,False,True,False,False
271,diamondcut,det-counterfactual,FE_k1,FE,1,False,True,False,False
271,diamondcut,det-counterfactual,FE_k2,FE,2,False,True,False,False
272,diamondcut,ett,DR_k1,DR,1,False,True,False,False
272,diamondcut,ett,DR_k2,DR,2,False,True,False,False
272,diamondcut,ett,DR_k3,DR,3,False,True,False,False
272,diamondcut,ett,ED_k1,ED,1,False,True,False,False
272,diamondcut,ett,ED_k2,ED,2,False,True,False,False
272,diamondcut,ett,ED_k3,ED,3,False,True,False,False
272,diamondcut,ett,FE_k1,FE,1,False,False,False,False
272,diamondcut,ett,FE_k2,FE,2,False,False,False,False
273,diamondcut,ett,DR_k1,DR,1,False,True,False,False
273,diamondcut,ett,DR_k2,DR,2,False,True,False,False
273,diamondcut,ett,DR_k3,DR,3,False,True,False,False
273,diamondcut,ett,ED_k1,ED,1,False,False,False,False
273,diamondcut,ett,ED_k2,ED,2,False,True,False,False
273,diamondcut,ett,ED_k3,ED,3,False,False,False,False
273,diamondcut,ett,FE_k1,FE,1,False,True,False,False
273,diamondcut,ett,FE_k2,FE,2,False,True,False,False
274,diamondcut,ett,DR_k1,DR,1,False,True,False,False
274,diamondcut,ett,DR_k2,DR,2,False,True,False,False
274,diamondcut,ett,DR_k3,DR,3,False,True,False,False
274,diamondcut,ett,ED_k1,ED,1,False,False,False,False
274,diamondcut,ett,ED_k2,ED,2,False,False,False,False
274,diamondcut,ett,ED_k3,ED,3,False,True,False,False
274,diamondcut,ett,FE_k1,FE,1,False,False,False,False
274,diamondcut,ett,FE_k2,FE,2,False,True,False,False
275,diamondcut,det-counterfactual,DR_k1,DR,1,False,True,False,False
275,diamondcut,det-counterfactual,DR_k2,DR,2,False,True,False,False
275,diamondcut,det-counterfactual,DR_k3,DR,3,False,True,False,False
275,diamondcut,det-counterfactual,ED_k1,ED,1,False,False,False,False
275,diamondcut,det-counterfactual,ED_k2,ED,2,False,False,False,False
275,diamondcut,det-counterfactual,ED_k3,ED,3,False,True,False,False
275,diamondcut,det-counterfactual,FE_k1,FE,1,False,False,False,False
275,diamondcut,det-counterfactual,FE_k2,FE,2,False,True,False,False
276,diamondcut,ett,DR_k1,DR,1,False,True,False,False
276,diamondcut,ett,DR_k2,DR,2,False,True,False,False
276,diamondcut,ett,DR_k3,DR,3,False,True,False,False
276,diamondcut,ett,ED_k1,ED,1,False,False,False,False
276,diamondcut,ett,ED_k2,ED,2,False,True,False,False
276,diamondcut,ett,ED_k3,ED,3,False,False,False,False
276,diamondcut,ett,FE_k1,FE,1,False,False,False,False
276,diamondcut,ett,FE_k2,FE,2,False,True,False,False
277,diamondcut,ett,DR_k1,DR,1,True,False,True,True
277,diamondcut,ett,DR_k2,DR,2,False,True,False,False
277,diamondcut,ett,DR_k3,DR,3,False,True,False,False
277,diamondcut,ett,ED_k1,ED,1,False,False,False,False
277,diamondcut,ett,ED_k2,ED,2,False,False,False,False
277,diamondcut,ett,ED_k3,ED,3,False,True,False,False
277,diamondcut,ett,FE_k1,FE,1,False,True,False,False
277,diamondcut,ett,FE_k2,FE,2,False,True,False,False
278,diamondcut,ett,DR_k1,DR,1,False,True,False,False
278,diamondcut,ett,DR_k2,DR,2,False,True,False,False
278,diamondcut,ett,DR_k3,DR,3,False,True,False,False
278,diamondcut,ett,ED_k1,ED,1,False,False,False,False
278,diamondcut,ett,ED_k2,ED,2,False,True,False,False
278,diamondcut,ett,ED_k3,ED,3,False,True,False,False
278,diamondcut,ett,FE_k1,FE,1,False,False,False,False
278,diamondcut,ett,FE_k2,FE,2,False,True,False,False
279,diamondcut,det-counterfactual,DR_k1,DR,1,False,True,False,False
279,diamondcut,det-counterfactual,DR_k2,DR,2,False,True,False,False
279,diamondcut,det-counterfactual,DR_k3,DR,3,False,True,False,False
279,diamondcut,det-counterfactual,ED_k1,ED,1,False,False,False,False
279,diamondcut,det-counterfactual,ED_k2,ED,2,False,True,False,False
279,diamondcut,det-counterfactual,ED_k3,ED,3,False,True,False,False
279,diamondcut,det-counterfactual,FE_k1,FE,1,False,True,False,False
279,diamondcut,det-counterfactual,FE_k2,FE,2,False,False,False,False
280,diamondcut,ett,DR_k1,DR,1,True,False,True,True
280,diamondcut,ett,DR_k2,DR,2,False,True,False,False
280,diamondcut,ett,DR_k3,DR,3,False,True,False,False
280,diamondcut,ett,ED_k1,ED,1,False,False,False,False
280,diamondcut,ett,ED_k2,ED,2,False,True,False,False
280,diamondcut,ett,ED_k3,ED,3,False,True,False,False
280,diamondcut,ett,FE_k1,FE,1,False,True,False,False
280,diamondcut,ett,FE_k2,FE,2,False,True,False,False
281,diamondcut,ett,DR_k1,DR,1,False,True,False,False
281,diamondcut,ett,DR_k2,DR,2,False,True,False,False
281,diamondcut,ett,DR_k3,DR,3,False,True,False,False
281,diamondcut,ett,ED_k1,ED,1,False,True,False,False
281,diamondcut,ett,ED_k2,ED,2,False,True,False,False
281,diamondcut,ett,ED_k3,ED,3,False,True,False,False
281,diamondcut,ett,FE_k1,FE,1,False,False,False,False
281,diamondcut,ett,FE_k2,FE,2,False,False,False,False
282,diamondcut,ett,DR_k1,DR,1,False,True,False,False
282,diamondcut,ett,DR_k2,DR,2,False,True,False,False
282,diamondcut,ett,DR_k3,DR,3,False,True,False,False
282,diamondcut,ett,ED_k1,ED,1,False,False,False,False
282,diamondcut,ett,ED_k2,ED,2,False,True,False,False
282,diamondcut,ett,ED_k3,ED,3,False,True,False,False
282,diamondcut,ett,FE_k1,FE,1,False,False,False,False
282,diamondcut,ett,FE_k2,FE,2,False,False,False,False
283,diamondcut,ett,DR_k1,DR,1,True,False,True,True
283,diamondcut,ett,DR_k2,DR,2,False,True,False,False
283,diamondcut,ett,DR_k3,DR,3,False,True,False,False
283,diamondcut,ett,ED_k1,ED,1,False,True,False,False
283,diamondcut,ett,ED_k2,ED,2,False,False,False,False
283,diamondcut,ett,ED_k3,ED,3,False,True,False,False
283,diamondcut,ett,FE_k1,FE,1,False,True,False,False
283,diamondcut,ett,FE_k2,FE,2,False,True,False,False
284,diamondcut,det-counterfactual,DR_k1,DR,1,False,True,False,False
284,diamondcut,det-counterfactual,DR_k2,DR,2,False,True,False,False
284,diamondcut,det-counterfactual,DR_k3,DR,3,False,True,False,False
284,diamondcut,det-counterfactual,ED_k1,ED,1,False,False,False,False
284,diamondcut,det-counterfactual,ED_k2,ED,2,False,True,False,False
284,diamondcut,det-counterfactual,ED_k3,ED,3,False,True,False,False
284,diamondcut,det-counterfactual,FE_k1,FE,1,False,False,False,False
284,diamondcut,det-counterfactual,FE_k2,FE,2,False,False,False,False
285,frontdoor,marginal,DR_k1,DR,1,False,True,False,False
285,frontdoor,marginal,DR_k2,DR,2,False,True,False,False
285,frontdoor,marginal,DR_k3,DR,3,False,True,False,False
285,frontdoor,marginal,ED_k1,ED,1,False,False,False,False
285,frontdoor,marginal,ED_k2,ED,2,False,False,False,False
285,frontdoor,marginal,ED_k3,ED,3,False,True,False,False
285,frontdoor,marginal,FE_k1,FE,1,True,True,False,True
285,frontdoor,marginal,FE_k2,FE,2,True,True,False,True
286,frontdoor,correlation,DR_k1,DR,1,False,True,False,False
286,frontdoor,correlation,DR_k2,DR,2,False,True,False,False
286,frontdoor,correlation,DR_k3,DR,3,False,True,False,False
286,frontdoor,correlation,ED_k1,ED,1,False,False,False,False
286,frontdoor,correlation,ED_k2,ED,2,False,False,False,False
286,frontdoor,correlation,ED_k3,ED,3,False,True,False,False
286,frontdoor,correlation,FE_k1,FE,1,True,False,True,True
286,frontdoor,correlation,FE_k2,FE,2,True,True,False,True
287,frontdoor,marginal,DR_k1,DR,1,False,True,False,False
287,frontdoor,marginal,DR_k2,DR,2,False,True,False,False
287,frontdoor,marginal,DR_k3,DR,3,False,True,False,False
287,frontdoor,marginal,ED_k1,ED,1,False,False,False,False
287,frontdoor,marginal,ED_k2,ED,2,False,True,False,False
287,frontdoor,marginal,ED_k3,ED,3,False,True,False,False
287,frontdoor,marginal,FE_k1,FE,1,True,False,True,True
287,frontdoor,marginal,FE_k2,FE,2,True,True,False,True
288,frontdoor,correlation,DR_k1,DR,1,False,True,False,False
288,frontdoor,correlation,DR_k2,DR,2,False,True,False,False
288,frontdoor,correlation,DR_k3,DR,3,False,True,False,False
288,frontdoor,correlation,ED_k1,ED,1,False,True,False,False
288,frontdoor,correlation,ED_k2,ED,2,False,False,False,False
288,frontdoor,correlation,ED_k3,ED,3,False,True,False,False
288,frontdoor,correlation,FE_k1,FE,1,True,True,False,True
288,frontdoor,correlation,FE_k2,FE,2,True,True,False,True
289,frontdoor,marginal,DR_k1,DR,1,False,True,False,False
289,frontdoor,marginal,DR_k2,DR,2,False,True,False,False
289,frontdoor,marginal,DR_k3,DR,3,False,True,False,False
289,frontdoor,marginal,ED_k1,ED,1,False,True,False,False
289,frontdoor,marginal,ED_k2,ED,2,False,False,False,False
289,frontdoor,marginal,ED_k3,ED,3,False,True,False,False
289,frontdoor,marginal,FE_k1,FE,1,True,True,False,True
289,frontdoor,marginal,FE_k2,FE,2,True,True,False,True
290,frontdoor,marginal,DR_k1,DR,1,False,True,False,False
290,frontdoor,marginal,DR_k2,DR,2,False,True,False,False
290,frontdoor,marginal,DR_k3,DR,3,False,True,False,False
290,frontdoor,marginal,ED_k1,ED,1,False,True,False,False
290,frontdoor,marginal,ED_k2,ED,2,False,True,False,False
290,frontdoor,marginal,ED_k3,ED,3,False,True,False,False
290,frontdoor,marginal,FE_k1,FE,1,True,True,False,True
290,frontdoor,marginal,FE_k2,FE,2,True,True,False,True
291,frontdoor,correlation,DR_k1,DR,1,False,True,False,False
291,frontdoor,correlation,DR_k2,DR,2,False,True,False,False
291,frontdoor,correlation,DR_k3,DR,3,False,True,False,False
291,frontdoor,correlation,ED_k1,ED,1,False,True,False,False
291,frontdoor,correlation,ED_k2,ED,2,False,True,False,False
291,frontdoor,correlation,ED_k3,ED,3,False,True,False,False
291,frontdoor,correlation,FE_k1,FE,1,True,False,True,True
291,frontdoor,correlation,FE_k2,FE,2,True,True,False,True
292,frontdoor,marginal,DR_k1,DR,1,False,True,False,False
292,frontdoor,marginal,DR_k2,DR,2,False,True,False,False
292,frontdoor,marginal,DR_k3,DR,3,False,True,False,False
292,frontdoor,marginal,ED_k1,ED,1,False,True,False,False
292,frontdoor,marginal,ED_k2,ED,2,False,True,False,False
292,frontdoor,marginal,ED_k3,ED,3,False,True,False,False
292,frontdoor,marginal,FE_k1,FE,1,True,True,False,True
292,frontdoor,marginal,FE_k2,FE,2,True,True,False,True
293,frontdoor,correlation,DR_k1,DR,1,False,True,False,False
293,frontdoor,correlation,DR_k2,DR,2,False,True,False,False
293,frontdoor,correlation,DR_k3,DR,3,False,True,False,False
293,frontdoor,correlation,ED_k1,ED,1,False,False,False,False
293,frontdoor,correlation,ED_k2,ED,2,False,True,False,False
293,frontdoor,correlation,ED_k3,ED,3,False,True,False,False
293,frontdoor,correlation,FE_k1,FE,1,True,False,True,True
293,frontdoor,correlation,FE_k2,FE,2,True,True,False,True
294,frontdoor,marginal,DR_k1,DR,1,False,True,False,False
294,frontdoor,marginal,DR_k2,DR,2,False,True,False,False
294,frontdoor,marginal,DR_k3,DR,3,False,True,False,False
294,frontdoor,marginal,ED_k1,ED,1,False,False,False,False
294,frontdoor,marginal,ED_k2,ED,2,False,True,False,False
294,frontdoor,marginal,ED_k3,ED,3,False,True,False,False
294,frontdoor,marginal,FE_k1,FE,1,True,False,True,True
294,frontdoor,marginal,FE_k2,FE,2,True,True,False,True
295,frontdoor,correlation,DR_k1,DR,1,False,True,False,False
295,frontdoor,correlation,DR_k2,DR,2,False,True,False,False
295,frontdoor,correlation,DR_k3,DR,3,False,True,False,False
295,frontdoor,correlation,ED_k1,ED,1,False,True,False,False
295,frontdoor,correlation,ED_k2,ED,2,False,True,False,False
295,frontdoor,correlation,ED_k3,ED,3,False,True,False,False
295,frontdoor,correlation,FE_k1,FE,1,True,True,False,True
295,frontdoor,correlation,FE_k2,FE,2,True,True,False,True
296,frontdoor,marginal,DR_k1,DR,1,False,True,False,False
296,frontdoor,marginal,DR_k2,DR,2,False,True,False,False
296,frontdoor,marginal,DR_k3,DR,3,False,True,False,False
296,frontdoor,marginal,ED_k1,ED,1,False,False,False,False
296,frontdoor,marginal,ED_k2,ED,2,False,True,False,False
296,frontdoor,marginal,ED_k3,ED,3,False,True,False,False
296,frontdoor,marginal,FE_k1,FE,1,True,True,False,True
296,frontdoor,marginal,FE_k2,FE,2,True,True,False,True
297,frontdoor,marginal,DR_k1,DR,1,False,True,False,False
297,frontdoor,marginal,DR_k2,DR,2,False,True,False,False
297,frontdoor,marginal,DR_k3,DR,3,False,True,False,False
297,frontdoor,marginal,ED_k1,ED,1,False,True,False,False
297,frontdoor,marginal,ED_k2,ED,2,False,False,False,False
297,frontdoor,marginal,ED_k3,ED,3,False,True,False,False
297,frontdoor,marginal,FE_k1,FE,1,True,False,True,True
297,frontdoor,marginal,FE_k2,FE,2,True,True,False,True
298,frontdoor,correlation,DR_k1,DR,1,False,True,False,False
298,frontdoor,correlation,DR_k2,DR,2,False,True,False,False
298,frontdoor,correlation,DR_k3,DR,3,False,True,False,False
298,frontdoor,correlation,ED_k1,ED,1,False,True,False,False
298,frontdoor,correlation,ED_k2,ED,2,False,True,False,False
298,frontdoor,correlation,ED_k3,ED,3,False,True,False,False
298,frontdoor,correlation,FE_k1,FE,1,True,True,False,True
298,frontdoor,correlation,FE_k2,FE,2,True,True,False,True
299,frontdoor,correlation,DR_k1,DR,1,False,True,False,False
299,frontdoor,correlation,DR_k2,DR,2,False,True,False,False
299,frontdoor,correlation,DR_k3,DR,3,False,True,False,False
299,frontdoor,correlation,ED_k1,ED,1,False,True,False,False
299,frontdoor,correlation,ED_k2,ED,2,False,True,False,False
299,frontdoor,correlation,ED_k3,ED,3,False,True,False,False
299,frontdoor,correlation,FE_k1,FE,1,True,True,False,True
299,frontdoor,correlation,FE_k2,FE,2,True,True,False,True
300,frontdoor,correlation,DR_k1,DR,1,False,True,False,False
300,frontdoor,correlation,DR_k2,DR,2,False,True,False,False
300,frontdoor,correlation,DR_k3,DR,3,False,True,False,False
300,frontdoor,correlation,ED_k1,ED,1,False,False,False,False
300,frontdoor,correlation,ED_k2,ED,2,False,True,False,False
300,frontdoor,correlation,ED_k3,ED,3,False,True,False,False
300,frontdoor,correlation,FE_k1,FE,1,True,True,False,True
300,frontdoor,correlation,FE_k2,FE,2,True,True,False,True
301,frontdoor,marginal,DR_k1,DR,1,False,True,False,False
301,frontdoor,marginal,DR_k2,DR,2,False,True,False,False
301,frontdoor,marginal,DR_k3,DR,3,False,True,False,False
301,frontdoor,marginal,ED_k1,ED,1,False,False,False,False
301,frontdoor,marginal,ED_k2,ED,2,False,True,False,False
301,frontdoor,marginal,ED_k3,ED,3,False,True,False,False
301,frontdoor,marginal,FE_k1,FE,1,True,True,False,True
301,frontdoor,marginal,FE_k2,FE,2,True,True,False,True
302,frontdoor,marginal,DR_k1,DR,1,False,True,False,False
302,frontdoor,marginal,DR_k2,DR,2,False,True,False,False
302,frontdoor,marginal,DR_k3,DR,3,False,True,False,False
302,frontdoor,marginal,ED_k1,ED,1,False,True,False,False
302,frontdoor,marginal,ED_k2,ED,2,False,True,False,False
302,frontdoor,marginal,ED_k3,ED,3,False,True,False,False
302,frontdoor,marginal,FE_k1,FE,1,True,True,False,True
302,frontdoor,marginal,FE_k2,FE,2,True,True,False,True
303,frontdoor,correlation,DR_k1,DR,1,False,True,False,False
303,frontdoor,correlation,DR_k2,DR,2,False,True,False,False
303,frontdoor,correlation,DR_k3,DR,3,False,True,False,False
303,frontdoor,correlation,ED_k1,ED,1,False,False,False,False
303,frontdoor,correlation,ED_k2,ED,2,False,True,False,False
303,frontdoor,correlation,ED_k3,ED,3,False,True,False,False
303,frontdoor,correlation,FE_k1,FE,1,True,True,False,True
303,frontdoor,correlation,FE_k2,FE,2,True,True,False,True
304,frontdoor,ate,DR_k1,DR,1,False,True,False,False
304,frontdoor,ate,DR_k2,DR,2,False,True,False,False
304,frontdoor,ate,DR_k3,DR,3,False,True,False,False
304,frontdoor,ate,ED_k1,ED,1,False,True,False,False
304,frontdoor,ate,ED_k2,ED,2,False,True,False,False
304,frontdoor,ate,ED_k3,ED,3,False,True,False,False
304,frontdoor,ate,FE_k1,FE,1,True,True,False,True
304,frontdoor,ate,FE_k2,FE,2,True,True,False,True
305,frontdoor,ate,DR_k1,DR,1,False,True,False,False
305,frontdoor,ate,DR_k2,DR,2,False,True,False,False
305,frontdoor,ate,DR_k3,DR,3,False,True,False,False
305,frontdoor,ate,ED_k1,ED,1,False,False,False,False
305,frontdoor,ate,ED_k2,ED,2,False,True,False,False
305,frontdoor,ate,ED_k3,ED,3,False,True,False,False
305,frontdoor,ate,FE_k1,FE,1,True,False,True,True
305,frontdoor,ate,FE_k2,FE,2,True,True,False,True
306,frontdoor,backadj,DR_k1,DR,1,False,True,False,False
306,frontdoor,backadj,DR_k2,DR,2,False,True,False,False
306,frontdoor,backadj,DR_k3,DR,3,False,True,False,False
306,frontdoor,backadj,ED_k1,ED,1,False,False,False,False
306,frontdoor,backadj,ED_k2,ED,2,False,True,False,False
306,frontdoor,backadj,ED_k3,ED,3,False,True,False,False
306,frontdoor,backadj,FE_k1,FE,1,True,False,True,True
306,frontdoor,backadj,FE_k2,FE,2,True,True,False,True
307,frontdoor,backadj,DR_k1,DR,1,False,True,False,False
307,frontdoor,backadj,DR_k2,DR,2,False,True,False,False
307,frontdoor,backadj,DR_k3,DR,3,False,True,False,False
307,frontdoor,backadj,ED_k1,ED,1,False,True,False,False
307,frontdoor,backadj,ED_k2,ED,2,False,True,False,False
307,frontdoor,backadj,ED_k3,ED,3,False,True,False,False
307,frontdoor,backadj,FE_k1,FE,1,True,True,False,True
307,frontdoor,backadj,FE_k2,FE,2,True,True,False,True
308,frontdoor,backadj,DR_k1,DR,1,False,True,False,False
308,frontdoor,backadj,DR_k2,DR,2,False,True,False,False
308,frontdoor,backadj,DR_k3,DR,3,False,True,False,False
308,frontdoor,backadj,ED_k1,ED,1,False,True,False,False
308,frontdoor,backadj,ED_k2,ED,2,False,True,False,False
308,frontdoor,backadj,ED_k3,ED,3,False,True,False,False
308,frontdoor,backadj,FE_k1,FE,1,True,False,True,True
308,frontdoor,backadj,FE_k2,FE,2,True,True,False,True
309,frontdoor,backadj,DR_k1,DR,1,False,True,False,False
309,frontdoor,backadj,DR_k2,DR,2,False,True,False,False
309,frontdoor,backadj,DR_k3,DR,3,False,True,False,False
309,frontdoor,backadj,ED_k1,ED,1,False,True,False,False
309,frontdoor,backadj,ED_k2,ED,2,False,True,False,False
309,frontdoor,backadj,ED_k3,ED,3,False,True,False,False
309,frontdoor,backadj,FE_k1,FE,1,True,False,True,True
309,frontdoor,backadj,FE_k2,FE,2,True,True,False,True
310,frontdoor,backadj,DR_k1,DR,1,False,True,False,False
310,frontdoor,backadj,DR_k2,DR,2,False,True,False,False
310,frontdoor,backadj,DR_k3,DR,3,False,True,False,False
310,frontdoor,backadj,ED_k1,ED,1,False,True,False,False
310,frontdoor,backadj,ED_k2,ED,2,False,True,False,False
310,frontdoor,backadj,ED_k3,ED,3,False,True,False,False
310,frontdoor,backadj,FE_k1,FE,1,True,False,True,True
310,frontdoor,backadj,FE_k2,FE,2,True,True,False,True
311,frontdoor,ate,DR_k1,DR,1,False,True,False,False
311,frontdoor,ate,DR_k2,DR,2,False,True,False,False
311,frontdoor,ate,DR_k3,DR,3,False,True,False,False
311,frontdoor,ate,ED_k1,ED,1,False,True,False,False
311,frontdoor,ate,ED_k2,ED,2,False,True,False,False
311,frontdoor,ate,ED_k3,ED,3,False,True,False,False
311,frontdoor,ate,FE_k1,FE,1,True,False,True,True
311,frontdoor,ate,FE_k2,FE,2,True,True,False,True
312,frontdoor,ate,DR_k1,DR,1,False,True,False,False
312,frontdoor,ate,DR_k2,DR,2,False,True,False,False
312,frontdoor,ate,DR_k3,DR,3,False,True,False,False
312,frontdoor,ate,ED_k1,ED,1,False,False,False,False
312,frontdoor,ate,ED_k2,ED,2,False,True,False,False
312,frontdoor,ate,ED_k3,ED,3,False,True,False,False
312,frontdoor,ate,FE_k1,FE,1,True,True,False,True
312,frontdoor,ate,FE_k2,FE,2,True,True,False,True
313,frontdoor,ate,DR_k1,DR,1,False,True,False,False
313,frontdoor,ate,DR_k2,DR,2,False,True,False,False
313,frontdoor,ate,DR_k3,DR,3,False,True,False,False
313,frontdoor,ate,ED_k1,ED,1,False,False,False,False
313,frontdoor,ate,ED_k2,ED,2,False,True,False,False
313,frontdoor,ate,ED_k3,ED,3,False,True,False,False
313,frontdoor,ate,FE_k1,FE,1,True,True,False,True
313,frontdoor,ate,FE_k2,FE,2,True,True,False,True
314,frontdoor,ate,DR_k1,DR,1,False,True,False,False
314,frontdoor,ate,DR_k2,DR,2,False,True,False,False
314,frontdoor,ate,DR_k3,DR,3,False,True,False,False
314,frontdoor,ate,ED_k1,ED,1,False,True,False,False
314,frontdoor,ate,ED_k2,ED,2,False,True,False,False
314,frontdoor,ate,ED_k3,ED,3,False,True,False,False
314,frontdoor,ate,FE_k1,FE,1,True,True,False,True
314,frontdoor,ate,FE_k2,FE,2,True,True,False,True
315,frontdoor,ate,DR_k1,DR,1,False,True,False,False
315,frontdoor,ate,DR_k2,DR,2,False,True,False,False
315,frontdoor,ate,DR_k3,DR,3,False,True,False,False
315,frontdoor,ate,ED_k1,ED,1,False,False,False,False
315,frontdoor,ate,ED_k2,ED,2,False,False,False,False
315,frontdoor,ate,ED_k3,ED,3,False,True,False,False
315,frontdoor,ate,FE_k1,FE,1,True,False,True,True
315,frontdoor,ate,FE_k2,FE,2,True,True,False,True
316,frontdoor,ate,DR_k1,DR,1,False,True,False,False
316,frontdoor,ate,DR_k2,DR,2,False,True,False,False
316,frontdoor,ate,DR_k3,DR,3,False,True,False,False
316,frontdoor,ate,ED_k1,ED,1,False,False,False,False
316,frontdoor,ate,ED_k2,ED,2,False,True,False,False
316,frontdoor,ate,ED_k3,ED,3,False,True,False,False
316,frontdoor,ate,FE_k1,FE,1,True,True,False,True
316,frontdoor,ate,FE_k2,FE,2,True,True,False,True
317,frontdoor,backadj,DR_k1,DR,1,False,True,False,False
317,frontdoor,backadj,DR_k2,DR,2,False,True,False,False
317,frontdoor,backadj,DR_k3,DR,3,False,True,False,False
317,frontdoor,backadj,ED_k1,ED,1,False,False,False,False
317,frontdoor,backadj,ED_k2,ED,2,False,True,False,False
317,frontdoor,backadj,ED_k3,ED,3,False,True,False,False
317,frontdoor,backadj,FE_k1,FE,1,True,False,True,True
317,frontdoor,backadj,FE_k2,FE,2,True,True,False,True
318,frontdoor,ate,DR_k1,DR,1,False,True,False,False
318,frontdoor,ate,DR_k2,DR,2,False,True,False,False
318,frontdoor,ate,DR_k3,DR,3,False,True,False,False
318,frontdoor,ate,ED_k1,ED,1,False,True,False,False
318,frontdoor,ate,ED_k2,ED,2,False,True,False,False
318,frontdoor,ate,ED_k3,ED,3,False,True,False,False
318,frontdoor,ate,FE_k1,FE,1,True,False,True,True
318,frontdoor,ate,FE_k2,FE,2,True,True,False,True
319,frontdoor,ate,DR_k1,DR,1,False,True,False,False
319,frontdoor,ate,DR_k2,DR,2,False,True,False,False
319,frontdoor,ate,DR_k3,DR,3,False,True,False,False
319,frontdoor,ate,ED_k1,ED,1,False,True,False,False
319,frontdoor,ate,ED_k2,ED,2,False,True,False,False
319,frontdoor,ate,ED_k3,ED,3,False,True,False,False
319,frontdoor,ate,FE_k1,FE,1,True,False,True,True
319,frontdoor,ate,FE_k2,FE,2,True,True,False,True
320,frontdoor,backadj,DR_k1,DR,1,False,True,False,False
320,frontdoor,backadj,DR_k2,DR,2,False,True,False,False
320,frontdoor,backadj,DR_k3,DR,3,False,True,False,False
320,frontdoor,backadj,ED_k1,ED,1,False,True,False,False
320,frontdoor,backadj,ED_k2,ED,2,False,True,False,False
320,frontdoor,backadj,ED_k3,ED,3,False,True,False,False
320,frontdoor,backadj,FE_k1,FE,1,True,False,True,True
320,frontdoor,backadj,FE_k2,FE,2,True,True,False,True
321,frontdoor,ate,DR_k1,DR,1,False,True,False,False
321,frontdoor,ate,DR_k2,DR,2,False,True,False,False
321,frontdoor,ate,DR_k3,DR,3,False,True,False,False
321,frontdoor,ate,ED_k1,ED,1,False,True,False,False
321,frontdoor,ate,ED_k2,ED,2,False,True,False,False
321,frontdoor,ate,ED_k3,ED,3,False,True,False,False
321,frontdoor,ate,FE_k1,FE,1,True,True,False,True
321,frontdoor,ate,FE_k2,FE,2,True,True,False,True
322,frontdoor,ate,DR_k1,DR,1,False,True,False,False
322,frontdoor,ate,DR_k2,DR,2,False,True,False,False
322,frontdoor,ate,DR_k3,DR,3,False,True,False,False
322,frontdoor,ate,ED_k1,ED,1,False,False,False,False
322,frontdoor,ate,ED_k2,ED,2,False,True,False,False
322,frontdoor,ate,ED_k3,ED,3,False,True,False,False
322,frontdoor,ate,FE_k1,FE,1,True,False,True,True
322,frontdoor,ate,FE_k2,FE,2,True,True,False,True
323,frontdoor,det-counterfactual,DR_k1,DR,1,False,True,False,False
323,frontdoor,det-counterfactual,DR_k2,DR,2,False,True,False,False
323,frontdoor,det-counterfactual,DR_k3,DR,3,False,True,False,False
323,frontdoor,det-counterfactual,ED_k1,ED,1,False,False,False,False
323,frontdoor,det-counterfactual,ED_k2,ED,2,False,True,False,False
323,frontdoor,det-counterfactual,ED_k3,ED,3,False,True,False,False
323,frontdoor,det-counterfactual,FE_k1,FE,1,True,True,False,False
323,frontdoor,det-counterfactual,FE_k2,FE,2,True,True,False,False
324,frontdoor,det-counterfactual,DR_k1,DR,1,False,True,False,False
324,frontdoor,det-counterfactual,DR_k2,DR,2,False,True,False,False
324,frontdoor,det-counterfactual,DR_k3,DR,3,False,True,False,False
324,frontdoor,det-counterfactual,ED_k1,ED,1,False,True,False,False
324,frontdoor,det-counterfactual,ED_k2,ED,2,False,True,False,False
324,frontdoor,det-counterfactual,ED_k3,ED,3,False,True,False,False
324,frontdoor,det-counterfactual,FE_k1,FE,1,True,True,False,False
324,frontdoor,det-counterfactual,FE_k2,FE,2,True,True,False,False
325,frontdoor,nie,DR_k1,DR,1,False,True,False,False
325,frontdoor,nie,DR_k2,DR,2,False,True,False,False
325,frontdoor,nie,DR_k3,DR,3,False,True,False,False
325,frontdoor,nie,ED_k1,ED,1,False,False,False,False
325,frontdoor,nie,ED_k2,ED,2,False,False,False,False
325,frontdoor,nie,ED_k3,ED,3,False,True,False,False
325,frontdoor,nie,FE_k1,FE,1,True,True,False,False
325,frontdoor,nie,FE_k2,FE,2,True,True,False,False
326,frontdoor,ett,DR_k1,DR,1,False,True,False,False
326,frontdoor,ett,DR_k2,DR,2,False,True,False,False
326,frontdoor,ett,DR_k3,DR,3,False,True,False,False
326,frontdoor,ett,ED_k1,ED,1,False,True,False,False
326,frontdoor,ett,ED_k2,ED,2,False,True,False,False
326,frontdoor,ett,ED_k3,ED,3,False,True,False,False
326,frontdoor,ett,FE_k1,FE,1,True,False,True,True
326,frontdoor,ett,FE_k2,FE,2,True,True,False,True
327,frontdoor,ett,DR_k1,DR,1,False,True,False,False
327,frontdoor,ett,DR_k2,DR,2,False,True,False,False
327,frontdoor,ett,DR_k3,DR,3,False,True,False,False
327,frontdoor,ett,ED_k1,ED,1,False,True,False,False
327,frontdoor,ett,ED_k2,ED,2,False,True,False,False
327,frontdoor,ett,ED_k3,ED,3,False,True,False,False
327,frontdoor,ett,FE_k1,FE,1,True,False,True,True
327,frontdoor,ett,FE_k2,FE,2,True,True,False,True
328,frontdoor,det-counterfactual,DR_k1,DR,1,False,True,False,False
328,frontdoor,det-counterfactual,DR_k2,DR,2,False,True,False,False
328,frontdoor,det-counterfactual,DR_k3,DR,3,False,True,False,False
328,frontdoor,det-counterfactual,ED_k1,ED,1,False,False,False,False
328,frontdoor,det-counterfactual,ED_k2,ED,2,False,True,False,False
328,frontdoor,det-counterfactual,ED_k3,ED,3,False,True,False,False
328,frontdoor,det-counterfactual,FE_k1,FE,1,True,True,False,False
328,frontdoor,det-counterfactual,FE_k2,FE,2,True,True,False,False
329,frontdoor,det-counterfactual,DR_k1,DR,1,False,True,False,False
329,frontdoor,det-counterfactual,DR_k2,DR,2,False,True,False,False
329,frontdoor,det-counterfactual,DR_k3,DR,3,False,True,False,False
329,frontdoor,det-counterfactual,ED_k1,ED,1,False,True,False,False
329,frontdoor,det-counterfactual,ED_k2,ED,2,False,False,False,False
329,frontdoor,det-counterfactual,ED_k3,ED,3,False,True,False,False
329,frontdoor,det-counterfactual,FE_k1,FE,1,True,True,False,False
329,frontdoor,det-counterfactual,FE_k2,FE,2,True,True,False,False
330,frontdoor,ett,DR_k1,DR,1,False,True,False,False
330,frontdoor,ett,DR_k2,DR,2,False,True,False,False
330,frontdoor,ett,DR_k3,DR,3,False,True,False,False
330,frontdoor,ett,ED_k1,ED,1,False,False,False,False
330,frontdoor,ett,ED_k2,ED,2,False,True,False,False
330,frontdoor,ett,ED_k3,ED,3,False,True,False,False
330,frontdoor,ett,FE_k1,FE,1,True,False,True,True
330,frontdoor,ett,FE_k2,FE,2,True,True,False,True
331,frontdoor,det-counterfactual,DR_k1,DR,1,False,True,False,False
331,frontdoor,det-counterfactual,DR_k2,DR,2,False,True,False,False
331,frontdoor,det-counterfactual,DR_k3,DR,3,False,True,False,False
331,frontdoor,det-counterfactual,ED_k1,ED,1,False,True,False,False
331,frontdoor,det-counterfactual,ED_k2,ED,2,False,True,False,False
331,frontdoor,det-counterfactual,ED_k3,ED,3,False,True,False,False
331,frontdoor,det-counterfactual,FE_k1,FE,1,True,True,False,False
331,frontdoor,det-counterfactual,FE_k2,FE,2,True,True,False,False
332,frontdoor,ett,DR_k1,DR,1,False,True,False,False
332,frontdoor,ett,DR_k2,DR,2,False,True,False,False
332,frontdoor,ett,DR_k3,DR,3,False,True,False,False
332,frontdoor,ett,ED_k1,ED,1,False,True,False,False
332,frontdoor,ett,ED_k2,ED,2,False,True,False,False
332,frontdoor,ett,ED_k3,ED,3,False,True,False,False
332,frontdoor,ett,FE_k1,FE,1,True,False,True,True
332,frontdoor,ett,FE_k2,FE,2,True,True,False,True
333,frontdoor,nie,DR_k1,DR,1,False,True,False,False
333,frontdoor,nie,DR_k2,DR,2,False,True,False,False
333,frontdoor,nie,DR_k3,DR,3,False,True,False,False
333,frontdoor,nie,ED_k1,ED,1,False,False,False,False
333,frontdoor,nie,ED_k2,ED,2,False,False,False,False
333,frontdoor,nie,ED_k3,ED,3,False,True,False,False
333,frontdoor,nie,FE_k1,FE,1,True,False,True,True
333,frontdoor,nie,FE_k2,FE,2,True,True,False,False
334,frontdoor,nie,DR_k1,DR,1,False,True,False,False
334,frontdoor,nie,DR_k2,DR,2,False,True,False,False
334,frontdoor,nie,DR_k3,DR,3,False,True,False,False
334,frontdoor,nie,ED_k1,ED,1,False,True,False,False
334,frontdoor,nie,ED_k2,ED,2,False,True,False,False
334,frontdoor,nie,ED_k3,ED,3,False,True,False,False
334,frontdoor,nie,FE_k1,FE,1,True,False,True,True
334,frontdoor,nie,FE_k2,FE,2,True,True,False,False
335,frontdoor,ett,DR_k1,DR,1,False,True,False,False
335,frontdoor,ett,DR_k2,DR,2,False,True,False,False
335,frontdoor,ett,DR_k3,DR,3,False,True,False,False
335,frontdoor,ett,ED_k1,ED,1,False,True,False,False
335,frontdoor,ett,ED_k2,ED,2,False,True,False,False
335,frontdoor,ett,ED_k3,ED,3,False,True,False,False
335,frontdoor,ett,FE_k1,FE,1,True,False,True,True
335,frontdoor,ett,FE_k2,FE,2,True,True,False,True
336,frontdoor,det-counterfactual,DR_k1,DR,1,False,True,False,False
336,frontdoor,det-counterfactual,DR_k2,DR,2,False,True,False,False
336,frontdoor,det-counterfactual,DR_k3,DR,3,False,True,False,False
336,frontdoor,det-counterfactual,ED_k1,ED,1,False,True,False,False
336,frontdoor,det-counterfactual,ED_k2,ED,2,False,True,False,False
336,frontdoor,det-counterfactual,ED_k3,ED,3,False,True,False,False
336,frontdoor,det-counterfactual,FE_k1,FE,1,True,False,True,True
336,frontdoor,det-counterfactual,FE_k2,FE,2,True,True,False,False
337,frontdoor,ett,DR_k1,DR,1,False,True,False,False
337,frontdoor,ett,DR_k2,DR,2,False,True,False,False
337,frontdoor,ett,DR_k3,DR,3,False,True,False,False
337,frontdoor,ett,ED_k1,ED,1,False,True,False,False
337,frontdoor,ett,ED_k2,ED,2,False,True,False,False
337,frontdoor,ett,ED_k3,ED,3,False,True,False,False
337,frontdoor,ett,FE_k1,FE,1,True,True,False,True
337,frontdoor,ett,FE_k2,FE,2,True,True,False,True
338,frontdoor,det-counterfactual,DR_k1,DR,1,False,True,False,False
338,frontdoor,det-counterfactual,DR_k2,DR,2,False,True,False,False
338,frontdoor,det-counterfactual,DR_k3,DR,3,False,True,False,False
338,frontdoor,det-counterfactual,ED_k1,ED,1,False,True,False,False
338,frontdoor,det-counterfactual,ED_k2,ED,2,False,True,False,False
338,frontdoor,det-counterfactual,ED_k3,ED,3,False,True,False,False
338,frontdoor,det-counterfactual,FE_k1,FE,1,True,True,False,False
338,frontdoor,det-counterfactual,FE_k2,FE,2,True,True,False,False
339,frontdoor,nie,DR_k1,DR,1,False,True,False,False
339,frontdoor,nie,DR_k2,DR,2,False,True,False,False
339,frontdoor,nie,DR_k3,DR,3,False,True,False,False
339,frontdoor,nie,ED_k1,ED,1,False,False,False,False
339,frontdoor,nie,ED_k2,ED,2,False,True,False,False
339,frontdoor,nie,ED_k3,ED,3,False,True,False,False
339,frontdoor,nie,FE_k1,FE,1,True,False,True,True
339,frontdoor,nie,FE_k2,FE,2,True,True,False,False
340,frontdoor,nie,DR_k1,DR,1,False,True,False,False
340,frontdoor,nie,DR_k2,DR,2,False,True,False,False
340,frontdoor,nie,DR_k3,DR,3,False,True,False,False
340,frontdoor,nie,ED_k1,ED,1,False,False,False,False
340,frontdoor,nie,ED_k2,ED,2,False,True,False,False
340,frontdoor,nie,ED_k3,ED,3,False,True,False,False
340,frontdoor,nie,FE_k1,FE,1,True,False,True,True
340,frontdoor,nie,FE_k2,FE,2,True,True,False,False
341,frontdoor,nie,DR_k1,DR,1,False,True,False,False
341,frontdoor,nie,DR_k2,DR,2,False,True,False,False
341,frontdoor,nie,DR_k3,DR,3,False,True,False,False
341,frontdoor,nie,ED_k1,ED,1,False,True,False,False
341,frontdoor,nie,ED_k2,ED,2,False,True,False,False
341,frontdoor,nie,ED_k3,ED,3,False,True,False,False
341,frontdoor,nie,FE_k1,FE,1,True,False,True,True
341,frontdoor,nie,FE_k2,FE,2,True,True,False,False
342,mediation,marginal,DR_k1,DR,1,True,True,False,True
342,mediation,marginal,DR_k2,DR,2,False,True,False,False
342,mediation,marginal,DR_k3,DR,3,False,True,False,False
342,mediation,marginal,ED_k1,ED,1,False,True,False,False
342,mediation,marginal,ED_k2,ED,2,False,True,False,False
342,mediation,marginal,ED_k3,ED,3,False,True,False,False
343,mediation,correlation,DR_k1,DR,1,False,True,False,False
343,mediation,correlation,DR_k2,DR,2,False,True,False,False
343,mediation,correlation,DR_k3,DR,3,False,True,False,False
343,mediation,correlation,ED_k1,ED,1,True,True,False,True
343,mediation,correlation,ED_k2,ED,2,False,True,False,False
343,mediation,correlation,ED_k3,ED,3,False,True,False,False
344,mediation,marginal,DR_k1,DR,1,False,True,False,False
344,mediation,marginal,DR_k2,DR,2,False,True,False,False
344,mediation,marginal,DR_k3,DR,3,False,True,False,False
344,mediation,marginal,ED_k1,ED,1,True,True,False,True
344,mediation,marginal,ED_k2,ED,2,False,True,False,False
344,mediation,marginal,ED_k3,ED,3,False,True,False,False
345,mediation,marginal,DR_k1,DR,1,False,True,False,False
345,mediation,marginal,DR_k2,DR,2,False,True,False,False
345,mediation,marginal,DR_k3,DR,3,False,True,False,False
345,mediation,marginal,ED_k1,ED,1,True,True,False,True
345,mediation,marginal,ED_k2,ED,2,False,True,False,False
345,mediation,marginal,ED_k3,ED,3,False,True,False,False
346,mediation,marginal,DR_k1,DR,1,True,True,False,True
346,mediation,marginal,DR_k2,DR,2,False,True,False,False
346,mediation,marginal,DR_k3,DR,3,False,True,False,False
346,mediation,marginal,ED_k1,ED,1,True,True,False,True
346,mediation,marginal,ED_k2,ED,2,False,True,False,False
346,mediation,marginal,ED_k3,ED,3,False,True,False,False
347,mediation,marginal,DR_k1,DR,1,False,True,False,False
347,mediation,marginal,DR_k2,DR,2,False,True,False,False
347,mediation,marginal,DR_k3,DR,3,False,True,False,False
347,mediation,marginal,ED_k1,ED,1,True,True,False,True
347,mediation,marginal,ED_k2,ED,2,False,True,False,False
347,mediation,marginal,ED_k3,ED,3,False,True,False,False
348,mediation,correlation,DR_k1,DR,1,True,True,False,True
348,mediation,correlation,DR_k2,DR,2,False,True,False,False
348,mediation,correlation,DR_k3,DR,3,False,True,False,False
348,mediation,correlation,ED_k1,ED,1,True,True,False,True
348,mediation,correlation,ED_k2,ED,2,False,True,False,False
348,mediation,correlation,ED_k3,ED,3,False,True,False,False
349,mediation,marginal,DR_k1,DR,1,False,True,False,False
349,mediation,marginal,DR_k2,DR,2,False,True,False,False
349,mediation,marginal,DR_k3,DR,3,False,True,False,False
349,mediation,marginal,ED_k1,ED,1,True,True,False,True
349,mediation,marginal,ED_k2,ED,2,False,True,False,False
349,mediation,marginal,ED_k3,ED,3,False,True,False,False
350,mediation,marginal,DR_k1,DR,1,False,True,False,False
350,mediation,marginal,DR_k2,DR,2,False,True,False,False
350,mediation,marginal,DR_k3,DR,3,False,True,False,False
350,mediation,marginal,ED_k1,ED,1,True,True,False,True
350,mediation,marginal,ED_k2,ED,2,False,True,False,False
350,mediation,marginal,ED_k3,ED,3,False,True,False,False
351,mediation,correlation,DR_k1,DR,1,False,True,False,False
351,mediation,correlation,DR_k2,DR,2,False,True,False,False
351,mediation,correlation,DR_k3,DR,3,False,True,False,False
351,mediation,correlation,ED_k1,ED,1,True,True,False,True
351,mediation,correlation,ED_k2,ED,2,False,True,False,False
351,mediation,correlation,ED_k3,ED,3,False,True,False,False
352,mediation,correlation,DR_k1,DR,1,False,True,False,False
352,mediation,correlation,DR_k2,DR,2,False,True,False,False
352,mediation,correlation,DR_k3,DR,3,False,True,False,False
352,mediation,correlation,ED_k1,ED,1,True,True,False,True
352,mediation,correlation,ED_k2,ED,2,False,True,False,False
352,mediation,correlation,ED_k3,ED,3,False,True,False,False
353,mediation,correlation,DR_k1,DR,1,True,True,False,True
353,mediation,correlation,DR_k2,DR,2,False,True,False,False
353,mediation,correlation,DR_k3,DR,3,False,True,False,False
353,mediation,correlation,ED_k1,ED,1,True,True,False,True
353,mediation,correlation,ED_k2,ED,2,False,True,False,False
353,mediation,correlation,ED_k3,ED,3,False,True,False,False
354,mediation,marginal,DR_k1,DR,1,False,True,False,False
354,mediation,marginal,DR_k2,DR,2,False,True,False,False
354,mediation,marginal,DR_k3,DR,3,False,True,False,False
354,mediation,marginal,ED_k1,ED,1,False,True,False,False
354,mediation,marginal,ED_k2,ED,2,False,True,False,False
354,mediation,marginal,ED_k3,ED,3,False,True,False,False
355,mediation,marginal,DR_k1,DR,1,True,True,False,True
355,mediation,marginal,DR_k2,DR,2,False,True,False,False
355,mediation,marginal,DR_k3,DR,3,False,True,False,False
355,mediation,marginal,ED_k1,ED,1,True,True,False,True
355,mediation,marginal,ED_k2,ED,2,False,True,False,False
355,mediation,marginal,ED_k3,ED,3,False,True,False,False
356,mediation,correlation,DR_k1,DR,1,True,True,False,True
356,mediation,correlation,DR_k2,DR,2,False,True,False,False
356,mediation,correlation,DR_k3,DR,3,False,True,False,False
356,mediation,correlation,ED_k1,ED,1,True,True,False,True
356,mediation,correlation,ED_k2,ED,2,False,True,False,False
356,mediation,correlation,ED_k3,ED,3,False,True,False,False
357,mediation,correlation,DR_k1,DR,1,False,True,False,False
357,mediation,correlation,DR_k2,DR,2,False,True,False,False
357,mediation,correlation,DR_k3,DR,3,False,True,False,False
357,mediation,correlation,ED_k1,ED,1,False,True,False,False
357,mediation,correlation,ED_k2,ED,2,False,True,False,False
357,mediation,correlation,ED_k3,ED,3,False,True,False,False
358,mediation,correlation,DR_k1,DR,1,False,True,False,False
358,mediation,correlation,DR_k2,DR,2,False,True,False,False
358,mediation,correlation,DR_k3,DR,3,False,True,False,False
358,mediation,correlation,ED_k1,ED,1,True,True,False,True
358,mediation,correlation,ED_k2,ED,2,False,True,False,False
358,mediation,correlation,ED_k3,ED,3,False,True,False,False
359,mediation,marginal,DR_k1,DR,1,False,True,False,False
359,mediation,marginal,DR_k2,DR,2,False,True,False,False
359,mediation,marginal,DR_k3,DR,3,False,True,False,False
359,mediation,marginal,ED_k1,ED,1,False,True,False,False
359,mediation,marginal,ED_k2,ED,2,False,True,False,False
359,mediation,marginal,ED_k3,ED,3,False,True,False,False
360,mediation,marginal,DR_k1,DR,1,False,True,False,False
360,mediation,marginal,DR_k2,DR,2,False,True,False,False
360,mediation,marginal,DR_k3,DR,3,False,True,False,False
360,mediation,marginal,ED_k1,ED,1,False,True,False,False
360,mediation,marginal,ED_k2,ED,2,False,True,False,False
360,mediation,marginal,ED_k3,ED,3,False,True,False,False
361,mediation,backadj,DR_k1,DR,1,False,True,False,False
361,mediation,backadj,DR_k2,DR,2,False,True,False,False
361,mediation,backadj,DR_k3,DR,3,False,True,False,False
361,mediation,backadj,ED_k1,ED,1,False,True,False,False
361,mediation,backadj,ED_k2,ED,2,False,True,False,False
361,mediation,backadj,ED_k3,ED,3,False,True,False,False
362,mediation,ate,DR_k1,DR,1,False,True,False,False
362,mediation,ate,DR_k2,DR,2,False,True,False,False
362,mediation,ate,DR_k3,DR,3,False,True,False,False
362,mediation,ate,ED_k1,ED,1,True,True,False,True
362,mediation,ate,ED_k2,ED,2,False,True,False,False
362,mediation,ate,ED_k3,ED,3,False,True,False,False
363,mediation,backadj,DR_k1,DR,1,True,True,False,True
363,mediation,backadj,DR_k2,DR,2,False,True,False,False
363,mediation,backadj,DR_k3,DR,3,False,True,False,False
363,mediation,backadj,ED_k1,ED,1,True,True,False,True
363,mediation,backadj,ED_k2,ED,2,False,True,False,False
363,mediation,backadj,ED_k3,ED,3,False,True,False,False
364,mediation,backadj,DR_k1,DR,1,True,True,False,True
364,mediation,backadj,DR_k2,DR,2,False,True,False,False
364,mediation,backadj,DR_k3,DR,3,False,True,False,False
364,mediation,backadj,ED_k1,ED,1,True,True,False,True
364,mediation,backadj,ED_k2,ED,2,False,True,False,False
364,mediation,backadj,ED_k3,ED,3,False,True,False,False
365,mediation,backadj,DR_k1,DR,1,False,True,False,False
365,mediation,backadj,DR_k2,DR,2,False,True,False,False
365,mediation,backadj,DR_k3,DR,3,False,True,False,False
365,mediation,backadj,ED_k1,ED,1,True,True,False,True
365,mediation,backadj,ED_k2,ED,2,False,True,False,False
365,mediation,backadj,ED_k3,ED,3,False,True,False,False
366,mediation,backadj,DR_k1,DR,1,True,True,False,True
366,mediation,backadj,DR_k2,DR,2,False,True,False,False
366,mediation,backadj,DR_k3,DR,3,False,True,False,False
366,mediation,backadj,ED_k1,ED,1,True,True,False,True
366,mediation,backadj,ED_k2,ED,2,False,True,False,False
366,mediation,backadj,ED_k3,ED,3,False,True,False,False
367,mediation,backadj,DR_k1,DR,1,False,True,False,False
367,mediation,backadj,DR_k2,DR,2,False,True,False,False
367,mediation,backadj,DR_k3,DR,3,False,True,False,False
367,mediation,backadj,ED_k1,ED,1,True,True,False,True
367,mediation,backadj,ED_k2,ED,2,False,True,False,False
367,mediation,backadj,ED_k3,ED,3,False,True,False,False
368,mediation,ate,DR_k1,DR,1,False,True,False,False
368,mediation,ate,DR_k2,DR,2,False,True,False,False
368,mediation,ate,DR_k3,DR,3,False,True,False,False
368,mediation,ate,ED_k1,ED,1,False,True,False,False
368,mediation,ate,ED_k2,ED,2,False,True,False,False
368,mediation,ate,ED_k3,ED,3,False,True,False,False
369,mediation,ate,DR_k1,DR,1,True,True,False,True
369,mediation,ate,DR_k2,DR,2,False,True,False,False
369,mediation,ate,DR_k3,DR,3,False,True,False,False
369,mediation,ate,ED_k1,ED,1,True,True,False,True
369,mediation,ate,ED_k2,ED,2,False,True,False,False
369,mediation,ate,ED_k3,ED,3,False,True,False,False
370,mediation,ate,DR_k1,DR,1,False,True,False,False
370,mediation,ate,DR_k2,DR,2,False,True,False,False
370,mediation,ate,DR_k3,DR,3,False,True,False,False
370,mediation,ate,ED_k1,ED,1,False,True,False,False
370,mediation,ate,ED_k2,ED,2,False,True,False,False
370,mediation,ate,ED_k3,ED,3,False,True,False,False
371,mediation,ate,DR_k1,DR,1,True,True,False,True
371,mediation,ate,DR_k2,DR,2,False,True,False,False
371,mediation,ate,DR_k3,DR,3,False,True,False,False
371,mediation,ate,ED_k1,ED,1,True,True,False,True
371,mediation,ate,ED_k2,ED,2,False,True,False,False
371,mediation,ate,ED_k3,ED,3,False,True,False,False
372,mediation,backadj,DR_k1,DR,1,True,True,False,True
372,mediation,backadj,DR_k2,DR,2,False,True,False,False
372,mediation,backadj,DR_k3,DR,3,False,True,False,False
372,mediation,backadj,ED_k1,ED,1,False,True,False,False
372,mediation,backadj,ED_k2,ED,2,False,True,False,False
372,mediation,backadj,ED_k3,ED,3,False,True,False,False
373,mediation,backadj,DR_k1,DR,1,False,True,False,False
373,mediation,backadj,DR_k2,DR,2,False,True,False,False
373,mediation,backadj,DR_k3,DR,3,False,True,False,False
373,mediation,backadj,ED_k1,ED,1,True,True,False,True
373,mediation,backadj,ED_k2,ED,2,False,True,False,False
373,mediation,backadj,ED_k3,ED,3,False,True,False,False
374,mediation,ate,DR_k1,DR,1,True,True,False,True
374,mediation,ate,DR_k2,DR,2,False,True,False,False
374,mediation,ate,DR_k3,DR,3,False,True,False,False
374,mediation,ate,ED_k1,ED,1,True,True,False,True
374,mediation,ate,ED_k2,ED,2,False,True,False,False
374,mediation,ate,ED_k3,ED,3,False,True,False,False
375,mediation,ate,DR_k1,DR,1,True,True,False,True
375,mediation,ate,DR_k2,DR,2,False,True,False,False
375,mediation,ate,DR_k3,DR,3,False,True,False,False
375,mediation,ate,ED_k1,ED,1,True,True,False,True
375,mediation,ate,ED_k2,ED,2,False,True,False,False
375,mediation,ate,ED_k3,ED,3,False,True,False,False
376,mediation,ate,DR_k1,DR,1,False,True,False,False
376,mediation,ate,DR_k2,DR,2,False,True,False,False
376,mediation,ate,DR_k3,DR,3,False,True,False,False
376,mediation,ate,ED_k1,ED,1,True,True,False,True
376,mediation,ate,ED_k2,ED,2,False,True,False,False
376,mediation,ate,ED_k3,ED,3,False,True,False,False
377,mediation,backadj,DR_k1,DR,1,True,True,False,True
377,mediation,backadj,DR_k2,DR,2,False,True,False,False
377,mediation,backadj,DR_k3,DR,3,False,True,False,False
377,mediation,backadj,ED_k1,ED,1,False,True,False,False
377,mediation,backadj,ED_k2,ED,2,False,True,False,False
377,mediation,backadj,ED_k3,ED,3,False,True,False,False
378,mediation,ate,DR_k1,DR,1,False,True,False,False
378,mediation,ate,DR_k2,DR,2,False,True,False,False
378,mediation,ate,DR_k3,DR,3,False,True,False,False
378,mediation,ate,ED_k1,ED,1,False,True,False,False
378,mediation,ate,ED_k2,ED,2,False,True,False,False
378,mediation,ate,ED_k3,ED,3,False,True,False,False
379,mediation,backadj,DR_k1,DR,1,False,True,False,False
379,mediation,backadj,DR_k2,DR,2,False,True,False,False
379,mediation,backadj,DR_k3,DR,3,False,True,False,False
379,mediation,backadj,ED_k1,ED,1,False,True,False,False
379,mediation,backadj,ED_k2,ED,2,False,True,False,False
379,mediation,backadj,ED_k3,ED,3,False,True,False,False
380,mediation,nde,DR_k1,DR,1,True,True,False,False
380,mediation,nde,DR_k2,DR,2,False,True,False,False
380,mediation,nde,DR_k3,DR,3,False,True,False,False
380,mediation,nde,ED_k1,ED,1,True,True,False,False
380,mediation,nde,ED_k2,ED,2,False,True,False,False
380,mediation,nde,ED_k3,ED,3,False,True,False,False
381,mediation,ett,DR_k1,DR,1,False,True,False,False
381,mediation,ett,DR_k2,DR,2,False,True,False,False
381,mediation,ett,DR_k3,DR,3,False,True,False,False
381,mediation,ett,ED_k1,ED,1,False,True,False,False
381,mediation,ett,ED_k2,ED,2,False,True,False,False
381,mediation,ett,ED_k3,ED,3,False,True,False,False
382,mediation,ett,DR_k1,DR,1,True,True,False,True
382,mediation,ett,DR_k2,DR,2,False,True,False,False
382,mediation,ett,DR_k3,DR,3,False,True,False,False
382,mediation,ett,ED_k1,ED,1,False,True,False,False
382,mediation,ett,ED_k2,ED,2,False,True,False,False
382,mediation,ett,ED_k3,ED,3,False,True,False,False
383,mediation,nde,DR_k1,DR,1,False,True,False,False
383,mediation,nde,DR_k2,DR,2,False,True,False,False
383,mediation,nde,DR_k3,DR,3,False,True,False,False
383,mediation,nde,ED_k1,ED,1,False,True,False,False
383,mediation,nde,ED_k2,ED,2,False,True,False,False
383,mediation,nde,ED_k3,ED,3,False,True,False,False
384,mediation,nie,DR_k1,DR,1,False,True,False,False
384,mediation,nie,DR_k2,DR,2,False,True,False,False
384,mediation,nie,DR_k3,DR,3,False,True,False,False
384,mediation,nie,ED_k1,ED,1,False,True,False,False
384,mediation,nie,ED_k2,ED,2,False,True,False,False
384,mediation,nie,ED_k3,ED,3,False,True,False,False
385,mediation,nde,DR_k1,DR,1,False,True,False,False
385,mediation,nde,DR_k2,DR,2,False,True,False,False
385,mediation,nde,DR_k3,DR,3,False,True,False,False
385,mediation,nde,ED_k1,ED,1,True,True,False,False
385,mediation,nde,ED_k2,ED,2,False,True,False,False
385,mediation,nde,ED_k3,ED,3,False,True,False,False
386,mediation,nie,DR_k1,DR,1,False,True,False,False
386,mediation,nie,DR_k2,DR,2,False,True,False,False
386,mediation,nie,DR_k3,DR,3,False,True,False,False
386,mediation,nie,ED_k1,ED,1,True,True,False,False
386,mediation,nie,ED_k2,ED,2,False,True,False,False
386,mediation,nie,ED_k3,ED,3,False,True,False,False
387,mediation,ett,DR_k1,DR,1,False,True,False,False
387,mediation,ett,DR_k2,DR,2,False,True,False,False
387,mediation,ett,DR_k3,DR,3,False,True,False,False
387,mediation,ett,ED_k1,ED,1,False,True,False,False
387,mediation,ett,ED_k2,ED,2,False,True,False,False
387,mediation,ett,ED_k3,ED,3,False,True,False,False
388,mediation,nie,DR_k1,DR,1,True,True,False,False
388,mediation,nie,DR_k2,DR,2,False,True,False,False
388,mediation,nie,DR_k3,DR,3,False,True,False,False
388,mediation,nie,ED_k1,ED,1,False,True,False,False
388,mediation,nie,ED_k2,ED,2,False,True,False,False
388,mediation,nie,ED_k3,ED,3,False,True,False,False
389,mediation,det-counterfactual,DR_k1,DR,1,False,True,False,False
389,mediation,det-counterfactual,DR_k2,DR,2,False,True,False,False
389,mediation,det-counterfactual,DR_k3,DR,3,False,True,False,False
389,mediation,det-counterfactual,ED_k1,ED,1,True,True,False,False
389,mediation,det-counterfactual,ED_k2,ED,2,False,True,False,False
389,mediation,det-counterfactual,ED_k3,ED,3,False,True,False,False
390,mediation,det-counterfactual,DR_k1,DR,1,False,True,False,False
390,mediation,det-counterfactual,DR_k2,DR,2,False,True,False,False
390,mediation,det-counterfactual,DR_k3,DR,3,False,True,False,False
390,mediation,det-counterfactual,ED_k1,ED,1,False,True,False,False
390,mediation,det-counterfactual,ED_k2,ED,2,False,True,False,False
390,mediation,det-counterfactual,ED_k3,ED,3,False,True,False,False
391,mediation,det-counterfactual,DR_k1,DR,1,False,True,False,False
391,mediation,det-counterfactual,DR_k2,DR,2,False,True,False,False
391,mediation,det-counterfactual,DR_k3,DR,3,False,True,False,False
391,mediation,det-counterfactual,ED_k1,ED,1,True,True,False,False
391,mediation,det-counterfactual,ED_k2,ED,2,False,True,False,False
391,mediation,det-counterfactual,ED_k3,ED,3,False,True,False,False
392,mediation,nde,DR_k1,DR,1,True,True,False,False
392,mediation,nde,DR_k2,DR,2,False,True,False,False
392,mediation,nde,DR_k3,DR,3,False,True,False,False
392,mediation,nde,ED_k1,ED,1,True,True,False,False
392,mediation,nde,ED_k2,ED,2,False,True,False,False
392,mediation,nde,ED_k3,ED,3,False,True,False,False
393,mediation,ett,DR_k1,DR,1,False,True,False,False
393,mediation,ett,DR_k2,DR,2,False,True,False,False
393,mediation,ett,DR_k3,DR,3,False,True,False,False
393,mediation,ett,ED_k1,ED,1,True,True,False,True
393,mediation,ett,ED_k2,ED,2,False,True,False,False
393,mediation,ett,ED_k3,ED,3,False,True,False,False
394,mediation,det-counterfactual,DR_k1,DR,1,False,True,False,False
394,mediation,det-counterfactual,DR_k2,DR,2,False,True,False,False
394,mediation,det-counterfactual,DR_k3,DR,3,False,True,False,False
394,mediation,det-counterfactual,ED_k1,ED,1,True,True,False,False
394,mediation,det-counterfactual,ED_k2,ED,2,False,True,False,False
394,mediation,det-counterfactual,ED_k3,ED,3,False,True,False,False
395,mediation,nie,DR_k1,DR,1,True,True,False,False
395,mediation,nie,DR_k2,DR,2,False,True,False,False
395,mediation,nie,DR_k3,DR,3,False,True,False,False
395,mediation,nie,ED_k1,ED,1,True,True,False,False
395,mediation,nie,ED_k2,ED,2,False,True,False,False
395,mediation,nie,ED_k3,ED,3,False,True,False,False
396,mediation,ett,DR_k1,DR,1,True,True,False,True
396,mediation,ett,DR_k2,DR,2,False,True,False,False
396,mediation,ett,DR_k3,DR,3,False,True,False,False
396,mediation,ett,ED_k1,ED,1,True,True,False,True
396,mediation,ett,ED_k2,ED,2,False,True,False,False
396,mediation,ett,ED_k3,ED,3,False,True,False,False
397,mediation,nde,DR_k1,DR,1,True,True,False,False
397,mediation,nde,DR_k2,DR,2,False,True,False,False
397,mediation,nde,DR_k3,DR,3,False,True,False,False
397,mediation,nde,ED_k1,ED,1,False,True,False,False
397,mediation,nde,ED_k2,ED,2,False,True,False,False
397,mediation,nde,ED_k3,ED,3,False,True,False,False
398,mediation,nie,DR_k1,DR,1,True,True,False,False
398,mediation,nie,DR_k2,DR,2,False,True,False,False
398,mediation,nie,DR_k3,DR,3,False,True,False,False
398,mediation,nie,ED_k1,ED,1,True,True,False,False
398,mediation,nie,ED_k2,ED,2,False,True,False,False
398,mediation,nie,ED_k3,ED,3,False,True,False,False
