model,item,id,cond,graph_id,rung,query_type,story_id,question_property,lexicon,gold,pred,correct,parsed,in_tok,out_tok,error,provider,finish,reason_tok,usd,answer_from,temperature,max_tokens
meta-llama/llama-3.3-70b-instruct,20,8239,PROSE,IV,2,ate,price,hard,KEEP,yes,no,0,1,178,326,,Novita,stop,0,0.00015443,content,0.0,700
meta-llama/llama-3.3-70b-instruct,20,8239,RAW,IV,2,ate,price,hard,KEEP,yes,no,0,1,150,512,,Novita,stop,0,0.00022505,content,0.0,700
meta-llama/llama-3.3-70b-instruct,20,8239,ORACLE,IV,2,ate,price,hard,KEEP,yes,no,0,1,193,533,,Novita,stop,0,0.000239255,content,0.0,700
meta-llama/llama-3.3-70b-instruct,20,8239,DR_k1,IV,2,ate,price,hard,KEEP,yes,no,0,1,193,399,,Novita,stop,0,0.000185655,content,0.0,700
meta-llama/llama-3.3-70b-instruct,21,19806,PROSE,IV,2,ate,tax_smoke_birthWeight,anticommonsense,KEEP,no,no,1,1,202,430,,Novita,stop,0,0.00019927,content,0.0,700
meta-llama/llama-3.3-70b-instruct,21,19806,RAW,IV,2,ate,tax_smoke_birthWeight,anticommonsense,KEEP,no,no,1,1,156,298,,Novita,stop,0,0.00014026,content,0.0,700
meta-llama/llama-3.3-70b-instruct,21,19806,ORACLE,IV,2,ate,tax_smoke_birthWeight,anticommonsense,KEEP,no,no,1,1,217,413,,Novita,stop,0,0.000194495,content,0.0,700
meta-llama/llama-3.3-70b-instruct,21,19806,DR_k1,IV,2,ate,tax_smoke_birthWeight,anticommonsense,KEEP,no,no,1,1,220,462,,Novita,stop,0,0.0002145,content,0.0,700
meta-llama/llama-3.3-70b-instruct,23,16818,PROSE,IV,2,ate,cholesterol,anticommonsense,KEEP,no,no,1,1,192,337,,Novita,stop,0,0.00016072,content,0.0,700
meta-llama/llama-3.3-70b-instruct,23,16818,RAW,IV,2,ate,cholesterol,anticommonsense,KEEP,no,no,1,1,152,531,,Novita,stop,0,0.00023292,content,0.0,700
meta-llama/llama-3.3-70b-instruct,23,16818,ORACLE,IV,2,ate,cholesterol,anticommonsense,KEEP,no,no,1,1,207,576,,Novita,stop,0,0.000258345,content,0.0,700
meta-llama/llama-3.3-70b-instruct,23,16818,DR_k1,IV,2,ate,cholesterol,anticommonsense,KEEP,no,no,1,1,208,305,,Novita,stop,0,0.00015008,content,0.0,700
meta-llama/llama-3.3-70b-instruct,24,19796,PROSE,IV,2,ate,tax_smoke_birthWeight,anticommonsense,KEEP,yes,yes,1,1,202,269,,Novita,stop,0,0.00013487,content,0.0,700
meta-llama/llama-3.3-70b-instruct,24,19796,RAW,IV,2,ate,tax_smoke_birthWeight,anticommonsense,KEEP,yes,no,0,1,156,425,,Novita,stop,0,0.00019106,content,0.0,700
meta-llama/llama-3.3-70b-instruct,24,19796,ORACLE,IV,2,ate,tax_smoke_birthWeight,anticommonsense,KEEP,yes,yes,1,1,217,302,,Novita,stop,0,0.000150095,content,0.0,700
meta-llama/llama-3.3-70b-instruct,24,19796,DR_k1,IV,2,ate,tax_smoke_birthWeight,anticommonsense,KEEP,yes,yes,1,1,220,370,,Novita,stop,0,0.0001777,content,0.0,700
meta-llama/llama-3.3-70b-instruct,26,6588,PROSE,IV,2,ate,college_wage,hard,KEEP,yes,yes,1,1,195,491,,Novita,stop,0,0.000222725,content,0.0,700
meta-llama/llama-3.3-70b-instruct,26,6588,RAW,IV,2,ate,college_wage,hard,KEEP,yes,yes,1,1,157,342,,Novita,stop,0,0.000157995,content,0.0,700
meta-llama/llama-3.3-70b-instruct,26,6588,ORACLE,IV,2,ate,college_wage,hard,KEEP,yes,no,0,1,210,535,,Novita,stop,0,0.00024235,content,0.0,700
meta-llama/llama-3.3-70b-instruct,26,6588,DR_k1,IV,2,ate,college_wage,hard,KEEP,yes,yes,1,1,214,596,,Novita,stop,0,0.00026729,content,0.0,700
meta-llama/llama-3.3-70b-instruct,29,1591,PROSE,IV,2,ate,cholesterol,easy,KEEP,no,no,1,1,195,537,,Novita,stop,0,0.000241125,content,0.0,700
meta-llama/llama-3.3-70b-instruct,29,1591,RAW,IV,2,ate,cholesterol,easy,KEEP,no,no,1,1,158,488,,Novita,stop,0,0.00021653,content,0.0,700
meta-llama/llama-3.3-70b-instruct,29,1591,ORACLE,IV,2,ate,cholesterol,easy,KEEP,no,,0,0,210,700,,Novita,length,0,0.00030835,content,0.0,700
meta-llama/llama-3.3-70b-instruct,29,1591,DR_k1,IV,2,ate,cholesterol,easy,KEEP,no,no,1,1,203,682,,Novita,stop,0,0.000300205,content,0.0,700
meta-llama/llama-3.3-70b-instruct,32,15108,PROSE,IV,2,ate,water_cholera,anticommonsense,KEEP,no,yes,0,1,192,499,,Novita,stop,0,0.00022552,content,0.0,700
meta-llama/llama-3.3-70b-instruct,32,15108,RAW,IV,2,ate,water_cholera,anticommonsense,KEEP,no,,0,0,156,700,,Novita,length,0,0.00030106,content,0.0,700
meta-llama/llama-3.3-70b-instruct,32,15108,ORACLE,IV,2,ate,water_cholera,anticommonsense,KEEP,no,yes,0,1,207,383,,Novita,stop,0,0.000181145,content,0.0,700
meta-llama/llama-3.3-70b-instruct,32,15108,DR_k1,IV,2,ate,water_cholera,anticommonsense,KEEP,no,yes,0,1,199,416,,Novita,stop,0,0.000193265,content,0.0,700
meta-llama/llama-3.3-70b-instruct,33,18628,PROSE,IV,2,ate,price,anticommonsense,KEEP,yes,yes,1,1,181,686,,Novita,stop,0,0.000298835,content,0.0,700
meta-llama/llama-3.3-70b-instruct,33,18628,RAW,IV,2,ate,price,anticommonsense,KEEP,yes,no,0,1,150,700,,Novita,length,0,0.00030025,content,0.0,700
meta-llama/llama-3.3-70b-instruct,33,18628,ORACLE,IV,2,ate,price,anticommonsense,KEEP,yes,yes,1,1,196,440,,Novita,stop,0,0.00020246,content,0.0,700
meta-llama/llama-3.3-70b-instruct,33,18628,DR_k1,IV,2,ate,price,anticommonsense,KEEP,yes,no,0,1,196,677,,Novita,stop,0,0.00029726,content,0.0,700
meta-llama/llama-3.3-70b-instruct,34,17061,PROSE,IV,2,ate,college_wage,anticommonsense,KEEP,yes,,0,0,197,700,,Novita,length,0,0.000306595,content,0.0,700
meta-llama/llama-3.3-70b-instruct,34,17061,RAW,IV,2,ate,college_wage,anticommonsense,KEEP,yes,no,0,1,157,394,,Novita,stop,0,0.000178795,content,0.0,700
meta-llama/llama-3.3-70b-instruct,34,17061,ORACLE,IV,2,ate,college_wage,anticommonsense,KEEP,yes,yes,1,1,212,525,,Novita,stop,0,0.00023862,content,0.0,700
meta-llama/llama-3.3-70b-instruct,34,17061,DR_k1,IV,2,ate,college_wage,anticommonsense,KEEP,yes,no,0,1,212,403,,Novita,stop,0,0.00018982,content,0.0,700
meta-llama/llama-3.3-70b-instruct,35,15152,PROSE,IV,2,ate,water_cholera,anticommonsense,KEEP,yes,yes,1,1,192,417,,Novita,stop,0,0.00019272,content,0.0,700
meta-llama/llama-3.3-70b-instruct,35,15152,RAW,IV,2,ate,water_cholera,anticommonsense,KEEP,yes,no,0,1,156,666,,Novita,stop,0,0.00028746,content,0.0,700
meta-llama/llama-3.3-70b-instruct,35,15152,ORACLE,IV,2,ate,water_cholera,anticommonsense,KEEP,yes,no,0,1,207,452,,Novita,stop,0,0.000208745,content,0.0,700
meta-llama/llama-3.3-70b-instruct,35,15152,DR_k1,IV,2,ate,water_cholera,anticommonsense,KEEP,yes,no,0,1,207,358,,Novita,stop,0,0.000171145,content,0.0,700
meta-llama/llama-3.3-70b-instruct,37,3443,PROSE,IV,2,ate,price,easy,KEEP,no,no,1,1,178,409,,Novita,stop,0,0.00018763,content,0.0,700
meta-llama/llama-3.3-70b-instruct,37,3443,RAW,IV,2,ate,price,easy,KEEP,no,no,1,1,150,369,,Novita,stop,0,0.00016785,content,0.0,700
meta-llama/llama-3.3-70b-instruct,37,3443,ORACLE,IV,2,ate,price,easy,KEEP,no,no,1,1,193,448,,Novita,stop,0,0.000205255,content,0.0,700
meta-llama/llama-3.3-70b-instruct,37,3443,DR_k1,IV,2,ate,price,easy,KEEP,no,no,1,1,193,367,,Novita,stop,0,0.000172855,content,0.0,700
meta-llama/llama-3.3-70b-instruct,38,9730,PROSE,IV,3,det-counterfactual,cholesterol,commonsense,KEEP,no,no,1,1,175,532,,Novita,stop,0,0.000236425,content,0.0,700
meta-llama/llama-3.3-70b-instruct,38,9730,RAW,IV,3,det-counterfactual,cholesterol,commonsense,KEEP,no,no,1,1,138,117,,Novita,stop,0,6.543e-05,content,0.0,700
meta-llama/llama-3.3-70b-instruct,38,9730,ORACLE,IV,3,det-counterfactual,cholesterol,commonsense,KEEP,no,yes,0,1,190,146,,Novita,stop,0,8.405e-05,content,0.0,700
meta-llama/llama-3.3-70b-instruct,38,9730,DR_k1,IV,3,det-counterfactual,cholesterol,commonsense,KEEP,no,yes,0,1,183,202,,Novita,stop,0,0.000105505,content,0.0,700
meta-llama/llama-3.3-70b-instruct,39,9754,PROSE,IV,3,det-counterfactual,cholesterol,commonsense,KEEP,no,no,1,1,177,599,,Novita,stop,0,0.000263495,content,0.0,700
meta-llama/llama-3.3-70b-instruct,39,9754,RAW,IV,3,det-counterfactual,cholesterol,commonsense,KEEP,no,no,1,1,140,266,,Novita,stop,0,0.0001253,content,0.0,700
meta-llama/llama-3.3-70b-instruct,39,9754,ORACLE,IV,3,det-counterfactual,cholesterol,commonsense,KEEP,no,no,1,1,192,317,,Novita,stop,0,0.00015272,content,0.0,700
meta-llama/llama-3.3-70b-instruct,39,9754,DR_k1,IV,3,det-counterfactual,cholesterol,commonsense,KEEP,no,no,1,1,185,358,,Novita,stop,0,0.000168175,content,0.0,700
meta-llama/llama-3.3-70b-instruct,40,20200,PROSE,IV,3,det-counterfactual,college_wage,anticommonsense,KEEP,yes,yes,1,1,166,202,,Novita,stop,0,0.00010321,content,0.0,700
meta-llama/llama-3.3-70b-instruct,40,20200,RAW,IV,3,det-counterfactual,college_wage,anticommonsense,KEEP,yes,yes,1,1,128,226,,Novita,stop,0,0.00010768,content,0.0,700
meta-llama/llama-3.3-70b-instruct,40,20200,ORACLE,IV,3,det-counterfactual,college_wage,anticommonsense,KEEP,yes,yes,1,1,182,264,,Novita,stop,0,0.00013017,content,0.0,700
meta-llama/llama-3.3-70b-instruct,40,20200,DR_k1,IV,3,det-counterfactual,college_wage,anticommonsense,KEEP,yes,yes,1,1,186,175,,Novita,stop,0,9.511e-05,content,0.0,700
meta-llama/llama-3.3-70b-instruct,41,9719,PROSE,IV,3,det-counterfactual,cholesterol,commonsense,KEEP,yes,yes,1,1,175,252,,Novita,stop,0,0.000124425,content,0.0,700
meta-llama/llama-3.3-70b-instruct,41,9719,RAW,IV,3,det-counterfactual,cholesterol,commonsense,KEEP,yes,yes,1,1,138,181,,Novita,stop,0,9.103e-05,content,0.0,700
meta-llama/llama-3.3-70b-instruct,41,9719,ORACLE,IV,3,det-counterfactual,cholesterol,commonsense,KEEP,yes,yes,1,1,190,202,,Novita,stop,0,0.00010645,content,0.0,700
meta-llama/llama-3.3-70b-instruct,41,9719,DR_k1,IV,3,det-counterfactual,cholesterol,commonsense,KEEP,yes,yes,1,1,191,187,,Novita,stop,0,0.000100585,content,0.0,700
meta-llama/llama-3.3-70b-instruct,42,10021,PROSE,IV,3,det-counterfactual,price,commonsense,KEEP,no,no,1,1,149,283,,Novita,stop,0,0.000133315,content,0.0,700
meta-llama/llama-3.3-70b-instruct,42,10021,RAW,IV,3,det-counterfactual,price,commonsense,KEEP,no,no,1,1,121,216,,Novita,stop,0,0.000102735,content,0.0,700
meta-llama/llama-3.3-70b-instruct,42,10021,ORACLE,IV,3,det-counterfactual,price,commonsense,KEEP,no,no,1,1,164,261,,Novita,stop,0,0.00012654,content,0.0,700
meta-llama/llama-3.3-70b-instruct,42,10021,DR_k1,IV,3,det-counterfactual,price,commonsense,KEEP,no,yes,0,1,164,212,,Novita,stop,0,0.00010694,content,0.0,700
meta-llama/llama-3.3-70b-instruct,43,9798,PROSE,IV,3,det-counterfactual,college_wage,commonsense,KEEP,yes,yes,1,1,174,190,,Novita,stop,0,9.949e-05,content,0.0,700
meta-llama/llama-3.3-70b-instruct,43,9798,RAW,IV,3,det-counterfactual,college_wage,commonsense,KEEP,yes,yes,1,1,136,138,,Novita,stop,0,7.356e-05,content,0.0,700
meta-llama/llama-3.3-70b-instruct,43,9798,ORACLE,IV,3,det-counterfactual,college_wage,commonsense,KEEP,yes,yes,1,1,189,190,,Novita,stop,0,0.000101515,content,0.0,700
meta-llama/llama-3.3-70b-instruct,43,9798,DR_k1,IV,3,det-counterfactual,college_wage,commonsense,KEEP,yes,yes,1,1,189,188,,Novita,stop,0,0.000100715,content,0.0,700
meta-llama/llama-3.3-70b-instruct,44,10379,PROSE,IV,3,det-counterfactual,water_cholera,commonsense,KEEP,no,yes,0,1,155,212,,Novita,stop,0,0.000105725,content,0.0,700
meta-llama/llama-3.3-70b-instruct,44,10379,RAW,IV,3,det-counterfactual,water_cholera,commonsense,KEEP,no,yes,0,1,123,453,,Novita,stop,0,0.000197805,content,0.0,700
meta-llama/llama-3.3-70b-instruct,44,10379,ORACLE,IV,3,det-counterfactual,water_cholera,commonsense,KEEP,no,yes,0,1,171,121,,Novita,stop,0,7.1485e-05,content,0.0,700
meta-llama/llama-3.3-70b-instruct,44,10379,DR_k1,IV,3,det-counterfactual,water_cholera,commonsense,KEEP,no,yes,0,1,171,330,,Novita,stop,0,0.000155085,content,0.0,700
meta-llama/llama-3.3-70b-instruct,45,10366,PROSE,IV,3,det-counterfactual,water_cholera,commonsense,KEEP,no,no,1,1,155,313,,Novita,stop,0,0.000146125,content,0.0,700
meta-llama/llama-3.3-70b-instruct,45,10366,RAW,IV,3,det-counterfactual,water_cholera,commonsense,KEEP,no,no,1,1,123,225,,Novita,stop,0,0.000106605,content,0.0,700
meta-llama/llama-3.3-70b-instruct,45,10366,ORACLE,IV,3,det-counterfactual,water_cholera,commonsense,KEEP,no,no,1,1,171,422,,Novita,stop,0,0.000191885,content,0.0,700
meta-llama/llama-3.3-70b-instruct,45,10366,DR_k1,IV,3,det-counterfactual,water_cholera,commonsense,KEEP,no,no,1,1,164,223,,Novita,stop,0,0.00011134,content,0.0,700
meta-llama/llama-3.3-70b-instruct,46,9799,PROSE,IV,3,det-counterfactual,college_wage,commonsense,KEEP,no,no,1,1,174,173,,Novita,stop,0,9.269e-05,content,0.0,700
meta-llama/llama-3.3-70b-instruct,46,9799,RAW,IV,3,det-counterfactual,college_wage,commonsense,KEEP,no,no,1,1,136,154,,Novita,stop,0,7.996e-05,content,0.0,700
meta-llama/llama-3.3-70b-instruct,46,9799,ORACLE,IV,3,det-counterfactual,college_wage,commonsense,KEEP,no,no,1,1,189,281,,Novita,stop,0,0.000137915,content,0.0,700
meta-llama/llama-3.3-70b-instruct,46,9799,DR_k1,IV,3,det-counterfactual,college_wage,commonsense,KEEP,no,no,1,1,181,156,,Novita,stop,0,8.6835e-05,content,0.0,700
meta-llama/llama-3.3-70b-instruct,47,9728,PROSE,IV,3,det-counterfactual,cholesterol,commonsense,KEEP,yes,yes,1,1,177,171,,Novita,stop,0,9.2295e-05,content,0.0,700
meta-llama/llama-3.3-70b-instruct,47,9728,RAW,IV,3,det-counterfactual,cholesterol,commonsense,KEEP,yes,yes,1,1,140,108,,Novita,stop,0,6.21e-05,content,0.0,700
meta-llama/llama-3.3-70b-instruct,47,9728,ORACLE,IV,3,det-counterfactual,cholesterol,commonsense,KEEP,yes,yes,1,1,192,420,,Novita,stop,0,0.00019392,content,0.0,700
meta-llama/llama-3.3-70b-instruct,47,9728,DR_k1,IV,3,det-counterfactual,cholesterol,commonsense,KEEP,yes,yes,1,1,196,212,,Novita,stop,0,0.00011126,content,0.0,700
meta-llama/llama-3.3-70b-instruct,48,20193,PROSE,IV,3,det-counterfactual,college_wage,anticommonsense,KEEP,yes,yes,1,1,166,201,,Novita,stop,0,0.00010281,content,0.0,700
meta-llama/llama-3.3-70b-instruct,48,20193,RAW,IV,3,det-counterfactual,college_wage,anticommonsense,KEEP,yes,yes,1,1,128,272,,Novita,stop,0,0.00012608,content,0.0,700
meta-llama/llama-3.3-70b-instruct,48,20193,ORACLE,IV,3,det-counterfactual,college_wage,anticommonsense,KEEP,yes,yes,1,1,182,198,,Novita,stop,0,0.00010377,content,0.0,700
meta-llama/llama-3.3-70b-instruct,48,20193,DR_k1,IV,3,det-counterfactual,college_wage,anticommonsense,KEEP,yes,no,0,1,181,342,,Novita,stop,0,0.000161235,content,0.0,700
meta-llama/llama-3.3-70b-instruct,49,10313,PROSE,IV,3,det-counterfactual,tax_smoke_birthWeight,commonsense,KEEP,no,yes,0,1,177,296,,Novita,stop,0,0.000142295,content,0.0,700
meta-llama/llama-3.3-70b-instruct,49,10313,RAW,IV,3,det-counterfactual,tax_smoke_birthWeight,commonsense,KEEP,no,no,1,1,130,261,,Novita,stop,0,0.00012195,content,0.0,700
meta-llama/llama-3.3-70b-instruct,49,10313,ORACLE,IV,3,det-counterfactual,tax_smoke_birthWeight,commonsense,KEEP,no,yes,0,1,192,354,,Novita,stop,0,0.00016752,content,0.0,700
meta-llama/llama-3.3-70b-instruct,49,10313,DR_k1,IV,3,det-counterfactual,tax_smoke_birthWeight,commonsense,KEEP,no,yes,0,1,191,267,,Novita,stop,0,0.000132585,content,0.0,700
meta-llama/llama-3.3-70b-instruct,50,20727,PROSE,IV,3,det-counterfactual,tax_smoke_birthWeight,anticommonsense,KEEP,yes,yes,1,1,168,215,,Novita,stop,0,0.00010868,content,0.0,700
meta-llama/llama-3.3-70b-instruct,50,20727,RAW,IV,3,det-counterfactual,tax_smoke_birthWeight,anticommonsense,KEEP,yes,yes,1,1,125,316,,Novita,stop,0,0.000143275,content,0.0,700
meta-llama/llama-3.3-70b-instruct,50,20727,ORACLE,IV,3,det-counterfactual,tax_smoke_birthWeight,anticommonsense,KEEP,yes,yes,1,1,183,342,,Novita,stop,0,0.000161505,content,0.0,700
meta-llama/llama-3.3-70b-instruct,50,20727,DR_k1,IV,3,det-counterfactual,tax_smoke_birthWeight,anticommonsense,KEEP,yes,yes,1,1,186,249,,Novita,stop,0,0.00012471,content,0.0,700
meta-llama/llama-3.3-70b-instruct,51,20195,PROSE,IV,3,det-counterfactual,college_wage,anticommonsense,KEEP,yes,yes,1,1,166,191,,Novita,stop,0,9.881e-05,content,0.0,700
meta-llama/llama-3.3-70b-instruct,51,20195,RAW,IV,3,det-counterfactual,college_wage,anticommonsense,KEEP,yes,yes,1,1,128,95,,Novita,stop,0,5.528e-05,content,0.0,700
meta-llama/llama-3.3-70b-instruct,51,20195,ORACLE,IV,3,det-counterfactual,college_wage,anticommonsense,KEEP,yes,yes,1,1,182,205,,Novita,stop,0,0.00010657,content,0.0,700
meta-llama/llama-3.3-70b-instruct,51,20195,DR_k1,IV,3,det-counterfactual,college_wage,anticommonsense,KEEP,yes,yes,1,1,186,299,,Novita,stop,0,0.00014471,content,0.0,700
meta-llama/llama-3.3-70b-instruct,52,9789,PROSE,IV,3,det-counterfactual,college_wage,commonsense,KEEP,no,yes,0,1,174,287,,Novita,stop,0,0.00013829,content,0.0,700
meta-llama/llama-3.3-70b-instruct,52,9789,RAW,IV,3,det-counterfactual,college_wage,commonsense,KEEP,no,no,1,1,136,351,,Novita,stop,0,0.00015876,content,0.0,700
meta-llama/llama-3.3-70b-instruct,52,9789,ORACLE,IV,3,det-counterfactual,college_wage,commonsense,KEEP,no,yes,0,1,189,184,,Novita,stop,0,9.9115e-05,content,0.0,700
meta-llama/llama-3.3-70b-instruct,52,9789,DR_k1,IV,3,det-counterfactual,college_wage,commonsense,KEEP,no,yes,0,1,181,281,,Novita,stop,0,0.000136835,content,0.0,700
meta-llama/llama-3.3-70b-instruct,53,20175,PROSE,IV,3,det-counterfactual,college_wage,anticommonsense,KEEP,yes,yes,1,1,166,226,,Novita,stop,0,0.00011281,content,0.0,700
meta-llama/llama-3.3-70b-instruct,53,20175,RAW,IV,3,det-counterfactual,college_wage,anticommonsense,KEEP,yes,yes,1,1,128,179,,Novita,stop,0,8.888e-05,content,0.0,700
meta-llama/llama-3.3-70b-instruct,53,20175,ORACLE,IV,3,det-counterfactual,college_wage,anticommonsense,KEEP,yes,yes,1,1,182,206,,Novita,stop,0,0.00010697,content,0.0,700
meta-llama/llama-3.3-70b-instruct,53,20175,DR_k1,IV,3,det-counterfactual,college_wage,anticommonsense,KEEP,yes,no,0,1,181,429,,Novita,stop,0,0.000196035,content,0.0,700
meta-llama/llama-3.3-70b-instruct,54,9795,PROSE,IV,3,det-counterfactual,college_wage,commonsense,KEEP,no,yes,0,1,174,312,,Novita,stop,0,0.00014829,content,0.0,700
meta-llama/llama-3.3-70b-instruct,54,9795,RAW,IV,3,det-counterfactual,college_wage,commonsense,KEEP,no,no,1,1,136,151,,Novita,stop,0,7.876e-05,content,0.0,700
meta-llama/llama-3.3-70b-instruct,54,9795,ORACLE,IV,3,det-counterfactual,college_wage,commonsense,KEEP,no,yes,0,1,189,148,,Novita,stop,0,8.4715e-05,content,0.0,700
meta-llama/llama-3.3-70b-instruct,54,9795,DR_k1,IV,3,det-counterfactual,college_wage,commonsense,KEEP,no,yes,0,1,181,229,,Novita,stop,0,0.000116035,content,0.0,700
meta-llama/llama-3.3-70b-instruct,55,10041,PROSE,IV,3,det-counterfactual,price,commonsense,KEEP,no,no,1,1,149,426,,Novita,stop,0,0.000190515,content,0.0,700
meta-llama/llama-3.3-70b-instruct,55,10041,RAW,IV,3,det-counterfactual,price,commonsense,KEEP,no,no,1,1,121,221,,Novita,stop,0,0.000104735,content,0.0,700
meta-llama/llama-3.3-70b-instruct,55,10041,ORACLE,IV,3,det-counterfactual,price,commonsense,KEEP,no,no,1,1,164,242,,Novita,stop,0,0.00011894,content,0.0,700
meta-llama/llama-3.3-70b-instruct,55,10041,DR_k1,IV,3,det-counterfactual,price,commonsense,KEEP,no,yes,0,1,164,251,,Novita,stop,0,0.00012254,content,0.0,700
meta-llama/llama-3.3-70b-instruct,56,10355,PROSE,IV,3,det-counterfactual,water_cholera,commonsense,KEEP,no,no,1,1,155,347,,Novita,stop,0,0.000159725,content,0.0,700
meta-llama/llama-3.3-70b-instruct,56,10355,RAW,IV,3,det-counterfactual,water_cholera,commonsense,KEEP,no,no,1,1,123,148,,Novita,stop,0,7.5805e-05,content,0.0,700
meta-llama/llama-3.3-70b-instruct,56,10355,ORACLE,IV,3,det-counterfactual,water_cholera,commonsense,KEEP,no,no,1,1,171,130,,Novita,stop,0,7.5085e-05,content,0.0,700
meta-llama/llama-3.3-70b-instruct,56,10355,DR_k1,IV,3,det-counterfactual,water_cholera,commonsense,KEEP,no,no,1,1,171,329,,Novita,stop,0,0.000154685,content,0.0,700
meta-llama/llama-3.3-70b-instruct,80,13538,PROSE,arrowhead,2,ate,obesity_mortality,anticommonsense,KEEP,no,no,1,1,141,154,,Novita,stop,0,8.0635e-05,content,0.0,700
meta-llama/llama-3.3-70b-instruct,80,13538,RAW,arrowhead,2,ate,obesity_mortality,anticommonsense,KEEP,no,no,1,1,110,92,,Novita,stop,0,5.165e-05,content,0.0,700
meta-llama/llama-3.3-70b-instruct,80,13538,ORACLE,arrowhead,2,ate,obesity_mortality,anticommonsense,KEEP,no,no,1,1,156,259,,Novita,stop,0,0.00012466,content,0.0,700
meta-llama/llama-3.3-70b-instruct,80,13538,DR_k1,arrowhead,2,ate,obesity_mortality,anticommonsense,KEEP,no,no,1,1,158,310,,Novita,stop,0,0.00014533,content,0.0,700
meta-llama/llama-3.3-70b-instruct,81,9160,PROSE,arrowhead,2,ate,smoking_gene_cancer,hard,KEEP,no,no,1,1,141,160,,Novita,stop,0,8.3035e-05,content,0.0,700
meta-llama/llama-3.3-70b-instruct,81,9160,RAW,arrowhead,2,ate,smoking_gene_cancer,hard,KEEP,no,no,1,1,110,93,,Novita,stop,0,5.205e-05,content,0.0,700
meta-llama/llama-3.3-70b-instruct,81,9160,ORACLE,arrowhead,2,ate,smoking_gene_cancer,hard,KEEP,no,no,1,1,156,208,,Novita,stop,0,0.00010426,content,0.0,700
meta-llama/llama-3.3-70b-instruct,81,9160,DR_k1,arrowhead,2,ate,smoking_gene_cancer,hard,KEEP,no,no,1,1,156,182,,Novita,stop,0,9.386e-05,content,0.0,700
meta-llama/llama-3.3-70b-instruct,82,2848,PROSE,arrowhead,2,ate,nature_vs_nurture,easy,KEEP,no,no,1,1,162,99,,Novita,stop,0,6.147e-05,content,0.0,700
meta-llama/llama-3.3-70b-instruct,82,2848,RAW,arrowhead,2,ate,nature_vs_nurture,easy,KEEP,no,no,1,1,113,113,,Novita,stop,0,6.0455e-05,content,0.0,700
meta-llama/llama-3.3-70b-instruct,82,2848,ORACLE,arrowhead,2,ate,nature_vs_nurture,easy,KEEP,no,no,1,1,177,151,,Novita,stop,0,8.4295e-05,content,0.0,700
meta-llama/llama-3.3-70b-instruct,82,2848,DR_k1,arrowhead,2,ate,nature_vs_nurture,easy,KEEP,no,no,1,1,178,306,,Novita,stop,0,0.00014643,content,0.0,700
meta-llama/llama-3.3-70b-instruct,83,7592,PROSE,arrowhead,2,ate,nature_vs_nurture,hard,KEEP,yes,yes,1,1,162,131,,Novita,stop,0,7.427e-05,content,0.0,700
meta-llama/llama-3.3-70b-instruct,83,7592,RAW,arrowhead,2,ate,nature_vs_nurture,hard,KEEP,yes,yes,1,1,113,88,,Novita,stop,0,5.0455e-05,content,0.0,700
meta-llama/llama-3.3-70b-instruct,83,7592,ORACLE,arrowhead,2,ate,nature_vs_nurture,hard,KEEP,yes,yes,1,1,177,357,,Novita,stop,0,0.000166695,content,0.0,700
meta-llama/llama-3.3-70b-instruct,83,7592,DR_k1,arrowhead,2,ate,nature_vs_nurture,hard,KEEP,yes,yes,1,1,177,320,,Novita,stop,0,0.000151895,content,0.0,700
meta-llama/llama-3.3-70b-instruct,86,13650,PROSE,arrowhead,2,ate,obesity_mortality,anticommonsense,KEEP,no,no,1,1,141,156,,Novita,stop,0,8.1435e-05,content,0.0,700
meta-llama/llama-3.3-70b-instruct,86,13650,RAW,arrowhead,2,ate,obesity_mortality,anticommonsense,KEEP,no,no,1,1,110,89,,Novita,stop,0,5.045e-05,content,0.0,700
meta-llama/llama-3.3-70b-instruct,86,13650,ORACLE,arrowhead,2,ate,obesity_mortality,anticommonsense,KEEP,no,no,1,1,156,210,,Novita,stop,0,0.00010506,content,0.0,700
meta-llama/llama-3.3-70b-instruct,86,13650,DR_k1,arrowhead,2,ate,obesity_mortality,anticommonsense,KEEP,no,no,1,1,156,201,,Novita,stop,0,0.00010146,content,0.0,700
meta-llama/llama-3.3-70b-instruct,87,2574,PROSE,arrowhead,2,ate,gender_pay,easy,KEEP,yes,yes,1,1,137,79,,Novita,stop,0,5.0095e-05,content,0.0,700
meta-llama/llama-3.3-70b-instruct,87,2574,RAW,arrowhead,2,ate,gender_pay,easy,KEEP,yes,yes,1,1,109,75,,Novita,stop,0,4.4715e-05,content,0.0,700
meta-llama/llama-3.3-70b-instruct,87,2574,ORACLE,arrowhead,2,ate,gender_pay,easy,KEEP,yes,yes,1,1,152,160,,Novita,stop,0,8.452e-05,content,0.0,700
meta-llama/llama-3.3-70b-instruct,87,2574,DR_k1,arrowhead,2,ate,gender_pay,easy,KEEP,yes,yes,1,1,152,171,,Novita,stop,0,8.892e-05,content,0.0,700
meta-llama/llama-3.3-70b-instruct,88,2323,PROSE,arrowhead,2,ate,gender_admission_state,easy,KEEP,yes,yes,1,1,147,103,,Novita,stop,0,6.1045e-05,content,0.0,700
meta-llama/llama-3.3-70b-instruct,88,2323,RAW,arrowhead,2,ate,gender_admission_state,easy,KEEP,yes,yes,1,1,111,72,,Novita,stop,0,4.3785e-05,content,0.0,700
meta-llama/llama-3.3-70b-instruct,88,2323,ORACLE,arrowhead,2,ate,gender_admission_state,easy,KEEP,yes,yes,1,1,162,278,,Novita,stop,0,0.00013307,content,0.0,700
meta-llama/llama-3.3-70b-instruct,88,2323,DR_k1,arrowhead,2,ate,gender_admission_state,easy,KEEP,yes,yes,1,1,162,233,,Novita,stop,0,0.00011507,content,0.0,700
meta-llama/llama-3.3-70b-instruct,89,8091,PROSE,arrowhead,2,ate,obesity_mortality,hard,KEEP,no,no,1,1,132,87,,Novita,stop,0,5.262e-05,content,0.0,700
meta-llama/llama-3.3-70b-instruct,89,8091,RAW,arrowhead,2,ate,obesity_mortality,hard,KEEP,no,no,1,1,104,87,,Novita,stop,0,4.884e-05,content,0.0,700
meta-llama/llama-3.3-70b-instruct,89,8091,ORACLE,arrowhead,2,ate,obesity_mortality,hard,KEEP,no,no,1,1,148,293,,Novita,stop,0,0.00013718,content,0.0,700
meta-llama/llama-3.3-70b-instruct,89,8091,DR_k1,arrowhead,2,ate,obesity_mortality,hard,KEEP,no,no,1,1,148,184,,Novita,stop,0,9.358e-05,content,0.0,700
meta-llama/llama-3.3-70b-instruct,91,19581,PROSE,arrowhead,2,ate,smoking_gene_cancer,anticommonsense,KEEP,no,no,1,1,146,84,,Novita,stop,0,5.331e-05,content,0.0,700
meta-llama/llama-3.3-70b-instruct,91,19581,RAW,arrowhead,2,ate,smoking_gene_cancer,anticommonsense,KEEP,no,no,1,1,113,85,,Novita,stop,0,4.9255e-05,content,0.0,700
meta-llama/llama-3.3-70b-instruct,91,19581,ORACLE,arrowhead,2,ate,smoking_gene_cancer,anticommonsense,KEEP,no,no,1,1,161,419,,Novita,stop,0,0.000189335,content,0.0,700
meta-llama/llama-3.3-70b-instruct,91,19581,DR_k1,arrowhead,2,ate,smoking_gene_cancer,anticommonsense,KEEP,no,no,1,1,163,314,,Novita,stop,0,0.000147605,content,0.0,700
meta-llama/llama-3.3-70b-instruct,94,7208,PROSE,arrowhead,2,ate,gender_admission_state,hard,KEEP,yes,yes,1,1,147,107,,Novita,stop,0,6.2645e-05,content,0.0,700
meta-llama/llama-3.3-70b-instruct,94,7208,RAW,arrowhead,2,ate,gender_admission_state,hard,KEEP,yes,yes,1,1,111,79,,Novita,stop,0,4.6585e-05,content,0.0,700
meta-llama/llama-3.3-70b-instruct,94,7208,ORACLE,arrowhead,2,ate,gender_admission_state,hard,KEEP,yes,yes,1,1,162,216,,Novita,stop,0,0.00010827,content,0.0,700
meta-llama/llama-3.3-70b-instruct,94,7208,DR_k1,arrowhead,2,ate,gender_admission_state,hard,KEEP,yes,yes,1,1,161,241,,Novita,stop,0,0.000118135,content,0.0,700
meta-llama/llama-3.3-70b-instruct,95,14791,PROSE,arrowhead,3,nde,smoking_gene_cancer,anticommonsense,KEEP,no,yes,0,1,289,435,,Novita,stop,0,0.000213015,content,0.0,700
meta-llama/llama-3.3-70b-instruct,95,14791,RAW,arrowhead,3,nde,smoking_gene_cancer,anticommonsense,KEEP,no,no,1,1,256,561,,Novita,stop,0,0.00025896,content,0.0,700
meta-llama/llama-3.3-70b-instruct,95,14791,ORACLE,arrowhead,3,nde,smoking_gene_cancer,anticommonsense,KEEP,no,yes,0,1,304,169,,Novita,stop,0,0.00010864,content,0.0,700
meta-llama/llama-3.3-70b-instruct,95,14791,DR_k1,arrowhead,3,nde,smoking_gene_cancer,anticommonsense,KEEP,no,yes,0,1,304,169,,Novita,stop,0,0.00010864,content,0.0,700
meta-llama/llama-3.3-70b-instruct,96,14419,PROSE,arrowhead,3,ett,smoke_birthWeight,anticommonsense,KEEP,no,no,1,1,176,167,,Novita,stop,0,9.056e-05,content,0.0,700
meta-llama/llama-3.3-70b-instruct,96,14419,RAW,arrowhead,3,ett,smoke_birthWeight,anticommonsense,KEEP,no,no,1,1,129,132,,Novita,stop,0,7.0215e-05,content,0.0,700
meta-llama/llama-3.3-70b-instruct,96,14419,ORACLE,arrowhead,3,ett,smoke_birthWeight,anticommonsense,KEEP,no,no,1,1,191,260,,Novita,stop,0,0.000129785,content,0.0,700
meta-llama/llama-3.3-70b-instruct,96,14419,DR_k1,arrowhead,3,ett,smoke_birthWeight,anticommonsense,KEEP,no,no,1,1,189,386,,Novita,stop,0,0.000179915,content,0.0,700
meta-llama/llama-3.3-70b-instruct,97,7102,PROSE,arrowhead,3,nde,gender_admission_state,hard,KEEP,yes,yes,1,1,304,683,,Novita,stop,0,0.00031424,content,0.0,700
meta-llama/llama-3.3-70b-instruct,97,7102,RAW,arrowhead,3,nde,gender_admission_state,hard,KEEP,yes,,0,0,268,700,,Novita,length,0,0.00031618,content,0.0,700
meta-llama/llama-3.3-70b-instruct,97,7102,ORACLE,arrowhead,3,nde,gender_admission_state,hard,KEEP,yes,yes,1,1,319,553,,Novita,stop,0,0.000264265,content,0.0,700
meta-llama/llama-3.3-70b-instruct,97,7102,DR_k1,arrowhead,3,nde,gender_admission_state,hard,KEEP,yes,yes,1,1,320,290,,Novita,stop,0,0.0001592,content,0.0,700
meta-llama/llama-3.3-70b-instruct,98,18048,PROSE,arrowhead,3,ett,nature_vs_nurture,anticommonsense,KEEP,yes,yes,1,1,184,281,,Novita,stop,0,0.00013724,content,0.0,700
meta-llama/llama-3.3-70b-instruct,98,18048,RAW,arrowhead,3,ett,nature_vs_nurture,anticommonsense,KEEP,yes,no,0,1,135,441,,Novita,stop,0,0.000194625,content,0.0,700
meta-llama/llama-3.3-70b-instruct,98,18048,ORACLE,arrowhead,3,ett,nature_vs_nurture,anticommonsense,KEEP,yes,no,0,1,199,491,,Novita,stop,0,0.000223265,content,0.0,700
meta-llama/llama-3.3-70b-instruct,98,18048,DR_k1,arrowhead,3,ett,nature_vs_nurture,anticommonsense,KEEP,yes,no,0,1,200,418,,Novita,stop,0,0.0001942,content,0.0,700
meta-llama/llama-3.3-70b-instruct,99,4365,PROSE,arrowhead,3,ett,smoking_gene_cancer,easy,KEEP,yes,yes,1,1,156,146,,Novita,stop,0,7.946e-05,content,0.0,700
meta-llama/llama-3.3-70b-instruct,99,4365,RAW,arrowhead,3,ett,smoking_gene_cancer,easy,KEEP,yes,yes,1,1,125,118,,Novita,stop,0,6.4075e-05,content,0.0,700
meta-llama/llama-3.3-70b-instruct,99,4365,ORACLE,arrowhead,3,ett,smoking_gene_cancer,easy,KEEP,yes,yes,1,1,171,368,,Novita,stop,0,0.000170285,content,0.0,700
meta-llama/llama-3.3-70b-instruct,99,4365,DR_k1,arrowhead,3,ett,smoking_gene_cancer,easy,KEEP,yes,no,0,1,171,518,,Novita,stop,0,0.000230285,content,0.0,700
meta-llama/llama-3.3-70b-instruct,100,3245,PROSE,arrowhead,3,nie,obesity_mortality,easy,KEEP,no,no,1,1,245,294,,Novita,stop,0,0.000150675,content,0.0,700
meta-llama/llama-3.3-70b-instruct,100,3245,RAW,arrowhead,3,nie,obesity_mortality,easy,KEEP,no,no,1,1,217,257,,Novita,stop,0,0.000132095,content,0.0,700
meta-llama/llama-3.3-70b-instruct,100,3245,ORACLE,arrowhead,3,nie,obesity_mortality,easy,KEEP,no,no,1,1,261,377,,Novita,stop,0,0.000186035,content,0.0,700
meta-llama/llama-3.3-70b-instruct,100,3245,DR_k1,arrowhead,3,nie,obesity_mortality,easy,KEEP,no,no,1,1,261,311,,Novita,stop,0,0.000159635,content,0.0,700
meta-llama/llama-3.3-70b-instruct,101,20288,PROSE,arrowhead,3,det-counterfactual,gender_pay,anticommonsense,KEEP,yes,yes,1,1,156,169,,Novita,stop,0,8.866e-05,content,0.0,700
meta-llama/llama-3.3-70b-instruct,101,20288,RAW,arrowhead,3,det-counterfactual,gender_pay,anticommonsense,KEEP,yes,yes,1,1,126,104,,Novita,stop,0,5.861e-05,content,0.0,700
meta-llama/llama-3.3-70b-instruct,101,20288,ORACLE,arrowhead,3,det-counterfactual,gender_pay,anticommonsense,KEEP,yes,yes,1,1,172,108,,Novita,stop,0,6.642e-05,content,0.0,700
meta-llama/llama-3.3-70b-instruct,101,20288,DR_k1,arrowhead,3,det-counterfactual,gender_pay,anticommonsense,KEEP,yes,yes,1,1,172,277,,Novita,stop,0,0.00013402,content,0.0,700
meta-llama/llama-3.3-70b-instruct,102,20269,PROSE,arrowhead,3,det-counterfactual,gender_admission_state,anticommonsense,KEEP,no,no,1,1,156,165,,Novita,stop,0,8.706e-05,content,0.0,700
meta-llama/llama-3.3-70b-instruct,102,20269,RAW,arrowhead,3,det-counterfactual,gender_admission_state,anticommonsense,KEEP,no,no,1,1,120,114,,Novita,stop,0,6.18e-05,content,0.0,700
meta-llama/llama-3.3-70b-instruct,102,20269,ORACLE,arrowhead,3,det-counterfactual,gender_admission_state,anticommonsense,KEEP,no,no,1,1,171,295,,Novita,stop,0,0.000141085,content,0.0,700
meta-llama/llama-3.3-70b-instruct,102,20269,DR_k1,arrowhead,3,det-counterfactual,gender_admission_state,anticommonsense,KEEP,no,no,1,1,171,177,,Novita,stop,0,9.3885e-05,content,0.0,700
meta-llama/llama-3.3-70b-instruct,103,13224,PROSE,arrowhead,3,nie,nature_vs_nurture,anticommonsense,KEEP,yes,yes,1,1,332,574,,Novita,stop,0,0.00027442,content,0.0,700
meta-llama/llama-3.3-70b-instruct,103,13224,RAW,arrowhead,3,nie,nature_vs_nurture,anticommonsense,KEEP,yes,,0,0,282,700,,Novita,length,0,0.00031807,content,0.0,700
meta-llama/llama-3.3-70b-instruct,103,13224,ORACLE,arrowhead,3,nie,nature_vs_nurture,anticommonsense,KEEP,yes,yes,1,1,347,424,,Novita,stop,0,0.000216445,content,0.0,700
meta-llama/llama-3.3-70b-instruct,103,13224,DR_k1,arrowhead,3,nie,nature_vs_nurture,anticommonsense,KEEP,yes,no,0,1,347,504,,Novita,stop,0,0.000248445,content,0.0,700
meta-llama/llama-3.3-70b-instruct,104,9178,PROSE,arrowhead,3,ett,smoking_gene_cancer,hard,KEEP,yes,yes,1,1,156,212,,Novita,stop,0,0.00010586,content,0.0,700
meta-llama/llama-3.3-70b-instruct,104,9178,RAW,arrowhead,3,ett,smoking_gene_cancer,hard,KEEP,yes,yes,1,1,125,119,,Novita,stop,0,6.4475e-05,content,0.0,700
meta-llama/llama-3.3-70b-instruct,104,9178,ORACLE,arrowhead,3,ett,smoking_gene_cancer,hard,KEEP,yes,no,0,1,171,422,,Novita,stop,0,0.000191885,content,0.0,700
meta-llama/llama-3.3-70b-instruct,104,9178,DR_k1,arrowhead,3,ett,smoking_gene_cancer,hard,KEEP,yes,no,0,1,171,365,,Novita,stop,0,0.000169085,content,0.0,700
meta-llama/llama-3.3-70b-instruct,105,13526,PROSE,arrowhead,3,nde,obesity_mortality,anticommonsense,KEEP,yes,yes,1,1,278,437,,Novita,stop,0,0.00021233,content,0.0,700
meta-llama/llama-3.3-70b-instruct,105,13526,RAW,arrowhead,3,nde,obesity_mortality,anticommonsense,KEEP,yes,,0,0,247,700,,Novita,length,0,0.000313345,content,0.0,700
meta-llama/llama-3.3-70b-instruct,105,13526,ORACLE,arrowhead,3,nde,obesity_mortality,anticommonsense,KEEP,yes,,0,0,293,700,,Novita,length,0,0.000319555,content,0.0,700
meta-llama/llama-3.3-70b-instruct,105,13526,DR_k1,arrowhead,3,nde,obesity_mortality,anticommonsense,KEEP,yes,yes,1,1,293,654,,Novita,stop,0,0.000301155,content,0.0,700
meta-llama/llama-3.3-70b-instruct,106,2480,PROSE,arrowhead,3,ett,gender_pay,easy,KEEP,yes,yes,1,1,150,220,,Novita,stop,0,0.00010825,content,0.0,700
meta-llama/llama-3.3-70b-instruct,106,2480,RAW,arrowhead,3,ett,gender_pay,easy,KEEP,yes,yes,1,1,122,160,,Novita,stop,0,8.047e-05,content,0.0,700
meta-llama/llama-3.3-70b-instruct,106,2480,ORACLE,arrowhead,3,ett,gender_pay,easy,KEEP,yes,yes,1,1,165,207,,Novita,stop,0,0.000105075,content,0.0,700
meta-llama/llama-3.3-70b-instruct,106,2480,DR_k1,arrowhead,3,ett,gender_pay,easy,KEEP,yes,yes,1,1,165,205,,Novita,stop,0,0.000104275,content,0.0,700
meta-llama/llama-3.3-70b-instruct,107,17732,PROSE,arrowhead,3,nie,gender_pay,anticommonsense,KEEP,no,no,1,1,296,641,,Novita,stop,0,0.00029636,content,0.0,700
meta-llama/llama-3.3-70b-instruct,107,17732,RAW,arrowhead,3,nie,gender_pay,anticommonsense,KEEP,no,no,1,1,265,560,,Novita,stop,0,0.000259775,content,0.0,700
meta-llama/llama-3.3-70b-instruct,107,17732,ORACLE,arrowhead,3,nie,gender_pay,anticommonsense,KEEP,no,yes,0,1,311,560,,Novita,stop,0,0.000265985,content,0.0,700
meta-llama/llama-3.3-70b-instruct,107,17732,DR_k1,arrowhead,3,nie,gender_pay,anticommonsense,KEEP,no,yes,0,1,313,657,,Novita,stop,0,0.000305055,content,0.0,700
meta-llama/llama-3.3-70b-instruct,108,2437,PROSE,arrowhead,3,nde,gender_admission_state,easy,KEEP,no,no,1,1,304,686,,Novita,stop,0,0.00031544,content,0.0,700
meta-llama/llama-3.3-70b-instruct,108,2437,RAW,arrowhead,3,nde,gender_admission_state,easy,KEEP,no,no,1,1,268,653,,Novita,stop,0,0.00029738,content,0.0,700
meta-llama/llama-3.3-70b-instruct,108,2437,ORACLE,arrowhead,3,nde,gender_admission_state,easy,KEEP,no,yes,0,1,319,682,,Novita,stop,0,0.000315865,content,0.0,700
meta-llama/llama-3.3-70b-instruct,108,2437,DR_k1,arrowhead,3,nde,gender_admission_state,easy,KEEP,no,,0,0,320,700,,Novita,length,0,0.0003232,content,0.0,700
meta-llama/llama-3.3-70b-instruct,109,14506,PROSE,arrowhead,3,ett,smoke_birthWeight,anticommonsense,KEEP,yes,yes,1,1,176,187,,Novita,stop,0,9.856e-05,content,0.0,700
meta-llama/llama-3.3-70b-instruct,109,14506,RAW,arrowhead,3,ett,smoke_birthWeight,anticommonsense,KEEP,yes,yes,1,1,129,128,,Novita,stop,0,6.8615e-05,content,0.0,700
meta-llama/llama-3.3-70b-instruct,109,14506,ORACLE,arrowhead,3,ett,smoke_birthWeight,anticommonsense,KEEP,yes,yes,1,1,191,303,,Novita,stop,0,0.000146985,content,0.0,700
meta-llama/llama-3.3-70b-instruct,109,14506,DR_k1,arrowhead,3,ett,smoke_birthWeight,anticommonsense,KEEP,yes,yes,1,1,191,267,,Novita,stop,0,0.000132585,content,0.0,700
meta-llama/llama-3.3-70b-instruct,110,3206,PROSE,arrowhead,3,ett,obesity_mortality,easy,KEEP,no,no,1,1,144,292,,Novita,stop,0,0.00013624,content,0.0,700
meta-llama/llama-3.3-70b-instruct,110,3206,RAW,arrowhead,3,ett,obesity_mortality,easy,KEEP,no,no,1,1,116,458,,Novita,stop,0,0.00019886,content,0.0,700
meta-llama/llama-3.3-70b-instruct,110,3206,ORACLE,arrowhead,3,ett,obesity_mortality,easy,KEEP,no,no,1,1,160,276,,Novita,stop,0,0.000132,content,0.0,700
meta-llama/llama-3.3-70b-instruct,110,3206,DR_k1,arrowhead,3,ett,obesity_mortality,easy,KEEP,no,no,1,1,160,538,,Novita,stop,0,0.0002368,content,0.0,700
meta-llama/llama-3.3-70b-instruct,111,12722,PROSE,arrowhead,3,nde,gender_admission_state,anticommonsense,KEEP,yes,yes,1,1,304,535,,Novita,stop,0,0.00025504,content,0.0,700
meta-llama/llama-3.3-70b-instruct,111,12722,RAW,arrowhead,3,nde,gender_admission_state,anticommonsense,KEEP,yes,,0,0,268,700,,Novita,length,0,0.00031618,content,0.0,700
meta-llama/llama-3.3-70b-instruct,111,12722,ORACLE,arrowhead,3,nde,gender_admission_state,anticommonsense,KEEP,yes,yes,1,1,319,375,,Novita,stop,0,0.000193065,content,0.0,700
meta-llama/llama-3.3-70b-instruct,111,12722,DR_k1,arrowhead,3,nde,gender_admission_state,anticommonsense,KEEP,yes,yes,1,1,319,347,,Novita,stop,0,0.000181865,content,0.0,700
meta-llama/llama-3.3-70b-instruct,112,4093,PROSE,arrowhead,3,nde,smoke_birthWeight,easy,KEEP,no,,0,0,320,700,,Novita,length,0,0.0003232,content,0.0,700
meta-llama/llama-3.3-70b-instruct,112,4093,RAW,arrowhead,3,nde,smoke_birthWeight,easy,KEEP,no,,0,0,276,700,,Novita,length,0,0.00031726,content,0.0,700
meta-llama/llama-3.3-70b-instruct,112,4093,ORACLE,arrowhead,3,nde,smoke_birthWeight,easy,KEEP,no,no,1,1,335,632,,Novita,stop,0,0.000298025,content,0.0,700
meta-llama/llama-3.3-70b-instruct,112,4093,DR_k1,arrowhead,3,nde,smoke_birthWeight,easy,KEEP,no,no,1,1,335,656,,Novita,stop,0,0.000307625,content,0.0,700
meta-llama/llama-3.3-70b-instruct,113,14729,PROSE,arrowhead,3,nde,smoking_gene_cancer,anticommonsense,KEEP,no,no,1,1,289,651,,Novita,stop,0,0.000299415,content,0.0,700
meta-llama/llama-3.3-70b-instruct,113,14729,RAW,arrowhead,3,nde,smoking_gene_cancer,anticommonsense,KEEP,no,no,1,1,256,315,,Novita,stop,0,0.00016056,content,0.0,700
meta-llama/llama-3.3-70b-instruct,113,14729,ORACLE,arrowhead,3,nde,smoking_gene_cancer,anticommonsense,KEEP,no,no,1,1,304,168,,Novita,stop,0,0.00010824,content,0.0,700
meta-llama/llama-3.3-70b-instruct,113,14729,DR_k1,arrowhead,3,nde,smoking_gene_cancer,anticommonsense,KEEP,no,no,1,1,304,290,,Novita,stop,0,0.00015704,content,0.0,700
meta-llama/llama-3.3-70b-instruct,133,19043,PROSE,confounding,2,ate,simpson_vaccine,anticommonsense,KEEP,yes,yes,1,1,204,237,,Novita,stop,0,0.00012234,content,0.0,700
meta-llama/llama-3.3-70b-instruct,133,19043,RAW,confounding,2,ate,simpson_vaccine,anticommonsense,KEEP,yes,yes,1,1,180,513,,Novita,stop,0,0.0002295,content,0.0,700
meta-llama/llama-3.3-70b-instruct,133,19043,ORACLE,confounding,2,ate,simpson_vaccine,anticommonsense,KEEP,yes,yes,1,1,219,471,,Novita,stop,0,0.000217965,content,0.0,700
meta-llama/llama-3.3-70b-instruct,133,19043,DR_k1,confounding,2,ate,simpson_vaccine,anticommonsense,KEEP,yes,yes,1,1,220,515,,Novita,stop,0,0.0002357,content,0.0,700
meta-llama/llama-3.3-70b-instruct,135,8698,PROSE,confounding,2,ate,simpson_vaccine,hard,KEEP,yes,yes,1,1,197,685,,Novita,stop,0,0.000300595,content,0.0,700
meta-llama/llama-3.3-70b-instruct,135,8698,RAW,confounding,2,ate,simpson_vaccine,hard,KEEP,yes,yes,1,1,176,582,,Novita,stop,0,0.00025656,content,0.0,700
meta-llama/llama-3.3-70b-instruct,135,8698,ORACLE,confounding,2,ate,simpson_vaccine,hard,KEEP,yes,yes,1,1,212,581,,Novita,stop,0,0.00026102,content,0.0,700
meta-llama/llama-3.3-70b-instruct,135,8698,DR_k1,confounding,2,ate,simpson_vaccine,hard,KEEP,yes,yes,1,1,212,639,,Novita,stop,0,0.00028422,content,0.0,700
meta-llama/llama-3.3-70b-instruct,139,8572,PROSE,confounding,2,ate,simpson_kidneystone,hard,KEEP,no,no,1,1,181,615,,Novita,stop,0,0.000270435,content,0.0,700
meta-llama/llama-3.3-70b-instruct,139,8572,RAW,confounding,2,ate,simpson_kidneystone,hard,KEEP,no,no,1,1,160,515,,Novita,stop,0,0.0002276,content,0.0,700
meta-llama/llama-3.3-70b-instruct,139,8572,ORACLE,confounding,2,ate,simpson_kidneystone,hard,KEEP,no,no,1,1,196,379,,Novita,stop,0,0.00017806,content,0.0,700
meta-llama/llama-3.3-70b-instruct,139,8572,DR_k1,confounding,2,ate,simpson_kidneystone,hard,KEEP,no,no,1,1,198,587,,Novita,stop,0,0.00026153,content,0.0,700
meta-llama/llama-3.3-70b-instruct,142,3789,PROSE,confounding,2,ate,simpson_kidneystone,easy,KEEP,no,no,1,1,181,543,,Novita,stop,0,0.000241635,content,0.0,700
meta-llama/llama-3.3-70b-instruct,142,3789,RAW,confounding,2,ate,simpson_kidneystone,easy,KEEP,no,no,1,1,160,524,,Novita,stop,0,0.0002312,content,0.0,700
meta-llama/llama-3.3-70b-instruct,142,3789,ORACLE,confounding,2,ate,simpson_kidneystone,easy,KEEP,no,no,1,1,196,384,,Novita,stop,0,0.00018006,content,0.0,700
meta-llama/llama-3.3-70b-instruct,142,3789,DR_k1,confounding,2,ate,simpson_kidneystone,easy,KEEP,no,no,1,1,198,569,,Novita,stop,0,0.00025433,content,0.0,700
meta-llama/llama-3.3-70b-instruct,143,8542,PROSE,confounding,2,ate,simpson_kidneystone,hard,KEEP,yes,yes,1,1,181,620,,Novita,stop,0,0.000272435,content,0.0,700
meta-llama/llama-3.3-70b-instruct,143,8542,RAW,confounding,2,ate,simpson_kidneystone,hard,KEEP,yes,yes,1,1,160,583,,Novita,stop,0,0.0002548,content,0.0,700
meta-llama/llama-3.3-70b-instruct,143,8542,ORACLE,confounding,2,ate,simpson_kidneystone,hard,KEEP,yes,yes,1,1,196,353,,Novita,stop,0,0.00016766,content,0.0,700
meta-llama/llama-3.3-70b-instruct,143,8542,DR_k1,confounding,2,ate,simpson_kidneystone,hard,KEEP,yes,yes,1,1,196,375,,Novita,stop,0,0.00017646,content,0.0,700
meta-llama/llama-3.3-70b-instruct,145,8355,PROSE,confounding,2,ate,simpson_drug,hard,KEEP,yes,yes,1,1,171,565,,Novita,stop,0,0.000249085,content,0.0,700
meta-llama/llama-3.3-70b-instruct,145,8355,RAW,confounding,2,ate,simpson_drug,hard,KEEP,yes,yes,1,1,153,581,,Novita,stop,0,0.000253055,content,0.0,700
meta-llama/llama-3.3-70b-instruct,145,8355,ORACLE,confounding,2,ate,simpson_drug,hard,KEEP,yes,yes,1,1,186,361,,Novita,stop,0,0.00016951,content,0.0,700
meta-llama/llama-3.3-70b-instruct,145,8355,DR_k1,confounding,2,ate,simpson_drug,hard,KEEP,yes,yes,1,1,186,304,,Novita,stop,0,0.00014671,content,0.0,700
meta-llama/llama-3.3-70b-instruct,150,8686,PROSE,confounding,2,ate,simpson_vaccine,hard,KEEP,no,no,1,1,197,595,,Novita,stop,0,0.000264595,content,0.0,700
meta-llama/llama-3.3-70b-instruct,150,8686,RAW,confounding,2,ate,simpson_vaccine,hard,KEEP,no,no,1,1,176,613,,Novita,stop,0,0.00026896,content,0.0,700
meta-llama/llama-3.3-70b-instruct,150,8686,ORACLE,confounding,2,ate,simpson_vaccine,hard,KEEP,no,no,1,1,212,599,,Novita,stop,0,0.00026822,content,0.0,700
meta-llama/llama-3.3-70b-instruct,150,8686,DR_k1,confounding,2,ate,simpson_vaccine,hard,KEEP,no,no,1,1,212,618,,Novita,stop,0,0.00027582,content,0.0,700
meta-llama/llama-3.3-70b-instruct,151,14281,PROSE,confounding,2,ate,simpson_vaccine,anticommonsense,KEEP,yes,yes,1,1,206,611,,Novita,stop,0,0.00027221,content,0.0,700
meta-llama/llama-3.3-70b-instruct,151,14281,RAW,confounding,2,ate,simpson_vaccine,anticommonsense,KEEP,yes,yes,1,1,181,682,,Novita,stop,0,0.000297235,content,0.0,700
meta-llama/llama-3.3-70b-instruct,151,14281,ORACLE,confounding,2,ate,simpson_vaccine,anticommonsense,KEEP,yes,yes,1,1,221,608,,Novita,stop,0,0.000273035,content,0.0,700
meta-llama/llama-3.3-70b-instruct,151,14281,DR_k1,confounding,2,ate,simpson_vaccine,anticommonsense,KEEP,yes,yes,1,1,221,583,,Novita,stop,0,0.000263035,content,0.0,700
meta-llama/llama-3.3-70b-instruct,152,14393,PROSE,confounding,3,ett,simpson_vaccine,anticommonsense,KEEP,yes,yes,1,1,219,324,,Novita,stop,0,0.000159165,content,0.0,700
meta-llama/llama-3.3-70b-instruct,152,14393,RAW,confounding,3,ett,simpson_vaccine,anticommonsense,KEEP,yes,yes,1,1,194,600,,Novita,stop,0,0.00026619,content,0.0,700
meta-llama/llama-3.3-70b-instruct,152,14393,ORACLE,confounding,3,ett,simpson_vaccine,anticommonsense,KEEP,yes,no,0,1,234,700,,Novita,length,0,0.00031159,content,0.0,700
meta-llama/llama-3.3-70b-instruct,152,14393,DR_k1,confounding,3,ett,simpson_vaccine,anticommonsense,KEEP,yes,no,0,1,234,457,,Novita,stop,0,0.00021439,content,0.0,700
meta-llama/llama-3.3-70b-instruct,153,20516,PROSE,confounding,3,det-counterfactual,simpson_kidneystone,anticommonsense,KEEP,no,no,1,1,131,700,,Novita,length,0,0.000297685,content,0.0,700
meta-llama/llama-3.3-70b-instruct,153,20516,RAW,confounding,3,det-counterfactual,simpson_kidneystone,anticommonsense,KEEP,no,no,1,1,108,538,,Novita,stop,0,0.00022978,content,0.0,700
meta-llama/llama-3.3-70b-instruct,153,20516,ORACLE,confounding,3,det-counterfactual,simpson_kidneystone,anticommonsense,KEEP,no,no,1,1,146,382,,Novita,stop,0,0.00017251,content,0.0,700
meta-llama/llama-3.3-70b-instruct,153,20516,DR_k1,confounding,3,det-counterfactual,simpson_kidneystone,anticommonsense,KEEP,no,no,1,1,146,347,,Novita,stop,0,0.00015851,content,0.0,700
meta-llama/llama-3.3-70b-instruct,154,3621,PROSE,confounding,3,ett,simpson_drug,easy,KEEP,no,no,1,1,183,417,,Novita,stop,0,0.000191505,content,0.0,700
meta-llama/llama-3.3-70b-instruct,154,3621,RAW,confounding,3,ett,simpson_drug,easy,KEEP,no,no,1,1,165,448,,Novita,stop,0,0.000201475,content,0.0,700
meta-llama/llama-3.3-70b-instruct,154,3621,ORACLE,confounding,3,ett,simpson_drug,easy,KEEP,no,no,1,1,198,624,,Novita,stop,0,0.00027633,content,0.0,700
meta-llama/llama-3.3-70b-instruct,154,3621,DR_k1,confounding,3,ett,simpson_drug,easy,KEEP,no,no,1,1,198,697,,Novita,stop,0,0.00030553,content,0.0,700
meta-llama/llama-3.3-70b-instruct,155,19014,PROSE,confounding,3,ett,simpson_kidneystone,anticommonsense,KEEP,yes,yes,1,1,202,666,,Novita,stop,0,0.00029367,content,0.0,700
meta-llama/llama-3.3-70b-instruct,155,19014,RAW,confounding,3,ett,simpson_kidneystone,anticommonsense,KEEP,yes,yes,1,1,175,428,,Novita,stop,0,0.000194825,content,0.0,700
meta-llama/llama-3.3-70b-instruct,155,19014,ORACLE,confounding,3,ett,simpson_kidneystone,anticommonsense,KEEP,yes,yes,1,1,217,559,,Novita,stop,0,0.000252895,content,0.0,700
meta-llama/llama-3.3-70b-instruct,155,19014,DR_k1,confounding,3,ett,simpson_kidneystone,anticommonsense,KEEP,yes,yes,1,1,216,459,,Novita,stop,0,0.00021276,content,0.0,700
meta-llama/llama-3.3-70b-instruct,156,10064,PROSE,confounding,3,det-counterfactual,simpson_drug,commonsense,KEEP,yes,yes,1,1,118,52,,Novita,stop,0,3.673e-05,content,0.0,700
meta-llama/llama-3.3-70b-instruct,156,10064,RAW,confounding,3,det-counterfactual,simpson_drug,commonsense,KEEP,yes,yes,1,1,100,71,,Novita,stop,0,4.19e-05,content,0.0,700
meta-llama/llama-3.3-70b-instruct,156,10064,ORACLE,confounding,3,det-counterfactual,simpson_drug,commonsense,KEEP,yes,yes,1,1,133,165,,Novita,stop,0,8.3955e-05,content,0.0,700
meta-llama/llama-3.3-70b-instruct,156,10064,DR_k1,confounding,3,det-counterfactual,simpson_drug,commonsense,KEEP,yes,yes,1,1,133,65,,Novita,stop,0,4.3955e-05,content,0.0,700
meta-llama/llama-3.3-70b-instruct,157,10108,PROSE,confounding,3,det-counterfactual,simpson_hospital,commonsense,KEEP,no,no,1,1,123,110,,Novita,stop,0,6.0605e-05,content,0.0,700
meta-llama/llama-3.3-70b-instruct,157,10108,RAW,confounding,3,det-counterfactual,simpson_hospital,commonsense,KEEP,no,no,1,1,103,429,,Novita,stop,0,0.000185505,content,0.0,700
meta-llama/llama-3.3-70b-instruct,157,10108,ORACLE,confounding,3,det-counterfactual,simpson_hospital,commonsense,KEEP,no,yes,0,1,138,356,,Novita,stop,0,0.00016103,content,0.0,700
meta-llama/llama-3.3-70b-instruct,157,10108,DR_k1,confounding,3,det-counterfactual,simpson_hospital,commonsense,KEEP,no,no,1,1,138,318,,Novita,stop,0,0.00014583,content,0.0,700
meta-llama/llama-3.3-70b-instruct,158,18847,PROSE,confounding,3,ett,simpson_hospital,anticommonsense,KEEP,no,no,1,1,206,389,,Novita,stop,0,0.00018341,content,0.0,700
meta-llama/llama-3.3-70b-instruct,158,18847,RAW,confounding,3,ett,simpson_hospital,anticommonsense,KEEP,no,no,1,1,184,340,,Novita,stop,0,0.00016084,content,0.0,700
meta-llama/llama-3.3-70b-instruct,158,18847,ORACLE,confounding,3,ett,simpson_hospital,anticommonsense,KEEP,no,no,1,1,221,307,,Novita,stop,0,0.000152635,content,0.0,700
meta-llama/llama-3.3-70b-instruct,158,18847,DR_k1,confounding,3,ett,simpson_hospital,anticommonsense,KEEP,no,no,1,1,220,551,,Novita,stop,0,0.0002501,content,0.0,700
meta-llama/llama-3.3-70b-instruct,159,8323,PROSE,confounding,3,ett,simpson_drug,hard,KEEP,no,yes,0,1,183,254,,Novita,stop,0,0.000126305,content,0.0,700
meta-llama/llama-3.3-70b-instruct,159,8323,RAW,confounding,3,ett,simpson_drug,hard,KEEP,no,yes,0,1,165,515,,Novita,stop,0,0.000228275,content,0.0,700
meta-llama/llama-3.3-70b-instruct,159,8323,ORACLE,confounding,3,ett,simpson_drug,hard,KEEP,no,yes,0,1,198,498,,Novita,stop,0,0.00022593,content,0.0,700
meta-llama/llama-3.3-70b-instruct,159,8323,DR_k1,confounding,3,ett,simpson_drug,hard,KEEP,no,yes,0,1,198,397,,Novita,stop,0,0.00018553,content,0.0,700
meta-llama/llama-3.3-70b-instruct,160,3569,PROSE,confounding,3,ett,simpson_drug,easy,KEEP,yes,no,0,1,183,531,,Novita,stop,0,0.000237105,content,0.0,700
meta-llama/llama-3.3-70b-instruct,160,3569,RAW,confounding,3,ett,simpson_drug,easy,KEEP,yes,no,0,1,165,397,,Novita,stop,0,0.000181075,content,0.0,700
meta-llama/llama-3.3-70b-instruct,160,3569,ORACLE,confounding,3,ett,simpson_drug,easy,KEEP,yes,no,0,1,198,530,,Novita,stop,0,0.00023873,content,0.0,700
meta-llama/llama-3.3-70b-instruct,160,3569,DR_k1,confounding,3,ett,simpson_drug,easy,KEEP,yes,yes,1,1,198,406,,Novita,stop,0,0.00018913,content,0.0,700
meta-llama/llama-3.3-70b-instruct,161,10183,PROSE,confounding,3,det-counterfactual,simpson_vaccine,commonsense,KEEP,yes,no,0,1,132,134,,Novita,stop,0,7.142e-05,content,0.0,700
meta-llama/llama-3.3-70b-instruct,161,10183,RAW,confounding,3,det-counterfactual,simpson_vaccine,commonsense,KEEP,yes,yes,1,1,111,396,,Novita,stop,0,0.000173385,content,0.0,700
meta-llama/llama-3.3-70b-instruct,161,10183,ORACLE,confounding,3,det-counterfactual,simpson_vaccine,commonsense,KEEP,yes,no,0,1,147,179,,Novita,stop,0,9.1445e-05,content,0.0,700
meta-llama/llama-3.3-70b-instruct,161,10183,DR_k1,confounding,3,det-counterfactual,simpson_vaccine,commonsense,KEEP,yes,no,0,1,147,532,,Novita,stop,0,0.000232645,content,0.0,700
meta-llama/llama-3.3-70b-instruct,162,3766,PROSE,confounding,3,ett,simpson_kidneystone,easy,KEEP,no,no,1,1,193,643,,Novita,stop,0,0.000283255,content,0.0,700
meta-llama/llama-3.3-70b-instruct,162,3766,RAW,confounding,3,ett,simpson_kidneystone,easy,KEEP,no,no,1,1,172,321,,Novita,stop,0,0.00015162,content,0.0,700
meta-llama/llama-3.3-70b-instruct,162,3766,ORACLE,confounding,3,ett,simpson_kidneystone,easy,KEEP,no,no,1,1,208,700,,Novita,length,0,0.00030808,content,0.0,700
meta-llama/llama-3.3-70b-instruct,162,3766,DR_k1,confounding,3,ett,simpson_kidneystone,easy,KEEP,no,no,1,1,208,401,,Novita,stop,0,0.00018848,content,0.0,700
meta-llama/llama-3.3-70b-instruct,163,8688,PROSE,confounding,3,ett,simpson_vaccine,hard,KEEP,no,no,1,1,210,480,,Novita,stop,0,0.00022035,content,0.0,700
meta-llama/llama-3.3-70b-instruct,163,8688,RAW,confounding,3,ett,simpson_vaccine,hard,KEEP,no,yes,0,1,189,396,,Novita,stop,0,0.000183915,content,0.0,700
meta-llama/llama-3.3-70b-instruct,163,8688,ORACLE,confounding,3,ett,simpson_vaccine,hard,KEEP,no,yes,0,1,225,502,,Novita,stop,0,0.000231175,content,0.0,700
meta-llama/llama-3.3-70b-instruct,163,8688,DR_k1,confounding,3,ett,simpson_vaccine,hard,KEEP,no,yes,0,1,227,431,,Novita,stop,0,0.000203045,content,0.0,700
meta-llama/llama-3.3-70b-instruct,164,10149,PROSE,confounding,3,det-counterfactual,simpson_kidneystone,commonsense,KEEP,yes,no,0,1,127,134,,Novita,stop,0,7.0745e-05,content,0.0,700
meta-llama/llama-3.3-70b-instruct,164,10149,RAW,confounding,3,det-counterfactual,simpson_kidneystone,commonsense,KEEP,yes,no,0,1,106,140,,Novita,stop,0,7.031e-05,content,0.0,700
meta-llama/llama-3.3-70b-instruct,164,10149,ORACLE,confounding,3,det-counterfactual,simpson_kidneystone,commonsense,KEEP,yes,no,0,1,142,221,,Novita,stop,0,0.00010757,content,0.0,700
meta-llama/llama-3.3-70b-instruct,164,10149,DR_k1,confounding,3,det-counterfactual,simpson_kidneystone,commonsense,KEEP,yes,no,0,1,142,467,,Novita,stop,0,0.00020597,content,0.0,700
meta-llama/llama-3.3-70b-instruct,165,8424,PROSE,confounding,3,ett,simpson_hospital,hard,KEEP,no,no,1,1,199,304,,Novita,stop,0,0.000148465,content,0.0,700
meta-llama/llama-3.3-70b-instruct,165,8424,RAW,confounding,3,ett,simpson_hospital,hard,KEEP,no,yes,0,1,179,325,,Novita,stop,0,0.000154165,content,0.0,700
meta-llama/llama-3.3-70b-instruct,165,8424,ORACLE,confounding,3,ett,simpson_hospital,hard,KEEP,no,yes,0,1,214,260,,Novita,stop,0,0.00013289,content,0.0,700
meta-llama/llama-3.3-70b-instruct,165,8424,DR_k1,confounding,3,ett,simpson_hospital,hard,KEEP,no,no,1,1,213,356,,Novita,stop,0,0.000171155,content,0.0,700
meta-llama/llama-3.3-70b-instruct,166,20458,PROSE,confounding,3,det-counterfactual,simpson_drug,anticommonsense,KEEP,yes,yes,1,1,126,139,,Novita,stop,0,7.261e-05,content,0.0,700
meta-llama/llama-3.3-70b-instruct,166,20458,RAW,confounding,3,det-counterfactual,simpson_drug,anticommonsense,KEEP,yes,yes,1,1,104,130,,Novita,stop,0,6.604e-05,content,0.0,700
meta-llama/llama-3.3-70b-instruct,166,20458,ORACLE,confounding,3,det-counterfactual,simpson_drug,anticommonsense,KEEP,yes,no,0,1,141,91,,Novita,stop,0,5.5435e-05,content,0.0,700
meta-llama/llama-3.3-70b-instruct,166,20458,DR_k1,confounding,3,det-counterfactual,simpson_drug,anticommonsense,KEEP,yes,yes,1,1,141,330,,Novita,stop,0,0.000151035,content,0.0,700
meta-llama/llama-3.3-70b-instruct,167,10130,PROSE,confounding,3,det-counterfactual,simpson_kidneystone,commonsense,KEEP,yes,yes,1,1,127,79,,Novita,stop,0,4.8745e-05,content,0.0,700
meta-llama/llama-3.3-70b-instruct,167,10130,RAW,confounding,3,det-counterfactual,simpson_kidneystone,commonsense,KEEP,yes,yes,1,1,106,89,,Novita,stop,0,4.991e-05,content,0.0,700
meta-llama/llama-3.3-70b-instruct,167,10130,ORACLE,confounding,3,det-counterfactual,simpson_kidneystone,commonsense,KEEP,yes,yes,1,1,142,97,,Novita,stop,0,5.797e-05,content,0.0,700
meta-llama/llama-3.3-70b-instruct,167,10130,DR_k1,confounding,3,det-counterfactual,simpson_kidneystone,commonsense,KEEP,yes,yes,1,1,142,116,,Novita,stop,0,6.557e-05,content,0.0,700
meta-llama/llama-3.3-70b-instruct,168,20519,PROSE,confounding,3,det-counterfactual,simpson_kidneystone,anticommonsense,KEEP,no,no,1,1,131,328,,Novita,stop,0,0.000148885,content,0.0,700
meta-llama/llama-3.3-70b-instruct,168,20519,RAW,confounding,3,det-counterfactual,simpson_kidneystone,anticommonsense,KEEP,no,no,1,1,108,236,,Novita,stop,0,0.00010898,content,0.0,700
meta-llama/llama-3.3-70b-instruct,168,20519,ORACLE,confounding,3,det-counterfactual,simpson_kidneystone,anticommonsense,KEEP,no,yes,0,1,146,466,,Novita,stop,0,0.00020611,content,0.0,700
meta-llama/llama-3.3-70b-instruct,168,20519,DR_k1,confounding,3,det-counterfactual,simpson_kidneystone,anticommonsense,KEEP,no,no,1,1,148,216,,Novita,stop,0,0.00010638,content,0.0,700
meta-llama/llama-3.3-70b-instruct,169,18799,PROSE,confounding,3,ett,simpson_drug,anticommonsense,KEEP,yes,no,0,1,200,700,,Novita,length,0,0.000307,content,0.0,700
meta-llama/llama-3.3-70b-instruct,169,18799,RAW,confounding,3,ett,simpson_drug,anticommonsense,KEEP,yes,yes,1,1,180,635,,Novita,stop,0,0.0002783,content,0.0,700
meta-llama/llama-3.3-70b-instruct,169,18799,ORACLE,confounding,3,ett,simpson_drug,anticommonsense,KEEP,yes,yes,1,1,215,556,,Novita,stop,0,0.000251425,content,0.0,700
meta-llama/llama-3.3-70b-instruct,169,18799,DR_k1,confounding,3,ett,simpson_drug,anticommonsense,KEEP,yes,yes,1,1,215,696,,Novita,stop,0,0.000307425,content,0.0,700
meta-llama/llama-3.3-70b-instruct,170,19117,PROSE,confounding,3,ett,simpson_vaccine,anticommonsense,KEEP,yes,yes,1,1,218,441,,Novita,stop,0,0.00020583,content,0.0,700
meta-llama/llama-3.3-70b-instruct,170,19117,RAW,confounding,3,ett,simpson_vaccine,anticommonsense,KEEP,yes,no,0,1,194,700,,Novita,length,0,0.00030619,content,0.0,700
meta-llama/llama-3.3-70b-instruct,170,19117,ORACLE,confounding,3,ett,simpson_vaccine,anticommonsense,KEEP,yes,yes,1,1,233,601,,Novita,stop,0,0.000271855,content,0.0,700
meta-llama/llama-3.3-70b-instruct,170,19117,DR_k1,confounding,3,ett,simpson_vaccine,anticommonsense,KEEP,yes,yes,1,1,234,454,,Novita,stop,0,0.00021319,content,0.0,700
meta-llama/llama-3.3-70b-instruct,192,15841,PROSE,diamond,2,ate,floor_wet,anticommonsense,KEEP,yes,yes,1,1,132,84,,Novita,stop,0,5.142e-05,content,0.0,700
meta-llama/llama-3.3-70b-instruct,192,15841,RAW,diamond,2,ate,floor_wet,anticommonsense,KEEP,yes,yes,1,1,103,88,,Novita,stop,0,4.9105e-05,content,0.0,700
meta-llama/llama-3.3-70b-instruct,192,15841,ORACLE,diamond,2,ate,floor_wet,anticommonsense,KEEP,yes,yes,1,1,147,226,,Novita,stop,0,0.000110245,content,0.0,700
meta-llama/llama-3.3-70b-instruct,192,15841,DR_k1,diamond,2,ate,floor_wet,anticommonsense,KEEP,yes,yes,1,1,147,189,,Novita,stop,0,9.5445e-05,content,0.0,700
meta-llama/llama-3.3-70b-instruct,194,10797,PROSE,diamond,2,ate,firing_squad,anticommonsense,KEEP,no,no,1,1,147,89,,Novita,stop,0,5.5445e-05,content,0.0,700
meta-llama/llama-3.3-70b-instruct,194,10797,RAW,diamond,2,ate,firing_squad,anticommonsense,KEEP,no,no,1,1,113,98,,Novita,stop,0,5.4455e-05,content,0.0,700
meta-llama/llama-3.3-70b-instruct,194,10797,ORACLE,diamond,2,ate,firing_squad,anticommonsense,KEEP,no,no,1,1,162,211,,Novita,stop,0,0.00010627,content,0.0,700
meta-llama/llama-3.3-70b-instruct,194,10797,DR_k1,diamond,2,ate,firing_squad,anticommonsense,KEEP,no,no,1,1,163,166,,Novita,stop,0,8.8405e-05,content,0.0,700
meta-llama/llama-3.3-70b-instruct,195,15595,PROSE,diamond,2,ate,firing_squad,anticommonsense,KEEP,yes,yes,1,1,146,195,,Novita,stop,0,9.771e-05,content,0.0,700
meta-llama/llama-3.3-70b-instruct,195,15595,RAW,diamond,2,ate,firing_squad,anticommonsense,KEEP,yes,yes,1,1,112,137,,Novita,stop,0,6.992e-05,content,0.0,700
meta-llama/llama-3.3-70b-instruct,195,15595,ORACLE,diamond,2,ate,firing_squad,anticommonsense,KEEP,yes,yes,1,1,162,292,,Novita,stop,0,0.00013867,content,0.0,700
meta-llama/llama-3.3-70b-instruct,195,15595,DR_k1,diamond,2,ate,firing_squad,anticommonsense,KEEP,yes,yes,1,1,163,390,,Novita,stop,0,0.000178005,content,0.0,700
meta-llama/llama-3.3-70b-instruct,196,15596,PROSE,diamond,2,ate,firing_squad,anticommonsense,KEEP,no,no,1,1,146,105,,Novita,stop,0,6.171e-05,content,0.0,700
meta-llama/llama-3.3-70b-instruct,196,15596,RAW,diamond,2,ate,firing_squad,anticommonsense,KEEP,no,no,1,1,112,164,,Novita,stop,0,8.072e-05,content,0.0,700
meta-llama/llama-3.3-70b-instruct,196,15596,ORACLE,diamond,2,ate,firing_squad,anticommonsense,KEEP,no,no,1,1,162,211,,Novita,stop,0,0.00010627,content,0.0,700
meta-llama/llama-3.3-70b-instruct,196,15596,DR_k1,diamond,2,ate,firing_squad,anticommonsense,KEEP,no,no,1,1,163,287,,Novita,stop,0,0.000136805,content,0.0,700
meta-llama/llama-3.3-70b-instruct,197,16459,PROSE,diamond,2,ate,vaccine_kills,anticommonsense,KEEP,no,no,1,1,139,101,,Novita,stop,0,5.9165e-05,content,0.0,700
meta-llama/llama-3.3-70b-instruct,197,16459,RAW,diamond,2,ate,vaccine_kills,anticommonsense,KEEP,no,no,1,1,100,81,,Novita,stop,0,4.59e-05,content,0.0,700
meta-llama/llama-3.3-70b-instruct,197,16459,ORACLE,diamond,2,ate,vaccine_kills,anticommonsense,KEEP,no,no,1,1,154,204,,Novita,stop,0,0.00010239,content,0.0,700
meta-llama/llama-3.3-70b-instruct,197,16459,DR_k1,diamond,2,ate,vaccine_kills,anticommonsense,KEEP,no,no,1,1,154,191,,Novita,stop,0,9.719e-05,content,0.0,700
meta-llama/llama-3.3-70b-instruct,200,1215,PROSE,diamond,2,ate,vaccine_kills,easy,KEEP,yes,yes,1,1,149,111,,Novita,stop,0,6.4515e-05,content,0.0,700
meta-llama/llama-3.3-70b-instruct,200,1215,RAW,diamond,2,ate,vaccine_kills,easy,KEEP,yes,yes,1,1,106,76,,Novita,stop,0,4.471e-05,content,0.0,700
meta-llama/llama-3.3-70b-instruct,200,1215,ORACLE,diamond,2,ate,vaccine_kills,easy,KEEP,yes,yes,1,1,164,212,,Novita,stop,0,0.00010694,content,0.0,700
meta-llama/llama-3.3-70b-instruct,200,1215,DR_k1,diamond,2,ate,vaccine_kills,easy,KEEP,yes,yes,1,1,163,326,,Novita,stop,0,0.000152405,content,0.0,700
meta-llama/llama-3.3-70b-instruct,201,16381,PROSE,diamond,2,ate,vaccine_kills,anticommonsense,KEEP,no,no,1,1,139,103,,Novita,stop,0,5.9965e-05,content,0.0,700
meta-llama/llama-3.3-70b-instruct,201,16381,RAW,diamond,2,ate,vaccine_kills,anticommonsense,KEEP,no,no,1,1,100,82,,Novita,stop,0,4.63e-05,content,0.0,700
meta-llama/llama-3.3-70b-instruct,201,16381,ORACLE,diamond,2,ate,vaccine_kills,anticommonsense,KEEP,no,no,1,1,154,211,,Novita,stop,0,0.00010519,content,0.0,700
meta-llama/llama-3.3-70b-instruct,201,16381,DR_k1,diamond,2,ate,vaccine_kills,anticommonsense,KEEP,no,no,1,1,153,212,,Novita,stop,0,0.000105455,content,0.0,700
meta-llama/llama-3.3-70b-instruct,202,6046,PROSE,diamond,2,ate,vaccine_kills,hard,KEEP,yes,yes,1,1,149,111,,Novita,stop,0,6.4515e-05,content,0.0,700
meta-llama/llama-3.3-70b-instruct,202,6046,RAW,diamond,2,ate,vaccine_kills,hard,KEEP,yes,yes,1,1,106,76,,Novita,stop,0,4.471e-05,content,0.0,700
meta-llama/llama-3.3-70b-instruct,202,6046,ORACLE,diamond,2,ate,vaccine_kills,hard,KEEP,yes,yes,1,1,164,297,,Novita,stop,0,0.00014094,content,0.0,700
meta-llama/llama-3.3-70b-instruct,202,6046,DR_k1,diamond,2,ate,vaccine_kills,hard,KEEP,yes,yes,1,1,163,327,,Novita,stop,0,0.000152805,content,0.0,700
meta-llama/llama-3.3-70b-instruct,203,1244,PROSE,diamond,2,ate,vaccine_kills,easy,KEEP,yes,yes,1,1,149,102,,Novita,stop,0,6.0915e-05,content,0.0,700
meta-llama/llama-3.3-70b-instruct,203,1244,RAW,diamond,2,ate,vaccine_kills,easy,KEEP,yes,yes,1,1,106,77,,Novita,stop,0,4.511e-05,content,0.0,700
meta-llama/llama-3.3-70b-instruct,203,1244,ORACLE,diamond,2,ate,vaccine_kills,easy,KEEP,yes,yes,1,1,164,196,,Novita,stop,0,0.00010054,content,0.0,700
meta-llama/llama-3.3-70b-instruct,203,1244,DR_k1,diamond,2,ate,vaccine_kills,easy,KEEP,yes,yes,1,1,163,188,,Novita,stop,0,9.7205e-05,content,0.0,700
meta-llama/llama-3.3-70b-instruct,204,5204,PROSE,diamond,2,ate,firing_squad,hard,KEEP,no,no,1,1,147,136,,Novita,stop,0,7.4245e-05,content,0.0,700
meta-llama/llama-3.3-70b-instruct,204,5204,RAW,diamond,2,ate,firing_squad,hard,KEEP,no,no,1,1,114,97,,Novita,stop,0,5.419e-05,content,0.0,700
meta-llama/llama-3.3-70b-instruct,204,5204,ORACLE,diamond,2,ate,firing_squad,hard,KEEP,no,no,1,1,162,283,,Novita,stop,0,0.00013507,content,0.0,700
meta-llama/llama-3.3-70b-instruct,204,5204,DR_k1,diamond,2,ate,firing_squad,hard,KEEP,no,no,1,1,163,212,,Novita,stop,0,0.000106805,content,0.0,700
meta-llama/llama-3.3-70b-instruct,209,6020,PROSE,diamond,3,ett,vaccine_kills,hard,KEEP,no,yes,0,1,160,97,,Novita,stop,0,6.04e-05,content,0.0,700
meta-llama/llama-3.3-70b-instruct,209,6020,RAW,diamond,3,ett,vaccine_kills,hard,KEEP,no,yes,0,1,117,89,,Novita,stop,0,5.1395e-05,content,0.0,700
meta-llama/llama-3.3-70b-instruct,209,6020,ORACLE,diamond,3,ett,vaccine_kills,hard,KEEP,no,yes,0,1,175,200,,Novita,stop,0,0.000103625,content,0.0,700
meta-llama/llama-3.3-70b-instruct,209,6020,DR_k1,diamond,3,ett,vaccine_kills,hard,KEEP,no,yes,0,1,175,192,,Novita,stop,0,0.000100425,content,0.0,700
meta-llama/llama-3.3-70b-instruct,210,5400,PROSE,diamond,3,ett,floor_wet,hard,KEEP,no,no,1,1,144,407,,Novita,stop,0,0.00018224,content,0.0,700
meta-llama/llama-3.3-70b-instruct,210,5400,RAW,diamond,3,ett,floor_wet,hard,KEEP,no,no,1,1,115,335,,Novita,stop,0,0.000149525,content,0.0,700
meta-llama/llama-3.3-70b-instruct,210,5400,ORACLE,diamond,3,ett,floor_wet,hard,KEEP,no,no,1,1,159,676,,Novita,stop,0,0.000291865,content,0.0,700
meta-llama/llama-3.3-70b-instruct,210,5400,DR_k1,diamond,3,ett,floor_wet,hard,KEEP,no,no,1,1,159,539,,Novita,stop,0,0.000237065,content,0.0,700
meta-llama/llama-3.3-70b-instruct,211,16376,PROSE,diamond,3,ett,vaccine_kills,anticommonsense,KEEP,yes,no,0,1,150,268,,Novita,stop,0,0.00012745,content,0.0,700
meta-llama/llama-3.3-70b-instruct,211,16376,RAW,diamond,3,ett,vaccine_kills,anticommonsense,KEEP,yes,no,0,1,111,114,,Novita,stop,0,6.0585e-05,content,0.0,700
meta-llama/llama-3.3-70b-instruct,211,16376,ORACLE,diamond,3,ett,vaccine_kills,anticommonsense,KEEP,yes,no,0,1,165,334,,Novita,stop,0,0.000155875,content,0.0,700
meta-llama/llama-3.3-70b-instruct,211,16376,DR_k1,diamond,3,ett,vaccine_kills,anticommonsense,KEEP,yes,no,0,1,165,194,,Novita,stop,0,9.9875e-05,content,0.0,700
meta-llama/llama-3.3-70b-instruct,212,5978,PROSE,diamond,3,ett,vaccine_kills,hard,KEEP,no,yes,0,1,160,102,,Novita,stop,0,6.24e-05,content,0.0,700
meta-llama/llama-3.3-70b-instruct,212,5978,RAW,diamond,3,ett,vaccine_kills,hard,KEEP,no,yes,0,1,117,89,,Novita,stop,0,5.1395e-05,content,0.0,700
meta-llama/llama-3.3-70b-instruct,212,5978,ORACLE,diamond,3,ett,vaccine_kills,hard,KEEP,no,yes,0,1,175,127,,Novita,stop,0,7.4425e-05,content,0.0,700
meta-llama/llama-3.3-70b-instruct,212,5978,DR_k1,diamond,3,ett,vaccine_kills,hard,KEEP,no,yes,0,1,174,202,,Novita,stop,0,0.00010429,content,0.0,700
meta-llama/llama-3.3-70b-instruct,213,5247,PROSE,diamond,3,ett,firing_squad,hard,KEEP,no,no,1,1,157,284,,Novita,stop,0,0.000134795,content,0.0,700
meta-llama/llama-3.3-70b-instruct,213,5247,RAW,diamond,3,ett,firing_squad,hard,KEEP,no,no,1,1,124,112,,Novita,stop,0,6.154e-05,content,0.0,700
meta-llama/llama-3.3-70b-instruct,213,5247,ORACLE,diamond,3,ett,firing_squad,hard,KEEP,no,no,1,1,172,233,,Novita,stop,0,0.00011642,content,0.0,700
meta-llama/llama-3.3-70b-instruct,213,5247,DR_k1,diamond,3,ett,firing_squad,hard,KEEP,no,no,1,1,173,227,,Novita,stop,0,0.000114155,content,0.0,700
meta-llama/llama-3.3-70b-instruct,214,19987,PROSE,diamond,3,det-counterfactual,firing_squad,anticommonsense,KEEP,yes,yes,1,1,142,177,,Novita,stop,0,8.997e-05,content,0.0,700
meta-llama/llama-3.3-70b-instruct,214,19987,RAW,diamond,3,det-counterfactual,firing_squad,anticommonsense,KEEP,yes,yes,1,1,108,126,,Novita,stop,0,6.498e-05,content,0.0,700
meta-llama/llama-3.3-70b-instruct,214,19987,ORACLE,diamond,3,det-counterfactual,firing_squad,anticommonsense,KEEP,yes,yes,1,1,157,148,,Novita,stop,0,8.0395e-05,content,0.0,700
meta-llama/llama-3.3-70b-instruct,214,19987,DR_k1,diamond,3,det-counterfactual,firing_squad,anticommonsense,KEEP,yes,yes,1,1,158,150,,Novita,stop,0,8.133e-05,content,0.0,700
meta-llama/llama-3.3-70b-instruct,215,1194,PROSE,diamond,3,ett,vaccine_kills,easy,KEEP,no,yes,0,1,160,177,,Novita,stop,0,9.24e-05,content,0.0,700
meta-llama/llama-3.3-70b-instruct,215,1194,RAW,diamond,3,ett,vaccine_kills,easy,KEEP,no,yes,0,1,117,100,,Novita,stop,0,5.5795e-05,content,0.0,700
meta-llama/llama-3.3-70b-instruct,215,1194,ORACLE,diamond,3,ett,vaccine_kills,easy,KEEP,no,yes,0,1,175,160,,Novita,stop,0,8.7625e-05,content,0.0,700
meta-llama/llama-3.3-70b-instruct,215,1194,DR_k1,diamond,3,ett,vaccine_kills,easy,KEEP,no,yes,0,1,175,180,,Novita,stop,0,9.5625e-05,content,0.0,700
meta-llama/llama-3.3-70b-instruct,216,642,PROSE,diamond,3,nie,floor_wet,easy,KEEP,no,no,1,1,133,387,,Novita,stop,0,0.000172755,content,0.0,700
meta-llama/llama-3.3-70b-instruct,216,642,RAW,diamond,3,nie,floor_wet,easy,KEEP,no,no,1,1,104,263,,Novita,stop,0,0.00011924,content,0.0,700
meta-llama/llama-3.3-70b-instruct,216,642,ORACLE,diamond,3,nie,floor_wet,easy,KEEP,no,no,1,1,148,376,,Novita,stop,0,0.00017038,content,0.0,700
meta-llama/llama-3.3-70b-instruct,216,642,DR_k1,diamond,3,nie,floor_wet,easy,KEEP,no,yes,0,1,148,405,,Novita,stop,0,0.00018198,content,0.0,700
meta-llama/llama-3.3-70b-instruct,217,20009,PROSE,diamond,3,det-counterfactual,floor_wet,anticommonsense,KEEP,no,no,1,1,127,71,,Novita,stop,0,4.5545e-05,content,0.0,700
meta-llama/llama-3.3-70b-instruct,217,20009,RAW,diamond,3,det-counterfactual,floor_wet,anticommonsense,KEEP,no,no,1,1,97,66,,Novita,stop,0,3.9495e-05,content,0.0,700
meta-llama/llama-3.3-70b-instruct,217,20009,ORACLE,diamond,3,det-counterfactual,floor_wet,anticommonsense,KEEP,no,no,1,1,142,236,,Novita,stop,0,0.00011357,content,0.0,700
meta-llama/llama-3.3-70b-instruct,217,20009,DR_k1,diamond,3,det-counterfactual,floor_wet,anticommonsense,KEEP,no,no,1,1,142,282,,Novita,stop,0,0.00013197,content,0.0,700
meta-llama/llama-3.3-70b-instruct,218,15822,PROSE,diamond,3,nie,floor_wet,anticommonsense,KEEP,no,no,1,1,133,211,,Novita,stop,0,0.000102355,content,0.0,700
meta-llama/llama-3.3-70b-instruct,218,15822,RAW,diamond,3,nie,floor_wet,anticommonsense,KEEP,no,no,1,1,104,127,,Novita,stop,0,6.484e-05,content,0.0,700
meta-llama/llama-3.3-70b-instruct,218,15822,ORACLE,diamond,3,nie,floor_wet,anticommonsense,KEEP,no,no,1,1,148,223,,Novita,stop,0,0.00010918,content,0.0,700
meta-llama/llama-3.3-70b-instruct,218,15822,DR_k1,diamond,3,nie,floor_wet,anticommonsense,KEEP,no,no,1,1,147,389,,Novita,stop,0,0.000175445,content,0.0,700
meta-llama/llama-3.3-70b-instruct,219,10825,PROSE,diamond,3,nie,firing_squad,anticommonsense,KEEP,no,yes,0,1,149,214,,Novita,stop,0,0.000105715,content,0.0,700
meta-llama/llama-3.3-70b-instruct,219,10825,RAW,diamond,3,nie,firing_squad,anticommonsense,KEEP,no,yes,0,1,115,98,,Novita,stop,0,5.4725e-05,content,0.0,700
meta-llama/llama-3.3-70b-instruct,219,10825,ORACLE,diamond,3,nie,firing_squad,anticommonsense,KEEP,no,yes,0,1,164,196,,Novita,stop,0,0.00010054,content,0.0,700
meta-llama/llama-3.3-70b-instruct,219,10825,DR_k1,diamond,3,nie,firing_squad,anticommonsense,KEEP,no,yes,0,1,165,211,,Novita,stop,0,0.000106675,content,0.0,700
meta-llama/llama-3.3-70b-instruct,220,11650,PROSE,diamond,3,ett,vaccine_kills,anticommonsense,KEEP,no,no,1,1,170,86,,Novita,stop,0,5.735e-05,content,0.0,700
meta-llama/llama-3.3-70b-instruct,220,11650,RAW,diamond,3,ett,vaccine_kills,anticommonsense,KEEP,no,no,1,1,127,87,,Novita,stop,0,5.1945e-05,content,0.0,700
meta-llama/llama-3.3-70b-instruct,220,11650,ORACLE,diamond,3,ett,vaccine_kills,anticommonsense,KEEP,no,no,1,1,185,329,,Novita,stop,0,0.000156575,content,0.0,700
meta-llama/llama-3.3-70b-instruct,220,11650,DR_k1,diamond,3,ett,vaccine_kills,anticommonsense,KEEP,no,no,1,1,184,219,,Novita,stop,0,0.00011244,content,0.0,700
meta-llama/llama-3.3-70b-instruct,221,16370,PROSE,diamond,3,ett,vaccine_kills,anticommonsense,KEEP,no,yes,0,1,150,267,,Novita,stop,0,0.00012705,content,0.0,700
meta-llama/llama-3.3-70b-instruct,221,16370,RAW,diamond,3,ett,vaccine_kills,anticommonsense,KEEP,no,yes,0,1,111,96,,Novita,stop,0,5.3385e-05,content,0.0,700
meta-llama/llama-3.3-70b-instruct,221,16370,ORACLE,diamond,3,ett,vaccine_kills,anticommonsense,KEEP,no,yes,0,1,165,217,,Novita,stop,0,0.000109075,content,0.0,700
meta-llama/llama-3.3-70b-instruct,221,16370,DR_k1,diamond,3,ett,vaccine_kills,anticommonsense,KEEP,no,yes,0,1,165,227,,Novita,stop,0,0.000113075,content,0.0,700
meta-llama/llama-3.3-70b-instruct,222,11008,PROSE,diamond,3,nie,floor_wet,anticommonsense,KEEP,no,no,1,1,140,189,,Novita,stop,0,9.45e-05,content,0.0,700
meta-llama/llama-3.3-70b-instruct,222,11008,RAW,diamond,3,nie,floor_wet,anticommonsense,KEEP,no,no,1,1,110,221,,Novita,stop,0,0.00010325,content,0.0,700
meta-llama/llama-3.3-70b-instruct,222,11008,ORACLE,diamond,3,nie,floor_wet,anticommonsense,KEEP,no,no,1,1,155,233,,Novita,stop,0,0.000114125,content,0.0,700
meta-llama/llama-3.3-70b-instruct,222,11008,DR_k1,diamond,3,nie,floor_wet,anticommonsense,KEEP,no,no,1,1,155,438,,Novita,stop,0,0.000196125,content,0.0,700
meta-llama/llama-3.3-70b-instruct,223,593,PROSE,diamond,3,nie,floor_wet,easy,KEEP,yes,yes,1,1,133,313,,Novita,stop,0,0.000143155,content,0.0,700
meta-llama/llama-3.3-70b-instruct,223,593,RAW,diamond,3,nie,floor_wet,easy,KEEP,yes,yes,1,1,104,138,,Novita,stop,0,6.924e-05,content,0.0,700
meta-llama/llama-3.3-70b-instruct,223,593,ORACLE,diamond,3,nie,floor_wet,easy,KEEP,yes,yes,1,1,148,275,,Novita,stop,0,0.00012998,content,0.0,700
meta-llama/llama-3.3-70b-instruct,223,593,DR_k1,diamond,3,nie,floor_wet,easy,KEEP,yes,yes,1,1,147,315,,Novita,stop,0,0.000145845,content,0.0,700
meta-llama/llama-3.3-70b-instruct,224,20002,PROSE,diamond,3,det-counterfactual,floor_wet,anticommonsense,KEEP,no,no,1,1,127,112,,Novita,stop,0,6.1945e-05,content,0.0,700
meta-llama/llama-3.3-70b-instruct,224,20002,RAW,diamond,3,det-counterfactual,floor_wet,anticommonsense,KEEP,no,no,1,1,97,155,,Novita,stop,0,7.5095e-05,content,0.0,700
meta-llama/llama-3.3-70b-instruct,224,20002,ORACLE,diamond,3,det-counterfactual,floor_wet,anticommonsense,KEEP,no,no,1,1,142,293,,Novita,stop,0,0.00013637,content,0.0,700
meta-llama/llama-3.3-70b-instruct,224,20002,DR_k1,diamond,3,det-counterfactual,floor_wet,anticommonsense,KEEP,no,no,1,1,143,160,,Novita,stop,0,8.3305e-05,content,0.0,700
meta-llama/llama-3.3-70b-instruct,225,19990,PROSE,diamond,3,det-counterfactual,firing_squad,anticommonsense,KEEP,no,no,1,1,143,481,,Novita,stop,0,0.000211705,content,0.0,700
meta-llama/llama-3.3-70b-instruct,225,19990,RAW,diamond,3,det-counterfactual,firing_squad,anticommonsense,KEEP,no,no,1,1,109,203,,Novita,stop,0,9.5915e-05,content,0.0,700
meta-llama/llama-3.3-70b-instruct,225,19990,ORACLE,diamond,3,det-counterfactual,firing_squad,anticommonsense,KEEP,no,no,1,1,158,462,,Novita,stop,0,0.00020613,content,0.0,700
meta-llama/llama-3.3-70b-instruct,225,19990,DR_k1,diamond,3,det-counterfactual,firing_squad,anticommonsense,KEEP,no,no,1,1,159,466,,Novita,stop,0,0.000207865,content,0.0,700
meta-llama/llama-3.3-70b-instruct,226,10992,PROSE,diamond,3,ett,floor_wet,anticommonsense,KEEP,no,yes,0,1,153,62,,Novita,stop,0,4.5455e-05,content,0.0,700
meta-llama/llama-3.3-70b-instruct,226,10992,RAW,diamond,3,ett,floor_wet,anticommonsense,KEEP,no,yes,0,1,123,58,,Novita,stop,0,3.9805e-05,content,0.0,700
meta-llama/llama-3.3-70b-instruct,226,10992,ORACLE,diamond,3,ett,floor_wet,anticommonsense,KEEP,no,yes,0,1,168,221,,Novita,stop,0,0.00011108,content,0.0,700
meta-llama/llama-3.3-70b-instruct,226,10992,DR_k1,diamond,3,ett,floor_wet,anticommonsense,KEEP,no,yes,0,1,168,131,,Novita,stop,0,7.508e-05,content,0.0,700
meta-llama/llama-3.3-70b-instruct,227,16444,PROSE,diamond,3,ett,vaccine_kills,anticommonsense,KEEP,no,yes,0,1,150,99,,Novita,stop,0,5.985e-05,content,0.0,700
meta-llama/llama-3.3-70b-instruct,227,16444,RAW,diamond,3,ett,vaccine_kills,anticommonsense,KEEP,no,yes,0,1,111,108,,Novita,stop,0,5.8185e-05,content,0.0,700
meta-llama/llama-3.3-70b-instruct,227,16444,ORACLE,diamond,3,ett,vaccine_kills,anticommonsense,KEEP,no,yes,0,1,165,360,,Novita,stop,0,0.000166275,content,0.0,700
meta-llama/llama-3.3-70b-instruct,227,16444,DR_k1,diamond,3,ett,vaccine_kills,anticommonsense,KEEP,no,yes,0,1,165,164,,Novita,stop,0,8.7875e-05,content,0.0,700
meta-llama/llama-3.3-70b-instruct,247,10713,PROSE,diamondcut,2,ate,firing_employee,anticommonsense,KEEP,no,no,1,1,201,596,,Novita,stop,0,0.000265535,content,0.0,700
meta-llama/llama-3.3-70b-instruct,247,10713,RAW,diamondcut,2,ate,firing_employee,anticommonsense,KEEP,no,no,1,1,171,404,,Novita,stop,0,0.000184685,content,0.0,700
meta-llama/llama-3.3-70b-instruct,247,10713,ORACLE,diamondcut,2,ate,firing_employee,anticommonsense,KEEP,no,no,1,1,219,485,,Novita,stop,0,0.000223565,content,0.0,700
meta-llama/llama-3.3-70b-instruct,247,10713,DR_k1,diamondcut,2,ate,firing_employee,anticommonsense,KEEP,no,no,1,1,219,444,,Novita,stop,0,0.000207165,content,0.0,700
meta-llama/llama-3.3-70b-instruct,249,15505,PROSE,diamondcut,2,ate,firing_employee,anticommonsense,KEEP,yes,yes,1,1,206,327,,Novita,stop,0,0.00015861,content,0.0,700
meta-llama/llama-3.3-70b-instruct,249,15505,RAW,diamondcut,2,ate,firing_employee,anticommonsense,KEEP,yes,yes,1,1,178,284,,Novita,stop,0,0.00013763,content,0.0,700
meta-llama/llama-3.3-70b-instruct,249,15505,ORACLE,diamondcut,2,ate,firing_employee,anticommonsense,KEEP,yes,yes,1,1,222,368,,Novita,stop,0,0.00017717,content,0.0,700
meta-llama/llama-3.3-70b-instruct,249,15505,DR_k1,diamondcut,2,ate,firing_employee,anticommonsense,KEEP,yes,yes,1,1,222,285,,Novita,stop,0,0.00014397,content,0.0,700
meta-llama/llama-3.3-70b-instruct,254,15545,PROSE,diamondcut,2,ate,firing_employee,anticommonsense,KEEP,yes,yes,1,1,206,365,,Novita,stop,0,0.00017381,content,0.0,700
meta-llama/llama-3.3-70b-instruct,254,15545,RAW,diamondcut,2,ate,firing_employee,anticommonsense,KEEP,yes,yes,1,1,178,408,,Novita,stop,0,0.00018723,content,0.0,700
meta-llama/llama-3.3-70b-instruct,254,15545,ORACLE,diamondcut,2,ate,firing_employee,anticommonsense,KEEP,yes,yes,1,1,222,425,,Novita,stop,0,0.00019997,content,0.0,700
meta-llama/llama-3.3-70b-instruct,254,15545,DR_k1,diamondcut,2,ate,firing_employee,anticommonsense,KEEP,yes,yes,1,1,223,384,,Novita,stop,0,0.000183705,content,0.0,700
meta-llama/llama-3.3-70b-instruct,256,15509,PROSE,diamondcut,2,ate,firing_employee,anticommonsense,KEEP,yes,yes,1,1,206,259,,Novita,stop,0,0.00013141,content,0.0,700
meta-llama/llama-3.3-70b-instruct,256,15509,RAW,diamondcut,2,ate,firing_employee,anticommonsense,KEEP,yes,yes,1,1,178,313,,Novita,stop,0,0.00014923,content,0.0,700
meta-llama/llama-3.3-70b-instruct,256,15509,ORACLE,diamondcut,2,ate,firing_employee,anticommonsense,KEEP,yes,yes,1,1,222,334,,Novita,stop,0,0.00016357,content,0.0,700
meta-llama/llama-3.3-70b-instruct,256,15509,DR_k1,diamondcut,2,ate,firing_employee,anticommonsense,KEEP,yes,yes,1,1,222,354,,Novita,stop,0,0.00017157,content,0.0,700
meta-llama/llama-3.3-70b-instruct,257,15521,PROSE,diamondcut,2,ate,firing_employee,anticommonsense,KEEP,yes,yes,1,1,206,375,,Novita,stop,0,0.00017781,content,0.0,700
meta-llama/llama-3.3-70b-instruct,257,15521,RAW,diamondcut,2,ate,firing_employee,anticommonsense,KEEP,yes,yes,1,1,178,321,,Novita,stop,0,0.00015243,content,0.0,700
meta-llama/llama-3.3-70b-instruct,257,15521,ORACLE,diamondcut,2,ate,firing_employee,anticommonsense,KEEP,yes,yes,1,1,222,333,,Novita,stop,0,0.00016317,content,0.0,700
meta-llama/llama-3.3-70b-instruct,257,15521,DR_k1,diamondcut,2,ate,firing_employee,anticommonsense,KEEP,yes,yes,1,1,222,332,,Novita,stop,0,0.00016277,content,0.0,700
meta-llama/llama-3.3-70b-instruct,262,15562,PROSE,diamondcut,2,ate,firing_employee,anticommonsense,KEEP,no,no,1,1,206,349,,Novita,stop,0,0.00016741,content,0.0,700
meta-llama/llama-3.3-70b-instruct,262,15562,RAW,diamondcut,2,ate,firing_employee,anticommonsense,KEEP,no,no,1,1,178,330,,Novita,stop,0,0.00015603,content,0.0,700
meta-llama/llama-3.3-70b-instruct,262,15562,ORACLE,diamondcut,2,ate,firing_employee,anticommonsense,KEEP,no,no,1,1,222,505,,Novita,stop,0,0.00023197,content,0.0,700
meta-llama/llama-3.3-70b-instruct,262,15562,DR_k1,diamondcut,2,ate,firing_employee,anticommonsense,KEEP,no,no,1,1,223,321,,Novita,stop,0,0.000158505,content,0.0,700
meta-llama/llama-3.3-70b-instruct,266,5173,PROSE,diamondcut,3,ett,firing_employee,hard,KEEP,yes,no,0,1,254,622,,Novita,stop,0,0.00028309,content,0.0,700
meta-llama/llama-3.3-70b-instruct,266,5173,RAW,diamondcut,3,ett,firing_employee,hard,KEEP,yes,,0,0,228,700,,Novita,length,0,0.00031078,content,0.0,700
meta-llama/llama-3.3-70b-instruct,266,5173,ORACLE,diamondcut,3,ett,firing_employee,hard,KEEP,yes,no,0,1,270,557,,Novita,stop,0,0.00025925,content,0.0,700
meta-llama/llama-3.3-70b-instruct,266,5173,DR_k1,diamondcut,3,ett,firing_employee,hard,KEEP,yes,no,0,1,270,562,,Novita,stop,0,0.00026125,content,0.0,700
meta-llama/llama-3.3-70b-instruct,267,19955,PROSE,diamondcut,3,det-counterfactual,firing_employee,anticommonsense,KEEP,yes,yes,1,1,154,216,,Novita,stop,0,0.00010719,content,0.0,700
meta-llama/llama-3.3-70b-instruct,267,19955,RAW,diamondcut,3,det-counterfactual,firing_employee,anticommonsense,KEEP,yes,yes,1,1,124,310,,Novita,stop,0,0.00014074,content,0.0,700
meta-llama/llama-3.3-70b-instruct,267,19955,ORACLE,diamondcut,3,det-counterfactual,firing_employee,anticommonsense,KEEP,yes,yes,1,1,172,380,,Novita,stop,0,0.00017522,content,0.0,700
meta-llama/llama-3.3-70b-instruct,267,19955,DR_k1,diamondcut,3,det-counterfactual,firing_employee,anticommonsense,KEEP,yes,yes,1,1,173,406,,Novita,stop,0,0.000185755,content,0.0,700
meta-llama/llama-3.3-70b-instruct,268,9563,PROSE,diamondcut,3,det-counterfactual,firing_employee,commonsense,KEEP,yes,yes,1,1,158,124,,Novita,stop,0,7.093e-05,content,0.0,700
meta-llama/llama-3.3-70b-instruct,268,9563,RAW,diamondcut,3,det-counterfactual,firing_employee,commonsense,KEEP,yes,yes,1,1,132,158,,Novita,stop,0,8.102e-05,content,0.0,700
meta-llama/llama-3.3-70b-instruct,268,9563,ORACLE,diamondcut,3,det-counterfactual,firing_employee,commonsense,KEEP,yes,yes,1,1,174,142,,Novita,stop,0,8.029e-05,content,0.0,700
meta-llama/llama-3.3-70b-instruct,268,9563,DR_k1,diamondcut,3,det-counterfactual,firing_employee,commonsense,KEEP,yes,yes,1,1,175,113,,Novita,stop,0,6.8825e-05,content,0.0,700
meta-llama/llama-3.3-70b-instruct,269,308,PROSE,diamondcut,3,ett,firing_employee,easy,KEEP,no,,0,0,254,700,,Novita,length,0,0.00031429,content,0.0,700
meta-llama/llama-3.3-70b-instruct,269,308,RAW,diamondcut,3,ett,firing_employee,easy,KEEP,no,,0,0,228,700,,Novita,length,0,0.00031078,content,0.0,700
meta-llama/llama-3.3-70b-instruct,269,308,ORACLE,diamondcut,3,ett,firing_employee,easy,KEEP,no,yes,0,1,270,600,,Novita,stop,0,0.00027645,content,0.0,700
meta-llama/llama-3.3-70b-instruct,269,308,DR_k1,diamondcut,3,ett,firing_employee,easy,KEEP,no,yes,0,1,271,551,,Novita,stop,0,0.000256985,content,0.0,700
meta-llama/llama-3.3-70b-instruct,270,19969,PROSE,diamondcut,3,det-counterfactual,firing_employee,anticommonsense,KEEP,no,no,1,1,155,250,,Novita,stop,0,0.000120925,content,0.0,700
meta-llama/llama-3.3-70b-instruct,270,19969,RAW,diamondcut,3,det-counterfactual,firing_employee,anticommonsense,KEEP,no,no,1,1,125,519,,Novita,stop,0,0.000224475,content,0.0,700
meta-llama/llama-3.3-70b-instruct,270,19969,ORACLE,diamondcut,3,det-counterfactual,firing_employee,anticommonsense,KEEP,no,no,1,1,173,331,,Novita,stop,0,0.000155755,content,0.0,700
meta-llama/llama-3.3-70b-instruct,270,19969,DR_k1,diamondcut,3,det-counterfactual,firing_employee,anticommonsense,KEEP,no,no,1,1,171,605,,Novita,stop,0,0.000265085,content,0.0,700
meta-llama/llama-3.3-70b-instruct,271,9579,PROSE,diamondcut,3,det-counterfactual,firing_employee,commonsense,KEEP,yes,yes,1,1,159,469,,Novita,stop,0,0.000209065,content,0.0,700
meta-llama/llama-3.3-70b-instruct,271,9579,RAW,diamondcut,3,det-counterfactual,firing_employee,commonsense,KEEP,yes,yes,1,1,133,247,,Novita,stop,0,0.000116755,content,0.0,700
meta-llama/llama-3.3-70b-instruct,271,9579,ORACLE,diamondcut,3,det-counterfactual,firing_employee,commonsense,KEEP,yes,yes,1,1,175,270,,Novita,stop,0,0.000131625,content,0.0,700
meta-llama/llama-3.3-70b-instruct,271,9579,DR_k1,diamondcut,3,det-counterfactual,firing_employee,commonsense,KEEP,yes,yes,1,1,176,263,,Novita,stop,0,0.00012896,content,0.0,700
meta-llama/llama-3.3-70b-instruct,272,5114,PROSE,diamondcut,3,ett,firing_employee,hard,KEEP,yes,no,0,1,254,440,,Novita,stop,0,0.00021029,content,0.0,700
meta-llama/llama-3.3-70b-instruct,272,5114,RAW,diamondcut,3,ett,firing_employee,hard,KEEP,yes,no,0,1,228,596,,Novita,stop,0,0.00026918,content,0.0,700
meta-llama/llama-3.3-70b-instruct,272,5114,ORACLE,diamondcut,3,ett,firing_employee,hard,KEEP,yes,,0,0,270,700,,Novita,length,0,0.00031645,content,0.0,700
meta-llama/llama-3.3-70b-instruct,272,5114,DR_k1,diamondcut,3,ett,firing_employee,hard,KEEP,yes,no,0,1,270,585,,Novita,stop,0,0.00027045,content,0.0,700
meta-llama/llama-3.3-70b-instruct,273,364,PROSE,diamondcut,3,ett,firing_employee,easy,KEEP,yes,yes,1,1,254,450,,Novita,stop,0,0.00021429,content,0.0,700
meta-llama/llama-3.3-70b-instruct,273,364,RAW,diamondcut,3,ett,firing_employee,easy,KEEP,yes,no,0,1,228,613,,Novita,stop,0,0.00027598,content,0.0,700
meta-llama/llama-3.3-70b-instruct,273,364,ORACLE,diamondcut,3,ett,firing_employee,easy,KEEP,yes,yes,1,1,270,543,,Novita,stop,0,0.00025365,content,0.0,700
meta-llama/llama-3.3-70b-instruct,273,364,DR_k1,diamondcut,3,ett,firing_employee,easy,KEEP,yes,no,0,1,270,590,,Novita,stop,0,0.00027245,content,0.0,700
meta-llama/llama-3.3-70b-instruct,274,10693,PROSE,diamondcut,3,ett,firing_employee,anticommonsense,KEEP,yes,yes,1,1,254,511,,Novita,stop,0,0.00023869,content,0.0,700
meta-llama/llama-3.3-70b-instruct,274,10693,RAW,diamondcut,3,ett,firing_employee,anticommonsense,KEEP,yes,yes,1,1,224,578,,Novita,stop,0,0.00026144,content,0.0,700
meta-llama/llama-3.3-70b-instruct,274,10693,ORACLE,diamondcut,3,ett,firing_employee,anticommonsense,KEEP,yes,yes,1,1,272,595,,Novita,stop,0,0.00027472,content,0.0,700
meta-llama/llama-3.3-70b-instruct,274,10693,DR_k1,diamondcut,3,ett,firing_employee,anticommonsense,KEEP,yes,yes,1,1,272,672,,Novita,stop,0,0.00030552,content,0.0,700
meta-llama/llama-3.3-70b-instruct,275,19951,PROSE,diamondcut,3,det-counterfactual,firing_employee,anticommonsense,KEEP,no,no,1,1,154,239,,Novita,stop,0,0.00011639,content,0.0,700
meta-llama/llama-3.3-70b-instruct,275,19951,RAW,diamondcut,3,det-counterfactual,firing_employee,anticommonsense,KEEP,no,no,1,1,124,284,,Novita,stop,0,0.00013034,content,0.0,700
meta-llama/llama-3.3-70b-instruct,275,19951,ORACLE,diamondcut,3,det-counterfactual,firing_employee,anticommonsense,KEEP,no,no,1,1,172,343,,Novita,stop,0,0.00016042,content,0.0,700
meta-llama/llama-3.3-70b-instruct,275,19951,DR_k1,diamondcut,3,det-counterfactual,firing_employee,anticommonsense,KEEP,no,no,1,1,170,232,,Novita,stop,0,0.00011575,content,0.0,700
meta-llama/llama-3.3-70b-instruct,276,10756,PROSE,diamondcut,3,ett,firing_employee,anticommonsense,KEEP,yes,yes,1,1,254,558,,Novita,stop,0,0.00025749,content,0.0,700
meta-llama/llama-3.3-70b-instruct,276,10756,RAW,diamondcut,3,ett,firing_employee,anticommonsense,KEEP,yes,yes,1,1,224,542,,Novita,stop,0,0.00024704,content,0.0,700
meta-llama/llama-3.3-70b-instruct,276,10756,ORACLE,diamondcut,3,ett,firing_employee,anticommonsense,KEEP,yes,yes,1,1,272,451,,Novita,stop,0,0.00021712,content,0.0,700
meta-llama/llama-3.3-70b-instruct,276,10756,DR_k1,diamondcut,3,ett,firing_employee,anticommonsense,KEEP,yes,yes,1,1,272,677,,Novita,stop,0,0.00030752,content,0.0,700
meta-llama/llama-3.3-70b-instruct,277,15553,PROSE,diamondcut,3,ett,firing_employee,anticommonsense,KEEP,yes,no,0,1,251,545,,Novita,stop,0,0.000251885,content,0.0,700
meta-llama/llama-3.3-70b-instruct,277,15553,RAW,diamondcut,3,ett,firing_employee,anticommonsense,KEEP,yes,,0,0,223,700,,Novita,length,0,0.000310105,content,0.0,700
meta-llama/llama-3.3-70b-instruct,277,15553,ORACLE,diamondcut,3,ett,firing_employee,anticommonsense,KEEP,yes,no,0,1,267,649,,Novita,stop,0,0.000295645,content,0.0,700
meta-llama/llama-3.3-70b-instruct,277,15553,DR_k1,diamondcut,3,ett,firing_employee,anticommonsense,KEEP,yes,,0,0,268,700,,Novita,length,0,0.00031618,content,0.0,700
meta-llama/llama-3.3-70b-instruct,278,15530,PROSE,diamondcut,3,ett,firing_employee,anticommonsense,KEEP,yes,,0,0,251,700,,Novita,length,0,0.000313885,content,0.0,700
meta-llama/llama-3.3-70b-instruct,278,15530,RAW,diamondcut,3,ett,firing_employee,anticommonsense,KEEP,yes,no,0,1,223,449,,Novita,stop,0,0.000209705,content,0.0,700
meta-llama/llama-3.3-70b-instruct,278,15530,ORACLE,diamondcut,3,ett,firing_employee,anticommonsense,KEEP,yes,no,0,1,267,650,,Novita,stop,0,0.000296045,content,0.0,700
meta-llama/llama-3.3-70b-instruct,278,15530,DR_k1,diamondcut,3,ett,firing_employee,anticommonsense,KEEP,yes,,0,0,267,700,,Novita,length,0,0.000316045,content,0.0,700
meta-llama/llama-3.3-70b-instruct,279,19960,PROSE,diamondcut,3,det-counterfactual,firing_employee,anticommonsense,KEEP,yes,yes,1,1,153,448,,Novita,stop,0,0.000199855,content,0.0,700
meta-llama/llama-3.3-70b-instruct,279,19960,RAW,diamondcut,3,det-counterfactual,firing_employee,anticommonsense,KEEP,yes,yes,1,1,123,505,,Novita,stop,0,0.000218605,content,0.0,700
meta-llama/llama-3.3-70b-instruct,279,19960,ORACLE,diamondcut,3,det-counterfactual,firing_employee,anticommonsense,KEEP,yes,yes,1,1,171,414,,Novita,stop,0,0.000188685,content,0.0,700
meta-llama/llama-3.3-70b-instruct,279,19960,DR_k1,diamondcut,3,det-counterfactual,firing_employee,anticommonsense,KEEP,yes,yes,1,1,169,515,,Novita,stop,0,0.000228815,content,0.0,700
meta-llama/llama-3.3-70b-instruct,280,351,PROSE,diamondcut,3,ett,firing_employee,easy,KEEP,yes,no,0,1,254,502,,Novita,stop,0,0.00023509,content,0.0,700
meta-llama/llama-3.3-70b-instruct,280,351,RAW,diamondcut,3,ett,firing_employee,easy,KEEP,yes,yes,1,1,228,403,,Novita,stop,0,0.00019198,content,0.0,700
meta-llama/llama-3.3-70b-instruct,280,351,ORACLE,diamondcut,3,ett,firing_employee,easy,KEEP,yes,,0,0,270,700,,Novita,length,0,0.00031645,content,0.0,700
meta-llama/llama-3.3-70b-instruct,280,351,DR_k1,diamondcut,3,ett,firing_employee,easy,KEEP,yes,no,0,1,271,577,,Novita,stop,0,0.000267385,content,0.0,700
meta-llama/llama-3.3-70b-instruct,281,15565,PROSE,diamondcut,3,ett,firing_employee,anticommonsense,KEEP,yes,,0,0,251,700,,Novita,length,0,0.000313885,content,0.0,700
meta-llama/llama-3.3-70b-instruct,281,15565,RAW,diamondcut,3,ett,firing_employee,anticommonsense,KEEP,yes,,0,0,223,700,,Novita,length,0,0.000310105,content,0.0,700
meta-llama/llama-3.3-70b-instruct,281,15565,ORACLE,diamondcut,3,ett,firing_employee,anticommonsense,KEEP,yes,,0,0,267,700,,Novita,length,0,0.000316045,content,0.0,700
meta-llama/llama-3.3-70b-instruct,281,15565,DR_k1,diamondcut,3,ett,firing_employee,anticommonsense,KEEP,yes,no,0,1,267,412,,Novita,stop,0,0.000200845,content,0.0,700
meta-llama/llama-3.3-70b-instruct,282,10747,PROSE,diamondcut,3,ett,firing_employee,anticommonsense,KEEP,no,no,1,1,254,544,,Novita,stop,0,0.00025189,content,0.0,700
meta-llama/llama-3.3-70b-instruct,282,10747,RAW,diamondcut,3,ett,firing_employee,anticommonsense,KEEP,no,,0,0,224,700,,Novita,length,0,0.00031024,content,0.0,700
meta-llama/llama-3.3-70b-instruct,282,10747,ORACLE,diamondcut,3,ett,firing_employee,anticommonsense,KEEP,no,,0,0,272,700,,Novita,length,0,0.00031672,content,0.0,700
meta-llama/llama-3.3-70b-instruct,282,10747,DR_k1,diamondcut,3,ett,firing_employee,anticommonsense,KEEP,no,no,1,1,272,630,,Novita,stop,0,0.00028872,content,0.0,700
meta-llama/llama-3.3-70b-instruct,283,346,PROSE,diamondcut,3,ett,firing_employee,easy,KEEP,yes,no,0,1,254,568,,Novita,stop,0,0.00026149,content,0.0,700
meta-llama/llama-3.3-70b-instruct,283,346,RAW,diamondcut,3,ett,firing_employee,easy,KEEP,yes,no,0,1,228,366,,Novita,stop,0,0.00017718,content,0.0,700
meta-llama/llama-3.3-70b-instruct,283,346,ORACLE,diamondcut,3,ett,firing_employee,easy,KEEP,yes,no,0,1,270,472,,Novita,stop,0,0.00022525,content,0.0,700
meta-llama/llama-3.3-70b-instruct,283,346,DR_k1,diamondcut,3,ett,firing_employee,easy,KEEP,yes,no,0,1,271,499,,Novita,stop,0,0.000236185,content,0.0,700
meta-llama/llama-3.3-70b-instruct,284,19953,PROSE,diamondcut,3,det-counterfactual,firing_employee,anticommonsense,KEEP,no,no,1,1,154,258,,Novita,stop,0,0.00012399,content,0.0,700
meta-llama/llama-3.3-70b-instruct,284,19953,RAW,diamondcut,3,det-counterfactual,firing_employee,anticommonsense,KEEP,no,no,1,1,124,330,,Novita,stop,0,0.00014874,content,0.0,700
meta-llama/llama-3.3-70b-instruct,284,19953,ORACLE,diamondcut,3,det-counterfactual,firing_employee,anticommonsense,KEEP,no,no,1,1,172,404,,Novita,stop,0,0.00018482,content,0.0,700
meta-llama/llama-3.3-70b-instruct,284,19953,DR_k1,diamondcut,3,det-counterfactual,firing_employee,anticommonsense,KEEP,no,no,1,1,170,298,,Novita,stop,0,0.00014215,content,0.0,700
meta-llama/llama-3.3-70b-instruct,304,8976,PROSE,frontdoor,2,ate,smoking_frontdoor,hard,KEEP,no,no,1,1,216,700,,Novita,length,0,0.00030916,content,0.0,700
meta-llama/llama-3.3-70b-instruct,304,8976,RAW,frontdoor,2,ate,smoking_frontdoor,hard,KEEP,no,no,1,1,186,599,,Novita,stop,0,0.00026471,content,0.0,700
meta-llama/llama-3.3-70b-instruct,304,8976,ORACLE,frontdoor,2,ate,smoking_frontdoor,hard,KEEP,no,no,1,1,231,700,,Novita,length,0,0.000311185,content,0.0,700
meta-llama/llama-3.3-70b-instruct,304,8976,DR_k1,frontdoor,2,ate,smoking_frontdoor,hard,KEEP,no,no,1,1,224,700,,Novita,length,0,0.00031024,content,0.0,700
meta-llama/llama-3.3-70b-instruct,305,4302,PROSE,frontdoor,2,ate,smoking_frontdoor,easy,KEEP,no,no,1,1,216,573,,Novita,stop,0,0.00025836,content,0.0,700
meta-llama/llama-3.3-70b-instruct,305,4302,RAW,frontdoor,2,ate,smoking_frontdoor,easy,KEEP,no,no,1,1,186,700,,Novita,length,0,0.00030511,content,0.0,700
meta-llama/llama-3.3-70b-instruct,305,4302,ORACLE,frontdoor,2,ate,smoking_frontdoor,easy,KEEP,no,no,1,1,231,354,,Novita,stop,0,0.000172785,content,0.0,700
meta-llama/llama-3.3-70b-instruct,305,4302,DR_k1,frontdoor,2,ate,smoking_frontdoor,easy,KEEP,no,no,1,1,231,565,,Novita,stop,0,0.000257185,content,0.0,700
meta-llama/llama-3.3-70b-instruct,311,14676,PROSE,frontdoor,2,ate,smoking_frontdoor,anticommonsense,KEEP,no,yes,0,1,226,516,,Novita,stop,0,0.00023691,content,0.0,700
meta-llama/llama-3.3-70b-instruct,311,14676,RAW,frontdoor,2,ate,smoking_frontdoor,anticommonsense,KEEP,no,yes,0,1,196,599,,Novita,stop,0,0.00026606,content,0.0,700
meta-llama/llama-3.3-70b-instruct,311,14676,ORACLE,frontdoor,2,ate,smoking_frontdoor,anticommonsense,KEEP,no,yes,0,1,241,344,,Novita,stop,0,0.000170135,content,0.0,700
meta-llama/llama-3.3-70b-instruct,311,14676,DR_k1,frontdoor,2,ate,smoking_frontdoor,anticommonsense,KEEP,no,yes,0,1,241,410,,Novita,stop,0,0.000196535,content,0.0,700
meta-llama/llama-3.3-70b-instruct,312,4247,PROSE,frontdoor,2,ate,smoking_frontdoor,easy,KEEP,no,no,1,1,216,401,,Novita,stop,0,0.00018956,content,0.0,700
meta-llama/llama-3.3-70b-instruct,312,4247,RAW,frontdoor,2,ate,smoking_frontdoor,easy,KEEP,no,no,1,1,186,393,,Novita,stop,0,0.00018231,content,0.0,700
meta-llama/llama-3.3-70b-instruct,312,4247,ORACLE,frontdoor,2,ate,smoking_frontdoor,easy,KEEP,no,no,1,1,231,437,,Novita,stop,0,0.000205985,content,0.0,700
meta-llama/llama-3.3-70b-instruct,312,4247,DR_k1,frontdoor,2,ate,smoking_frontdoor,easy,KEEP,no,no,1,1,231,342,,Novita,stop,0,0.000167985,content,0.0,700
meta-llama/llama-3.3-70b-instruct,313,8984,PROSE,frontdoor,2,ate,smoking_frontdoor,hard,KEEP,yes,yes,1,1,216,455,,Novita,stop,0,0.00021116,content,0.0,700
meta-llama/llama-3.3-70b-instruct,313,8984,RAW,frontdoor,2,ate,smoking_frontdoor,hard,KEEP,yes,yes,1,1,186,395,,Novita,stop,0,0.00018311,content,0.0,700
meta-llama/llama-3.3-70b-instruct,313,8984,ORACLE,frontdoor,2,ate,smoking_frontdoor,hard,KEEP,yes,yes,1,1,231,684,,Novita,stop,0,0.000304785,content,0.0,700
meta-llama/llama-3.3-70b-instruct,313,8984,DR_k1,frontdoor,2,ate,smoking_frontdoor,hard,KEEP,yes,yes,1,1,224,387,,Novita,stop,0,0.00018504,content,0.0,700
meta-llama/llama-3.3-70b-instruct,314,19415,PROSE,frontdoor,2,ate,smoking_frontdoor,anticommonsense,KEEP,yes,yes,1,1,223,571,,Novita,stop,0,0.000258505,content,0.0,700
meta-llama/llama-3.3-70b-instruct,314,19415,RAW,frontdoor,2,ate,smoking_frontdoor,anticommonsense,KEEP,yes,yes,1,1,191,451,,Novita,stop,0,0.000206185,content,0.0,700
meta-llama/llama-3.3-70b-instruct,314,19415,ORACLE,frontdoor,2,ate,smoking_frontdoor,anticommonsense,KEEP,yes,no,0,1,238,700,,Novita,length,0,0.00031213,content,0.0,700
meta-llama/llama-3.3-70b-instruct,314,19415,DR_k1,frontdoor,2,ate,smoking_frontdoor,anticommonsense,KEEP,yes,yes,1,1,238,619,,Novita,stop,0,0.00027973,content,0.0,700
meta-llama/llama-3.3-70b-instruct,315,8952,PROSE,frontdoor,2,ate,smoking_frontdoor,hard,KEEP,no,no,1,1,216,700,,Novita,length,0,0.00030916,content,0.0,700
meta-llama/llama-3.3-70b-instruct,315,8952,RAW,frontdoor,2,ate,smoking_frontdoor,hard,KEEP,no,no,1,1,186,607,,Novita,stop,0,0.00026791,content,0.0,700
meta-llama/llama-3.3-70b-instruct,315,8952,ORACLE,frontdoor,2,ate,smoking_frontdoor,hard,KEEP,no,no,1,1,231,700,,Novita,length,0,0.000311185,content,0.0,700
meta-llama/llama-3.3-70b-instruct,315,8952,DR_k1,frontdoor,2,ate,smoking_frontdoor,hard,KEEP,no,no,1,1,231,700,,Novita,length,0,0.000311185,content,0.0,700
meta-llama/llama-3.3-70b-instruct,316,19384,PROSE,frontdoor,2,ate,smoking_frontdoor,anticommonsense,KEEP,no,no,1,1,223,537,,Novita,stop,0,0.000244905,content,0.0,700
meta-llama/llama-3.3-70b-instruct,316,19384,RAW,frontdoor,2,ate,smoking_frontdoor,anticommonsense,KEEP,no,no,1,1,191,426,,Novita,stop,0,0.000196185,content,0.0,700
meta-llama/llama-3.3-70b-instruct,316,19384,ORACLE,frontdoor,2,ate,smoking_frontdoor,anticommonsense,KEEP,no,no,1,1,238,700,,Novita,length,0,0.00031213,content,0.0,700
meta-llama/llama-3.3-70b-instruct,316,19384,DR_k1,frontdoor,2,ate,smoking_frontdoor,anticommonsense,KEEP,no,no,1,1,238,563,,Novita,stop,0,0.00025733,content,0.0,700
meta-llama/llama-3.3-70b-instruct,318,8933,PROSE,frontdoor,2,ate,smoking_frontdoor,hard,KEEP,yes,no,0,1,216,700,,Novita,length,0,0.00030916,content,0.0,700
meta-llama/llama-3.3-70b-instruct,318,8933,RAW,frontdoor,2,ate,smoking_frontdoor,hard,KEEP,yes,yes,1,1,186,680,,Novita,stop,0,0.00029711,content,0.0,700
meta-llama/llama-3.3-70b-instruct,318,8933,ORACLE,frontdoor,2,ate,smoking_frontdoor,hard,KEEP,yes,yes,1,1,231,670,,Novita,stop,0,0.000299185,content,0.0,700
meta-llama/llama-3.3-70b-instruct,318,8933,DR_k1,frontdoor,2,ate,smoking_frontdoor,hard,KEEP,yes,no,0,1,231,370,,Novita,stop,0,0.000179185,content,0.0,700
meta-llama/llama-3.3-70b-instruct,319,14645,PROSE,frontdoor,2,ate,smoking_frontdoor,anticommonsense,KEEP,yes,yes,1,1,226,409,,Novita,stop,0,0.00019411,content,0.0,700
meta-llama/llama-3.3-70b-instruct,319,14645,RAW,frontdoor,2,ate,smoking_frontdoor,anticommonsense,KEEP,yes,yes,1,1,196,459,,Novita,stop,0,0.00021006,content,0.0,700
meta-llama/llama-3.3-70b-instruct,319,14645,ORACLE,frontdoor,2,ate,smoking_frontdoor,anticommonsense,KEEP,yes,yes,1,1,241,489,,Novita,stop,0,0.000228135,content,0.0,700
meta-llama/llama-3.3-70b-instruct,319,14645,DR_k1,frontdoor,2,ate,smoking_frontdoor,anticommonsense,KEEP,yes,yes,1,1,241,445,,Novita,stop,0,0.000210535,content,0.0,700
meta-llama/llama-3.3-70b-instruct,321,9023,PROSE,frontdoor,2,ate,smoking_frontdoor,hard,KEEP,yes,yes,1,1,216,350,,Novita,stop,0,0.00016916,content,0.0,700
meta-llama/llama-3.3-70b-instruct,321,9023,RAW,frontdoor,2,ate,smoking_frontdoor,hard,KEEP,yes,yes,1,1,186,430,,Novita,stop,0,0.00019711,content,0.0,700
meta-llama/llama-3.3-70b-instruct,321,9023,ORACLE,frontdoor,2,ate,smoking_frontdoor,hard,KEEP,yes,yes,1,1,231,655,,Novita,stop,0,0.000293185,content,0.0,700
meta-llama/llama-3.3-70b-instruct,321,9023,DR_k1,frontdoor,2,ate,smoking_frontdoor,hard,KEEP,yes,no,0,1,231,700,,Novita,length,0,0.000311185,content,0.0,700
meta-llama/llama-3.3-70b-instruct,322,4178,PROSE,frontdoor,2,ate,smoking_frontdoor,easy,KEEP,yes,yes,1,1,216,364,,Novita,stop,0,0.00017476,content,0.0,700
meta-llama/llama-3.3-70b-instruct,322,4178,RAW,frontdoor,2,ate,smoking_frontdoor,easy,KEEP,yes,yes,1,1,186,357,,Novita,stop,0,0.00016791,content,0.0,700
meta-llama/llama-3.3-70b-instruct,322,4178,ORACLE,frontdoor,2,ate,smoking_frontdoor,easy,KEEP,yes,yes,1,1,231,574,,Novita,stop,0,0.000260785,content,0.0,700
meta-llama/llama-3.3-70b-instruct,322,4178,DR_k1,frontdoor,2,ate,smoking_frontdoor,easy,KEEP,yes,yes,1,1,224,684,,Novita,stop,0,0.00030384,content,0.0,700
meta-llama/llama-3.3-70b-instruct,323,10244,PROSE,frontdoor,3,det-counterfactual,smoking_frontdoor,commonsense,KEEP,no,no,1,1,143,195,,Novita,stop,0,9.7305e-05,content,0.0,700
meta-llama/llama-3.3-70b-instruct,323,10244,RAW,frontdoor,3,det-counterfactual,smoking_frontdoor,commonsense,KEEP,no,no,1,1,113,147,,Novita,stop,0,7.4055e-05,content,0.0,700
meta-llama/llama-3.3-70b-instruct,323,10244,ORACLE,frontdoor,3,det-counterfactual,smoking_frontdoor,commonsense,KEEP,no,no,1,1,158,240,,Novita,stop,0,0.00011733,content,0.0,700
meta-llama/llama-3.3-70b-instruct,323,10244,DR_k1,frontdoor,3,det-counterfactual,smoking_frontdoor,commonsense,KEEP,no,no,1,1,158,267,,Novita,stop,0,0.00012813,content,0.0,700
meta-llama/llama-3.3-70b-instruct,324,10250,PROSE,frontdoor,3,det-counterfactual,smoking_frontdoor,commonsense,KEEP,yes,yes,1,1,141,90,,Novita,stop,0,5.5035e-05,content,0.0,700
meta-llama/llama-3.3-70b-instruct,324,10250,RAW,frontdoor,3,det-counterfactual,smoking_frontdoor,commonsense,KEEP,yes,yes,1,1,111,70,,Novita,stop,0,4.2985e-05,content,0.0,700
meta-llama/llama-3.3-70b-instruct,324,10250,ORACLE,frontdoor,3,det-counterfactual,smoking_frontdoor,commonsense,KEEP,yes,yes,1,1,156,192,,Novita,stop,0,9.786e-05,content,0.0,700
meta-llama/llama-3.3-70b-instruct,324,10250,DR_k1,frontdoor,3,det-counterfactual,smoking_frontdoor,commonsense,KEEP,yes,yes,1,1,156,197,,Novita,stop,0,9.986e-05,content,0.0,700
meta-llama/llama-3.3-70b-instruct,325,8991,PROSE,frontdoor,3,nie,smoking_frontdoor,hard,KEEP,yes,no,0,1,217,324,,Novita,stop,0,0.000158895,content,0.0,700
meta-llama/llama-3.3-70b-instruct,325,8991,RAW,frontdoor,3,nie,smoking_frontdoor,hard,KEEP,yes,no,0,1,187,403,,Novita,stop,0,0.000186445,content,0.0,700
meta-llama/llama-3.3-70b-instruct,325,8991,ORACLE,frontdoor,3,nie,smoking_frontdoor,hard,KEEP,yes,no,0,1,232,613,,Novita,stop,0,0.00027652,content,0.0,700
meta-llama/llama-3.3-70b-instruct,325,8991,DR_k1,frontdoor,3,nie,smoking_frontdoor,hard,KEEP,yes,no,0,1,225,492,,Novita,stop,0,0.000227175,content,0.0,700
meta-llama/llama-3.3-70b-instruct,326,4255,PROSE,frontdoor,3,ett,smoking_frontdoor,easy,KEEP,yes,yes,1,1,220,438,,Novita,stop,0,0.0002049,content,0.0,700
meta-llama/llama-3.3-70b-instruct,326,4255,RAW,frontdoor,3,ett,smoking_frontdoor,easy,KEEP,yes,no,0,1,190,700,,Novita,length,0,0.00030565,content,0.0,700
meta-llama/llama-3.3-70b-instruct,326,4255,ORACLE,frontdoor,3,ett,smoking_frontdoor,easy,KEEP,yes,no,0,1,235,700,,Novita,length,0,0.000311725,content,0.0,700
meta-llama/llama-3.3-70b-instruct,326,4255,DR_k1,frontdoor,3,ett,smoking_frontdoor,easy,KEEP,yes,yes,1,1,228,460,,Novita,stop,0,0.00021478,content,0.0,700
meta-llama/llama-3.3-70b-instruct,327,4275,PROSE,frontdoor,3,ett,smoking_frontdoor,easy,KEEP,yes,yes,1,1,220,503,,Novita,stop,0,0.0002309,content,0.0,700
meta-llama/llama-3.3-70b-instruct,327,4275,RAW,frontdoor,3,ett,smoking_frontdoor,easy,KEEP,yes,yes,1,1,190,499,,Novita,stop,0,0.00022525,content,0.0,700
meta-llama/llama-3.3-70b-instruct,327,4275,ORACLE,frontdoor,3,ett,smoking_frontdoor,easy,KEEP,yes,yes,1,1,235,491,,Novita,stop,0,0.000228125,content,0.0,700
meta-llama/llama-3.3-70b-instruct,327,4275,DR_k1,frontdoor,3,ett,smoking_frontdoor,easy,KEEP,yes,yes,1,1,235,371,,Novita,stop,0,0.000180125,content,0.0,700
meta-llama/llama-3.3-70b-instruct,328,20639,PROSE,frontdoor,3,det-counterfactual,smoking_frontdoor,anticommonsense,KEEP,yes,yes,1,1,147,194,,Novita,stop,0,9.7445e-05,content,0.0,700
meta-llama/llama-3.3-70b-instruct,328,20639,RAW,frontdoor,3,det-counterfactual,smoking_frontdoor,anticommonsense,KEEP,yes,yes,1,1,117,250,,Novita,stop,0,0.000115795,content,0.0,700
meta-llama/llama-3.3-70b-instruct,328,20639,ORACLE,frontdoor,3,det-counterfactual,smoking_frontdoor,anticommonsense,KEEP,yes,yes,1,1,162,186,,Novita,stop,0,9.627e-05,content,0.0,700
meta-llama/llama-3.3-70b-instruct,328,20639,DR_k1,frontdoor,3,det-counterfactual,smoking_frontdoor,anticommonsense,KEEP,yes,yes,1,1,162,345,,Novita,stop,0,0.00015987,content,0.0,700
meta-llama/llama-3.3-70b-instruct,329,10230,PROSE,frontdoor,3,det-counterfactual,smoking_frontdoor,commonsense,KEEP,no,no,1,1,144,247,,Novita,stop,0,0.00011824,content,0.0,700
meta-llama/llama-3.3-70b-instruct,329,10230,RAW,frontdoor,3,det-counterfactual,smoking_frontdoor,commonsense,KEEP,no,no,1,1,114,237,,Novita,stop,0,0.00011019,content,0.0,700
meta-llama/llama-3.3-70b-instruct,329,10230,ORACLE,frontdoor,3,det-counterfactual,smoking_frontdoor,commonsense,KEEP,no,no,1,1,159,153,,Novita,stop,0,8.2665e-05,content,0.0,700
meta-llama/llama-3.3-70b-instruct,329,10230,DR_k1,frontdoor,3,det-counterfactual,smoking_frontdoor,commonsense,KEEP,no,no,1,1,159,183,,Novita,stop,0,9.4665e-05,content,0.0,700
meta-llama/llama-3.3-70b-instruct,330,9035,PROSE,frontdoor,3,ett,smoking_frontdoor,hard,KEEP,yes,yes,1,1,220,431,,Novita,stop,0,0.0002021,content,0.0,700
meta-llama/llama-3.3-70b-instruct,330,9035,RAW,frontdoor,3,ett,smoking_frontdoor,hard,KEEP,yes,yes,1,1,190,301,,Novita,stop,0,0.00014605,content,0.0,700
meta-llama/llama-3.3-70b-instruct,330,9035,ORACLE,frontdoor,3,ett,smoking_frontdoor,hard,KEEP,yes,no,0,1,235,700,,Novita,length,0,0.000311725,content,0.0,700
meta-llama/llama-3.3-70b-instruct,330,9035,DR_k1,frontdoor,3,ett,smoking_frontdoor,hard,KEEP,yes,yes,1,1,235,477,,Novita,stop,0,0.000222525,content,0.0,700
meta-llama/llama-3.3-70b-instruct,331,10242,PROSE,frontdoor,3,det-counterfactual,smoking_frontdoor,commonsense,KEEP,no,no,1,1,142,108,,Novita,stop,0,6.237e-05,content,0.0,700
meta-llama/llama-3.3-70b-instruct,331,10242,RAW,frontdoor,3,det-counterfactual,smoking_frontdoor,commonsense,KEEP,no,no,1,1,112,105,,Novita,stop,0,5.712e-05,content,0.0,700
meta-llama/llama-3.3-70b-instruct,331,10242,ORACLE,frontdoor,3,det-counterfactual,smoking_frontdoor,commonsense,KEEP,no,no,1,1,157,99,,Novita,stop,0,6.0795e-05,content,0.0,700
meta-llama/llama-3.3-70b-instruct,331,10242,DR_k1,frontdoor,3,det-counterfactual,smoking_frontdoor,commonsense,KEEP,no,no,1,1,157,109,,Novita,stop,0,6.4795e-05,content,0.0,700
meta-llama/llama-3.3-70b-instruct,332,19432,PROSE,frontdoor,3,ett,smoking_frontdoor,anticommonsense,KEEP,yes,yes,1,1,227,418,,Novita,stop,0,0.000197845,content,0.0,700
meta-llama/llama-3.3-70b-instruct,332,19432,RAW,frontdoor,3,ett,smoking_frontdoor,anticommonsense,KEEP,yes,no,0,1,195,339,,Novita,stop,0,0.000161925,content,0.0,700
meta-llama/llama-3.3-70b-instruct,332,19432,ORACLE,frontdoor,3,ett,smoking_frontdoor,anticommonsense,KEEP,yes,no,0,1,242,641,,Novita,stop,0,0.00028907,content,0.0,700
meta-llama/llama-3.3-70b-instruct,332,19432,DR_k1,frontdoor,3,ett,smoking_frontdoor,anticommonsense,KEEP,yes,yes,1,1,242,491,,Novita,stop,0,0.00022907,content,0.0,700
meta-llama/llama-3.3-70b-instruct,333,19408,PROSE,frontdoor,3,nie,smoking_frontdoor,anticommonsense,KEEP,yes,no,0,1,224,477,,Novita,stop,0,0.00022104,content,0.0,700
meta-llama/llama-3.3-70b-instruct,333,19408,RAW,frontdoor,3,nie,smoking_frontdoor,anticommonsense,KEEP,yes,no,0,1,192,415,,Novita,stop,0,0.00019192,content,0.0,700
meta-llama/llama-3.3-70b-instruct,333,19408,ORACLE,frontdoor,3,nie,smoking_frontdoor,anticommonsense,KEEP,yes,yes,1,1,239,382,,Novita,stop,0,0.000185065,content,0.0,700
meta-llama/llama-3.3-70b-instruct,333,19408,DR_k1,frontdoor,3,nie,smoking_frontdoor,anticommonsense,KEEP,yes,yes,1,1,239,422,,Novita,stop,0,0.000201065,content,0.0,700
meta-llama/llama-3.3-70b-instruct,334,14593,PROSE,frontdoor,3,nie,smoking_frontdoor,anticommonsense,KEEP,no,no,1,1,225,383,,Novita,stop,0,0.000183575,content,0.0,700
meta-llama/llama-3.3-70b-instruct,334,14593,RAW,frontdoor,3,nie,smoking_frontdoor,anticommonsense,KEEP,no,no,1,1,195,610,,Novita,stop,0,0.000270325,content,0.0,700
meta-llama/llama-3.3-70b-instruct,334,14593,ORACLE,frontdoor,3,nie,smoking_frontdoor,anticommonsense,KEEP,no,no,1,1,240,470,,Novita,stop,0,0.0002204,content,0.0,700
meta-llama/llama-3.3-70b-instruct,334,14593,DR_k1,frontdoor,3,nie,smoking_frontdoor,anticommonsense,KEEP,no,no,1,1,233,577,,Novita,stop,0,0.000262255,content,0.0,700
meta-llama/llama-3.3-70b-instruct,335,19407,PROSE,frontdoor,3,ett,smoking_frontdoor,anticommonsense,KEEP,yes,no,0,1,227,435,,Novita,stop,0,0.000204645,content,0.0,700
meta-llama/llama-3.3-70b-instruct,335,19407,RAW,frontdoor,3,ett,smoking_frontdoor,anticommonsense,KEEP,yes,no,0,1,195,429,,Novita,stop,0,0.000197925,content,0.0,700
meta-llama/llama-3.3-70b-instruct,335,19407,ORACLE,frontdoor,3,ett,smoking_frontdoor,anticommonsense,KEEP,yes,no,0,1,242,700,,Novita,length,0,0.00031267,content,0.0,700
meta-llama/llama-3.3-70b-instruct,335,19407,DR_k1,frontdoor,3,ett,smoking_frontdoor,anticommonsense,KEEP,yes,no,0,1,242,691,,Novita,stop,0,0.00030907,content,0.0,700
meta-llama/llama-3.3-70b-instruct,336,10220,PROSE,frontdoor,3,det-counterfactual,smoking_frontdoor,commonsense,KEEP,no,no,1,1,143,230,,Novita,stop,0,0.000111305,content,0.0,700
meta-llama/llama-3.3-70b-instruct,336,10220,RAW,frontdoor,3,det-counterfactual,smoking_frontdoor,commonsense,KEEP,no,no,1,1,113,177,,Novita,stop,0,8.6055e-05,content,0.0,700
meta-llama/llama-3.3-70b-instruct,336,10220,ORACLE,frontdoor,3,det-counterfactual,smoking_frontdoor,commonsense,KEEP,no,no,1,1,158,198,,Novita,stop,0,0.00010053,content,0.0,700
meta-llama/llama-3.3-70b-instruct,336,10220,DR_k1,frontdoor,3,det-counterfactual,smoking_frontdoor,commonsense,KEEP,no,no,1,1,158,392,,Novita,stop,0,0.00017813,content,0.0,700
meta-llama/llama-3.3-70b-instruct,337,14559,PROSE,frontdoor,3,ett,smoking_frontdoor,anticommonsense,KEEP,no,yes,0,1,230,420,,Novita,stop,0,0.00019905,content,0.0,700
meta-llama/llama-3.3-70b-instruct,337,14559,RAW,frontdoor,3,ett,smoking_frontdoor,anticommonsense,KEEP,no,no,1,1,200,356,,Novita,stop,0,0.0001694,content,0.0,700
meta-llama/llama-3.3-70b-instruct,337,14559,ORACLE,frontdoor,3,ett,smoking_frontdoor,anticommonsense,KEEP,no,no,1,1,245,700,,Novita,length,0,0.000313075,content,0.0,700
meta-llama/llama-3.3-70b-instruct,337,14559,DR_k1,frontdoor,3,ett,smoking_frontdoor,anticommonsense,KEEP,no,yes,0,1,238,598,,Novita,stop,0,0.00027133,content,0.0,700
meta-llama/llama-3.3-70b-instruct,338,20624,PROSE,frontdoor,3,det-counterfactual,smoking_frontdoor,anticommonsense,KEEP,yes,yes,1,1,145,131,,Novita,stop,0,7.1975e-05,content,0.0,700
meta-llama/llama-3.3-70b-instruct,338,20624,RAW,frontdoor,3,det-counterfactual,smoking_frontdoor,anticommonsense,KEEP,yes,yes,1,1,115,158,,Novita,stop,0,7.8725e-05,content,0.0,700
meta-llama/llama-3.3-70b-instruct,338,20624,ORACLE,frontdoor,3,det-counterfactual,smoking_frontdoor,anticommonsense,KEEP,yes,yes,1,1,160,233,,Novita,stop,0,0.0001148,content,0.0,700
meta-llama/llama-3.3-70b-instruct,338,20624,DR_k1,frontdoor,3,det-counterfactual,smoking_frontdoor,anticommonsense,KEEP,yes,yes,1,1,153,191,,Novita,stop,0,9.7055e-05,content,0.0,700
meta-llama/llama-3.3-70b-instruct,339,4227,PROSE,frontdoor,3,nie,smoking_frontdoor,easy,KEEP,no,no,1,1,217,396,,Novita,stop,0,0.000187695,content,0.0,700
meta-llama/llama-3.3-70b-instruct,339,4227,RAW,frontdoor,3,nie,smoking_frontdoor,easy,KEEP,no,no,1,1,187,535,,Novita,stop,0,0.000239245,content,0.0,700
meta-llama/llama-3.3-70b-instruct,339,4227,ORACLE,frontdoor,3,nie,smoking_frontdoor,easy,KEEP,no,no,1,1,232,700,,Novita,length,0,0.00031132,content,0.0,700
meta-llama/llama-3.3-70b-instruct,339,4227,DR_k1,frontdoor,3,nie,smoking_frontdoor,easy,KEEP,no,no,1,1,225,465,,Novita,stop,0,0.000216375,content,0.0,700
meta-llama/llama-3.3-70b-instruct,340,8968,PROSE,frontdoor,3,nie,smoking_frontdoor,hard,KEEP,no,yes,0,1,217,341,,Novita,stop,0,0.000165695,content,0.0,700
meta-llama/llama-3.3-70b-instruct,340,8968,RAW,frontdoor,3,nie,smoking_frontdoor,hard,KEEP,no,no,1,1,187,407,,Novita,stop,0,0.000188045,content,0.0,700
meta-llama/llama-3.3-70b-instruct,340,8968,ORACLE,frontdoor,3,nie,smoking_frontdoor,hard,KEEP,no,no,1,1,232,630,,Novita,stop,0,0.00028332,content,0.0,700
meta-llama/llama-3.3-70b-instruct,340,8968,DR_k1,frontdoor,3,nie,smoking_frontdoor,hard,KEEP,no,no,1,1,225,586,,Novita,stop,0,0.000264775,content,0.0,700
meta-llama/llama-3.3-70b-instruct,341,4304,PROSE,frontdoor,3,nie,smoking_frontdoor,easy,KEEP,yes,yes,1,1,217,346,,Novita,stop,0,0.000167695,content,0.0,700
meta-llama/llama-3.3-70b-instruct,341,4304,RAW,frontdoor,3,nie,smoking_frontdoor,easy,KEEP,yes,no,0,1,187,700,,Novita,length,0,0.000305245,content,0.0,700
meta-llama/llama-3.3-70b-instruct,341,4304,ORACLE,frontdoor,3,nie,smoking_frontdoor,easy,KEEP,yes,yes,1,1,232,231,,Novita,stop,0,0.00012372,content,0.0,700
meta-llama/llama-3.3-70b-instruct,341,4304,DR_k1,frontdoor,3,nie,smoking_frontdoor,easy,KEEP,yes,yes,1,1,232,262,,Novita,stop,0,0.00013612,content,0.0,700
meta-llama/llama-3.3-70b-instruct,362,15339,PROSE,mediation,2,ate,alarm,anticommonsense,KEEP,yes,yes,1,1,129,87,,Novita,stop,0,5.2215e-05,content,0.0,700
meta-llama/llama-3.3-70b-instruct,362,15339,RAW,mediation,2,ate,alarm,anticommonsense,KEEP,yes,yes,1,1,107,84,,Novita,stop,0,4.8045e-05,content,0.0,700
meta-llama/llama-3.3-70b-instruct,362,15339,ORACLE,mediation,2,ate,alarm,anticommonsense,KEEP,yes,yes,1,1,144,202,,Novita,stop,0,0.00010024,content,0.0,700
meta-llama/llama-3.3-70b-instruct,362,15339,DR_k1,mediation,2,ate,alarm,anticommonsense,KEEP,yes,yes,1,1,144,120,,Novita,stop,0,6.744e-05,content,0.0,700
meta-llama/llama-3.3-70b-instruct,368,7880,PROSE,mediation,2,ate,neg_mediation,hard,KEEP,yes,yes,1,1,118,73,,Novita,stop,0,4.513e-05,content,0.0,700
meta-llama/llama-3.3-70b-instruct,368,7880,RAW,mediation,2,ate,neg_mediation,hard,KEEP,yes,yes,1,1,97,73,,Novita,stop,0,4.2295e-05,content,0.0,700
meta-llama/llama-3.3-70b-instruct,368,7880,ORACLE,mediation,2,ate,neg_mediation,hard,KEEP,yes,no,0,1,133,293,,Novita,stop,0,0.000135155,content,0.0,700
meta-llama/llama-3.3-70b-instruct,368,7880,DR_k1,mediation,2,ate,neg_mediation,hard,KEEP,yes,yes,1,1,132,137,,Novita,stop,0,7.262e-05,content,0.0,700
meta-llama/llama-3.3-70b-instruct,369,7,PROSE,mediation,2,ate,alarm,easy,KEEP,no,no,1,1,128,108,,Novita,stop,0,6.048e-05,content,0.0,700
meta-llama/llama-3.3-70b-instruct,369,7,RAW,mediation,2,ate,alarm,easy,KEEP,no,no,1,1,108,126,,Novita,stop,0,6.498e-05,content,0.0,700
meta-llama/llama-3.3-70b-instruct,369,7,ORACLE,mediation,2,ate,alarm,easy,KEEP,no,no,1,1,144,170,,Novita,stop,0,8.744e-05,content,0.0,700
meta-llama/llama-3.3-70b-instruct,369,7,DR_k1,mediation,2,ate,alarm,easy,KEEP,no,no,1,1,144,187,,Novita,stop,0,9.424e-05,content,0.0,700
meta-llama/llama-3.3-70b-instruct,370,10513,PROSE,mediation,2,ate,alarm,anticommonsense,KEEP,no,no,1,1,125,94,,Novita,stop,0,5.4475e-05,content,0.0,700
meta-llama/llama-3.3-70b-instruct,370,10513,RAW,mediation,2,ate,alarm,anticommonsense,KEEP,no,no,1,1,104,81,,Novita,stop,0,4.644e-05,content,0.0,700
meta-llama/llama-3.3-70b-instruct,370,10513,ORACLE,mediation,2,ate,alarm,anticommonsense,KEEP,no,no,1,1,141,198,,Novita,stop,0,9.8235e-05,content,0.0,700
meta-llama/llama-3.3-70b-instruct,370,10513,DR_k1,mediation,2,ate,alarm,anticommonsense,KEEP,no,no,1,1,140,174,,Novita,stop,0,8.85e-05,content,0.0,700
meta-llama/llama-3.3-70b-instruct,371,17339,PROSE,mediation,2,ate,gender_admission,anticommonsense,KEEP,no,no,1,1,136,87,,Novita,stop,0,5.316e-05,content,0.0,700
meta-llama/llama-3.3-70b-instruct,371,17339,RAW,mediation,2,ate,gender_admission,anticommonsense,KEEP,no,no,1,1,112,84,,Novita,stop,0,4.872e-05,content,0.0,700
meta-llama/llama-3.3-70b-instruct,371,17339,ORACLE,mediation,2,ate,gender_admission,anticommonsense,KEEP,no,no,1,1,151,170,,Novita,stop,0,8.8385e-05,content,0.0,700
meta-llama/llama-3.3-70b-instruct,371,17339,DR_k1,mediation,2,ate,gender_admission,anticommonsense,KEEP,no,no,1,1,150,116,,Novita,stop,0,6.665e-05,content,0.0,700
meta-llama/llama-3.3-70b-instruct,374,13406,PROSE,mediation,2,ate,neg_mediation,anticommonsense,KEEP,yes,yes,1,1,129,80,,Novita,stop,0,4.9415e-05,content,0.0,700
meta-llama/llama-3.3-70b-instruct,374,13406,RAW,mediation,2,ate,neg_mediation,anticommonsense,KEEP,yes,yes,1,1,106,90,,Novita,stop,0,5.031e-05,content,0.0,700
meta-llama/llama-3.3-70b-instruct,374,13406,ORACLE,mediation,2,ate,neg_mediation,anticommonsense,KEEP,yes,yes,1,1,144,181,,Novita,stop,0,9.184e-05,content,0.0,700
meta-llama/llama-3.3-70b-instruct,374,13406,DR_k1,mediation,2,ate,neg_mediation,anticommonsense,KEEP,yes,yes,1,1,144,134,,Novita,stop,0,7.304e-05,content,0.0,700
meta-llama/llama-3.3-70b-instruct,375,7069,PROSE,mediation,2,ate,gender_admission,hard,KEEP,no,no,1,1,125,74,,Novita,stop,0,4.6475e-05,content,0.0,700
meta-llama/llama-3.3-70b-instruct,375,7069,RAW,mediation,2,ate,gender_admission,hard,KEEP,no,no,1,1,103,73,,Novita,stop,0,4.3105e-05,content,0.0,700
meta-llama/llama-3.3-70b-instruct,375,7069,ORACLE,mediation,2,ate,gender_admission,hard,KEEP,no,no,1,1,140,187,,Novita,stop,0,9.37e-05,content,0.0,700
meta-llama/llama-3.3-70b-instruct,375,7069,DR_k1,mediation,2,ate,gender_admission,hard,KEEP,no,no,1,1,139,121,,Novita,stop,0,6.7165e-05,content,0.0,700
meta-llama/llama-3.3-70b-instruct,376,17220,PROSE,mediation,2,ate,encouagement_program,anticommonsense,KEEP,no,no,1,1,128,75,,Novita,stop,0,4.728e-05,content,0.0,700
meta-llama/llama-3.3-70b-instruct,376,17220,RAW,mediation,2,ate,encouagement_program,anticommonsense,KEEP,no,no,1,1,102,105,,Novita,stop,0,5.577e-05,content,0.0,700
meta-llama/llama-3.3-70b-instruct,376,17220,ORACLE,mediation,2,ate,encouagement_program,anticommonsense,KEEP,no,no,1,1,143,137,,Novita,stop,0,7.4105e-05,content,0.0,700
meta-llama/llama-3.3-70b-instruct,376,17220,DR_k1,mediation,2,ate,encouagement_program,anticommonsense,KEEP,no,no,1,1,142,139,,Novita,stop,0,7.477e-05,content,0.0,700
meta-llama/llama-3.3-70b-instruct,378,2164,PROSE,mediation,2,ate,gender_admission,easy,KEEP,no,no,1,1,125,49,,Novita,stop,0,3.6475e-05,content,0.0,700
meta-llama/llama-3.3-70b-instruct,378,2164,RAW,mediation,2,ate,gender_admission,easy,KEEP,no,no,1,1,103,57,,Novita,stop,0,3.6705e-05,content,0.0,700
meta-llama/llama-3.3-70b-instruct,378,2164,ORACLE,mediation,2,ate,gender_admission,easy,KEEP,no,no,1,1,140,122,,Novita,stop,0,6.77e-05,content,0.0,700
meta-llama/llama-3.3-70b-instruct,378,2164,DR_k1,mediation,2,ate,gender_admission,easy,KEEP,no,no,1,1,141,120,,Novita,stop,0,6.7035e-05,content,0.0,700
meta-llama/llama-3.3-70b-instruct,380,17408,PROSE,mediation,3,nde,gender_admission,anticommonsense,KEEP,yes,no,0,1,237,386,,Novita,stop,0,0.000186395,content,0.0,700
meta-llama/llama-3.3-70b-instruct,380,17408,RAW,mediation,3,nde,gender_admission,anticommonsense,KEEP,yes,yes,1,1,213,404,,Novita,stop,0,0.000190355,content,0.0,700
meta-llama/llama-3.3-70b-instruct,380,17408,ORACLE,mediation,3,nde,gender_admission,anticommonsense,KEEP,yes,yes,1,1,252,626,,Novita,stop,0,0.00028442,content,0.0,700
meta-llama/llama-3.3-70b-instruct,380,17408,DR_k1,mediation,3,nde,gender_admission,anticommonsense,KEEP,yes,,0,0,251,700,,Novita,length,0,0.000313885,content,0.0,700
meta-llama/llama-3.3-70b-instruct,381,11409,PROSE,mediation,3,ett,penguin,anticommonsense,KEEP,no,no,1,1,147,542,,Novita,stop,0,0.000236645,content,0.0,700
meta-llama/llama-3.3-70b-instruct,381,11409,RAW,mediation,3,ett,penguin,anticommonsense,KEEP,no,no,1,1,123,110,,Novita,stop,0,6.0605e-05,content,0.0,700
meta-llama/llama-3.3-70b-instruct,381,11409,ORACLE,mediation,3,ett,penguin,anticommonsense,KEEP,no,no,1,1,162,335,,Novita,stop,0,0.00015587,content,0.0,700
meta-llama/llama-3.3-70b-instruct,381,11409,DR_k1,mediation,3,ett,penguin,anticommonsense,KEEP,no,no,1,1,163,418,,Novita,stop,0,0.000189205,content,0.0,700
meta-llama/llama-3.3-70b-instruct,382,13438,PROSE,mediation,3,ett,neg_mediation,anticommonsense,KEEP,no,yes,0,1,142,104,,Novita,stop,0,6.077e-05,content,0.0,700
meta-llama/llama-3.3-70b-instruct,382,13438,RAW,mediation,3,ett,neg_mediation,anticommonsense,KEEP,no,yes,0,1,119,117,,Novita,stop,0,6.2865e-05,content,0.0,700
meta-llama/llama-3.3-70b-instruct,382,13438,ORACLE,mediation,3,ett,neg_mediation,anticommonsense,KEEP,no,no,1,1,157,454,,Novita,stop,0,0.000202795,content,0.0,700
meta-llama/llama-3.3-70b-instruct,382,13438,DR_k1,mediation,3,ett,neg_mediation,anticommonsense,KEEP,no,no,1,1,157,245,,Novita,stop,0,0.000119195,content,0.0,700
meta-llama/llama-3.3-70b-instruct,383,12575,PROSE,mediation,3,nde,gender_admission,anticommonsense,KEEP,no,yes,0,1,230,305,,Novita,stop,0,0.00015305,content,0.0,700
meta-llama/llama-3.3-70b-instruct,383,12575,RAW,mediation,3,nde,gender_admission,anticommonsense,KEEP,no,yes,0,1,208,350,,Novita,stop,0,0.00016808,content,0.0,700
meta-llama/llama-3.3-70b-instruct,383,12575,ORACLE,mediation,3,nde,gender_admission,anticommonsense,KEEP,no,no,1,1,245,447,,Novita,stop,0,0.000211875,content,0.0,700
meta-llama/llama-3.3-70b-instruct,383,12575,DR_k1,mediation,3,nde,gender_admission,anticommonsense,KEEP,no,no,1,1,245,448,,Novita,stop,0,0.000212275,content,0.0,700
meta-llama/llama-3.3-70b-instruct,384,17434,PROSE,mediation,3,nie,gender_admission,anticommonsense,KEEP,no,yes,0,1,230,432,,Novita,stop,0,0.00020385,content,0.0,700
meta-llama/llama-3.3-70b-instruct,384,17434,RAW,mediation,3,nie,gender_admission,anticommonsense,KEEP,no,no,1,1,206,621,,Novita,stop,0,0.00027621,content,0.0,700
meta-llama/llama-3.3-70b-instruct,384,17434,ORACLE,mediation,3,nie,gender_admission,anticommonsense,KEEP,no,no,1,1,245,585,,Novita,stop,0,0.000267075,content,0.0,700
meta-llama/llama-3.3-70b-instruct,384,17434,DR_k1,mediation,3,nie,gender_admission,anticommonsense,KEEP,no,no,1,1,246,663,,Novita,stop,0,0.00029841,content,0.0,700
meta-llama/llama-3.3-70b-instruct,385,10462,PROSE,mediation,3,nde,alarm,anticommonsense,KEEP,no,no,1,1,228,644,,Novita,stop,0,0.00028838,content,0.0,700
meta-llama/llama-3.3-70b-instruct,385,10462,RAW,mediation,3,nde,alarm,anticommonsense,KEEP,no,no,1,1,207,511,,Novita,stop,0,0.000232345,content,0.0,700
meta-llama/llama-3.3-70b-instruct,385,10462,ORACLE,mediation,3,nde,alarm,anticommonsense,KEEP,no,no,1,1,244,700,,Novita,length,0,0.00031294,content,0.0,700
meta-llama/llama-3.3-70b-instruct,385,10462,DR_k1,mediation,3,nde,alarm,anticommonsense,KEEP,no,no,1,1,243,352,,Novita,stop,0,0.000173605,content,0.0,700
meta-llama/llama-3.3-70b-instruct,386,12469,PROSE,mediation,3,nie,encouagement_program,anticommonsense,KEEP,yes,yes,1,1,209,337,,Novita,stop,0,0.000163015,content,0.0,700
meta-llama/llama-3.3-70b-instruct,386,12469,RAW,mediation,3,nie,encouagement_program,anticommonsense,KEEP,yes,no,0,1,184,415,,Novita,stop,0,0.00019084,content,0.0,700
meta-llama/llama-3.3-70b-instruct,386,12469,ORACLE,mediation,3,nie,encouagement_program,anticommonsense,KEEP,yes,yes,1,1,224,238,,Novita,stop,0,0.00012544,content,0.0,700
meta-llama/llama-3.3-70b-instruct,386,12469,DR_k1,mediation,3,nie,encouagement_program,anticommonsense,KEEP,yes,yes,1,1,223,382,,Novita,stop,0,0.000182905,content,0.0,700
meta-llama/llama-3.3-70b-instruct,387,17411,PROSE,mediation,3,ett,gender_admission,anticommonsense,KEEP,yes,yes,1,1,149,158,,Novita,stop,0,8.3315e-05,content,0.0,700
meta-llama/llama-3.3-70b-instruct,387,17411,RAW,mediation,3,ett,gender_admission,anticommonsense,KEEP,yes,yes,1,1,125,84,,Novita,stop,0,5.0475e-05,content,0.0,700
meta-llama/llama-3.3-70b-instruct,387,17411,ORACLE,mediation,3,ett,gender_admission,anticommonsense,KEEP,yes,yes,1,1,164,170,,Novita,stop,0,9.014e-05,content,0.0,700
meta-llama/llama-3.3-70b-instruct,387,17411,DR_k1,mediation,3,ett,gender_admission,anticommonsense,KEEP,yes,yes,1,1,165,134,,Novita,stop,0,7.5875e-05,content,0.0,700
meta-llama/llama-3.3-70b-instruct,388,10515,PROSE,mediation,3,nie,alarm,anticommonsense,KEEP,no,no,1,1,221,399,,Novita,stop,0,0.000189435,content,0.0,700
meta-llama/llama-3.3-70b-instruct,388,10515,RAW,mediation,3,nie,alarm,anticommonsense,KEEP,no,no,1,1,200,424,,Novita,stop,0,0.0001966,content,0.0,700
meta-llama/llama-3.3-70b-instruct,388,10515,ORACLE,mediation,3,nie,alarm,anticommonsense,KEEP,no,no,1,1,237,370,,Novita,stop,0,0.000179995,content,0.0,700
meta-llama/llama-3.3-70b-instruct,388,10515,DR_k1,mediation,3,nie,alarm,anticommonsense,KEEP,no,no,1,1,238,511,,Novita,stop,0,0.00023653,content,0.0,700
meta-llama/llama-3.3-70b-instruct,389,9831,PROSE,mediation,3,det-counterfactual,encouagement_program,commonsense,KEEP,yes,yes,1,1,120,162,,Novita,stop,0,8.1e-05,content,0.0,700
meta-llama/llama-3.3-70b-instruct,389,9831,RAW,mediation,3,det-counterfactual,encouagement_program,commonsense,KEEP,yes,yes,1,1,94,189,,Novita,stop,0,8.829e-05,content,0.0,700
meta-llama/llama-3.3-70b-instruct,389,9831,ORACLE,mediation,3,det-counterfactual,encouagement_program,commonsense,KEEP,yes,yes,1,1,135,257,,Novita,stop,0,0.000121025,content,0.0,700
meta-llama/llama-3.3-70b-instruct,389,9831,DR_k1,mediation,3,det-counterfactual,encouagement_program,commonsense,KEEP,yes,yes,1,1,134,376,,Novita,stop,0,0.00016849,content,0.0,700
meta-llama/llama-3.3-70b-instruct,390,20226,PROSE,mediation,3,det-counterfactual,encouagement_program,anticommonsense,KEEP,no,yes,0,1,132,327,,Novita,stop,0,0.00014862,content,0.0,700
meta-llama/llama-3.3-70b-instruct,390,20226,RAW,mediation,3,det-counterfactual,encouagement_program,anticommonsense,KEEP,no,no,1,1,107,279,,Novita,stop,0,0.000126045,content,0.0,700
meta-llama/llama-3.3-70b-instruct,390,20226,ORACLE,mediation,3,det-counterfactual,encouagement_program,anticommonsense,KEEP,no,yes,0,1,147,605,,Novita,stop,0,0.000261845,content,0.0,700
meta-llama/llama-3.3-70b-instruct,390,20226,DR_k1,mediation,3,det-counterfactual,encouagement_program,anticommonsense,KEEP,no,no,1,1,146,302,,Novita,stop,0,0.00014051,content,0.0,700
meta-llama/llama-3.3-70b-instruct,391,20243,PROSE,mediation,3,det-counterfactual,gender_admission,anticommonsense,KEEP,yes,yes,1,1,122,146,,Novita,stop,0,7.487e-05,content,0.0,700
meta-llama/llama-3.3-70b-instruct,391,20243,RAW,mediation,3,det-counterfactual,gender_admission,anticommonsense,KEEP,yes,yes,1,1,100,192,,Novita,stop,0,9.03e-05,content,0.0,700
meta-llama/llama-3.3-70b-instruct,391,20243,ORACLE,mediation,3,det-counterfactual,gender_admission,anticommonsense,KEEP,yes,yes,1,1,137,390,,Novita,stop,0,0.000174495,content,0.0,700
meta-llama/llama-3.3-70b-instruct,391,20243,DR_k1,mediation,3,det-counterfactual,gender_admission,anticommonsense,KEEP,yes,yes,1,1,137,228,,Novita,stop,0,0.000109695,content,0.0,700
meta-llama/llama-3.3-70b-instruct,392,16615,PROSE,mediation,3,nde,blood_pressure,anticommonsense,KEEP,no,no,1,1,229,322,,Novita,stop,0,0.000159715,content,0.0,700
meta-llama/llama-3.3-70b-instruct,392,16615,RAW,mediation,3,nde,blood_pressure,anticommonsense,KEEP,no,no,1,1,205,363,,Novita,stop,0,0.000172875,content,0.0,700
meta-llama/llama-3.3-70b-instruct,392,16615,ORACLE,mediation,3,nde,blood_pressure,anticommonsense,KEEP,no,no,1,1,244,173,,Novita,stop,0,0.00010214,content,0.0,700
meta-llama/llama-3.3-70b-instruct,392,16615,DR_k1,mediation,3,nde,blood_pressure,anticommonsense,KEEP,no,no,1,1,245,204,,Novita,stop,0,0.000114675,content,0.0,700
meta-llama/llama-3.3-70b-instruct,393,16497,PROSE,mediation,3,ett,blood_pressure,anticommonsense,KEEP,no,yes,0,1,145,206,,Novita,stop,0,0.000101975,content,0.0,700
meta-llama/llama-3.3-70b-instruct,393,16497,RAW,mediation,3,ett,blood_pressure,anticommonsense,KEEP,no,no,1,1,121,522,,Novita,stop,0,0.000225135,content,0.0,700
meta-llama/llama-3.3-70b-instruct,393,16497,ORACLE,mediation,3,ett,blood_pressure,anticommonsense,KEEP,no,no,1,1,160,351,,Novita,stop,0,0.000162,content,0.0,700
meta-llama/llama-3.3-70b-instruct,393,16497,DR_k1,mediation,3,ett,blood_pressure,anticommonsense,KEEP,no,no,1,1,160,331,,Novita,stop,0,0.000154,content,0.0,700
meta-llama/llama-3.3-70b-instruct,394,19924,PROSE,mediation,3,det-counterfactual,alarm,anticommonsense,KEEP,yes,yes,1,1,121,199,,Novita,stop,0,9.5935e-05,content,0.0,700
meta-llama/llama-3.3-70b-instruct,394,19924,RAW,mediation,3,det-counterfactual,alarm,anticommonsense,KEEP,yes,yes,1,1,100,167,,Novita,stop,0,8.03e-05,content,0.0,700
meta-llama/llama-3.3-70b-instruct,394,19924,ORACLE,mediation,3,det-counterfactual,alarm,anticommonsense,KEEP,yes,yes,1,1,137,158,,Novita,stop,0,8.1695e-05,content,0.0,700
meta-llama/llama-3.3-70b-instruct,394,19924,DR_k1,mediation,3,det-counterfactual,alarm,anticommonsense,KEEP,yes,yes,1,1,136,245,,Novita,stop,0,0.00011636,content,0.0,700
meta-llama/llama-3.3-70b-instruct,395,3095,PROSE,mediation,3,nie,neg_mediation,easy,KEEP,yes,yes,1,1,186,492,,Novita,stop,0,0.00022191,content,0.0,700
meta-llama/llama-3.3-70b-instruct,395,3095,RAW,mediation,3,nie,neg_mediation,easy,KEEP,yes,,0,0,165,700,,Novita,length,0,0.000302275,content,0.0,700
meta-llama/llama-3.3-70b-instruct,395,3095,ORACLE,mediation,3,nie,neg_mediation,easy,KEEP,yes,yes,1,1,201,356,,Novita,stop,0,0.000169535,content,0.0,700
meta-llama/llama-3.3-70b-instruct,395,3095,DR_k1,mediation,3,nie,neg_mediation,easy,KEEP,yes,yes,1,1,201,469,,Novita,stop,0,0.000214735,content,0.0,700
meta-llama/llama-3.3-70b-instruct,396,18150,PROSE,mediation,3,ett,neg_mediation,anticommonsense,KEEP,yes,yes,1,1,136,101,,Novita,stop,0,5.876e-05,content,0.0,700
meta-llama/llama-3.3-70b-instruct,396,18150,RAW,mediation,3,ett,neg_mediation,anticommonsense,KEEP,yes,yes,1,1,113,102,,Novita,stop,0,5.6055e-05,content,0.0,700
meta-llama/llama-3.3-70b-instruct,396,18150,ORACLE,mediation,3,ett,neg_mediation,anticommonsense,KEEP,yes,yes,1,1,151,350,,Novita,stop,0,0.000160385,content,0.0,700
meta-llama/llama-3.3-70b-instruct,396,18150,DR_k1,mediation,3,ett,neg_mediation,anticommonsense,KEEP,yes,yes,1,1,151,320,,Novita,stop,0,0.000148385,content,0.0,700
meta-llama/llama-3.3-70b-instruct,397,11439,PROSE,mediation,3,nde,penguin,anticommonsense,KEEP,no,no,1,1,239,418,,Novita,stop,0,0.000199465,content,0.0,700
meta-llama/llama-3.3-70b-instruct,397,11439,RAW,mediation,3,nde,penguin,anticommonsense,KEEP,no,yes,0,1,215,542,,Novita,stop,0,0.000245825,content,0.0,700
meta-llama/llama-3.3-70b-instruct,397,11439,ORACLE,mediation,3,nde,penguin,anticommonsense,KEEP,no,yes,0,1,254,577,,Novita,stop,0,0.00026509,content,0.0,700
meta-llama/llama-3.3-70b-instruct,397,11439,DR_k1,mediation,3,nde,penguin,anticommonsense,KEEP,no,yes,0,1,253,402,,Novita,stop,0,0.000194955,content,0.0,700
meta-llama/llama-3.3-70b-instruct,398,1147,PROSE,mediation,3,nie,penguin,easy,KEEP,no,yes,0,1,239,591,,Novita,stop,0,0.000268665,content,0.0,700
meta-llama/llama-3.3-70b-instruct,398,1147,RAW,mediation,3,nie,penguin,easy,KEEP,no,yes,0,1,213,416,,Novita,stop,0,0.000195155,content,0.0,700
meta-llama/llama-3.3-70b-instruct,398,1147,ORACLE,mediation,3,nie,penguin,easy,KEEP,no,yes,0,1,254,512,,Novita,stop,0,0.00023909,content,0.0,700
meta-llama/llama-3.3-70b-instruct,398,1147,DR_k1,mediation,3,nie,penguin,easy,KEEP,no,no,1,1,253,569,,Novita,stop,0,0.000261755,content,0.0,700
