model,item,id,cond,graph_id,rung,query_type,story_id,question_property,lexicon,gold,pred,correct,parsed,in_tok,out_tok,error,provider,finish,reason_tok,usd,answer_from,temperature,max_tokens
meta-llama/llama-3.3-70b-instruct,20,8239,PROSE,IV,2,ate,price,hard,KEEP,yes,no,0,1,178,326,,Novita,stop,0,0.00015443,content,0.0,700
meta-llama/llama-3.3-70b-instruct,20,8239,RAW,IV,2,ate,price,hard,KEEP,yes,no,0,1,150,512,,Novita,stop,0,0.00022505,content,0.0,700
meta-llama/llama-3.3-70b-instruct,20,8239,ORACLE,IV,2,ate,price,hard,KEEP,yes,no,0,1,193,533,,Novita,stop,0,0.000239255,content,0.0,700
meta-llama/llama-3.3-70b-instruct,20,8239,DR_k1,IV,2,ate,price,hard,KEEP,yes,no,0,1,193,399,,Novita,stop,0,0.000185655,content,0.0,700
meta-llama/llama-3.3-70b-instruct,21,19806,PROSE,IV,2,ate,tax_smoke_birthWeight,anticommonsense,KEEP,no,no,1,1,202,430,,Novita,stop,0,0.00019927,content,0.0,700
meta-llama/llama-3.3-70b-instruct,21,19806,RAW,IV,2,ate,tax_smoke_birthWeight,anticommonsense,KEEP,no,no,1,1,156,298,,Novita,stop,0,0.00014026,content,0.0,700
meta-llama/llama-3.3-70b-instruct,21,19806,ORACLE,IV,2,ate,tax_smoke_birthWeight,anticommonsense,KEEP,no,no,1,1,217,413,,Novita,stop,0,0.000194495,content,0.0,700
meta-llama/llama-3.3-70b-instruct,21,19806,DR_k1,IV,2,ate,tax_smoke_birthWeight,anticommonsense,KEEP,no,no,1,1,220,462,,Novita,stop,0,0.0002145,content,0.0,700
meta-llama/llama-3.3-70b-instruct,23,16818,PROSE,IV,2,ate,cholesterol,anticommonsense,KEEP,no,no,1,1,192,337,,Novita,stop,0,0.00016072,content,0.0,700
meta-llama/llama-3.3-70b-instruct,23,16818,RAW,IV,2,ate,cholesterol,anticommonsense,KEEP,no,no,1,1,152,531,,Novita,stop,0,0.00023292,content,0.0,700
meta-llama/llama-3.3-70b-instruct,23,16818,ORACLE,IV,2,ate,cholesterol,anticommonsense,KEEP,no,no,1,1,207,576,,Novita,stop,0,0.000258345,content,0.0,700
meta-llama/llama-3.3-70b-instruct,23,16818,DR_k1,IV,2,ate,cholesterol,anticommonsense,KEEP,no,no,1,1,208,305,,Novita,stop,0,0.00015008,content,0.0,700
meta-llama/llama-3.3-70b-instruct,24,19796,PROSE,IV,2,ate,tax_smoke_birthWeight,anticommonsense,KEEP,yes,yes,1,1,202,269,,Novita,stop,0,0.00013487,content,0.0,700
meta-llama/llama-3.3-70b-instruct,24,19796,RAW,IV,2,ate,tax_smoke_birthWeight,anticommonsense,KEEP,yes,no,0,1,156,425,,Novita,stop,0,0.00019106,content,0.0,700
meta-llama/llama-3.3-70b-instruct,24,19796,ORACLE,IV,2,ate,tax_smoke_birthWeight,anticommonsense,KEEP,yes,yes,1,1,217,302,,Novita,stop,0,0.000150095,content,0.0,700
meta-llama/llama-3.3-70b-instruct,24,19796,DR_k1,IV,2,ate,tax_smoke_birthWeight,anticommonsense,KEEP,yes,yes,1,1,220,370,,Novita,stop,0,0.0001777,content,0.0,700
meta-llama/llama-3.3-70b-instruct,26,6588,PROSE,IV,2,ate,college_wage,hard,KEEP,yes,yes,1,1,195,491,,Novita,stop,0,0.000222725,content,0.0,700
meta-llama/llama-3.3-70b-instruct,26,6588,RAW,IV,2,ate,college_wage,hard,KEEP,yes,yes,1,1,157,342,,Novita,stop,0,0.000157995,content,0.0,700
meta-llama/llama-3.3-70b-instruct,26,6588,ORACLE,IV,2,ate,college_wage,hard,KEEP,yes,no,0,1,210,535,,Novita,stop,0,0.00024235,content,0.0,700
meta-llama/llama-3.3-70b-instruct,26,6588,DR_k1,IV,2,ate,college_wage,hard,KEEP,yes,yes,1,1,214,596,,Novita,stop,0,0.00026729,content,0.0,700
meta-llama/llama-3.3-70b-instruct,29,1591,PROSE,IV,2,ate,cholesterol,easy,KEEP,no,no,1,1,195,537,,Novita,stop,0,0.000241125,content,0.0,700
meta-llama/llama-3.3-70b-instruct,29,1591,RAW,IV,2,ate,cholesterol,easy,KEEP,no,no,1,1,158,488,,Novita,stop,0,0.00021653,content,0.0,700
meta-llama/llama-3.3-70b-instruct,29,1591,ORACLE,IV,2,ate,cholesterol,easy,KEEP,no,,0,0,210,700,,Novita,length,0,0.00030835,content,0.0,700
meta-llama/llama-3.3-70b-instruct,29,1591,DR_k1,IV,2,ate,cholesterol,easy,KEEP,no,no,1,1,203,682,,Novita,stop,0,0.000300205,content,0.0,700
meta-llama/llama-3.3-70b-instruct,32,15108,PROSE,IV,2,ate,water_cholera,anticommonsense,KEEP,no,yes,0,1,192,499,,Novita,stop,0,0.00022552,content,0.0,700
meta-llama/llama-3.3-70b-instruct,32,15108,RAW,IV,2,ate,water_cholera,anticommonsense,KEEP,no,,0,0,156,700,,Novita,length,0,0.00030106,content,0.0,700
meta-llama/llama-3.3-70b-instruct,32,15108,ORACLE,IV,2,ate,water_cholera,anticommonsense,KEEP,no,yes,0,1,207,383,,Novita,stop,0,0.000181145,content,0.0,700
meta-llama/llama-3.3-70b-instruct,32,15108,DR_k1,IV,2,ate,water_cholera,anticommonsense,KEEP,no,yes,0,1,199,416,,Novita,stop,0,0.000193265,content,0.0,700
meta-llama/llama-3.3-70b-instruct,33,18628,PROSE,IV,2,ate,price,anticommonsense,KEEP,yes,yes,1,1,181,686,,Novita,stop,0,0.000298835,content,0.0,700
meta-llama/llama-3.3-70b-instruct,33,18628,RAW,IV,2,ate,price,anticommonsense,KEEP,yes,no,0,1,150,700,,Novita,length,0,0.00030025,content,0.0,700
meta-llama/llama-3.3-70b-instruct,33,18628,ORACLE,IV,2,ate,price,anticommonsense,KEEP,yes,yes,1,1,196,440,,Novita,stop,0,0.00020246,content,0.0,700
meta-llama/llama-3.3-70b-instruct,33,18628,DR_k1,IV,2,ate,price,anticommonsense,KEEP,yes,no,0,1,196,677,,Novita,stop,0,0.00029726,content,0.0,700
meta-llama/llama-3.3-70b-instruct,34,17061,PROSE,IV,2,ate,college_wage,anticommonsense,KEEP,yes,,0,0,197,700,,Novita,length,0,0.000306595,content,0.0,700
meta-llama/llama-3.3-70b-instruct,34,17061,RAW,IV,2,ate,college_wage,anticommonsense,KEEP,yes,no,0,1,157,394,,Novita,stop,0,0.000178795,content,0.0,700
meta-llama/llama-3.3-70b-instruct,34,17061,ORACLE,IV,2,ate,college_wage,anticommonsense,KEEP,yes,yes,1,1,212,525,,Novita,stop,0,0.00023862,content,0.0,700
meta-llama/llama-3.3-70b-instruct,34,17061,DR_k1,IV,2,ate,college_wage,anticommonsense,KEEP,yes,no,0,1,212,403,,Novita,stop,0,0.00018982,content,0.0,700
meta-llama/llama-3.3-70b-instruct,35,15152,PROSE,IV,2,ate,water_cholera,anticommonsense,KEEP,yes,yes,1,1,192,417,,Novita,stop,0,0.00019272,content,0.0,700
meta-llama/llama-3.3-70b-instruct,35,15152,RAW,IV,2,ate,water_cholera,anticommonsense,KEEP,yes,no,0,1,156,666,,Novita,stop,0,0.00028746,content,0.0,700
meta-llama/llama-3.3-70b-instruct,35,15152,ORACLE,IV,2,ate,water_cholera,anticommonsense,KEEP,yes,no,0,1,207,452,,Novita,stop,0,0.000208745,content,0.0,700
meta-llama/llama-3.3-70b-instruct,35,15152,DR_k1,IV,2,ate,water_cholera,anticommonsense,KEEP,yes,no,0,1,207,358,,Novita,stop,0,0.000171145,content,0.0,700
meta-llama/llama-3.3-70b-instruct,37,3443,PROSE,IV,2,ate,price,easy,KEEP,no,no,1,1,178,409,,Novita,stop,0,0.00018763,content,0.0,700
meta-llama/llama-3.3-70b-instruct,37,3443,RAW,IV,2,ate,price,easy,KEEP,no,no,1,1,150,369,,Novita,stop,0,0.00016785,content,0.0,700
meta-llama/llama-3.3-70b-instruct,37,3443,ORACLE,IV,2,ate,price,easy,KEEP,no,no,1,1,193,448,,Novita,stop,0,0.000205255,content,0.0,700
meta-llama/llama-3.3-70b-instruct,37,3443,DR_k1,IV,2,ate,price,easy,KEEP,no,no,1,1,193,367,,Novita,stop,0,0.000172855,content,0.0,700
meta-llama/llama-3.3-70b-instruct,39,1668,PROSE,IV,2,ate,cholesterol,easy,KEEP,no,no,1,1,195,378,,Novita,stop,0,0.000177525,content,0.0,700
meta-llama/llama-3.3-70b-instruct,39,1668,RAW,IV,2,ate,cholesterol,easy,KEEP,no,no,1,1,158,501,,Novita,stop,0,0.00022173,content,0.0,700
meta-llama/llama-3.3-70b-instruct,39,1668,ORACLE,IV,2,ate,cholesterol,easy,KEEP,no,no,1,1,210,638,,Novita,stop,0,0.00028355,content,0.0,700
meta-llama/llama-3.3-70b-instruct,39,1668,DR_k1,IV,2,ate,cholesterol,easy,KEEP,no,no,1,1,203,360,,Novita,stop,0,0.000171405,content,0.0,700
meta-llama/llama-3.3-70b-instruct,40,20200,PROSE,IV,3,det-counterfactual,college_wage,anticommonsense,KEEP,yes,yes,1,1,166,202,,Novita,stop,0,0.00010321,content,0.0,700
meta-llama/llama-3.3-70b-instruct,40,20200,RAW,IV,3,det-counterfactual,college_wage,anticommonsense,KEEP,yes,yes,1,1,128,226,,Novita,stop,0,0.00010768,content,0.0,700
meta-llama/llama-3.3-70b-instruct,40,20200,ORACLE,IV,3,det-counterfactual,college_wage,anticommonsense,KEEP,yes,yes,1,1,182,264,,Novita,stop,0,0.00013017,content,0.0,700
meta-llama/llama-3.3-70b-instruct,40,20200,DR_k1,IV,3,det-counterfactual,college_wage,anticommonsense,KEEP,yes,yes,1,1,186,175,,Novita,stop,0,9.511e-05,content,0.0,700
meta-llama/llama-3.3-70b-instruct,41,9719,PROSE,IV,3,det-counterfactual,cholesterol,commonsense,KEEP,yes,yes,1,1,175,252,,Novita,stop,0,0.000124425,content,0.0,700
meta-llama/llama-3.3-70b-instruct,41,9719,RAW,IV,3,det-counterfactual,cholesterol,commonsense,KEEP,yes,yes,1,1,138,181,,Novita,stop,0,9.103e-05,content,0.0,700
meta-llama/llama-3.3-70b-instruct,41,9719,ORACLE,IV,3,det-counterfactual,cholesterol,commonsense,KEEP,yes,yes,1,1,190,202,,Novita,stop,0,0.00010645,content,0.0,700
meta-llama/llama-3.3-70b-instruct,41,9719,DR_k1,IV,3,det-counterfactual,cholesterol,commonsense,KEEP,yes,yes,1,1,191,187,,Novita,stop,0,0.000100585,content,0.0,700
meta-llama/llama-3.3-70b-instruct,42,10021,PROSE,IV,3,det-counterfactual,price,commonsense,KEEP,no,no,1,1,149,283,,Novita,stop,0,0.000133315,content,0.0,700
meta-llama/llama-3.3-70b-instruct,42,10021,RAW,IV,3,det-counterfactual,price,commonsense,KEEP,no,no,1,1,121,216,,Novita,stop,0,0.000102735,content,0.0,700
meta-llama/llama-3.3-70b-instruct,42,10021,ORACLE,IV,3,det-counterfactual,price,commonsense,KEEP,no,no,1,1,164,261,,Novita,stop,0,0.00012654,content,0.0,700
meta-llama/llama-3.3-70b-instruct,42,10021,DR_k1,IV,3,det-counterfactual,price,commonsense,KEEP,no,yes,0,1,164,212,,Novita,stop,0,0.00010694,content,0.0,700
meta-llama/llama-3.3-70b-instruct,43,9798,PROSE,IV,3,det-counterfactual,college_wage,commonsense,KEEP,yes,yes,1,1,174,190,,Novita,stop,0,9.949e-05,content,0.0,700
meta-llama/llama-3.3-70b-instruct,43,9798,RAW,IV,3,det-counterfactual,college_wage,commonsense,KEEP,yes,yes,1,1,136,138,,Novita,stop,0,7.356e-05,content,0.0,700
meta-llama/llama-3.3-70b-instruct,43,9798,ORACLE,IV,3,det-counterfactual,college_wage,commonsense,KEEP,yes,yes,1,1,189,190,,Novita,stop,0,0.000101515,content,0.0,700
meta-llama/llama-3.3-70b-instruct,43,9798,DR_k1,IV,3,det-counterfactual,college_wage,commonsense,KEEP,yes,yes,1,1,189,188,,Novita,stop,0,0.000100715,content,0.0,700
meta-llama/llama-3.3-70b-instruct,44,10379,PROSE,IV,3,det-counterfactual,water_cholera,commonsense,KEEP,no,yes,0,1,155,212,,Novita,stop,0,0.000105725,content,0.0,700
meta-llama/llama-3.3-70b-instruct,44,10379,RAW,IV,3,det-counterfactual,water_cholera,commonsense,KEEP,no,yes,0,1,123,453,,Novita,stop,0,0.000197805,content,0.0,700
meta-llama/llama-3.3-70b-instruct,44,10379,ORACLE,IV,3,det-counterfactual,water_cholera,commonsense,KEEP,no,yes,0,1,171,121,,Novita,stop,0,7.1485e-05,content,0.0,700
meta-llama/llama-3.3-70b-instruct,44,10379,DR_k1,IV,3,det-counterfactual,water_cholera,commonsense,KEEP,no,yes,0,1,171,330,,Novita,stop,0,0.000155085,content,0.0,700
meta-llama/llama-3.3-70b-instruct,45,10366,PROSE,IV,3,det-counterfactual,water_cholera,commonsense,KEEP,no,no,1,1,155,313,,Novita,stop,0,0.000146125,content,0.0,700
meta-llama/llama-3.3-70b-instruct,45,10366,RAW,IV,3,det-counterfactual,water_cholera,commonsense,KEEP,no,no,1,1,123,225,,Novita,stop,0,0.000106605,content,0.0,700
meta-llama/llama-3.3-70b-instruct,45,10366,ORACLE,IV,3,det-counterfactual,water_cholera,commonsense,KEEP,no,no,1,1,171,422,,Novita,stop,0,0.000191885,content,0.0,700
meta-llama/llama-3.3-70b-instruct,45,10366,DR_k1,IV,3,det-counterfactual,water_cholera,commonsense,KEEP,no,no,1,1,164,223,,Novita,stop,0,0.00011134,content,0.0,700
meta-llama/llama-3.3-70b-instruct,46,9799,PROSE,IV,3,det-counterfactual,college_wage,commonsense,KEEP,no,no,1,1,174,173,,Novita,stop,0,9.269e-05,content,0.0,700
meta-llama/llama-3.3-70b-instruct,46,9799,RAW,IV,3,det-counterfactual,college_wage,commonsense,KEEP,no,no,1,1,136,154,,Novita,stop,0,7.996e-05,content,0.0,700
meta-llama/llama-3.3-70b-instruct,46,9799,ORACLE,IV,3,det-counterfactual,college_wage,commonsense,KEEP,no,no,1,1,189,281,,Novita,stop,0,0.000137915,content,0.0,700
meta-llama/llama-3.3-70b-instruct,46,9799,DR_k1,IV,3,det-counterfactual,college_wage,commonsense,KEEP,no,no,1,1,181,156,,Novita,stop,0,8.6835e-05,content,0.0,700
meta-llama/llama-3.3-70b-instruct,47,9728,PROSE,IV,3,det-counterfactual,cholesterol,commonsense,KEEP,yes,yes,1,1,177,171,,Novita,stop,0,9.2295e-05,content,0.0,700
meta-llama/llama-3.3-70b-instruct,47,9728,RAW,IV,3,det-counterfactual,cholesterol,commonsense,KEEP,yes,yes,1,1,140,108,,Novita,stop,0,6.21e-05,content,0.0,700
meta-llama/llama-3.3-70b-instruct,47,9728,ORACLE,IV,3,det-counterfactual,cholesterol,commonsense,KEEP,yes,yes,1,1,192,420,,Novita,stop,0,0.00019392,content,0.0,700
meta-llama/llama-3.3-70b-instruct,47,9728,DR_k1,IV,3,det-counterfactual,cholesterol,commonsense,KEEP,yes,yes,1,1,196,212,,Novita,stop,0,0.00011126,content,0.0,700
meta-llama/llama-3.3-70b-instruct,48,20193,PROSE,IV,3,det-counterfactual,college_wage,anticommonsense,KEEP,yes,yes,1,1,166,201,,Novita,stop,0,0.00010281,content,0.0,700
meta-llama/llama-3.3-70b-instruct,48,20193,RAW,IV,3,det-counterfactual,college_wage,anticommonsense,KEEP,yes,yes,1,1,128,272,,Novita,stop,0,0.00012608,content,0.0,700
meta-llama/llama-3.3-70b-instruct,48,20193,ORACLE,IV,3,det-counterfactual,college_wage,anticommonsense,KEEP,yes,yes,1,1,182,198,,Novita,stop,0,0.00010377,content,0.0,700
meta-llama/llama-3.3-70b-instruct,48,20193,DR_k1,IV,3,det-counterfactual,college_wage,anticommonsense,KEEP,yes,no,0,1,181,342,,Novita,stop,0,0.000161235,content,0.0,700
meta-llama/llama-3.3-70b-instruct,49,10313,PROSE,IV,3,det-counterfactual,tax_smoke_birthWeight,commonsense,KEEP,no,yes,0,1,177,296,,Novita,stop,0,0.000142295,content,0.0,700
meta-llama/llama-3.3-70b-instruct,49,10313,RAW,IV,3,det-counterfactual,tax_smoke_birthWeight,commonsense,KEEP,no,no,1,1,130,261,,Novita,stop,0,0.00012195,content,0.0,700
meta-llama/llama-3.3-70b-instruct,49,10313,ORACLE,IV,3,det-counterfactual,tax_smoke_birthWeight,commonsense,KEEP,no,yes,0,1,192,354,,Novita,stop,0,0.00016752,content,0.0,700
meta-llama/llama-3.3-70b-instruct,49,10313,DR_k1,IV,3,det-counterfactual,tax_smoke_birthWeight,commonsense,KEEP,no,yes,0,1,191,267,,Novita,stop,0,0.000132585,content,0.0,700
meta-llama/llama-3.3-70b-instruct,50,20727,PROSE,IV,3,det-counterfactual,tax_smoke_birthWeight,anticommonsense,KEEP,yes,yes,1,1,168,215,,Novita,stop,0,0.00010868,content,0.0,700
meta-llama/llama-3.3-70b-instruct,50,20727,RAW,IV,3,det-counterfactual,tax_smoke_birthWeight,anticommonsense,KEEP,yes,yes,1,1,125,316,,Novita,stop,0,0.000143275,content,0.0,700
meta-llama/llama-3.3-70b-instruct,50,20727,ORACLE,IV,3,det-counterfactual,tax_smoke_birthWeight,anticommonsense,KEEP,yes,yes,1,1,183,342,,Novita,stop,0,0.000161505,content,0.0,700
meta-llama/llama-3.3-70b-instruct,50,20727,DR_k1,IV,3,det-counterfactual,tax_smoke_birthWeight,anticommonsense,KEEP,yes,yes,1,1,186,249,,Novita,stop,0,0.00012471,content,0.0,700
meta-llama/llama-3.3-70b-instruct,51,20195,PROSE,IV,3,det-counterfactual,college_wage,anticommonsense,KEEP,yes,yes,1,1,166,191,,Novita,stop,0,9.881e-05,content,0.0,700
meta-llama/llama-3.3-70b-instruct,51,20195,RAW,IV,3,det-counterfactual,college_wage,anticommonsense,KEEP,yes,yes,1,1,128,95,,Novita,stop,0,5.528e-05,content,0.0,700
meta-llama/llama-3.3-70b-instruct,51,20195,ORACLE,IV,3,det-counterfactual,college_wage,anticommonsense,KEEP,yes,yes,1,1,182,205,,Novita,stop,0,0.00010657,content,0.0,700
meta-llama/llama-3.3-70b-instruct,51,20195,DR_k1,IV,3,det-counterfactual,college_wage,anticommonsense,KEEP,yes,yes,1,1,186,299,,Novita,stop,0,0.00014471,content,0.0,700
meta-llama/llama-3.3-70b-instruct,52,9789,PROSE,IV,3,det-counterfactual,college_wage,commonsense,KEEP,no,yes,0,1,174,287,,Novita,stop,0,0.00013829,content,0.0,700
meta-llama/llama-3.3-70b-instruct,52,9789,RAW,IV,3,det-counterfactual,college_wage,commonsense,KEEP,no,no,1,1,136,351,,Novita,stop,0,0.00015876,content,0.0,700
meta-llama/llama-3.3-70b-instruct,52,9789,ORACLE,IV,3,det-counterfactual,college_wage,commonsense,KEEP,no,yes,0,1,189,184,,Novita,stop,0,9.9115e-05,content,0.0,700
meta-llama/llama-3.3-70b-instruct,52,9789,DR_k1,IV,3,det-counterfactual,college_wage,commonsense,KEEP,no,yes,0,1,181,281,,Novita,stop,0,0.000136835,content,0.0,700
meta-llama/llama-3.3-70b-instruct,53,20175,PROSE,IV,3,det-counterfactual,college_wage,anticommonsense,KEEP,yes,yes,1,1,166,226,,Novita,stop,0,0.00011281,content,0.0,700
meta-llama/llama-3.3-70b-instruct,53,20175,RAW,IV,3,det-counterfactual,college_wage,anticommonsense,KEEP,yes,yes,1,1,128,179,,Novita,stop,0,8.888e-05,content,0.0,700
meta-llama/llama-3.3-70b-instruct,53,20175,ORACLE,IV,3,det-counterfactual,college_wage,anticommonsense,KEEP,yes,yes,1,1,182,206,,Novita,stop,0,0.00010697,content,0.0,700
meta-llama/llama-3.3-70b-instruct,53,20175,DR_k1,IV,3,det-counterfactual,college_wage,anticommonsense,KEEP,yes,no,0,1,181,429,,Novita,stop,0,0.000196035,content,0.0,700
meta-llama/llama-3.3-70b-instruct,54,9795,PROSE,IV,3,det-counterfactual,college_wage,commonsense,KEEP,no,yes,0,1,174,312,,Novita,stop,0,0.00014829,content,0.0,700
meta-llama/llama-3.3-70b-instruct,54,9795,RAW,IV,3,det-counterfactual,college_wage,commonsense,KEEP,no,no,1,1,136,151,,Novita,stop,0,7.876e-05,content,0.0,700
meta-llama/llama-3.3-70b-instruct,54,9795,ORACLE,IV,3,det-counterfactual,college_wage,commonsense,KEEP,no,yes,0,1,189,148,,Novita,stop,0,8.4715e-05,content,0.0,700
meta-llama/llama-3.3-70b-instruct,54,9795,DR_k1,IV,3,det-counterfactual,college_wage,commonsense,KEEP,no,yes,0,1,181,229,,Novita,stop,0,0.000116035,content,0.0,700
meta-llama/llama-3.3-70b-instruct,55,10041,PROSE,IV,3,det-counterfactual,price,commonsense,KEEP,no,no,1,1,149,426,,Novita,stop,0,0.000190515,content,0.0,700
meta-llama/llama-3.3-70b-instruct,55,10041,RAW,IV,3,det-counterfactual,price,commonsense,KEEP,no,no,1,1,121,221,,Novita,stop,0,0.000104735,content,0.0,700
meta-llama/llama-3.3-70b-instruct,55,10041,ORACLE,IV,3,det-counterfactual,price,commonsense,KEEP,no,no,1,1,164,242,,Novita,stop,0,0.00011894,content,0.0,700
meta-llama/llama-3.3-70b-instruct,55,10041,DR_k1,IV,3,det-counterfactual,price,commonsense,KEEP,no,yes,0,1,164,251,,Novita,stop,0,0.00012254,content,0.0,700
meta-llama/llama-3.3-70b-instruct,56,10355,PROSE,IV,3,det-counterfactual,water_cholera,commonsense,KEEP,no,no,1,1,155,347,,Novita,stop,0,0.000159725,content,0.0,700
meta-llama/llama-3.3-70b-instruct,56,10355,RAW,IV,3,det-counterfactual,water_cholera,commonsense,KEEP,no,no,1,1,123,148,,Novita,stop,0,7.5805e-05,content,0.0,700
meta-llama/llama-3.3-70b-instruct,56,10355,ORACLE,IV,3,det-counterfactual,water_cholera,commonsense,KEEP,no,no,1,1,171,130,,Novita,stop,0,7.5085e-05,content,0.0,700
meta-llama/llama-3.3-70b-instruct,56,10355,DR_k1,IV,3,det-counterfactual,water_cholera,commonsense,KEEP,no,no,1,1,171,329,,Novita,stop,0,0.000154685,content,0.0,700
meta-llama/llama-3.3-70b-instruct,57,20702,PROSE,IV,3,det-counterfactual,tax_smoke_birthWeight,anticommonsense,KEEP,no,no,1,1,168,248,,Novita,stop,0,0.00012188,content,0.0,700
meta-llama/llama-3.3-70b-instruct,57,20702,RAW,IV,3,det-counterfactual,tax_smoke_birthWeight,anticommonsense,KEEP,no,no,1,1,125,214,,Novita,stop,0,0.000102475,content,0.0,700
meta-llama/llama-3.3-70b-instruct,57,20702,ORACLE,IV,3,det-counterfactual,tax_smoke_birthWeight,anticommonsense,KEEP,no,no,1,1,183,309,,Novita,stop,0,0.000148305,content,0.0,700
meta-llama/llama-3.3-70b-instruct,57,20702,DR_k1,IV,3,det-counterfactual,tax_smoke_birthWeight,anticommonsense,KEEP,no,no,1,1,186,295,,Novita,stop,0,0.00014311,content,0.0,700
meta-llama/llama-3.3-70b-instruct,58,9821,PROSE,IV,3,det-counterfactual,college_wage,commonsense,KEEP,yes,yes,1,1,174,174,,Novita,stop,0,9.309e-05,content,0.0,700
meta-llama/llama-3.3-70b-instruct,58,9821,RAW,IV,3,det-counterfactual,college_wage,commonsense,KEEP,yes,yes,1,1,136,177,,Novita,stop,0,8.916e-05,content,0.0,700
meta-llama/llama-3.3-70b-instruct,58,9821,ORACLE,IV,3,det-counterfactual,college_wage,commonsense,KEEP,yes,yes,1,1,189,248,,Novita,stop,0,0.000124715,content,0.0,700
meta-llama/llama-3.3-70b-instruct,58,9821,DR_k1,IV,3,det-counterfactual,college_wage,commonsense,KEEP,yes,yes,1,1,193,339,,Novita,stop,0,0.000161655,content,0.0,700
meta-llama/llama-3.3-70b-instruct,59,10044,PROSE,IV,3,det-counterfactual,price,commonsense,KEEP,no,no,1,1,149,236,,Novita,stop,0,0.000114515,content,0.0,700
meta-llama/llama-3.3-70b-instruct,59,10044,RAW,IV,3,det-counterfactual,price,commonsense,KEEP,no,no,1,1,121,146,,Novita,stop,0,7.4735e-05,content,0.0,700
meta-llama/llama-3.3-70b-instruct,59,10044,ORACLE,IV,3,det-counterfactual,price,commonsense,KEEP,no,yes,0,1,164,286,,Novita,stop,0,0.00013654,content,0.0,700
meta-llama/llama-3.3-70b-instruct,59,10044,DR_k1,IV,3,det-counterfactual,price,commonsense,KEEP,no,no,1,1,164,338,,Novita,stop,0,0.00015734,content,0.0,700
meta-llama/llama-3.3-70b-instruct,81,13538,PROSE,arrowhead,2,ate,obesity_mortality,anticommonsense,KEEP,no,no,1,1,141,154,,Novita,stop,0,8.0635e-05,content,0.0,700
meta-llama/llama-3.3-70b-instruct,81,13538,RAW,arrowhead,2,ate,obesity_mortality,anticommonsense,KEEP,no,no,1,1,110,92,,Novita,stop,0,5.165e-05,content,0.0,700
meta-llama/llama-3.3-70b-instruct,81,13538,ORACLE,arrowhead,2,ate,obesity_mortality,anticommonsense,KEEP,no,no,1,1,156,259,,Novita,stop,0,0.00012466,content,0.0,700
meta-llama/llama-3.3-70b-instruct,81,13538,DR_k1,arrowhead,2,ate,obesity_mortality,anticommonsense,KEEP,no,no,1,1,158,310,,Novita,stop,0,0.00014533,content,0.0,700
meta-llama/llama-3.3-70b-instruct,82,9160,PROSE,arrowhead,2,ate,smoking_gene_cancer,hard,KEEP,no,no,1,1,141,160,,Novita,stop,0,8.3035e-05,content,0.0,700
meta-llama/llama-3.3-70b-instruct,82,9160,RAW,arrowhead,2,ate,smoking_gene_cancer,hard,KEEP,no,no,1,1,110,93,,Novita,stop,0,5.205e-05,content,0.0,700
meta-llama/llama-3.3-70b-instruct,82,9160,ORACLE,arrowhead,2,ate,smoking_gene_cancer,hard,KEEP,no,no,1,1,156,208,,Novita,stop,0,0.00010426,content,0.0,700
meta-llama/llama-3.3-70b-instruct,82,9160,DR_k1,arrowhead,2,ate,smoking_gene_cancer,hard,KEEP,no,no,1,1,156,309,,Novita,stop,0,0.00014466,content,0.0,700
meta-llama/llama-3.3-70b-instruct,83,2848,PROSE,arrowhead,2,ate,nature_vs_nurture,easy,KEEP,no,no,1,1,162,99,,Novita,stop,0,6.147e-05,content,0.0,700
meta-llama/llama-3.3-70b-instruct,83,2848,RAW,arrowhead,2,ate,nature_vs_nurture,easy,KEEP,no,no,1,1,113,113,,Novita,stop,0,6.0455e-05,content,0.0,700
meta-llama/llama-3.3-70b-instruct,83,2848,ORACLE,arrowhead,2,ate,nature_vs_nurture,easy,KEEP,no,no,1,1,177,151,,Novita,stop,0,8.4295e-05,content,0.0,700
meta-llama/llama-3.3-70b-instruct,83,2848,DR_k1,arrowhead,2,ate,nature_vs_nurture,easy,KEEP,no,no,1,1,177,210,,Novita,stop,0,0.000107895,content,0.0,700
meta-llama/llama-3.3-70b-instruct,84,7592,PROSE,arrowhead,2,ate,nature_vs_nurture,hard,KEEP,yes,yes,1,1,162,131,,Novita,stop,0,7.427e-05,content,0.0,700
meta-llama/llama-3.3-70b-instruct,84,7592,RAW,arrowhead,2,ate,nature_vs_nurture,hard,KEEP,yes,yes,1,1,113,88,,Novita,stop,0,5.0455e-05,content,0.0,700
meta-llama/llama-3.3-70b-instruct,84,7592,ORACLE,arrowhead,2,ate,nature_vs_nurture,hard,KEEP,yes,yes,1,1,177,357,,Novita,stop,0,0.000166695,content,0.0,700
meta-llama/llama-3.3-70b-instruct,84,7592,DR_k1,arrowhead,2,ate,nature_vs_nurture,hard,KEEP,yes,yes,1,1,177,320,,Novita,stop,0,0.000151895,content,0.0,700
meta-llama/llama-3.3-70b-instruct,87,13650,PROSE,arrowhead,2,ate,obesity_mortality,anticommonsense,KEEP,no,no,1,1,141,156,,Novita,stop,0,8.1435e-05,content,0.0,700
meta-llama/llama-3.3-70b-instruct,87,13650,RAW,arrowhead,2,ate,obesity_mortality,anticommonsense,KEEP,no,no,1,1,110,89,,Novita,stop,0,5.045e-05,content,0.0,700
meta-llama/llama-3.3-70b-instruct,87,13650,ORACLE,arrowhead,2,ate,obesity_mortality,anticommonsense,KEEP,no,no,1,1,156,210,,Novita,stop,0,0.00010506,content,0.0,700
meta-llama/llama-3.3-70b-instruct,87,13650,DR_k1,arrowhead,2,ate,obesity_mortality,anticommonsense,KEEP,no,no,1,1,159,322,,Novita,stop,0,0.000150265,content,0.0,700
meta-llama/llama-3.3-70b-instruct,88,2574,PROSE,arrowhead,2,ate,gender_pay,easy,KEEP,yes,yes,1,1,137,79,,Novita,stop,0,5.0095e-05,content,0.0,700
meta-llama/llama-3.3-70b-instruct,88,2574,RAW,arrowhead,2,ate,gender_pay,easy,KEEP,yes,yes,1,1,109,75,,Novita,stop,0,4.4715e-05,content,0.0,700
meta-llama/llama-3.3-70b-instruct,88,2574,ORACLE,arrowhead,2,ate,gender_pay,easy,KEEP,yes,yes,1,1,152,160,,Novita,stop,0,8.452e-05,content,0.0,700
meta-llama/llama-3.3-70b-instruct,88,2574,DR_k1,arrowhead,2,ate,gender_pay,easy,KEEP,yes,yes,1,1,152,191,,Novita,stop,0,9.692e-05,content,0.0,700
meta-llama/llama-3.3-70b-instruct,89,2323,PROSE,arrowhead,2,ate,gender_admission_state,easy,KEEP,yes,yes,1,1,147,103,,Novita,stop,0,6.1045e-05,content,0.0,700
meta-llama/llama-3.3-70b-instruct,89,2323,RAW,arrowhead,2,ate,gender_admission_state,easy,KEEP,yes,yes,1,1,111,72,,Novita,stop,0,4.3785e-05,content,0.0,700
meta-llama/llama-3.3-70b-instruct,89,2323,ORACLE,arrowhead,2,ate,gender_admission_state,easy,KEEP,yes,yes,1,1,162,278,,Novita,stop,0,0.00013307,content,0.0,700
meta-llama/llama-3.3-70b-instruct,89,2323,DR_k1,arrowhead,2,ate,gender_admission_state,easy,KEEP,yes,yes,1,1,161,182,,Novita,stop,0,9.4535e-05,content,0.0,700
meta-llama/llama-3.3-70b-instruct,90,8091,PROSE,arrowhead,2,ate,obesity_mortality,hard,KEEP,no,no,1,1,132,87,,Novita,stop,0,5.262e-05,content,0.0,700
meta-llama/llama-3.3-70b-instruct,90,8091,RAW,arrowhead,2,ate,obesity_mortality,hard,KEEP,no,no,1,1,104,87,,Novita,stop,0,4.884e-05,content,0.0,700
meta-llama/llama-3.3-70b-instruct,90,8091,ORACLE,arrowhead,2,ate,obesity_mortality,hard,KEEP,no,no,1,1,148,293,,Novita,stop,0,0.00013718,content,0.0,700
meta-llama/llama-3.3-70b-instruct,90,8091,DR_k1,arrowhead,2,ate,obesity_mortality,hard,KEEP,no,no,1,1,149,195,,Novita,stop,0,9.8115e-05,content,0.0,700
meta-llama/llama-3.3-70b-instruct,92,19581,PROSE,arrowhead,2,ate,smoking_gene_cancer,anticommonsense,KEEP,no,no,1,1,146,84,,Novita,stop,0,5.331e-05,content,0.0,700
meta-llama/llama-3.3-70b-instruct,92,19581,RAW,arrowhead,2,ate,smoking_gene_cancer,anticommonsense,KEEP,no,no,1,1,113,85,,Novita,stop,0,4.9255e-05,content,0.0,700
meta-llama/llama-3.3-70b-instruct,92,19581,ORACLE,arrowhead,2,ate,smoking_gene_cancer,anticommonsense,KEEP,no,no,1,1,161,419,,Novita,stop,0,0.000189335,content,0.0,700
meta-llama/llama-3.3-70b-instruct,92,19581,DR_k1,arrowhead,2,ate,smoking_gene_cancer,anticommonsense,KEEP,no,no,1,1,161,321,,Novita,stop,0,0.000150135,content,0.0,700
meta-llama/llama-3.3-70b-instruct,95,7208,PROSE,arrowhead,2,ate,gender_admission_state,hard,KEEP,yes,yes,1,1,147,107,,Novita,stop,0,6.2645e-05,content,0.0,700
meta-llama/llama-3.3-70b-instruct,95,7208,RAW,arrowhead,2,ate,gender_admission_state,hard,KEEP,yes,yes,1,1,111,79,,Novita,stop,0,4.6585e-05,content,0.0,700
meta-llama/llama-3.3-70b-instruct,95,7208,ORACLE,arrowhead,2,ate,gender_admission_state,hard,KEEP,yes,yes,1,1,162,216,,Novita,stop,0,0.00010827,content,0.0,700
meta-llama/llama-3.3-70b-instruct,95,7208,DR_k1,arrowhead,2,ate,gender_admission_state,hard,KEEP,yes,yes,1,1,163,172,,Novita,stop,0,9.0805e-05,content,0.0,700
meta-llama/llama-3.3-70b-instruct,96,13558,PROSE,arrowhead,2,ate,obesity_mortality,anticommonsense,KEEP,yes,yes,1,1,141,87,,Novita,stop,0,5.3835e-05,content,0.0,700
meta-llama/llama-3.3-70b-instruct,96,13558,RAW,arrowhead,2,ate,obesity_mortality,anticommonsense,KEEP,yes,yes,1,1,110,106,,Novita,stop,0,5.725e-05,content,0.0,700
meta-llama/llama-3.3-70b-instruct,96,13558,ORACLE,arrowhead,2,ate,obesity_mortality,anticommonsense,KEEP,yes,yes,1,1,156,198,,Novita,stop,0,0.00010026,content,0.0,700
meta-llama/llama-3.3-70b-instruct,96,13558,DR_k1,arrowhead,2,ate,obesity_mortality,anticommonsense,KEEP,yes,yes,1,1,156,291,,Novita,stop,0,0.00013746,content,0.0,700
meta-llama/llama-3.3-70b-instruct,100,4365,PROSE,arrowhead,3,ett,smoking_gene_cancer,easy,KEEP,yes,yes,1,1,156,146,,Novita,stop,0,7.946e-05,content,0.0,700
meta-llama/llama-3.3-70b-instruct,100,4365,RAW,arrowhead,3,ett,smoking_gene_cancer,easy,KEEP,yes,yes,1,1,125,118,,Novita,stop,0,6.4075e-05,content,0.0,700
meta-llama/llama-3.3-70b-instruct,100,4365,ORACLE,arrowhead,3,ett,smoking_gene_cancer,easy,KEEP,yes,yes,1,1,171,368,,Novita,stop,0,0.000170285,content,0.0,700
meta-llama/llama-3.3-70b-instruct,100,4365,DR_k1,arrowhead,3,ett,smoking_gene_cancer,easy,KEEP,yes,yes,1,1,171,493,,Novita,stop,0,0.000220285,content,0.0,700
meta-llama/llama-3.3-70b-instruct,101,3245,PROSE,arrowhead,3,nie,obesity_mortality,easy,KEEP,no,no,1,1,245,294,,Novita,stop,0,0.000150675,content,0.0,700
meta-llama/llama-3.3-70b-instruct,101,3245,RAW,arrowhead,3,nie,obesity_mortality,easy,KEEP,no,no,1,1,217,257,,Novita,stop,0,0.000132095,content,0.0,700
meta-llama/llama-3.3-70b-instruct,101,3245,ORACLE,arrowhead,3,nie,obesity_mortality,easy,KEEP,no,no,1,1,261,377,,Novita,stop,0,0.000186035,content,0.0,700
meta-llama/llama-3.3-70b-instruct,101,3245,DR_k1,arrowhead,3,nie,obesity_mortality,easy,KEEP,no,no,1,1,261,388,,Novita,stop,0,0.000190435,content,0.0,700
meta-llama/llama-3.3-70b-instruct,102,20288,PROSE,arrowhead,3,det-counterfactual,gender_pay,anticommonsense,KEEP,yes,yes,1,1,156,169,,Novita,stop,0,8.866e-05,content,0.0,700
meta-llama/llama-3.3-70b-instruct,102,20288,RAW,arrowhead,3,det-counterfactual,gender_pay,anticommonsense,KEEP,yes,yes,1,1,126,104,,Novita,stop,0,5.861e-05,content,0.0,700
meta-llama/llama-3.3-70b-instruct,102,20288,ORACLE,arrowhead,3,det-counterfactual,gender_pay,anticommonsense,KEEP,yes,yes,1,1,172,108,,Novita,stop,0,6.642e-05,content,0.0,700
meta-llama/llama-3.3-70b-instruct,102,20288,DR_k1,arrowhead,3,det-counterfactual,gender_pay,anticommonsense,KEEP,yes,yes,1,1,172,277,,Novita,stop,0,0.00013402,content,0.0,700
meta-llama/llama-3.3-70b-instruct,103,20269,PROSE,arrowhead,3,det-counterfactual,gender_admission_state,anticommonsense,KEEP,no,no,1,1,156,165,,Novita,stop,0,8.706e-05,content,0.0,700
meta-llama/llama-3.3-70b-instruct,103,20269,RAW,arrowhead,3,det-counterfactual,gender_admission_state,anticommonsense,KEEP,no,no,1,1,120,114,,Novita,stop,0,6.18e-05,content,0.0,700
meta-llama/llama-3.3-70b-instruct,103,20269,ORACLE,arrowhead,3,det-counterfactual,gender_admission_state,anticommonsense,KEEP,no,no,1,1,171,295,,Novita,stop,0,0.000141085,content,0.0,700
meta-llama/llama-3.3-70b-instruct,103,20269,DR_k1,arrowhead,3,det-counterfactual,gender_admission_state,anticommonsense,KEEP,no,no,1,1,171,163,,Novita,stop,0,8.8285e-05,content,0.0,700
meta-llama/llama-3.3-70b-instruct,104,13224,PROSE,arrowhead,3,nie,nature_vs_nurture,anticommonsense,KEEP,yes,yes,1,1,332,574,,Novita,stop,0,0.00027442,content,0.0,700
meta-llama/llama-3.3-70b-instruct,104,13224,RAW,arrowhead,3,nie,nature_vs_nurture,anticommonsense,KEEP,yes,,0,0,282,700,,Novita,length,0,0.00031807,content,0.0,700
meta-llama/llama-3.3-70b-instruct,104,13224,ORACLE,arrowhead,3,nie,nature_vs_nurture,anticommonsense,KEEP,yes,yes,1,1,347,424,,Novita,stop,0,0.000216445,content,0.0,700
meta-llama/llama-3.3-70b-instruct,104,13224,DR_k1,arrowhead,3,nie,nature_vs_nurture,anticommonsense,KEEP,yes,yes,1,1,348,534,,Novita,stop,0,0.00026058,content,0.0,700
meta-llama/llama-3.3-70b-instruct,105,9178,PROSE,arrowhead,3,ett,smoking_gene_cancer,hard,KEEP,yes,yes,1,1,156,212,,Novita,stop,0,0.00010586,content,0.0,700
meta-llama/llama-3.3-70b-instruct,105,9178,RAW,arrowhead,3,ett,smoking_gene_cancer,hard,KEEP,yes,yes,1,1,125,119,,Novita,stop,0,6.4475e-05,content,0.0,700
meta-llama/llama-3.3-70b-instruct,105,9178,ORACLE,arrowhead,3,ett,smoking_gene_cancer,hard,KEEP,yes,no,0,1,171,422,,Novita,stop,0,0.000191885,content,0.0,700
meta-llama/llama-3.3-70b-instruct,105,9178,DR_k1,arrowhead,3,ett,smoking_gene_cancer,hard,KEEP,yes,no,0,1,171,365,,Novita,stop,0,0.000169085,content,0.0,700
meta-llama/llama-3.3-70b-instruct,106,13526,PROSE,arrowhead,3,nde,obesity_mortality,anticommonsense,KEEP,yes,yes,1,1,278,437,,Novita,stop,0,0.00021233,content,0.0,700
meta-llama/llama-3.3-70b-instruct,106,13526,RAW,arrowhead,3,nde,obesity_mortality,anticommonsense,KEEP,yes,,0,0,247,700,,Novita,length,0,0.000313345,content,0.0,700
meta-llama/llama-3.3-70b-instruct,106,13526,ORACLE,arrowhead,3,nde,obesity_mortality,anticommonsense,KEEP,yes,,0,0,293,700,,Novita,length,0,0.000319555,content,0.0,700
meta-llama/llama-3.3-70b-instruct,106,13526,DR_k1,arrowhead,3,nde,obesity_mortality,anticommonsense,KEEP,yes,yes,1,1,295,529,,Novita,stop,0,0.000251425,content,0.0,700
meta-llama/llama-3.3-70b-instruct,107,2480,PROSE,arrowhead,3,ett,gender_pay,easy,KEEP,yes,yes,1,1,150,220,,Novita,stop,0,0.00010825,content,0.0,700
meta-llama/llama-3.3-70b-instruct,107,2480,RAW,arrowhead,3,ett,gender_pay,easy,KEEP,yes,yes,1,1,122,160,,Novita,stop,0,8.047e-05,content,0.0,700
meta-llama/llama-3.3-70b-instruct,107,2480,ORACLE,arrowhead,3,ett,gender_pay,easy,KEEP,yes,yes,1,1,165,207,,Novita,stop,0,0.000105075,content,0.0,700
meta-llama/llama-3.3-70b-instruct,107,2480,DR_k1,arrowhead,3,ett,gender_pay,easy,KEEP,yes,yes,1,1,165,195,,Novita,stop,0,0.000100275,content,0.0,700
meta-llama/llama-3.3-70b-instruct,108,17732,PROSE,arrowhead,3,nie,gender_pay,anticommonsense,KEEP,no,no,1,1,296,641,,Novita,stop,0,0.00029636,content,0.0,700
meta-llama/llama-3.3-70b-instruct,108,17732,RAW,arrowhead,3,nie,gender_pay,anticommonsense,KEEP,no,no,1,1,265,560,,Novita,stop,0,0.000259775,content,0.0,700
meta-llama/llama-3.3-70b-instruct,108,17732,ORACLE,arrowhead,3,nie,gender_pay,anticommonsense,KEEP,no,yes,0,1,311,560,,Novita,stop,0,0.000265985,content,0.0,700
meta-llama/llama-3.3-70b-instruct,108,17732,DR_k1,arrowhead,3,nie,gender_pay,anticommonsense,KEEP,no,no,1,1,311,517,,Novita,stop,0,0.000248785,content,0.0,700
meta-llama/llama-3.3-70b-instruct,109,2437,PROSE,arrowhead,3,nde,gender_admission_state,easy,KEEP,no,no,1,1,304,686,,Novita,stop,0,0.00031544,content,0.0,700
meta-llama/llama-3.3-70b-instruct,109,2437,RAW,arrowhead,3,nde,gender_admission_state,easy,KEEP,no,no,1,1,268,653,,Novita,stop,0,0.00029738,content,0.0,700
meta-llama/llama-3.3-70b-instruct,109,2437,ORACLE,arrowhead,3,nde,gender_admission_state,easy,KEEP,no,yes,0,1,319,682,,Novita,stop,0,0.000315865,content,0.0,700
meta-llama/llama-3.3-70b-instruct,109,2437,DR_k1,arrowhead,3,nde,gender_admission_state,easy,KEEP,no,,0,0,320,700,,Novita,length,0,0.0003232,content,0.0,700
meta-llama/llama-3.3-70b-instruct,110,14506,PROSE,arrowhead,3,ett,smoke_birthWeight,anticommonsense,KEEP,yes,yes,1,1,176,187,,Novita,stop,0,9.856e-05,content,0.0,700
meta-llama/llama-3.3-70b-instruct,110,14506,RAW,arrowhead,3,ett,smoke_birthWeight,anticommonsense,KEEP,yes,yes,1,1,129,128,,Novita,stop,0,6.8615e-05,content,0.0,700
meta-llama/llama-3.3-70b-instruct,110,14506,ORACLE,arrowhead,3,ett,smoke_birthWeight,anticommonsense,KEEP,yes,yes,1,1,191,303,,Novita,stop,0,0.000146985,content,0.0,700
meta-llama/llama-3.3-70b-instruct,110,14506,DR_k1,arrowhead,3,ett,smoke_birthWeight,anticommonsense,KEEP,yes,yes,1,1,190,253,,Novita,stop,0,0.00012685,content,0.0,700
meta-llama/llama-3.3-70b-instruct,111,3206,PROSE,arrowhead,3,ett,obesity_mortality,easy,KEEP,no,no,1,1,144,292,,Novita,stop,0,0.00013624,content,0.0,700
meta-llama/llama-3.3-70b-instruct,111,3206,RAW,arrowhead,3,ett,obesity_mortality,easy,KEEP,no,no,1,1,116,458,,Novita,stop,0,0.00019886,content,0.0,700
meta-llama/llama-3.3-70b-instruct,111,3206,ORACLE,arrowhead,3,ett,obesity_mortality,easy,KEEP,no,no,1,1,160,276,,Novita,stop,0,0.000132,content,0.0,700
meta-llama/llama-3.3-70b-instruct,111,3206,DR_k1,arrowhead,3,ett,obesity_mortality,easy,KEEP,no,no,1,1,161,248,,Novita,stop,0,0.000120935,content,0.0,700
meta-llama/llama-3.3-70b-instruct,112,12722,PROSE,arrowhead,3,nde,gender_admission_state,anticommonsense,KEEP,yes,yes,1,1,304,535,,Novita,stop,0,0.00025504,content,0.0,700
meta-llama/llama-3.3-70b-instruct,112,12722,RAW,arrowhead,3,nde,gender_admission_state,anticommonsense,KEEP,yes,,0,0,268,700,,Novita,length,0,0.00031618,content,0.0,700
meta-llama/llama-3.3-70b-instruct,112,12722,ORACLE,arrowhead,3,nde,gender_admission_state,anticommonsense,KEEP,yes,yes,1,1,319,375,,Novita,stop,0,0.000193065,content,0.0,700
meta-llama/llama-3.3-70b-instruct,112,12722,DR_k1,arrowhead,3,nde,gender_admission_state,anticommonsense,KEEP,yes,yes,1,1,319,347,,Novita,stop,0,0.000181865,content,0.0,700
meta-llama/llama-3.3-70b-instruct,113,4093,PROSE,arrowhead,3,nde,smoke_birthWeight,easy,KEEP,no,,0,0,320,700,,Novita,length,0,0.0003232,content,0.0,700
meta-llama/llama-3.3-70b-instruct,113,4093,RAW,arrowhead,3,nde,smoke_birthWeight,easy,KEEP,no,,0,0,276,700,,Novita,length,0,0.00031726,content,0.0,700
meta-llama/llama-3.3-70b-instruct,113,4093,ORACLE,arrowhead,3,nde,smoke_birthWeight,easy,KEEP,no,no,1,1,335,632,,Novita,stop,0,0.000298025,content,0.0,700
meta-llama/llama-3.3-70b-instruct,113,4093,DR_k1,arrowhead,3,nde,smoke_birthWeight,easy,KEEP,no,,0,0,333,700,,Novita,length,0,0.000324955,content,0.0,700
meta-llama/llama-3.3-70b-instruct,114,14729,PROSE,arrowhead,3,nde,smoking_gene_cancer,anticommonsense,KEEP,no,no,1,1,289,651,,Novita,stop,0,0.000299415,content,0.0,700
meta-llama/llama-3.3-70b-instruct,114,14729,RAW,arrowhead,3,nde,smoking_gene_cancer,anticommonsense,KEEP,no,no,1,1,256,315,,Novita,stop,0,0.00016056,content,0.0,700
meta-llama/llama-3.3-70b-instruct,114,14729,ORACLE,arrowhead,3,nde,smoking_gene_cancer,anticommonsense,KEEP,no,no,1,1,304,168,,Novita,stop,0,0.00010824,content,0.0,700
meta-llama/llama-3.3-70b-instruct,114,14729,DR_k1,arrowhead,3,nde,smoking_gene_cancer,anticommonsense,KEEP,no,no,1,1,304,290,,Novita,stop,0,0.00015704,content,0.0,700
meta-llama/llama-3.3-70b-instruct,115,20273,PROSE,arrowhead,3,det-counterfactual,gender_admission_state,anticommonsense,KEEP,no,no,1,1,157,314,,Novita,stop,0,0.000146795,content,0.0,700
meta-llama/llama-3.3-70b-instruct,115,20273,RAW,arrowhead,3,det-counterfactual,gender_admission_state,anticommonsense,KEEP,no,no,1,1,121,293,,Novita,stop,0,0.000133535,content,0.0,700
meta-llama/llama-3.3-70b-instruct,115,20273,ORACLE,arrowhead,3,det-counterfactual,gender_admission_state,anticommonsense,KEEP,no,no,1,1,172,236,,Novita,stop,0,0.00011762,content,0.0,700
meta-llama/llama-3.3-70b-instruct,115,20273,DR_k1,arrowhead,3,det-counterfactual,gender_admission_state,anticommonsense,KEEP,no,no,1,1,171,296,,Novita,stop,0,0.000141485,content,0.0,700
meta-llama/llama-3.3-70b-instruct,116,7216,PROSE,arrowhead,3,nie,gender_admission_state,hard,KEEP,yes,yes,1,1,297,626,,Novita,stop,0,0.000290495,content,0.0,700
meta-llama/llama-3.3-70b-instruct,116,7216,RAW,arrowhead,3,nie,gender_admission_state,hard,KEEP,yes,yes,1,1,261,363,,Novita,stop,0,0.000180435,content,0.0,700
meta-llama/llama-3.3-70b-instruct,116,7216,ORACLE,arrowhead,3,nie,gender_admission_state,hard,KEEP,yes,yes,1,1,312,386,,Novita,stop,0,0.00019652,content,0.0,700
meta-llama/llama-3.3-70b-instruct,116,7216,DR_k1,arrowhead,3,nie,gender_admission_state,hard,KEEP,yes,yes,1,1,311,605,,Novita,stop,0,0.000283985,content,0.0,700
meta-llama/llama-3.3-70b-instruct,117,19297,PROSE,arrowhead,3,nde,smoke_birthWeight,anticommonsense,KEEP,yes,,0,0,327,700,,Novita,length,0,0.000324145,content,0.0,700
meta-llama/llama-3.3-70b-instruct,117,19297,RAW,arrowhead,3,nde,smoke_birthWeight,anticommonsense,KEEP,yes,no,0,1,284,505,,Novita,stop,0,0.00024034,content,0.0,700
meta-llama/llama-3.3-70b-instruct,117,19297,ORACLE,arrowhead,3,nde,smoke_birthWeight,anticommonsense,KEEP,yes,no,0,1,342,443,,Novita,stop,0,0.00022337,content,0.0,700
meta-llama/llama-3.3-70b-instruct,117,19297,DR_k1,arrowhead,3,nde,smoke_birthWeight,anticommonsense,KEEP,yes,no,0,1,341,450,,Novita,stop,0,0.000226035,content,0.0,700
meta-llama/llama-3.3-70b-instruct,118,17697,PROSE,arrowhead,3,nde,gender_pay,anticommonsense,KEEP,no,no,1,1,303,504,,Novita,stop,0,0.000242505,content,0.0,700
meta-llama/llama-3.3-70b-instruct,118,17697,RAW,arrowhead,3,nde,gender_pay,anticommonsense,KEEP,no,no,1,1,272,558,,Novita,stop,0,0.00025992,content,0.0,700
meta-llama/llama-3.3-70b-instruct,118,17697,ORACLE,arrowhead,3,nde,gender_pay,anticommonsense,KEEP,no,no,1,1,318,487,,Novita,stop,0,0.00023773,content,0.0,700
meta-llama/llama-3.3-70b-instruct,118,17697,DR_k1,arrowhead,3,nde,gender_pay,anticommonsense,KEEP,no,no,1,1,318,394,,Novita,stop,0,0.00020053,content,0.0,700
meta-llama/llama-3.3-70b-instruct,119,9075,PROSE,arrowhead,3,ett,smoking_gene_cancer,hard,KEEP,yes,yes,1,1,156,275,,Novita,stop,0,0.00013106,content,0.0,700
meta-llama/llama-3.3-70b-instruct,119,9075,RAW,arrowhead,3,ett,smoking_gene_cancer,hard,KEEP,yes,no,0,1,125,508,,Novita,stop,0,0.000220075,content,0.0,700
meta-llama/llama-3.3-70b-instruct,119,9075,ORACLE,arrowhead,3,ett,smoking_gene_cancer,hard,KEEP,yes,yes,1,1,171,243,,Novita,stop,0,0.000120285,content,0.0,700
meta-llama/llama-3.3-70b-instruct,119,9075,DR_k1,arrowhead,3,ett,smoking_gene_cancer,hard,KEEP,yes,no,0,1,171,394,,Novita,stop,0,0.000180685,content,0.0,700
meta-llama/llama-3.3-70b-instruct,140,3299,PROSE,chain,2,ate,orange_scurvy,easy,KEEP,no,no,1,1,127,83,,Novita,stop,0,5.0345e-05,content,0.0,700
meta-llama/llama-3.3-70b-instruct,140,3299,RAW,chain,2,ate,orange_scurvy,easy,KEEP,no,no,1,1,104,83,,Novita,stop,0,4.724e-05,content,0.0,700
meta-llama/llama-3.3-70b-instruct,140,3299,ORACLE,chain,2,ate,orange_scurvy,easy,KEEP,no,no,1,1,143,208,,Novita,stop,0,0.000102505,content,0.0,700
meta-llama/llama-3.3-70b-instruct,140,3299,DR_k1,chain,2,ate,orange_scurvy,easy,KEEP,no,no,1,1,143,216,,Novita,stop,0,0.000105705,content,0.0,700
meta-llama/llama-3.3-70b-instruct,143,9264,PROSE,chain,2,ate,smoking_tar_cancer,hard,KEEP,yes,yes,1,1,116,146,,Novita,stop,0,7.406e-05,content,0.0,700
meta-llama/llama-3.3-70b-instruct,143,9264,RAW,chain,2,ate,smoking_tar_cancer,hard,KEEP,yes,yes,1,1,97,77,,Novita,stop,0,4.3895e-05,content,0.0,700
meta-llama/llama-3.3-70b-instruct,143,9264,ORACLE,chain,2,ate,smoking_tar_cancer,hard,KEEP,yes,yes,1,1,132,91,,Novita,stop,0,5.422e-05,content,0.0,700
meta-llama/llama-3.3-70b-instruct,143,9264,DR_k1,chain,2,ate,smoking_tar_cancer,hard,KEEP,yes,yes,1,1,132,131,,Novita,stop,0,7.022e-05,content,0.0,700
meta-llama/llama-3.3-70b-instruct,145,16941,PROSE,chain,2,ate,college_salary,anticommonsense,KEEP,yes,yes,1,1,125,87,,Novita,stop,0,5.1675e-05,content,0.0,700
meta-llama/llama-3.3-70b-instruct,145,16941,RAW,chain,2,ate,college_salary,anticommonsense,KEEP,yes,yes,1,1,107,92,,Novita,stop,0,5.1245e-05,content,0.0,700
meta-llama/llama-3.3-70b-instruct,145,16941,ORACLE,chain,2,ate,college_salary,anticommonsense,KEEP,yes,yes,1,1,140,226,,Novita,stop,0,0.0001093,content,0.0,700
meta-llama/llama-3.3-70b-instruct,145,16941,DR_k1,chain,2,ate,college_salary,anticommonsense,KEEP,yes,yes,1,1,140,219,,Novita,stop,0,0.0001065,content,0.0,700
meta-llama/llama-3.3-70b-instruct,149,12149,PROSE,chain,2,ate,college_salary,anticommonsense,KEEP,no,no,1,1,126,95,,Novita,stop,0,5.501e-05,content,0.0,700
meta-llama/llama-3.3-70b-instruct,149,12149,RAW,chain,2,ate,college_salary,anticommonsense,KEEP,no,no,1,1,108,95,,Novita,stop,0,5.258e-05,content,0.0,700
meta-llama/llama-3.3-70b-instruct,149,12149,ORACLE,chain,2,ate,college_salary,anticommonsense,KEEP,no,no,1,1,141,168,,Novita,stop,0,8.6235e-05,content,0.0,700
meta-llama/llama-3.3-70b-instruct,149,12149,DR_k1,chain,2,ate,college_salary,anticommonsense,KEEP,no,no,1,1,141,234,,Novita,stop,0,0.000112635,content,0.0,700
meta-llama/llama-3.3-70b-instruct,155,4535,PROSE,chain,2,ate,smoking_tar_cancer,easy,KEEP,yes,yes,1,1,116,75,,Novita,stop,0,4.566e-05,content,0.0,700
meta-llama/llama-3.3-70b-instruct,155,4535,RAW,chain,2,ate,smoking_tar_cancer,easy,KEEP,yes,yes,1,1,97,73,,Novita,stop,0,4.2295e-05,content,0.0,700
meta-llama/llama-3.3-70b-instruct,155,4535,ORACLE,chain,2,ate,smoking_tar_cancer,easy,KEEP,yes,yes,1,1,132,210,,Novita,stop,0,0.00010182,content,0.0,700
meta-llama/llama-3.3-70b-instruct,155,4535,DR_k1,chain,2,ate,smoking_tar_cancer,easy,KEEP,yes,yes,1,1,124,265,,Novita,stop,0,0.00012274,content,0.0,700
meta-llama/llama-3.3-70b-instruct,158,1676,PROSE,chain,2,ate,college_salary,easy,KEEP,no,no,1,1,125,105,,Novita,stop,0,5.8875e-05,content,0.0,700
meta-llama/llama-3.3-70b-instruct,158,1676,RAW,chain,2,ate,college_salary,easy,KEEP,no,no,1,1,108,104,,Novita,stop,0,5.618e-05,content,0.0,700
meta-llama/llama-3.3-70b-instruct,158,1676,ORACLE,chain,2,ate,college_salary,easy,KEEP,no,no,1,1,140,218,,Novita,stop,0,0.0001061,content,0.0,700
meta-llama/llama-3.3-70b-instruct,158,1676,DR_k1,chain,2,ate,college_salary,easy,KEEP,no,no,1,1,134,224,,Novita,stop,0,0.00010769,content,0.0,700
meta-llama/llama-3.3-70b-instruct,159,12078,PROSE,chain,2,ate,college_salary,anticommonsense,KEEP,yes,yes,1,1,126,91,,Novita,stop,0,5.341e-05,content,0.0,700
meta-llama/llama-3.3-70b-instruct,159,12078,RAW,chain,2,ate,college_salary,anticommonsense,KEEP,yes,yes,1,1,108,128,,Novita,stop,0,6.578e-05,content,0.0,700
meta-llama/llama-3.3-70b-instruct,159,12078,ORACLE,chain,2,ate,college_salary,anticommonsense,KEEP,yes,yes,1,1,141,224,,Novita,stop,0,0.000108635,content,0.0,700
meta-llama/llama-3.3-70b-instruct,159,12078,DR_k1,chain,2,ate,college_salary,anticommonsense,KEEP,yes,yes,1,1,135,264,,Novita,stop,0,0.000123825,content,0.0,700
meta-llama/llama-3.3-70b-instruct,160,1716,PROSE,chain,3,ett,college_salary,easy,KEEP,yes,yes,1,1,141,208,,Novita,stop,0,0.000102235,content,0.0,700
meta-llama/llama-3.3-70b-instruct,160,1716,RAW,chain,3,ett,college_salary,easy,KEEP,yes,yes,1,1,124,140,,Novita,stop,0,7.274e-05,content,0.0,700
meta-llama/llama-3.3-70b-instruct,160,1716,ORACLE,chain,3,ett,college_salary,easy,KEEP,yes,yes,1,1,156,237,,Novita,stop,0,0.00011586,content,0.0,700
meta-llama/llama-3.3-70b-instruct,160,1716,DR_k1,chain,3,ett,college_salary,easy,KEEP,yes,yes,1,1,150,403,,Novita,stop,0,0.00018145,content,0.0,700
meta-llama/llama-3.3-70b-instruct,161,4583,PROSE,chain,3,nie,smoking_tar_cancer,easy,KEEP,yes,yes,1,1,117,130,,Novita,stop,0,6.7795e-05,content,0.0,700
meta-llama/llama-3.3-70b-instruct,161,4583,RAW,chain,3,nie,smoking_tar_cancer,easy,KEEP,yes,yes,1,1,98,191,,Novita,stop,0,8.963e-05,content,0.0,700
meta-llama/llama-3.3-70b-instruct,161,4583,ORACLE,chain,3,nie,smoking_tar_cancer,easy,KEEP,yes,yes,1,1,133,168,,Novita,stop,0,8.5155e-05,content,0.0,700
meta-llama/llama-3.3-70b-instruct,161,4583,DR_k1,chain,3,nie,smoking_tar_cancer,easy,KEEP,yes,no,0,1,133,349,,Novita,stop,0,0.000157555,content,0.0,700
meta-llama/llama-3.3-70b-instruct,162,9245,PROSE,chain,3,nie,smoking_tar_cancer,hard,KEEP,no,no,1,1,117,191,,Novita,stop,0,9.2195e-05,content,0.0,700
meta-llama/llama-3.3-70b-instruct,162,9245,RAW,chain,3,nie,smoking_tar_cancer,hard,KEEP,no,no,1,1,98,161,,Novita,stop,0,7.763e-05,content,0.0,700
meta-llama/llama-3.3-70b-instruct,162,9245,ORACLE,chain,3,nie,smoking_tar_cancer,hard,KEEP,no,no,1,1,133,255,,Novita,stop,0,0.000119955,content,0.0,700
meta-llama/llama-3.3-70b-instruct,162,9245,DR_k1,chain,3,nie,smoking_tar_cancer,hard,KEEP,no,no,1,1,133,260,,Novita,stop,0,0.000121955,content,0.0,700
meta-llama/llama-3.3-70b-instruct,163,3350,PROSE,chain,3,nie,orange_scurvy,easy,KEEP,yes,yes,1,1,129,186,,Novita,stop,0,9.1815e-05,content,0.0,700
meta-llama/llama-3.3-70b-instruct,163,3350,RAW,chain,3,nie,orange_scurvy,easy,KEEP,yes,yes,1,1,106,133,,Novita,stop,0,6.751e-05,content,0.0,700
meta-llama/llama-3.3-70b-instruct,163,3350,ORACLE,chain,3,nie,orange_scurvy,easy,KEEP,yes,yes,1,1,145,180,,Novita,stop,0,9.1575e-05,content,0.0,700
meta-llama/llama-3.3-70b-instruct,163,3350,DR_k1,chain,3,nie,orange_scurvy,easy,KEEP,yes,yes,1,1,137,185,,Novita,stop,0,9.2495e-05,content,0.0,700
meta-llama/llama-3.3-70b-instruct,164,14940,PROSE,chain,3,nie,smoking_tar_cancer,anticommonsense,KEEP,yes,yes,1,1,129,152,,Novita,stop,0,7.8215e-05,content,0.0,700
meta-llama/llama-3.3-70b-instruct,164,14940,RAW,chain,3,nie,smoking_tar_cancer,anticommonsense,KEEP,yes,no,0,1,108,248,,Novita,stop,0,0.00011378,content,0.0,700
meta-llama/llama-3.3-70b-instruct,164,14940,ORACLE,chain,3,nie,smoking_tar_cancer,anticommonsense,KEEP,yes,no,0,1,144,268,,Novita,stop,0,0.00012664,content,0.0,700
meta-llama/llama-3.3-70b-instruct,164,14940,DR_k1,chain,3,nie,smoking_tar_cancer,anticommonsense,KEEP,yes,yes,1,1,144,387,,Novita,stop,0,0.00017424,content,0.0,700
meta-llama/llama-3.3-70b-instruct,165,19671,PROSE,chain,3,ett,smoking_tar_cancer,anticommonsense,KEEP,no,no,1,1,142,147,,Novita,stop,0,7.797e-05,content,0.0,700
meta-llama/llama-3.3-70b-instruct,165,19671,RAW,chain,3,ett,smoking_tar_cancer,anticommonsense,KEEP,no,no,1,1,121,106,,Novita,stop,0,5.8735e-05,content,0.0,700
meta-llama/llama-3.3-70b-instruct,165,19671,ORACLE,chain,3,ett,smoking_tar_cancer,anticommonsense,KEEP,no,yes,0,1,157,241,,Novita,stop,0,0.000117595,content,0.0,700
meta-llama/llama-3.3-70b-instruct,165,19671,DR_k1,chain,3,ett,smoking_tar_cancer,anticommonsense,KEEP,no,no,1,1,150,474,,Novita,stop,0,0.00020985,content,0.0,700
meta-llama/llama-3.3-70b-instruct,166,20403,PROSE,chain,3,det-counterfactual,orange_scurvy,anticommonsense,KEEP,no,no,1,1,120,144,,Novita,stop,0,7.38e-05,content,0.0,700
meta-llama/llama-3.3-70b-instruct,166,20403,RAW,chain,3,det-counterfactual,orange_scurvy,anticommonsense,KEEP,no,no,1,1,98,109,,Novita,stop,0,5.683e-05,content,0.0,700
meta-llama/llama-3.3-70b-instruct,166,20403,ORACLE,chain,3,det-counterfactual,orange_scurvy,anticommonsense,KEEP,no,no,1,1,136,144,,Novita,stop,0,7.596e-05,content,0.0,700
meta-llama/llama-3.3-70b-instruct,166,20403,DR_k1,chain,3,det-counterfactual,orange_scurvy,anticommonsense,KEEP,no,no,1,1,136,309,,Novita,stop,0,0.00014196,content,0.0,700
meta-llama/llama-3.3-70b-instruct,167,20690,PROSE,chain,3,det-counterfactual,smoking_tar_cancer,anticommonsense,KEEP,no,no,1,1,124,68,,Novita,stop,0,4.394e-05,content,0.0,700
meta-llama/llama-3.3-70b-instruct,167,20690,RAW,chain,3,det-counterfactual,smoking_tar_cancer,anticommonsense,KEEP,no,no,1,1,103,87,,Novita,stop,0,4.8705e-05,content,0.0,700
meta-llama/llama-3.3-70b-instruct,167,20690,ORACLE,chain,3,det-counterfactual,smoking_tar_cancer,anticommonsense,KEEP,no,no,1,1,139,68,,Novita,stop,0,4.5965e-05,content,0.0,700
meta-llama/llama-3.3-70b-instruct,167,20690,DR_k1,chain,3,det-counterfactual,smoking_tar_cancer,anticommonsense,KEEP,no,no,1,1,139,85,,Novita,stop,0,5.2765e-05,content,0.0,700
meta-llama/llama-3.3-70b-instruct,168,19659,PROSE,chain,3,nie,smoking_tar_cancer,anticommonsense,KEEP,no,yes,0,1,129,151,,Novita,stop,0,7.7815e-05,content,0.0,700
meta-llama/llama-3.3-70b-instruct,168,19659,RAW,chain,3,nie,smoking_tar_cancer,anticommonsense,KEEP,no,no,1,1,108,201,,Novita,stop,0,9.498e-05,content,0.0,700
meta-llama/llama-3.3-70b-instruct,168,19659,ORACLE,chain,3,nie,smoking_tar_cancer,anticommonsense,KEEP,no,yes,0,1,144,181,,Novita,stop,0,9.184e-05,content,0.0,700
meta-llama/llama-3.3-70b-instruct,168,19659,DR_k1,chain,3,nie,smoking_tar_cancer,anticommonsense,KEEP,no,no,1,1,137,297,,Novita,stop,0,0.000137295,content,0.0,700
meta-llama/llama-3.3-70b-instruct,169,8162,PROSE,chain,3,ett,orange_scurvy,hard,KEEP,no,no,1,1,139,98,,Novita,stop,0,5.7965e-05,content,0.0,700
meta-llama/llama-3.3-70b-instruct,169,8162,RAW,chain,3,ett,orange_scurvy,hard,KEEP,no,no,1,1,116,108,,Novita,stop,0,5.886e-05,content,0.0,700
meta-llama/llama-3.3-70b-instruct,169,8162,ORACLE,chain,3,ett,orange_scurvy,hard,KEEP,no,no,1,1,155,314,,Novita,stop,0,0.000146525,content,0.0,700
meta-llama/llama-3.3-70b-instruct,169,8162,DR_k1,chain,3,ett,orange_scurvy,hard,KEEP,no,no,1,1,155,246,,Novita,stop,0,0.000119325,content,0.0,700
meta-llama/llama-3.3-70b-instruct,170,16869,PROSE,chain,3,nie,college_salary,anticommonsense,KEEP,no,no,1,1,124,205,,Novita,stop,0,9.874e-05,content,0.0,700
meta-llama/llama-3.3-70b-instruct,170,16869,RAW,chain,3,nie,college_salary,anticommonsense,KEEP,no,no,1,1,106,95,,Novita,stop,0,5.231e-05,content,0.0,700
meta-llama/llama-3.3-70b-instruct,170,16869,ORACLE,chain,3,nie,college_salary,anticommonsense,KEEP,no,no,1,1,139,250,,Novita,stop,0,0.000118765,content,0.0,700
meta-llama/llama-3.3-70b-instruct,170,16869,DR_k1,chain,3,nie,college_salary,anticommonsense,KEEP,no,no,1,1,139,188,,Novita,stop,0,9.3965e-05,content,0.0,700
meta-llama/llama-3.3-70b-instruct,171,12121,PROSE,chain,3,nie,college_salary,anticommonsense,KEEP,yes,yes,1,1,124,142,,Novita,stop,0,7.354e-05,content,0.0,700
meta-llama/llama-3.3-70b-instruct,171,12121,RAW,chain,3,nie,college_salary,anticommonsense,KEEP,yes,no,0,1,106,72,,Novita,stop,0,4.311e-05,content,0.0,700
meta-llama/llama-3.3-70b-instruct,171,12121,ORACLE,chain,3,nie,college_salary,anticommonsense,KEEP,yes,yes,1,1,139,214,,Novita,stop,0,0.000104365,content,0.0,700
meta-llama/llama-3.3-70b-instruct,171,12121,DR_k1,chain,3,nie,college_salary,anticommonsense,KEEP,yes,no,0,1,133,299,,Novita,stop,0,0.000137555,content,0.0,700
meta-llama/llama-3.3-70b-instruct,172,14908,PROSE,chain,3,ett,smoking_tar_cancer,anticommonsense,KEEP,no,no,1,1,142,102,,Novita,stop,0,5.997e-05,content,0.0,700
meta-llama/llama-3.3-70b-instruct,172,14908,RAW,chain,3,ett,smoking_tar_cancer,anticommonsense,KEEP,no,no,1,1,121,122,,Novita,stop,0,6.5135e-05,content,0.0,700
meta-llama/llama-3.3-70b-instruct,172,14908,ORACLE,chain,3,ett,smoking_tar_cancer,anticommonsense,KEEP,no,no,1,1,157,313,,Novita,stop,0,0.000146395,content,0.0,700
meta-llama/llama-3.3-70b-instruct,172,14908,DR_k1,chain,3,ett,smoking_tar_cancer,anticommonsense,KEEP,no,no,1,1,157,369,,Novita,stop,0,0.000168795,content,0.0,700
meta-llama/llama-3.3-70b-instruct,173,19660,PROSE,chain,3,nie,smoking_tar_cancer,anticommonsense,KEEP,yes,yes,1,1,129,169,,Novita,stop,0,8.5015e-05,content,0.0,700
meta-llama/llama-3.3-70b-instruct,173,19660,RAW,chain,3,nie,smoking_tar_cancer,anticommonsense,KEEP,yes,no,0,1,108,111,,Novita,stop,0,5.898e-05,content,0.0,700
meta-llama/llama-3.3-70b-instruct,173,19660,ORACLE,chain,3,nie,smoking_tar_cancer,anticommonsense,KEEP,yes,yes,1,1,144,185,,Novita,stop,0,9.344e-05,content,0.0,700
meta-llama/llama-3.3-70b-instruct,173,19660,DR_k1,chain,3,nie,smoking_tar_cancer,anticommonsense,KEEP,yes,no,0,1,137,372,,Novita,stop,0,0.000167295,content,0.0,700
meta-llama/llama-3.3-70b-instruct,174,19664,PROSE,chain,3,ett,smoking_tar_cancer,anticommonsense,KEEP,no,no,1,1,142,77,,Novita,stop,0,4.997e-05,content,0.0,700
meta-llama/llama-3.3-70b-instruct,174,19664,RAW,chain,3,ett,smoking_tar_cancer,anticommonsense,KEEP,no,no,1,1,121,75,,Novita,stop,0,4.6335e-05,content,0.0,700
meta-llama/llama-3.3-70b-instruct,174,19664,ORACLE,chain,3,ett,smoking_tar_cancer,anticommonsense,KEEP,no,no,1,1,157,169,,Novita,stop,0,8.8795e-05,content,0.0,700
meta-llama/llama-3.3-70b-instruct,174,19664,DR_k1,chain,3,ett,smoking_tar_cancer,anticommonsense,KEEP,no,no,1,1,157,400,,Novita,stop,0,0.000181195,content,0.0,700
meta-llama/llama-3.3-70b-instruct,175,1738,PROSE,chain,3,nie,college_salary,easy,KEEP,no,no,1,1,122,192,,Novita,stop,0,9.327e-05,content,0.0,700
meta-llama/llama-3.3-70b-instruct,175,1738,RAW,chain,3,nie,college_salary,easy,KEEP,no,no,1,1,105,97,,Novita,stop,0,5.2975e-05,content,0.0,700
meta-llama/llama-3.3-70b-instruct,175,1738,ORACLE,chain,3,nie,college_salary,easy,KEEP,no,no,1,1,137,203,,Novita,stop,0,9.9695e-05,content,0.0,700
meta-llama/llama-3.3-70b-instruct,175,1738,DR_k1,chain,3,nie,college_salary,easy,KEEP,no,no,1,1,137,359,,Novita,stop,0,0.000162095,content,0.0,700
meta-llama/llama-3.3-70b-instruct,176,16853,PROSE,chain,3,ett,college_salary,anticommonsense,KEEP,yes,yes,1,1,139,236,,Novita,stop,0,0.000113165,content,0.0,700
meta-llama/llama-3.3-70b-instruct,176,16853,RAW,chain,3,ett,college_salary,anticommonsense,KEEP,yes,no,0,1,121,434,,Novita,stop,0,0.000189935,content,0.0,700
meta-llama/llama-3.3-70b-instruct,176,16853,ORACLE,chain,3,ett,college_salary,anticommonsense,KEEP,yes,no,0,1,154,408,,Novita,stop,0,0.00018399,content,0.0,700
meta-llama/llama-3.3-70b-instruct,176,16853,DR_k1,chain,3,ett,college_salary,anticommonsense,KEEP,yes,yes,1,1,154,343,,Novita,stop,0,0.00015799,content,0.0,700
meta-llama/llama-3.3-70b-instruct,177,20396,PROSE,chain,3,det-counterfactual,orange_scurvy,anticommonsense,KEEP,yes,yes,1,1,120,77,,Novita,stop,0,4.7e-05,content,0.0,700
meta-llama/llama-3.3-70b-instruct,177,20396,RAW,chain,3,det-counterfactual,orange_scurvy,anticommonsense,KEEP,yes,yes,1,1,98,126,,Novita,stop,0,6.363e-05,content,0.0,700
meta-llama/llama-3.3-70b-instruct,177,20396,ORACLE,chain,3,det-counterfactual,orange_scurvy,anticommonsense,KEEP,yes,yes,1,1,136,137,,Novita,stop,0,7.316e-05,content,0.0,700
meta-llama/llama-3.3-70b-instruct,177,20396,DR_k1,chain,3,det-counterfactual,orange_scurvy,anticommonsense,KEEP,yes,yes,1,1,136,167,,Novita,stop,0,8.516e-05,content,0.0,700
meta-llama/llama-3.3-70b-instruct,178,18584,PROSE,chain,3,nie,orange_scurvy,anticommonsense,KEEP,no,no,1,1,125,182,,Novita,stop,0,8.9675e-05,content,0.0,700
meta-llama/llama-3.3-70b-instruct,178,18584,RAW,chain,3,nie,orange_scurvy,anticommonsense,KEEP,no,no,1,1,103,163,,Novita,stop,0,7.9105e-05,content,0.0,700
meta-llama/llama-3.3-70b-instruct,178,18584,ORACLE,chain,3,nie,orange_scurvy,anticommonsense,KEEP,no,no,1,1,141,178,,Novita,stop,0,9.0235e-05,content,0.0,700
meta-llama/llama-3.3-70b-instruct,178,18584,DR_k1,chain,3,nie,orange_scurvy,anticommonsense,KEEP,no,no,1,1,141,226,,Novita,stop,0,0.000109435,content,0.0,700
meta-llama/llama-3.3-70b-instruct,179,16837,PROSE,chain,3,ett,college_salary,anticommonsense,KEEP,no,no,1,1,139,109,,Novita,stop,0,6.2365e-05,content,0.0,700
meta-llama/llama-3.3-70b-instruct,179,16837,RAW,chain,3,ett,college_salary,anticommonsense,KEEP,no,no,1,1,121,176,,Novita,stop,0,8.6735e-05,content,0.0,700
meta-llama/llama-3.3-70b-instruct,179,16837,ORACLE,chain,3,ett,college_salary,anticommonsense,KEEP,no,no,1,1,154,274,,Novita,stop,0,0.00013039,content,0.0,700
meta-llama/llama-3.3-70b-instruct,179,16837,DR_k1,chain,3,ett,college_salary,anticommonsense,KEEP,no,no,1,1,154,332,,Novita,stop,0,0.00015359,content,0.0,700
meta-llama/llama-3.3-70b-instruct,180,13202,PROSE,collision,1,exp_away,man_in_relationship,anticommonsense,KEEP,no,no,1,1,189,128,,Novita,stop,0,7.6715e-05,content,0.0,700
meta-llama/llama-3.3-70b-instruct,180,13202,RAW,collision,1,exp_away,man_in_relationship,anticommonsense,KEEP,no,no,1,1,169,113,,Novita,stop,0,6.8015e-05,content,0.0,700
meta-llama/llama-3.3-70b-instruct,180,13202,ORACLE,collision,1,exp_away,man_in_relationship,anticommonsense,KEEP,no,no,1,1,204,129,,Novita,stop,0,7.914e-05,content,0.0,700
meta-llama/llama-3.3-70b-instruct,180,13202,DR_k1,collision,1,exp_away,man_in_relationship,anticommonsense,KEEP,no,no,1,1,205,128,,Novita,stop,0,7.8875e-05,content,0.0,700
meta-llama/llama-3.3-70b-instruct,183,12365,PROSE,collision,1,exp_away,elite_students,anticommonsense,KEEP,yes,yes,1,1,213,174,,Novita,stop,0,9.8355e-05,content,0.0,700
meta-llama/llama-3.3-70b-instruct,183,12365,RAW,collision,1,exp_away,elite_students,anticommonsense,KEEP,yes,yes,1,1,188,152,,Novita,stop,0,8.618e-05,content,0.0,700
meta-llama/llama-3.3-70b-instruct,183,12365,ORACLE,collision,1,exp_away,elite_students,anticommonsense,KEEP,yes,yes,1,1,228,176,,Novita,stop,0,0.00010118,content,0.0,700
meta-llama/llama-3.3-70b-instruct,183,12365,DR_k1,collision,1,exp_away,elite_students,anticommonsense,KEEP,yes,yes,1,1,227,160,,Novita,stop,0,9.4645e-05,content,0.0,700
meta-llama/llama-3.3-70b-instruct,184,17905,PROSE,collision,1,exp_away,man_in_relationship,anticommonsense,KEEP,no,no,1,1,197,162,,Novita,stop,0,9.1395e-05,content,0.0,700
meta-llama/llama-3.3-70b-instruct,184,17905,RAW,collision,1,exp_away,man_in_relationship,anticommonsense,KEEP,no,no,1,1,176,139,,Novita,stop,0,7.936e-05,content,0.0,700
meta-llama/llama-3.3-70b-instruct,184,17905,ORACLE,collision,1,exp_away,man_in_relationship,anticommonsense,KEEP,no,no,1,1,212,157,,Novita,stop,0,9.142e-05,content,0.0,700
meta-llama/llama-3.3-70b-instruct,184,17905,DR_k1,collision,1,exp_away,man_in_relationship,anticommonsense,KEEP,no,no,1,1,211,279,,Novita,stop,0,0.000140085,content,0.0,700
meta-llama/llama-3.3-70b-instruct,185,1926,PROSE,collision,1,exp_away,elite_students,easy,KEEP,no,no,1,1,201,147,,Novita,stop,0,8.5935e-05,content,0.0,700
meta-llama/llama-3.3-70b-instruct,185,1926,RAW,collision,1,exp_away,elite_students,easy,KEEP,no,no,1,1,178,132,,Novita,stop,0,7.683e-05,content,0.0,700
meta-llama/llama-3.3-70b-instruct,185,1926,ORACLE,collision,1,exp_away,elite_students,easy,KEEP,no,no,1,1,216,190,,Novita,stop,0,0.00010516,content,0.0,700
meta-llama/llama-3.3-70b-instruct,185,1926,DR_k1,collision,1,exp_away,elite_students,easy,KEEP,no,no,1,1,216,185,,Novita,stop,0,0.00010316,content,0.0,700
meta-llama/llama-3.3-70b-instruct,186,16715,PROSE,collision,1,exp_away,celebrity,anticommonsense,KEEP,no,no,1,1,184,135,,Novita,stop,0,7.884e-05,content,0.0,700
meta-llama/llama-3.3-70b-instruct,186,16715,RAW,collision,1,exp_away,celebrity,anticommonsense,KEEP,no,no,1,1,165,136,,Novita,stop,0,7.6675e-05,content,0.0,700
meta-llama/llama-3.3-70b-instruct,186,16715,ORACLE,collision,1,exp_away,celebrity,anticommonsense,KEEP,no,no,1,1,199,136,,Novita,stop,0,8.1265e-05,content,0.0,700
meta-llama/llama-3.3-70b-instruct,186,16715,DR_k1,collision,1,exp_away,celebrity,anticommonsense,KEEP,no,no,1,1,200,136,,Novita,stop,0,8.14e-05,content,0.0,700
meta-llama/llama-3.3-70b-instruct,187,17843,PROSE,collision,1,exp_away,hospitalization,anticommonsense,KEEP,yes,yes,1,1,194,123,,Novita,stop,0,7.539e-05,content,0.0,700
meta-llama/llama-3.3-70b-instruct,187,17843,RAW,collision,1,exp_away,hospitalization,anticommonsense,KEEP,yes,yes,1,1,172,105,,Novita,stop,0,6.522e-05,content,0.0,700
meta-llama/llama-3.3-70b-instruct,187,17843,ORACLE,collision,1,exp_away,hospitalization,anticommonsense,KEEP,yes,yes,1,1,209,116,,Novita,stop,0,7.4615e-05,content,0.0,700
meta-llama/llama-3.3-70b-instruct,187,17843,DR_k1,collision,1,exp_away,hospitalization,anticommonsense,KEEP,yes,yes,1,1,210,116,,Novita,stop,0,7.475e-05,content,0.0,700
meta-llama/llama-3.3-70b-instruct,188,1567,PROSE,collision,1,exp_away,celebrity,easy,KEEP,yes,yes,1,1,177,128,,Novita,stop,0,7.5095e-05,content,0.0,700
meta-llama/llama-3.3-70b-instruct,188,1567,RAW,collision,1,exp_away,celebrity,easy,KEEP,yes,yes,1,1,161,127,,Novita,stop,0,7.2535e-05,content,0.0,700
meta-llama/llama-3.3-70b-instruct,188,1567,ORACLE,collision,1,exp_away,celebrity,easy,KEEP,yes,yes,1,1,192,124,,Novita,stop,0,7.552e-05,content,0.0,700
meta-llama/llama-3.3-70b-instruct,188,1567,DR_k1,collision,1,exp_away,celebrity,easy,KEEP,yes,yes,1,1,192,124,,Novita,stop,0,7.552e-05,content,0.0,700
meta-llama/llama-3.3-70b-instruct,190,6696,PROSE,collision,1,exp_away,elite_students,hard,KEEP,no,no,1,1,201,142,,Novita,stop,0,8.3935e-05,content,0.0,700
meta-llama/llama-3.3-70b-instruct,190,6696,RAW,collision,1,exp_away,elite_students,hard,KEEP,no,no,1,1,178,131,,Novita,stop,0,7.643e-05,content,0.0,700
meta-llama/llama-3.3-70b-instruct,190,6696,ORACLE,collision,1,exp_away,elite_students,hard,KEEP,no,no,1,1,216,143,,Novita,stop,0,8.636e-05,content,0.0,700
meta-llama/llama-3.3-70b-instruct,190,6696,DR_k1,collision,1,exp_away,elite_students,hard,KEEP,no,no,1,1,215,178,,Novita,stop,0,0.000100225,content,0.0,700
meta-llama/llama-3.3-70b-instruct,195,11969,PROSE,collision,1,exp_away,celebrity,anticommonsense,KEEP,no,no,1,1,183,137,,Novita,stop,0,7.9505e-05,content,0.0,700
meta-llama/llama-3.3-70b-instruct,195,11969,RAW,collision,1,exp_away,celebrity,anticommonsense,KEEP,no,no,1,1,166,123,,Novita,stop,0,7.161e-05,content,0.0,700
meta-llama/llama-3.3-70b-instruct,195,11969,ORACLE,collision,1,exp_away,celebrity,anticommonsense,KEEP,no,no,1,1,198,203,,Novita,stop,0,0.00010793,content,0.0,700
meta-llama/llama-3.3-70b-instruct,195,11969,DR_k1,collision,1,exp_away,celebrity,anticommonsense,KEEP,no,no,1,1,198,136,,Novita,stop,0,8.113e-05,content,0.0,700
meta-llama/llama-3.3-70b-instruct,197,6351,PROSE,collision,1,exp_away,celebrity,hard,KEEP,no,no,1,1,177,128,,Novita,stop,0,7.5095e-05,content,0.0,700
meta-llama/llama-3.3-70b-instruct,197,6351,RAW,collision,1,exp_away,celebrity,hard,KEEP,no,no,1,1,161,125,,Novita,stop,0,7.1735e-05,content,0.0,700
meta-llama/llama-3.3-70b-instruct,197,6351,ORACLE,collision,1,exp_away,celebrity,hard,KEEP,no,no,1,1,192,136,,Novita,stop,0,8.032e-05,content,0.0,700
meta-llama/llama-3.3-70b-instruct,197,6351,DR_k1,collision,1,exp_away,celebrity,hard,KEEP,no,no,1,1,192,128,,Novita,stop,0,7.712e-05,content,0.0,700
meta-llama/llama-3.3-70b-instruct,198,6323,PROSE,collision,1,exp_away,celebrity,hard,KEEP,no,no,1,1,177,128,,Novita,stop,0,7.5095e-05,content,0.0,700
meta-llama/llama-3.3-70b-instruct,198,6323,RAW,collision,1,exp_away,celebrity,hard,KEEP,no,no,1,1,161,125,,Novita,stop,0,7.1735e-05,content,0.0,700
meta-llama/llama-3.3-70b-instruct,198,6323,ORACLE,collision,1,exp_away,celebrity,hard,KEEP,no,no,1,1,192,122,,Novita,stop,0,7.472e-05,content,0.0,700
meta-llama/llama-3.3-70b-instruct,198,6323,DR_k1,collision,1,exp_away,celebrity,hard,KEEP,no,no,1,1,192,124,,Novita,stop,0,7.552e-05,content,0.0,700
meta-llama/llama-3.3-70b-instruct,200,6295,PROSE,collision,2,collider_bias,celebrity,hard,KEEP,no,no,1,1,115,121,,Novita,stop,0,6.3925e-05,content,0.0,700
meta-llama/llama-3.3-70b-instruct,200,6295,RAW,collision,2,collider_bias,celebrity,hard,KEEP,no,no,1,1,99,124,,Novita,stop,0,6.2965e-05,content,0.0,700
meta-llama/llama-3.3-70b-instruct,200,6295,ORACLE,collision,2,collider_bias,celebrity,hard,KEEP,no,no,1,1,130,135,,Novita,stop,0,7.155e-05,content,0.0,700
meta-llama/llama-3.3-70b-instruct,200,6295,DR_k1,collision,2,collider_bias,celebrity,hard,KEEP,no,no,1,1,130,263,,Novita,stop,0,0.00012275,content,0.0,700
meta-llama/llama-3.3-70b-instruct,203,17087,PROSE,collision,2,collider_bias,elite_students,anticommonsense,KEEP,no,no,1,1,124,128,,Novita,stop,0,6.794e-05,content,0.0,700
meta-llama/llama-3.3-70b-instruct,203,17087,RAW,collision,2,collider_bias,elite_students,anticommonsense,KEEP,no,no,1,1,101,211,,Novita,stop,0,9.8035e-05,content,0.0,700
meta-llama/llama-3.3-70b-instruct,203,17087,ORACLE,collision,2,collider_bias,elite_students,anticommonsense,KEEP,no,no,1,1,139,204,,Novita,stop,0,0.000100365,content,0.0,700
meta-llama/llama-3.3-70b-instruct,203,17087,DR_k1,collision,2,collider_bias,elite_students,anticommonsense,KEEP,no,no,1,1,139,293,,Novita,stop,0,0.000135965,content,0.0,700
meta-llama/llama-3.3-70b-instruct,204,12300,PROSE,collision,2,collider_bias,elite_students,anticommonsense,KEEP,no,no,1,1,132,134,,Novita,stop,0,7.142e-05,content,0.0,700
meta-llama/llama-3.3-70b-instruct,204,12300,RAW,collision,2,collider_bias,elite_students,anticommonsense,KEEP,no,no,1,1,107,119,,Novita,stop,0,6.2045e-05,content,0.0,700
meta-llama/llama-3.3-70b-instruct,204,12300,ORACLE,collision,2,collider_bias,elite_students,anticommonsense,KEEP,no,no,1,1,147,222,,Novita,stop,0,0.000108645,content,0.0,700
meta-llama/llama-3.3-70b-instruct,204,12300,DR_k1,collision,2,collider_bias,elite_students,anticommonsense,KEEP,no,no,1,1,146,269,,Novita,stop,0,0.00012731,content,0.0,700
meta-llama/llama-3.3-70b-instruct,205,7518,PROSE,collision,2,collider_bias,man_in_relationship,hard,KEEP,no,no,1,1,117,155,,Novita,stop,0,7.7795e-05,content,0.0,700
meta-llama/llama-3.3-70b-instruct,205,7518,RAW,collision,2,collider_bias,man_in_relationship,hard,KEEP,no,no,1,1,99,124,,Novita,stop,0,6.2965e-05,content,0.0,700
meta-llama/llama-3.3-70b-instruct,205,7518,ORACLE,collision,2,collider_bias,man_in_relationship,hard,KEEP,no,no,1,1,132,177,,Novita,stop,0,8.862e-05,content,0.0,700
meta-llama/llama-3.3-70b-instruct,205,7518,DR_k1,collision,2,collider_bias,man_in_relationship,hard,KEEP,no,no,1,1,132,101,,Novita,stop,0,5.822e-05,content,0.0,700
meta-llama/llama-3.3-70b-instruct,206,13146,PROSE,collision,2,collider_bias,man_in_relationship,anticommonsense,KEEP,no,no,1,1,121,141,,Novita,stop,0,7.2735e-05,content,0.0,700
meta-llama/llama-3.3-70b-instruct,206,13146,RAW,collision,2,collider_bias,man_in_relationship,anticommonsense,KEEP,no,no,1,1,101,95,,Novita,stop,0,5.1635e-05,content,0.0,700
meta-llama/llama-3.3-70b-instruct,206,13146,ORACLE,collision,2,collider_bias,man_in_relationship,anticommonsense,KEEP,no,no,1,1,136,139,,Novita,stop,0,7.396e-05,content,0.0,700
meta-llama/llama-3.3-70b-instruct,206,13146,DR_k1,collision,2,collider_bias,man_in_relationship,anticommonsense,KEEP,no,no,1,1,137,128,,Novita,stop,0,6.9695e-05,content,0.0,700
meta-llama/llama-3.3-70b-instruct,210,7576,PROSE,collision,2,collider_bias,man_in_relationship,hard,KEEP,yes,no,0,1,119,177,,Novita,stop,0,8.6865e-05,content,0.0,700
meta-llama/llama-3.3-70b-instruct,210,7576,RAW,collision,2,collider_bias,man_in_relationship,hard,KEEP,yes,no,0,1,101,183,,Novita,stop,0,8.6835e-05,content,0.0,700
meta-llama/llama-3.3-70b-instruct,210,7576,ORACLE,collision,2,collider_bias,man_in_relationship,hard,KEEP,yes,no,0,1,134,260,,Novita,stop,0,0.00012209,content,0.0,700
meta-llama/llama-3.3-70b-instruct,210,7576,DR_k1,collision,2,collider_bias,man_in_relationship,hard,KEEP,yes,no,0,1,135,159,,Novita,stop,0,8.1825e-05,content,0.0,700
meta-llama/llama-3.3-70b-instruct,212,17146,PROSE,collision,2,collider_bias,elite_students,anticommonsense,KEEP,no,no,1,1,124,123,,Novita,stop,0,6.594e-05,content,0.0,700
meta-llama/llama-3.3-70b-instruct,212,17146,RAW,collision,2,collider_bias,elite_students,anticommonsense,KEEP,no,no,1,1,101,224,,Novita,stop,0,0.000103235,content,0.0,700
meta-llama/llama-3.3-70b-instruct,212,17146,ORACLE,collision,2,collider_bias,elite_students,anticommonsense,KEEP,no,no,1,1,139,127,,Novita,stop,0,6.9565e-05,content,0.0,700
meta-llama/llama-3.3-70b-instruct,212,17146,DR_k1,collision,2,collider_bias,elite_students,anticommonsense,KEEP,no,no,1,1,139,229,,Novita,stop,0,0.000110365,content,0.0,700
meta-llama/llama-3.3-70b-instruct,214,2676,PROSE,collision,2,collider_bias,hospitalization,easy,KEEP,yes,no,0,1,122,293,,Novita,stop,0,0.00013367,content,0.0,700
meta-llama/llama-3.3-70b-instruct,214,2676,RAW,collision,2,collider_bias,hospitalization,easy,KEEP,yes,yes,1,1,99,174,,Novita,stop,0,8.2965e-05,content,0.0,700
meta-llama/llama-3.3-70b-instruct,214,2676,ORACLE,collision,2,collider_bias,hospitalization,easy,KEEP,yes,yes,1,1,137,267,,Novita,stop,0,0.000125295,content,0.0,700
meta-llama/llama-3.3-70b-instruct,214,2676,DR_k1,collision,2,collider_bias,hospitalization,easy,KEEP,yes,yes,1,1,136,111,,Novita,stop,0,6.276e-05,content,0.0,700
meta-llama/llama-3.3-70b-instruct,218,6688,PROSE,collision,2,collider_bias,elite_students,hard,KEEP,yes,no,0,1,128,297,,Novita,stop,0,0.00013608,content,0.0,700
meta-llama/llama-3.3-70b-instruct,218,6688,RAW,collision,2,collider_bias,elite_students,hard,KEEP,yes,no,0,1,105,159,,Novita,stop,0,7.7775e-05,content,0.0,700
meta-llama/llama-3.3-70b-instruct,218,6688,ORACLE,collision,2,collider_bias,elite_students,hard,KEEP,yes,no,0,1,143,280,,Novita,stop,0,0.000131305,content,0.0,700
meta-llama/llama-3.3-70b-instruct,218,6688,DR_k1,collision,2,collider_bias,elite_students,hard,KEEP,yes,no,0,1,143,280,,Novita,stop,0,0.000131305,content,0.0,700
meta-llama/llama-3.3-70b-instruct,219,17131,PROSE,collision,2,collider_bias,elite_students,anticommonsense,KEEP,yes,no,0,1,126,246,,Novita,stop,0,0.00011541,content,0.0,700
meta-llama/llama-3.3-70b-instruct,219,17131,RAW,collision,2,collider_bias,elite_students,anticommonsense,KEEP,yes,no,0,1,103,392,,Novita,stop,0,0.000170705,content,0.0,700
meta-llama/llama-3.3-70b-instruct,219,17131,ORACLE,collision,2,collider_bias,elite_students,anticommonsense,KEEP,yes,yes,1,1,141,139,,Novita,stop,0,7.4635e-05,content,0.0,700
meta-llama/llama-3.3-70b-instruct,219,17131,DR_k1,collision,2,collider_bias,elite_students,anticommonsense,KEEP,yes,no,0,1,141,410,,Novita,stop,0,0.000183035,content,0.0,700
meta-llama/llama-3.3-70b-instruct,240,18810,PROSE,confounding,2,ate,simpson_drug,anticommonsense,KEEP,no,no,1,1,188,540,,Novita,stop,0,0.00024138,content,0.0,700
meta-llama/llama-3.3-70b-instruct,240,18810,RAW,confounding,2,ate,simpson_drug,anticommonsense,KEEP,no,no,1,1,168,358,,Novita,stop,0,0.00016588,content,0.0,700
meta-llama/llama-3.3-70b-instruct,240,18810,ORACLE,confounding,2,ate,simpson_drug,anticommonsense,KEEP,no,no,1,1,203,414,,Novita,stop,0,0.000193005,content,0.0,700
meta-llama/llama-3.3-70b-instruct,240,18810,DR_k1,confounding,2,ate,simpson_drug,anticommonsense,KEEP,no,no,1,1,203,608,,Novita,stop,0,0.000270605,content,0.0,700
meta-llama/llama-3.3-70b-instruct,241,8349,PROSE,confounding,2,ate,simpson_drug,hard,KEEP,yes,yes,1,1,171,331,,Novita,stop,0,0.000155485,content,0.0,700
meta-llama/llama-3.3-70b-instruct,241,8349,RAW,confounding,2,ate,simpson_drug,hard,KEEP,yes,yes,1,1,153,328,,Novita,stop,0,0.000151855,content,0.0,700
meta-llama/llama-3.3-70b-instruct,241,8349,ORACLE,confounding,2,ate,simpson_drug,hard,KEEP,yes,yes,1,1,186,458,,Novita,stop,0,0.00020831,content,0.0,700
meta-llama/llama-3.3-70b-instruct,241,8349,DR_k1,confounding,2,ate,simpson_drug,hard,KEEP,yes,yes,1,1,186,332,,Novita,stop,0,0.00015791,content,0.0,700
meta-llama/llama-3.3-70b-instruct,246,8686,PROSE,confounding,2,ate,simpson_vaccine,hard,KEEP,no,no,1,1,197,595,,Novita,stop,0,0.000264595,content,0.0,700
meta-llama/llama-3.3-70b-instruct,246,8686,RAW,confounding,2,ate,simpson_vaccine,hard,KEEP,no,no,1,1,176,613,,Novita,stop,0,0.00026896,content,0.0,700
meta-llama/llama-3.3-70b-instruct,246,8686,ORACLE,confounding,2,ate,simpson_vaccine,hard,KEEP,no,no,1,1,212,599,,Novita,stop,0,0.00026822,content,0.0,700
meta-llama/llama-3.3-70b-instruct,246,8686,DR_k1,confounding,2,ate,simpson_vaccine,hard,KEEP,no,no,1,1,212,618,,Novita,stop,0,0.00027582,content,0.0,700
meta-llama/llama-3.3-70b-instruct,247,18761,PROSE,confounding,2,ate,simpson_drug,anticommonsense,KEEP,yes,yes,1,1,188,560,,Novita,stop,0,0.00024938,content,0.0,700
meta-llama/llama-3.3-70b-instruct,247,18761,RAW,confounding,2,ate,simpson_drug,anticommonsense,KEEP,yes,yes,1,1,168,513,,Novita,stop,0,0.00022788,content,0.0,700
meta-llama/llama-3.3-70b-instruct,247,18761,ORACLE,confounding,2,ate,simpson_drug,anticommonsense,KEEP,yes,yes,1,1,203,377,,Novita,stop,0,0.000178205,content,0.0,700
meta-llama/llama-3.3-70b-instruct,247,18761,DR_k1,confounding,2,ate,simpson_drug,anticommonsense,KEEP,yes,yes,1,1,203,305,,Novita,stop,0,0.000149405,content,0.0,700
meta-llama/llama-3.3-70b-instruct,250,3613,PROSE,confounding,2,ate,simpson_drug,easy,KEEP,yes,yes,1,1,171,453,,Novita,stop,0,0.000204285,content,0.0,700
meta-llama/llama-3.3-70b-instruct,250,3613,RAW,confounding,2,ate,simpson_drug,easy,KEEP,yes,yes,1,1,153,534,,Novita,stop,0,0.000234255,content,0.0,700
meta-llama/llama-3.3-70b-instruct,250,3613,ORACLE,confounding,2,ate,simpson_drug,easy,KEEP,yes,yes,1,1,186,428,,Novita,stop,0,0.00019631,content,0.0,700
meta-llama/llama-3.3-70b-instruct,250,3613,DR_k1,confounding,2,ate,simpson_drug,easy,KEEP,yes,yes,1,1,186,483,,Novita,stop,0,0.00021831,content,0.0,700
meta-llama/llama-3.3-70b-instruct,251,14018,PROSE,confounding,2,ate,simpson_drug,anticommonsense,KEEP,no,no,1,1,182,239,,Novita,stop,0,0.00012017,content,0.0,700
meta-llama/llama-3.3-70b-instruct,251,14018,RAW,confounding,2,ate,simpson_drug,anticommonsense,KEEP,no,no,1,1,160,452,,Novita,stop,0,0.0002024,content,0.0,700
meta-llama/llama-3.3-70b-instruct,251,14018,ORACLE,confounding,2,ate,simpson_drug,anticommonsense,KEEP,no,no,1,1,197,272,,Novita,stop,0,0.000135395,content,0.0,700
meta-llama/llama-3.3-70b-instruct,251,14018,DR_k1,confounding,2,ate,simpson_drug,anticommonsense,KEEP,no,no,1,1,195,196,,Novita,stop,0,0.000104725,content,0.0,700
meta-llama/llama-3.3-70b-instruct,253,8414,PROSE,confounding,2,ate,simpson_drug,hard,KEEP,no,no,1,1,171,657,,Novita,stop,0,0.000285885,content,0.0,700
meta-llama/llama-3.3-70b-instruct,253,8414,RAW,confounding,2,ate,simpson_drug,hard,KEEP,no,no,1,1,153,604,,Novita,stop,0,0.000262255,content,0.0,700
meta-llama/llama-3.3-70b-instruct,253,8414,ORACLE,confounding,2,ate,simpson_drug,hard,KEEP,no,no,1,1,186,352,,Novita,stop,0,0.00016591,content,0.0,700
meta-llama/llama-3.3-70b-instruct,253,8414,DR_k1,confounding,2,ate,simpson_drug,hard,KEEP,no,no,1,1,186,464,,Novita,stop,0,0.00021071,content,0.0,700
meta-llama/llama-3.3-70b-instruct,257,8487,PROSE,confounding,2,ate,simpson_hospital,hard,KEEP,yes,yes,1,1,182,204,,Novita,stop,0,0.00010617,content,0.0,700
meta-llama/llama-3.3-70b-instruct,257,8487,RAW,confounding,2,ate,simpson_hospital,hard,KEEP,yes,yes,1,1,162,418,,Novita,stop,0,0.00018907,content,0.0,700
meta-llama/llama-3.3-70b-instruct,257,8487,ORACLE,confounding,2,ate,simpson_hospital,hard,KEEP,yes,yes,1,1,197,403,,Novita,stop,0,0.000187795,content,0.0,700
meta-llama/llama-3.3-70b-instruct,257,8487,DR_k1,confounding,2,ate,simpson_hospital,hard,KEEP,yes,no,0,1,197,446,,Novita,stop,0,0.000204995,content,0.0,700
meta-llama/llama-3.3-70b-instruct,258,13998,PROSE,confounding,2,ate,simpson_drug,anticommonsense,KEEP,no,no,1,1,182,191,,Novita,stop,0,0.00010097,content,0.0,700
meta-llama/llama-3.3-70b-instruct,258,13998,RAW,confounding,2,ate,simpson_drug,anticommonsense,KEEP,no,no,1,1,160,604,,Novita,stop,0,0.0002632,content,0.0,700
meta-llama/llama-3.3-70b-instruct,258,13998,ORACLE,confounding,2,ate,simpson_drug,anticommonsense,KEEP,no,no,1,1,197,272,,Novita,stop,0,0.000135395,content,0.0,700
meta-llama/llama-3.3-70b-instruct,258,13998,DR_k1,confounding,2,ate,simpson_drug,anticommonsense,KEEP,no,no,1,1,195,251,,Novita,stop,0,0.000126725,content,0.0,700
meta-llama/llama-3.3-70b-instruct,260,18887,PROSE,confounding,3,ett,simpson_hospital,anticommonsense,KEEP,no,no,1,1,206,440,,Novita,stop,0,0.00020381,content,0.0,700
meta-llama/llama-3.3-70b-instruct,260,18887,RAW,confounding,3,ett,simpson_hospital,anticommonsense,KEEP,no,no,1,1,184,358,,Novita,stop,0,0.00016804,content,0.0,700
meta-llama/llama-3.3-70b-instruct,260,18887,ORACLE,confounding,3,ett,simpson_hospital,anticommonsense,KEEP,no,no,1,1,221,433,,Novita,stop,0,0.000203035,content,0.0,700
meta-llama/llama-3.3-70b-instruct,260,18887,DR_k1,confounding,3,ett,simpson_hospital,anticommonsense,KEEP,no,no,1,1,220,327,,Novita,stop,0,0.0001605,content,0.0,700
meta-llama/llama-3.3-70b-instruct,261,20493,PROSE,confounding,3,det-counterfactual,simpson_hospital,anticommonsense,KEEP,yes,no,0,1,132,437,,Novita,stop,0,0.00019262,content,0.0,700
meta-llama/llama-3.3-70b-instruct,261,20493,RAW,confounding,3,det-counterfactual,simpson_hospital,anticommonsense,KEEP,yes,yes,1,1,108,149,,Novita,stop,0,7.418e-05,content,0.0,700
meta-llama/llama-3.3-70b-instruct,261,20493,ORACLE,confounding,3,det-counterfactual,simpson_hospital,anticommonsense,KEEP,yes,yes,1,1,147,419,,Novita,stop,0,0.000187445,content,0.0,700
meta-llama/llama-3.3-70b-instruct,261,20493,DR_k1,confounding,3,det-counterfactual,simpson_hospital,anticommonsense,KEEP,yes,yes,1,1,147,300,,Novita,stop,0,0.000139845,content,0.0,700
meta-llama/llama-3.3-70b-instruct,262,10063,PROSE,confounding,3,det-counterfactual,simpson_drug,commonsense,KEEP,no,no,1,1,120,117,,Novita,stop,0,6.3e-05,content,0.0,700
meta-llama/llama-3.3-70b-instruct,262,10063,RAW,confounding,3,det-counterfactual,simpson_drug,commonsense,KEEP,no,no,1,1,102,127,,Novita,stop,0,6.457e-05,content,0.0,700
meta-llama/llama-3.3-70b-instruct,262,10063,ORACLE,confounding,3,det-counterfactual,simpson_drug,commonsense,KEEP,no,no,1,1,135,182,,Novita,stop,0,9.1025e-05,content,0.0,700
meta-llama/llama-3.3-70b-instruct,262,10063,DR_k1,confounding,3,det-counterfactual,simpson_drug,commonsense,KEEP,no,no,1,1,135,112,,Novita,stop,0,6.3025e-05,content,0.0,700
meta-llama/llama-3.3-70b-instruct,263,8718,PROSE,confounding,3,ett,simpson_vaccine,hard,KEEP,no,yes,0,1,210,577,,Novita,stop,0,0.00025915,content,0.0,700
meta-llama/llama-3.3-70b-instruct,263,8718,RAW,confounding,3,ett,simpson_vaccine,hard,KEEP,no,no,1,1,189,700,,Novita,length,0,0.000305515,content,0.0,700
meta-llama/llama-3.3-70b-instruct,263,8718,ORACLE,confounding,3,ett,simpson_vaccine,hard,KEEP,no,yes,0,1,225,411,,Novita,stop,0,0.000194775,content,0.0,700
meta-llama/llama-3.3-70b-instruct,263,8718,DR_k1,confounding,3,ett,simpson_vaccine,hard,KEEP,no,yes,0,1,227,426,,Novita,stop,0,0.000201045,content,0.0,700
meta-llama/llama-3.3-70b-instruct,264,10151,PROSE,confounding,3,det-counterfactual,simpson_kidneystone,commonsense,KEEP,yes,no,0,1,127,190,,Novita,stop,0,9.3145e-05,content,0.0,700
meta-llama/llama-3.3-70b-instruct,264,10151,RAW,confounding,3,det-counterfactual,simpson_kidneystone,commonsense,KEEP,yes,no,0,1,106,161,,Novita,stop,0,7.871e-05,content,0.0,700
meta-llama/llama-3.3-70b-instruct,264,10151,ORACLE,confounding,3,det-counterfactual,simpson_kidneystone,commonsense,KEEP,yes,no,0,1,142,296,,Novita,stop,0,0.00013757,content,0.0,700
meta-llama/llama-3.3-70b-instruct,264,10151,DR_k1,confounding,3,det-counterfactual,simpson_kidneystone,commonsense,KEEP,yes,no,0,1,144,224,,Novita,stop,0,0.00010904,content,0.0,700
meta-llama/llama-3.3-70b-instruct,265,10167,PROSE,confounding,3,det-counterfactual,simpson_vaccine,commonsense,KEEP,yes,no,0,1,133,150,,Novita,stop,0,7.7955e-05,content,0.0,700
meta-llama/llama-3.3-70b-instruct,265,10167,RAW,confounding,3,det-counterfactual,simpson_vaccine,commonsense,KEEP,yes,no,0,1,112,433,,Novita,stop,0,0.00018832,content,0.0,700
meta-llama/llama-3.3-70b-instruct,265,10167,ORACLE,confounding,3,det-counterfactual,simpson_vaccine,commonsense,KEEP,yes,no,0,1,148,206,,Novita,stop,0,0.00010238,content,0.0,700
meta-llama/llama-3.3-70b-instruct,265,10167,DR_k1,confounding,3,det-counterfactual,simpson_vaccine,commonsense,KEEP,yes,no,0,1,148,337,,Novita,stop,0,0.00015478,content,0.0,700
meta-llama/llama-3.3-70b-instruct,266,20506,PROSE,confounding,3,det-counterfactual,simpson_hospital,anticommonsense,KEEP,yes,yes,1,1,131,124,,Novita,stop,0,6.7285e-05,content,0.0,700
meta-llama/llama-3.3-70b-instruct,266,20506,RAW,confounding,3,det-counterfactual,simpson_hospital,anticommonsense,KEEP,yes,yes,1,1,107,250,,Novita,stop,0,0.000114445,content,0.0,700
meta-llama/llama-3.3-70b-instruct,266,20506,ORACLE,confounding,3,det-counterfactual,simpson_hospital,anticommonsense,KEEP,yes,yes,1,1,146,282,,Novita,stop,0,0.00013251,content,0.0,700
meta-llama/llama-3.3-70b-instruct,266,20506,DR_k1,confounding,3,det-counterfactual,simpson_hospital,anticommonsense,KEEP,yes,yes,1,1,146,226,,Novita,stop,0,0.00011011,content,0.0,700
meta-llama/llama-3.3-70b-instruct,267,14177,PROSE,confounding,3,ett,simpson_kidneystone,anticommonsense,KEEP,yes,yes,1,1,200,526,,Novita,stop,0,0.0002374,content,0.0,700
meta-llama/llama-3.3-70b-instruct,267,14177,RAW,confounding,3,ett,simpson_kidneystone,anticommonsense,KEEP,yes,yes,1,1,177,610,,Novita,stop,0,0.000267895,content,0.0,700
meta-llama/llama-3.3-70b-instruct,267,14177,ORACLE,confounding,3,ett,simpson_kidneystone,anticommonsense,KEEP,yes,yes,1,1,215,677,,Novita,stop,0,0.000299825,content,0.0,700
meta-llama/llama-3.3-70b-instruct,267,14177,DR_k1,confounding,3,ett,simpson_kidneystone,anticommonsense,KEEP,yes,yes,1,1,217,325,,Novita,stop,0,0.000159295,content,0.0,700
meta-llama/llama-3.3-70b-instruct,268,19014,PROSE,confounding,3,ett,simpson_kidneystone,anticommonsense,KEEP,yes,yes,1,1,202,666,,Novita,stop,0,0.00029367,content,0.0,700
meta-llama/llama-3.3-70b-instruct,268,19014,RAW,confounding,3,ett,simpson_kidneystone,anticommonsense,KEEP,yes,yes,1,1,175,428,,Novita,stop,0,0.000194825,content,0.0,700
meta-llama/llama-3.3-70b-instruct,268,19014,ORACLE,confounding,3,ett,simpson_kidneystone,anticommonsense,KEEP,yes,yes,1,1,217,559,,Novita,stop,0,0.000252895,content,0.0,700
meta-llama/llama-3.3-70b-instruct,268,19014,DR_k1,confounding,3,ett,simpson_kidneystone,anticommonsense,KEEP,yes,yes,1,1,216,459,,Novita,stop,0,0.00021276,content,0.0,700
meta-llama/llama-3.3-70b-instruct,269,20562,PROSE,confounding,3,det-counterfactual,simpson_vaccine,anticommonsense,KEEP,yes,yes,1,1,138,97,,Novita,stop,0,5.743e-05,content,0.0,700
meta-llama/llama-3.3-70b-instruct,269,20562,RAW,confounding,3,det-counterfactual,simpson_vaccine,anticommonsense,KEEP,yes,yes,1,1,113,68,,Novita,stop,0,4.2455e-05,content,0.0,700
meta-llama/llama-3.3-70b-instruct,269,20562,ORACLE,confounding,3,det-counterfactual,simpson_vaccine,anticommonsense,KEEP,yes,yes,1,1,153,110,,Novita,stop,0,6.4655e-05,content,0.0,700
meta-llama/llama-3.3-70b-instruct,269,20562,DR_k1,confounding,3,det-counterfactual,simpson_vaccine,anticommonsense,KEEP,yes,yes,1,1,155,214,,Novita,stop,0,0.000106525,content,0.0,700
meta-llama/llama-3.3-70b-instruct,270,10153,PROSE,confounding,3,det-counterfactual,simpson_kidneystone,commonsense,KEEP,yes,yes,1,1,127,153,,Novita,stop,0,7.8345e-05,content,0.0,700
meta-llama/llama-3.3-70b-instruct,270,10153,RAW,confounding,3,det-counterfactual,simpson_kidneystone,commonsense,KEEP,yes,yes,1,1,106,156,,Novita,stop,0,7.671e-05,content,0.0,700
meta-llama/llama-3.3-70b-instruct,270,10153,ORACLE,confounding,3,det-counterfactual,simpson_kidneystone,commonsense,KEEP,yes,yes,1,1,142,190,,Novita,stop,0,9.517e-05,content,0.0,700
meta-llama/llama-3.3-70b-instruct,270,10153,DR_k1,confounding,3,det-counterfactual,simpson_kidneystone,commonsense,KEEP,yes,yes,1,1,144,244,,Novita,stop,0,0.00011704,content,0.0,700
meta-llama/llama-3.3-70b-instruct,271,8314,PROSE,confounding,3,ett,simpson_drug,hard,KEEP,yes,yes,1,1,183,648,,Novita,stop,0,0.000283905,content,0.0,700
meta-llama/llama-3.3-70b-instruct,271,8314,RAW,confounding,3,ett,simpson_drug,hard,KEEP,yes,yes,1,1,165,599,,Novita,stop,0,0.000261875,content,0.0,700
meta-llama/llama-3.3-70b-instruct,271,8314,ORACLE,confounding,3,ett,simpson_drug,hard,KEEP,yes,yes,1,1,198,492,,Novita,stop,0,0.00022353,content,0.0,700
meta-llama/llama-3.3-70b-instruct,271,8314,DR_k1,confounding,3,ett,simpson_drug,hard,KEEP,yes,yes,1,1,198,531,,Novita,stop,0,0.00023913,content,0.0,700
meta-llama/llama-3.3-70b-instruct,272,20490,PROSE,confounding,3,det-counterfactual,simpson_hospital,anticommonsense,KEEP,yes,yes,1,1,131,138,,Novita,stop,0,7.2885e-05,content,0.0,700
meta-llama/llama-3.3-70b-instruct,272,20490,RAW,confounding,3,det-counterfactual,simpson_hospital,anticommonsense,KEEP,yes,yes,1,1,107,138,,Novita,stop,0,6.9645e-05,content,0.0,700
meta-llama/llama-3.3-70b-instruct,272,20490,ORACLE,confounding,3,det-counterfactual,simpson_hospital,anticommonsense,KEEP,yes,yes,1,1,146,209,,Novita,stop,0,0.00010331,content,0.0,700
meta-llama/llama-3.3-70b-instruct,272,20490,DR_k1,confounding,3,det-counterfactual,simpson_hospital,anticommonsense,KEEP,yes,yes,1,1,146,252,,Novita,stop,0,0.00012051,content,0.0,700
meta-llama/llama-3.3-70b-instruct,273,18739,PROSE,confounding,3,ett,simpson_drug,anticommonsense,KEEP,no,yes,0,1,200,435,,Novita,stop,0,0.000201,content,0.0,700
meta-llama/llama-3.3-70b-instruct,273,18739,RAW,confounding,3,ett,simpson_drug,anticommonsense,KEEP,no,no,1,1,180,700,,Novita,length,0,0.0003043,content,0.0,700
meta-llama/llama-3.3-70b-instruct,273,18739,ORACLE,confounding,3,ett,simpson_drug,anticommonsense,KEEP,no,yes,0,1,215,480,,Novita,stop,0,0.000221025,content,0.0,700
meta-llama/llama-3.3-70b-instruct,273,18739,DR_k1,confounding,3,ett,simpson_drug,anticommonsense,KEEP,no,no,1,1,215,438,,Novita,stop,0,0.000204225,content,0.0,700
meta-llama/llama-3.3-70b-instruct,274,20494,PROSE,confounding,3,det-counterfactual,simpson_hospital,anticommonsense,KEEP,no,yes,0,1,131,399,,Novita,stop,0,0.000177285,content,0.0,700
meta-llama/llama-3.3-70b-instruct,274,20494,RAW,confounding,3,det-counterfactual,simpson_hospital,anticommonsense,KEEP,no,no,1,1,107,160,,Novita,stop,0,7.8445e-05,content,0.0,700
meta-llama/llama-3.3-70b-instruct,274,20494,ORACLE,confounding,3,det-counterfactual,simpson_hospital,anticommonsense,KEEP,no,no,1,1,146,348,,Novita,stop,0,0.00015891,content,0.0,700
meta-llama/llama-3.3-70b-instruct,274,20494,DR_k1,confounding,3,det-counterfactual,simpson_hospital,anticommonsense,KEEP,no,no,1,1,146,296,,Novita,stop,0,0.00013811,content,0.0,700
meta-llama/llama-3.3-70b-instruct,275,3994,PROSE,confounding,3,ett,simpson_vaccine,easy,KEEP,yes,no,0,1,210,691,,Novita,stop,0,0.00030475,content,0.0,700
meta-llama/llama-3.3-70b-instruct,275,3994,RAW,confounding,3,ett,simpson_vaccine,easy,KEEP,yes,no,0,1,189,223,,Novita,stop,0,0.000114715,content,0.0,700
meta-llama/llama-3.3-70b-instruct,275,3994,ORACLE,confounding,3,ett,simpson_vaccine,easy,KEEP,yes,no,0,1,225,428,,Novita,stop,0,0.000201575,content,0.0,700
meta-llama/llama-3.3-70b-instruct,275,3994,DR_k1,confounding,3,ett,simpson_vaccine,easy,KEEP,yes,no,0,1,227,494,,Novita,stop,0,0.000228245,content,0.0,700
meta-llama/llama-3.3-70b-instruct,276,10086,PROSE,confounding,3,det-counterfactual,simpson_drug,commonsense,KEEP,yes,yes,1,1,120,84,,Novita,stop,0,4.98e-05,content,0.0,700
meta-llama/llama-3.3-70b-instruct,276,10086,RAW,confounding,3,det-counterfactual,simpson_drug,commonsense,KEEP,yes,yes,1,1,102,153,,Novita,stop,0,7.497e-05,content,0.0,700
meta-llama/llama-3.3-70b-instruct,276,10086,ORACLE,confounding,3,det-counterfactual,simpson_drug,commonsense,KEEP,yes,yes,1,1,135,93,,Novita,stop,0,5.5425e-05,content,0.0,700
meta-llama/llama-3.3-70b-instruct,276,10086,DR_k1,confounding,3,det-counterfactual,simpson_drug,commonsense,KEEP,yes,yes,1,1,135,133,,Novita,stop,0,7.1425e-05,content,0.0,700
meta-llama/llama-3.3-70b-instruct,277,14102,PROSE,confounding,3,ett,simpson_hospital,anticommonsense,KEEP,no,no,1,1,213,421,,Novita,stop,0,0.000197155,content,0.0,700
meta-llama/llama-3.3-70b-instruct,277,14102,RAW,confounding,3,ett,simpson_hospital,anticommonsense,KEEP,no,no,1,1,189,364,,Novita,stop,0,0.000171115,content,0.0,700
meta-llama/llama-3.3-70b-instruct,277,14102,ORACLE,confounding,3,ett,simpson_hospital,anticommonsense,KEEP,no,no,1,1,228,471,,Novita,stop,0,0.00021918,content,0.0,700
meta-llama/llama-3.3-70b-instruct,277,14102,DR_k1,confounding,3,ett,simpson_hospital,anticommonsense,KEEP,no,no,1,1,227,551,,Novita,stop,0,0.000251045,content,0.0,700
meta-llama/llama-3.3-70b-instruct,278,20458,PROSE,confounding,3,det-counterfactual,simpson_drug,anticommonsense,KEEP,yes,yes,1,1,126,139,,Novita,stop,0,7.261e-05,content,0.0,700
meta-llama/llama-3.3-70b-instruct,278,20458,RAW,confounding,3,det-counterfactual,simpson_drug,anticommonsense,KEEP,yes,yes,1,1,104,130,,Novita,stop,0,6.604e-05,content,0.0,700
meta-llama/llama-3.3-70b-instruct,278,20458,ORACLE,confounding,3,det-counterfactual,simpson_drug,anticommonsense,KEEP,yes,no,0,1,141,91,,Novita,stop,0,5.5435e-05,content,0.0,700
meta-llama/llama-3.3-70b-instruct,278,20458,DR_k1,confounding,3,det-counterfactual,simpson_drug,anticommonsense,KEEP,yes,yes,1,1,141,330,,Novita,stop,0,0.000151035,content,0.0,700
meta-llama/llama-3.3-70b-instruct,279,20508,PROSE,confounding,3,det-counterfactual,simpson_hospital,anticommonsense,KEEP,no,no,1,1,131,262,,Novita,stop,0,0.000122485,content,0.0,700
meta-llama/llama-3.3-70b-instruct,279,20508,RAW,confounding,3,det-counterfactual,simpson_hospital,anticommonsense,KEEP,no,no,1,1,107,296,,Novita,stop,0,0.000132845,content,0.0,700
meta-llama/llama-3.3-70b-instruct,279,20508,ORACLE,confounding,3,det-counterfactual,simpson_hospital,anticommonsense,KEEP,no,no,1,1,146,302,,Novita,stop,0,0.00014051,content,0.0,700
meta-llama/llama-3.3-70b-instruct,279,20508,DR_k1,confounding,3,det-counterfactual,simpson_hospital,anticommonsense,KEEP,no,no,1,1,145,274,,Novita,stop,0,0.000129175,content,0.0,700
meta-llama/llama-3.3-70b-instruct,300,15847,PROSE,diamond,2,ate,floor_wet,anticommonsense,KEEP,no,no,1,1,132,79,,Novita,stop,0,4.942e-05,content,0.0,700
meta-llama/llama-3.3-70b-instruct,300,15847,RAW,diamond,2,ate,floor_wet,anticommonsense,KEEP,no,no,1,1,103,51,,Novita,stop,0,3.4305e-05,content,0.0,700
meta-llama/llama-3.3-70b-instruct,300,15847,ORACLE,diamond,2,ate,floor_wet,anticommonsense,KEEP,no,no,1,1,147,91,,Novita,stop,0,5.6245e-05,content,0.0,700
meta-llama/llama-3.3-70b-instruct,300,15847,DR_k1,diamond,2,ate,floor_wet,anticommonsense,KEEP,no,no,1,1,147,136,,Novita,stop,0,7.4245e-05,content,0.0,700
meta-llama/llama-3.3-70b-instruct,302,15592,PROSE,diamond,2,ate,firing_squad,anticommonsense,KEEP,yes,yes,1,1,146,105,,Novita,stop,0,6.171e-05,content,0.0,700
meta-llama/llama-3.3-70b-instruct,302,15592,RAW,diamond,2,ate,firing_squad,anticommonsense,KEEP,yes,yes,1,1,112,104,,Novita,stop,0,5.672e-05,content,0.0,700
meta-llama/llama-3.3-70b-instruct,302,15592,ORACLE,diamond,2,ate,firing_squad,anticommonsense,KEEP,yes,yes,1,1,162,258,,Novita,stop,0,0.00012507,content,0.0,700
meta-llama/llama-3.3-70b-instruct,302,15592,DR_k1,diamond,2,ate,firing_squad,anticommonsense,KEEP,yes,yes,1,1,163,335,,Novita,stop,0,0.000156005,content,0.0,700
meta-llama/llama-3.3-70b-instruct,305,15717,PROSE,diamond,2,ate,floor_wet,anticommonsense,KEEP,yes,yes,1,1,132,84,,Novita,stop,0,5.142e-05,content,0.0,700
meta-llama/llama-3.3-70b-instruct,305,15717,RAW,diamond,2,ate,floor_wet,anticommonsense,KEEP,yes,yes,1,1,103,87,,Novita,stop,0,4.8705e-05,content,0.0,700
meta-llama/llama-3.3-70b-instruct,305,15717,ORACLE,diamond,2,ate,floor_wet,anticommonsense,KEEP,yes,yes,1,1,147,199,,Novita,stop,0,9.9445e-05,content,0.0,700
meta-llama/llama-3.3-70b-instruct,305,15717,DR_k1,diamond,2,ate,floor_wet,anticommonsense,KEEP,yes,yes,1,1,146,103,,Novita,stop,0,6.091e-05,content,0.0,700
meta-llama/llama-3.3-70b-instruct,307,10807,PROSE,diamond,2,ate,firing_squad,anticommonsense,KEEP,no,no,1,1,147,89,,Novita,stop,0,5.5445e-05,content,0.0,700
meta-llama/llama-3.3-70b-instruct,307,10807,RAW,diamond,2,ate,firing_squad,anticommonsense,KEEP,no,no,1,1,113,99,,Novita,stop,0,5.4855e-05,content,0.0,700
meta-llama/llama-3.3-70b-instruct,307,10807,ORACLE,diamond,2,ate,firing_squad,anticommonsense,KEEP,no,no,1,1,162,229,,Novita,stop,0,0.00011347,content,0.0,700
meta-llama/llama-3.3-70b-instruct,307,10807,DR_k1,diamond,2,ate,firing_squad,anticommonsense,KEEP,no,no,1,1,163,238,,Novita,stop,0,0.000117205,content,0.0,700
meta-llama/llama-3.3-70b-instruct,309,16416,PROSE,diamond,2,ate,vaccine_kills,anticommonsense,KEEP,no,no,1,1,139,101,,Novita,stop,0,5.9165e-05,content,0.0,700
meta-llama/llama-3.3-70b-instruct,309,16416,RAW,diamond,2,ate,vaccine_kills,anticommonsense,KEEP,no,no,1,1,100,82,,Novita,stop,0,4.63e-05,content,0.0,700
meta-llama/llama-3.3-70b-instruct,309,16416,ORACLE,diamond,2,ate,vaccine_kills,anticommonsense,KEEP,no,no,1,1,154,278,,Novita,stop,0,0.00013199,content,0.0,700
meta-llama/llama-3.3-70b-instruct,309,16416,DR_k1,diamond,2,ate,vaccine_kills,anticommonsense,KEEP,no,no,1,1,154,153,,Novita,stop,0,8.199e-05,content,0.0,700
meta-llama/llama-3.3-70b-instruct,312,1268,PROSE,diamond,2,ate,vaccine_kills,easy,KEEP,yes,yes,1,1,149,104,,Novita,stop,0,6.1715e-05,content,0.0,700
meta-llama/llama-3.3-70b-instruct,312,1268,RAW,diamond,2,ate,vaccine_kills,easy,KEEP,yes,yes,1,1,106,80,,Novita,stop,0,4.631e-05,content,0.0,700
meta-llama/llama-3.3-70b-instruct,312,1268,ORACLE,diamond,2,ate,vaccine_kills,easy,KEEP,yes,yes,1,1,164,201,,Novita,stop,0,0.00010254,content,0.0,700
meta-llama/llama-3.3-70b-instruct,312,1268,DR_k1,diamond,2,ate,vaccine_kills,easy,KEEP,yes,yes,1,1,162,311,,Novita,stop,0,0.00014627,content,0.0,700
meta-llama/llama-3.3-70b-instruct,313,612,PROSE,diamond,2,ate,floor_wet,easy,KEEP,yes,yes,1,1,132,84,,Novita,stop,0,5.142e-05,content,0.0,700
meta-llama/llama-3.3-70b-instruct,313,612,RAW,diamond,2,ate,floor_wet,easy,KEEP,yes,yes,1,1,103,86,,Novita,stop,0,4.8305e-05,content,0.0,700
meta-llama/llama-3.3-70b-instruct,313,612,ORACLE,diamond,2,ate,floor_wet,easy,KEEP,yes,yes,1,1,147,189,,Novita,stop,0,9.5445e-05,content,0.0,700
meta-llama/llama-3.3-70b-instruct,313,612,DR_k1,diamond,2,ate,floor_wet,easy,KEEP,yes,yes,1,1,146,198,,Novita,stop,0,9.891e-05,content,0.0,700
meta-llama/llama-3.3-70b-instruct,315,10979,PROSE,diamond,2,ate,floor_wet,anticommonsense,KEEP,no,no,1,1,138,90,,Novita,stop,0,5.463e-05,content,0.0,700
meta-llama/llama-3.3-70b-instruct,315,10979,RAW,diamond,2,ate,floor_wet,anticommonsense,KEEP,no,no,1,1,108,95,,Novita,stop,0,5.258e-05,content,0.0,700
meta-llama/llama-3.3-70b-instruct,315,10979,ORACLE,diamond,2,ate,floor_wet,anticommonsense,KEEP,no,no,1,1,153,176,,Novita,stop,0,9.1055e-05,content,0.0,700
meta-llama/llama-3.3-70b-instruct,315,10979,DR_k1,diamond,2,ate,floor_wet,anticommonsense,KEEP,no,no,1,1,152,251,,Novita,stop,0,0.00012092,content,0.0,700
meta-llama/llama-3.3-70b-instruct,319,11649,PROSE,diamond,2,ate,vaccine_kills,anticommonsense,KEEP,no,no,1,1,156,106,,Novita,stop,0,6.346e-05,content,0.0,700
meta-llama/llama-3.3-70b-instruct,319,11649,RAW,diamond,2,ate,vaccine_kills,anticommonsense,KEEP,no,no,1,1,113,84,,Novita,stop,0,4.8855e-05,content,0.0,700
meta-llama/llama-3.3-70b-instruct,319,11649,ORACLE,diamond,2,ate,vaccine_kills,anticommonsense,KEEP,no,no,1,1,171,325,,Novita,stop,0,0.000153085,content,0.0,700
meta-llama/llama-3.3-70b-instruct,319,11649,DR_k1,diamond,2,ate,vaccine_kills,anticommonsense,KEEP,no,no,1,1,170,189,,Novita,stop,0,9.855e-05,content,0.0,700
meta-llama/llama-3.3-70b-instruct,320,1181,PROSE,diamond,3,nie,vaccine_kills,easy,KEEP,no,no,1,1,156,295,,Novita,stop,0,0.00013906,content,0.0,700
meta-llama/llama-3.3-70b-instruct,320,1181,RAW,diamond,3,nie,vaccine_kills,easy,KEEP,no,no,1,1,113,187,,Novita,stop,0,9.0055e-05,content,0.0,700
meta-llama/llama-3.3-70b-instruct,320,1181,ORACLE,diamond,3,nie,vaccine_kills,easy,KEEP,no,no,1,1,171,351,,Novita,stop,0,0.000163485,content,0.0,700
meta-llama/llama-3.3-70b-instruct,320,1181,DR_k1,diamond,3,nie,vaccine_kills,easy,KEEP,no,no,1,1,170,455,,Novita,stop,0,0.00020495,content,0.0,700
meta-llama/llama-3.3-70b-instruct,321,9589,PROSE,diamond,3,det-counterfactual,firing_squad,commonsense,KEEP,no,yes,0,1,156,357,,Novita,stop,0,0.00016386,content,0.0,700
meta-llama/llama-3.3-70b-instruct,321,9589,RAW,diamond,3,det-counterfactual,firing_squad,commonsense,KEEP,no,yes,0,1,123,190,,Novita,stop,0,9.2605e-05,content,0.0,700
meta-llama/llama-3.3-70b-instruct,321,9589,ORACLE,diamond,3,det-counterfactual,firing_squad,commonsense,KEEP,no,yes,0,1,171,197,,Novita,stop,0,0.000101885,content,0.0,700
meta-llama/llama-3.3-70b-instruct,321,9589,DR_k1,diamond,3,det-counterfactual,firing_squad,commonsense,KEEP,no,yes,0,1,170,361,,Novita,stop,0,0.00016735,content,0.0,700
meta-llama/llama-3.3-70b-instruct,322,15589,PROSE,diamond,3,nie,firing_squad,anticommonsense,KEEP,yes,no,0,1,148,224,,Novita,stop,0,0.00010958,content,0.0,700
meta-llama/llama-3.3-70b-instruct,322,15589,RAW,diamond,3,nie,firing_squad,anticommonsense,KEEP,yes,no,0,1,114,161,,Novita,stop,0,7.979e-05,content,0.0,700
meta-llama/llama-3.3-70b-instruct,322,15589,ORACLE,diamond,3,nie,firing_squad,anticommonsense,KEEP,yes,no,0,1,164,193,,Novita,stop,0,9.934e-05,content,0.0,700
meta-llama/llama-3.3-70b-instruct,322,15589,DR_k1,diamond,3,nie,firing_squad,anticommonsense,KEEP,yes,no,0,1,165,333,,Novita,stop,0,0.000155475,content,0.0,700
meta-llama/llama-3.3-70b-instruct,323,9610,PROSE,diamond,3,det-counterfactual,floor_wet,commonsense,KEEP,no,no,1,1,125,179,,Novita,stop,0,8.8475e-05,content,0.0,700
meta-llama/llama-3.3-70b-instruct,323,9610,RAW,diamond,3,det-counterfactual,floor_wet,commonsense,KEEP,no,no,1,1,96,90,,Novita,stop,0,4.896e-05,content,0.0,700
meta-llama/llama-3.3-70b-instruct,323,9610,ORACLE,diamond,3,det-counterfactual,floor_wet,commonsense,KEEP,no,no,1,1,140,88,,Novita,stop,0,5.41e-05,content,0.0,700
meta-llama/llama-3.3-70b-instruct,323,9610,DR_k1,diamond,3,det-counterfactual,floor_wet,commonsense,KEEP,no,no,1,1,140,132,,Novita,stop,0,7.17e-05,content,0.0,700
meta-llama/llama-3.3-70b-instruct,324,11697,PROSE,diamond,3,ett,vaccine_kills,anticommonsense,KEEP,no,no,1,1,170,86,,Novita,stop,0,5.735e-05,content,0.0,700
meta-llama/llama-3.3-70b-instruct,324,11697,RAW,diamond,3,ett,vaccine_kills,anticommonsense,KEEP,no,no,1,1,127,87,,Novita,stop,0,5.1945e-05,content,0.0,700
meta-llama/llama-3.3-70b-instruct,324,11697,ORACLE,diamond,3,ett,vaccine_kills,anticommonsense,KEEP,no,no,1,1,185,318,,Novita,stop,0,0.000152175,content,0.0,700
meta-llama/llama-3.3-70b-instruct,324,11697,DR_k1,diamond,3,ett,vaccine_kills,anticommonsense,KEEP,no,no,1,1,184,486,,Novita,stop,0,0.00021924,content,0.0,700
meta-llama/llama-3.3-70b-instruct,325,11055,PROSE,diamond,3,nie,floor_wet,anticommonsense,KEEP,no,no,1,1,140,402,,Novita,stop,0,0.0001797,content,0.0,700
meta-llama/llama-3.3-70b-instruct,325,11055,RAW,diamond,3,nie,floor_wet,anticommonsense,KEEP,no,no,1,1,110,255,,Novita,stop,0,0.00011685,content,0.0,700
meta-llama/llama-3.3-70b-instruct,325,11055,ORACLE,diamond,3,nie,floor_wet,anticommonsense,KEEP,no,no,1,1,155,201,,Novita,stop,0,0.000101325,content,0.0,700
meta-llama/llama-3.3-70b-instruct,325,11055,DR_k1,diamond,3,nie,floor_wet,anticommonsense,KEEP,no,no,1,1,155,341,,Novita,stop,0,0.000157325,content,0.0,700
meta-llama/llama-3.3-70b-instruct,326,11580,PROSE,diamond,3,nie,vaccine_kills,anticommonsense,KEEP,yes,yes,1,1,162,226,,Novita,stop,0,0.00011227,content,0.0,700
meta-llama/llama-3.3-70b-instruct,326,11580,RAW,diamond,3,nie,vaccine_kills,anticommonsense,KEEP,yes,yes,1,1,119,207,,Novita,stop,0,9.8865e-05,content,0.0,700
meta-llama/llama-3.3-70b-instruct,326,11580,ORACLE,diamond,3,nie,vaccine_kills,anticommonsense,KEEP,yes,yes,1,1,177,275,,Novita,stop,0,0.000133895,content,0.0,700
meta-llama/llama-3.3-70b-instruct,326,11580,DR_k1,diamond,3,nie,vaccine_kills,anticommonsense,KEEP,yes,yes,1,1,177,383,,Novita,stop,0,0.000177095,content,0.0,700
meta-llama/llama-3.3-70b-instruct,327,5352,PROSE,diamond,3,ett,floor_wet,hard,KEEP,no,no,1,1,144,517,,Novita,stop,0,0.00022624,content,0.0,700
meta-llama/llama-3.3-70b-instruct,327,5352,RAW,diamond,3,ett,floor_wet,hard,KEEP,no,yes,0,1,115,405,,Novita,stop,0,0.000177525,content,0.0,700
meta-llama/llama-3.3-70b-instruct,327,5352,ORACLE,diamond,3,ett,floor_wet,hard,KEEP,no,yes,0,1,159,248,,Novita,stop,0,0.000120665,content,0.0,700
meta-llama/llama-3.3-70b-instruct,327,5352,DR_k1,diamond,3,ett,floor_wet,hard,KEEP,no,no,1,1,159,348,,Novita,stop,0,0.000160665,content,0.0,700
meta-llama/llama-3.3-70b-instruct,328,15653,PROSE,diamond,3,ett,firing_squad,anticommonsense,KEEP,yes,yes,1,1,159,131,,Novita,stop,0,7.3865e-05,content,0.0,700
meta-llama/llama-3.3-70b-instruct,328,15653,RAW,diamond,3,ett,firing_squad,anticommonsense,KEEP,yes,yes,1,1,125,107,,Novita,stop,0,5.9675e-05,content,0.0,700
meta-llama/llama-3.3-70b-instruct,328,15653,ORACLE,diamond,3,ett,firing_squad,anticommonsense,KEEP,yes,yes,1,1,175,214,,Novita,stop,0,0.000109225,content,0.0,700
meta-llama/llama-3.3-70b-instruct,328,15653,DR_k1,diamond,3,ett,firing_squad,anticommonsense,KEEP,yes,yes,1,1,176,233,,Novita,stop,0,0.00011696,content,0.0,700
meta-llama/llama-3.3-70b-instruct,329,11017,PROSE,diamond,3,nie,floor_wet,anticommonsense,KEEP,yes,yes,1,1,140,187,,Novita,stop,0,9.37e-05,content,0.0,700
meta-llama/llama-3.3-70b-instruct,329,11017,RAW,diamond,3,nie,floor_wet,anticommonsense,KEEP,yes,yes,1,1,110,173,,Novita,stop,0,8.405e-05,content,0.0,700
meta-llama/llama-3.3-70b-instruct,329,11017,ORACLE,diamond,3,nie,floor_wet,anticommonsense,KEEP,yes,yes,1,1,155,230,,Novita,stop,0,0.000112925,content,0.0,700
meta-llama/llama-3.3-70b-instruct,329,11017,DR_k1,diamond,3,nie,floor_wet,anticommonsense,KEEP,yes,yes,1,1,155,207,,Novita,stop,0,0.000103725,content,0.0,700
meta-llama/llama-3.3-70b-instruct,330,1260,PROSE,diamond,3,nie,vaccine_kills,easy,KEEP,no,no,1,1,156,331,,Novita,stop,0,0.00015346,content,0.0,700
meta-llama/llama-3.3-70b-instruct,330,1260,RAW,diamond,3,nie,vaccine_kills,easy,KEEP,no,no,1,1,113,117,,Novita,stop,0,6.2055e-05,content,0.0,700
meta-llama/llama-3.3-70b-instruct,330,1260,ORACLE,diamond,3,nie,vaccine_kills,easy,KEEP,no,no,1,1,171,284,,Novita,stop,0,0.000136685,content,0.0,700
meta-llama/llama-3.3-70b-instruct,330,1260,DR_k1,diamond,3,nie,vaccine_kills,easy,KEEP,no,no,1,1,169,453,,Novita,stop,0,0.000204015,content,0.0,700
meta-llama/llama-3.3-70b-instruct,331,10840,PROSE,diamond,3,ett,firing_squad,anticommonsense,KEEP,no,no,1,1,161,77,,Novita,stop,0,5.2535e-05,content,0.0,700
meta-llama/llama-3.3-70b-instruct,331,10840,RAW,diamond,3,ett,firing_squad,anticommonsense,KEEP,no,no,1,1,127,553,,Novita,stop,0,0.000238345,content,0.0,700
meta-llama/llama-3.3-70b-instruct,331,10840,ORACLE,diamond,3,ett,firing_squad,anticommonsense,KEEP,no,no,1,1,176,441,,Novita,stop,0,0.00020016,content,0.0,700
meta-llama/llama-3.3-70b-instruct,331,10840,DR_k1,diamond,3,ett,firing_squad,anticommonsense,KEEP,no,no,1,1,177,450,,Novita,stop,0,0.000203895,content,0.0,700
meta-llama/llama-3.3-70b-instruct,332,9597,PROSE,diamond,3,det-counterfactual,firing_squad,commonsense,KEEP,no,yes,0,1,155,121,,Novita,stop,0,6.9325e-05,content,0.0,700
meta-llama/llama-3.3-70b-instruct,332,9597,RAW,diamond,3,det-counterfactual,firing_squad,commonsense,KEEP,no,yes,0,1,122,117,,Novita,stop,0,6.327e-05,content,0.0,700
meta-llama/llama-3.3-70b-instruct,332,9597,ORACLE,diamond,3,det-counterfactual,firing_squad,commonsense,KEEP,no,yes,0,1,170,219,,Novita,stop,0,0.00011055,content,0.0,700
meta-llama/llama-3.3-70b-instruct,332,9597,DR_k1,diamond,3,det-counterfactual,firing_squad,commonsense,KEEP,no,yes,0,1,170,241,,Novita,stop,0,0.00011935,content,0.0,700
meta-llama/llama-3.3-70b-instruct,333,16443,PROSE,diamond,3,ett,vaccine_kills,anticommonsense,KEEP,yes,no,0,1,150,140,,Novita,stop,0,7.625e-05,content,0.0,700
meta-llama/llama-3.3-70b-instruct,333,16443,RAW,diamond,3,ett,vaccine_kills,anticommonsense,KEEP,yes,no,0,1,111,98,,Novita,stop,0,5.4185e-05,content,0.0,700
meta-llama/llama-3.3-70b-instruct,333,16443,ORACLE,diamond,3,ett,vaccine_kills,anticommonsense,KEEP,yes,no,0,1,165,206,,Novita,stop,0,0.000104675,content,0.0,700
meta-llama/llama-3.3-70b-instruct,333,16443,DR_k1,diamond,3,ett,vaccine_kills,anticommonsense,KEEP,yes,no,0,1,165,335,,Novita,stop,0,0.000156275,content,0.0,700
meta-llama/llama-3.3-70b-instruct,334,518,PROSE,diamond,3,nie,firing_squad,easy,KEEP,no,yes,0,1,143,335,,Novita,stop,0,0.000153305,content,0.0,700
meta-llama/llama-3.3-70b-instruct,334,518,RAW,diamond,3,nie,firing_squad,easy,KEEP,no,no,1,1,110,256,,Novita,stop,0,0.00011725,content,0.0,700
meta-llama/llama-3.3-70b-instruct,334,518,ORACLE,diamond,3,nie,firing_squad,easy,KEEP,no,yes,0,1,158,305,,Novita,stop,0,0.00014333,content,0.0,700
meta-llama/llama-3.3-70b-instruct,334,518,DR_k1,diamond,3,nie,firing_squad,easy,KEEP,no,yes,0,1,159,466,,Novita,stop,0,0.000207865,content,0.0,700
meta-llama/llama-3.3-70b-instruct,335,11023,PROSE,diamond,3,nie,floor_wet,anticommonsense,KEEP,yes,yes,1,1,140,213,,Novita,stop,0,0.0001041,content,0.0,700
meta-llama/llama-3.3-70b-instruct,335,11023,RAW,diamond,3,nie,floor_wet,anticommonsense,KEEP,yes,yes,1,1,110,158,,Novita,stop,0,7.805e-05,content,0.0,700
meta-llama/llama-3.3-70b-instruct,335,11023,ORACLE,diamond,3,nie,floor_wet,anticommonsense,KEEP,yes,yes,1,1,155,175,,Novita,stop,0,9.0925e-05,content,0.0,700
meta-llama/llama-3.3-70b-instruct,335,11023,DR_k1,diamond,3,nie,floor_wet,anticommonsense,KEEP,yes,yes,1,1,154,335,,Novita,stop,0,0.00015479,content,0.0,700
meta-llama/llama-3.3-70b-instruct,336,11061,PROSE,diamond,3,ett,floor_wet,anticommonsense,KEEP,no,yes,0,1,153,81,,Novita,stop,0,5.3055e-05,content,0.0,700
meta-llama/llama-3.3-70b-instruct,336,11061,RAW,diamond,3,ett,floor_wet,anticommonsense,KEEP,no,yes,0,1,123,51,,Novita,stop,0,3.7005e-05,content,0.0,700
meta-llama/llama-3.3-70b-instruct,336,11061,ORACLE,diamond,3,ett,floor_wet,anticommonsense,KEEP,no,yes,0,1,168,137,,Novita,stop,0,7.748e-05,content,0.0,700
meta-llama/llama-3.3-70b-instruct,336,11061,DR_k1,diamond,3,ett,floor_wet,anticommonsense,KEEP,no,yes,0,1,168,161,,Novita,stop,0,8.708e-05,content,0.0,700
meta-llama/llama-3.3-70b-instruct,337,6020,PROSE,diamond,3,ett,vaccine_kills,hard,KEEP,no,yes,0,1,160,97,,Novita,stop,0,6.04e-05,content,0.0,700
meta-llama/llama-3.3-70b-instruct,337,6020,RAW,diamond,3,ett,vaccine_kills,hard,KEEP,no,yes,0,1,117,89,,Novita,stop,0,5.1395e-05,content,0.0,700
meta-llama/llama-3.3-70b-instruct,337,6020,ORACLE,diamond,3,ett,vaccine_kills,hard,KEEP,no,yes,0,1,175,200,,Novita,stop,0,0.000103625,content,0.0,700
meta-llama/llama-3.3-70b-instruct,337,6020,DR_k1,diamond,3,ett,vaccine_kills,hard,KEEP,no,yes,0,1,174,201,,Novita,stop,0,0.00010389,content,0.0,700
meta-llama/llama-3.3-70b-instruct,338,610,PROSE,diamond,3,nie,floor_wet,easy,KEEP,yes,yes,1,1,133,282,,Novita,stop,0,0.000130755,content,0.0,700
meta-llama/llama-3.3-70b-instruct,338,610,RAW,diamond,3,nie,floor_wet,easy,KEEP,yes,yes,1,1,104,252,,Novita,stop,0,0.00011484,content,0.0,700
meta-llama/llama-3.3-70b-instruct,338,610,ORACLE,diamond,3,nie,floor_wet,easy,KEEP,yes,yes,1,1,148,208,,Novita,stop,0,0.00010318,content,0.0,700
meta-llama/llama-3.3-70b-instruct,338,610,DR_k1,diamond,3,nie,floor_wet,easy,KEEP,yes,yes,1,1,147,388,,Novita,stop,0,0.000175045,content,0.0,700
meta-llama/llama-3.3-70b-instruct,339,1253,PROSE,diamond,3,nie,vaccine_kills,easy,KEEP,yes,yes,1,1,156,214,,Novita,stop,0,0.00010666,content,0.0,700
meta-llama/llama-3.3-70b-instruct,339,1253,RAW,diamond,3,nie,vaccine_kills,easy,KEEP,yes,yes,1,1,113,97,,Novita,stop,0,5.4055e-05,content,0.0,700
meta-llama/llama-3.3-70b-instruct,339,1253,ORACLE,diamond,3,nie,vaccine_kills,easy,KEEP,yes,yes,1,1,171,338,,Novita,stop,0,0.000158285,content,0.0,700
meta-llama/llama-3.3-70b-instruct,339,1253,DR_k1,diamond,3,nie,vaccine_kills,easy,KEEP,yes,yes,1,1,170,389,,Novita,stop,0,0.00017855,content,0.0,700
meta-llama/llama-3.3-70b-instruct,360,349,PROSE,diamondcut,2,ate,firing_employee,easy,KEEP,yes,yes,1,1,209,233,,Novita,stop,0,0.000121415,content,0.0,700
meta-llama/llama-3.3-70b-instruct,360,349,RAW,diamondcut,2,ate,firing_employee,easy,KEEP,yes,yes,1,1,183,324,,Novita,stop,0,0.000154305,content,0.0,700
meta-llama/llama-3.3-70b-instruct,360,349,ORACLE,diamondcut,2,ate,firing_employee,easy,KEEP,yes,yes,1,1,225,305,,Novita,stop,0,0.000152375,content,0.0,700
meta-llama/llama-3.3-70b-instruct,360,349,DR_k1,diamondcut,2,ate,firing_employee,easy,KEEP,yes,yes,1,1,225,391,,Novita,stop,0,0.000186775,content,0.0,700
meta-llama/llama-3.3-70b-instruct,361,287,PROSE,diamondcut,2,ate,firing_employee,easy,KEEP,no,no,1,1,209,323,,Novita,stop,0,0.000157415,content,0.0,700
meta-llama/llama-3.3-70b-instruct,361,287,RAW,diamondcut,2,ate,firing_employee,easy,KEEP,no,no,1,1,183,376,,Novita,stop,0,0.000175105,content,0.0,700
meta-llama/llama-3.3-70b-instruct,361,287,ORACLE,diamondcut,2,ate,firing_employee,easy,KEEP,no,no,1,1,225,397,,Novita,stop,0,0.000189175,content,0.0,700
meta-llama/llama-3.3-70b-instruct,361,287,DR_k1,diamondcut,2,ate,firing_employee,easy,KEEP,no,no,1,1,225,632,,Novita,stop,0,0.000283175,content,0.0,700
meta-llama/llama-3.3-70b-instruct,362,15562,PROSE,diamondcut,2,ate,firing_employee,anticommonsense,KEEP,no,no,1,1,206,349,,Novita,stop,0,0.00016741,content,0.0,700
meta-llama/llama-3.3-70b-instruct,362,15562,RAW,diamondcut,2,ate,firing_employee,anticommonsense,KEEP,no,no,1,1,178,330,,Novita,stop,0,0.00015603,content,0.0,700
meta-llama/llama-3.3-70b-instruct,362,15562,ORACLE,diamondcut,2,ate,firing_employee,anticommonsense,KEEP,no,no,1,1,222,505,,Novita,stop,0,0.00023197,content,0.0,700
meta-llama/llama-3.3-70b-instruct,362,15562,DR_k1,diamondcut,2,ate,firing_employee,anticommonsense,KEEP,no,no,1,1,222,316,,Novita,stop,0,0.00015637,content,0.0,700
meta-llama/llama-3.3-70b-instruct,364,10722,PROSE,diamondcut,2,ate,firing_employee,anticommonsense,KEEP,no,no,1,1,201,354,,Novita,stop,0,0.000168735,content,0.0,700
meta-llama/llama-3.3-70b-instruct,364,10722,RAW,diamondcut,2,ate,firing_employee,anticommonsense,KEEP,no,no,1,1,171,306,,Novita,stop,0,0.000145485,content,0.0,700
meta-llama/llama-3.3-70b-instruct,364,10722,ORACLE,diamondcut,2,ate,firing_employee,anticommonsense,KEEP,no,no,1,1,219,648,,Novita,stop,0,0.000288765,content,0.0,700
meta-llama/llama-3.3-70b-instruct,364,10722,DR_k1,diamondcut,2,ate,firing_employee,anticommonsense,KEEP,no,no,1,1,220,485,,Novita,stop,0,0.0002237,content,0.0,700
meta-llama/llama-3.3-70b-instruct,365,10713,PROSE,diamondcut,2,ate,firing_employee,anticommonsense,KEEP,no,no,1,1,201,596,,Novita,stop,0,0.000265535,content,0.0,700
meta-llama/llama-3.3-70b-instruct,365,10713,RAW,diamondcut,2,ate,firing_employee,anticommonsense,KEEP,no,no,1,1,171,404,,Novita,stop,0,0.000184685,content,0.0,700
meta-llama/llama-3.3-70b-instruct,365,10713,ORACLE,diamondcut,2,ate,firing_employee,anticommonsense,KEEP,no,no,1,1,219,485,,Novita,stop,0,0.000223565,content,0.0,700
meta-llama/llama-3.3-70b-instruct,365,10713,DR_k1,diamondcut,2,ate,firing_employee,anticommonsense,KEEP,no,no,1,1,219,444,,Novita,stop,0,0.000207165,content,0.0,700
meta-llama/llama-3.3-70b-instruct,367,5143,PROSE,diamondcut,2,ate,firing_employee,hard,KEEP,no,no,1,1,209,372,,Novita,stop,0,0.000177015,content,0.0,700
meta-llama/llama-3.3-70b-instruct,367,5143,RAW,diamondcut,2,ate,firing_employee,hard,KEEP,no,no,1,1,183,354,,Novita,stop,0,0.000166305,content,0.0,700
meta-llama/llama-3.3-70b-instruct,367,5143,ORACLE,diamondcut,2,ate,firing_employee,hard,KEEP,no,no,1,1,225,400,,Novita,stop,0,0.000190375,content,0.0,700
meta-llama/llama-3.3-70b-instruct,367,5143,DR_k1,diamondcut,2,ate,firing_employee,hard,KEEP,no,no,1,1,225,471,,Novita,stop,0,0.000218775,content,0.0,700
meta-llama/llama-3.3-70b-instruct,368,340,PROSE,diamondcut,2,ate,firing_employee,easy,KEEP,no,no,1,1,209,513,,Novita,stop,0,0.000233415,content,0.0,700
meta-llama/llama-3.3-70b-instruct,368,340,RAW,diamondcut,2,ate,firing_employee,easy,KEEP,no,no,1,1,183,398,,Novita,stop,0,0.000183905,content,0.0,700
meta-llama/llama-3.3-70b-instruct,368,340,ORACLE,diamondcut,2,ate,firing_employee,easy,KEEP,no,no,1,1,225,444,,Novita,stop,0,0.000207975,content,0.0,700
meta-llama/llama-3.3-70b-instruct,368,340,DR_k1,diamondcut,2,ate,firing_employee,easy,KEEP,no,no,1,1,225,538,,Novita,stop,0,0.000245575,content,0.0,700
meta-llama/llama-3.3-70b-instruct,369,286,PROSE,diamondcut,2,ate,firing_employee,easy,KEEP,yes,yes,1,1,209,275,,Novita,stop,0,0.000138215,content,0.0,700
meta-llama/llama-3.3-70b-instruct,369,286,RAW,diamondcut,2,ate,firing_employee,easy,KEEP,yes,yes,1,1,183,369,,Novita,stop,0,0.000172305,content,0.0,700
meta-llama/llama-3.3-70b-instruct,369,286,ORACLE,diamondcut,2,ate,firing_employee,easy,KEEP,yes,yes,1,1,225,402,,Novita,stop,0,0.000191175,content,0.0,700
meta-llama/llama-3.3-70b-instruct,369,286,DR_k1,diamondcut,2,ate,firing_employee,easy,KEEP,yes,yes,1,1,226,387,,Novita,stop,0,0.00018531,content,0.0,700
meta-llama/llama-3.3-70b-instruct,371,15502,PROSE,diamondcut,2,ate,firing_employee,anticommonsense,KEEP,no,no,1,1,206,295,,Novita,stop,0,0.00014581,content,0.0,700
meta-llama/llama-3.3-70b-instruct,371,15502,RAW,diamondcut,2,ate,firing_employee,anticommonsense,KEEP,no,no,1,1,178,321,,Novita,stop,0,0.00015243,content,0.0,700
meta-llama/llama-3.3-70b-instruct,371,15502,ORACLE,diamondcut,2,ate,firing_employee,anticommonsense,KEEP,no,no,1,1,222,425,,Novita,stop,0,0.00019997,content,0.0,700
meta-llama/llama-3.3-70b-instruct,371,15502,DR_k1,diamondcut,2,ate,firing_employee,anticommonsense,KEEP,no,no,1,1,223,452,,Novita,stop,0,0.000210905,content,0.0,700
meta-llama/llama-3.3-70b-instruct,372,15505,PROSE,diamondcut,2,ate,firing_employee,anticommonsense,KEEP,yes,yes,1,1,206,327,,Novita,stop,0,0.00015861,content,0.0,700
meta-llama/llama-3.3-70b-instruct,372,15505,RAW,diamondcut,2,ate,firing_employee,anticommonsense,KEEP,yes,yes,1,1,178,284,,Novita,stop,0,0.00013763,content,0.0,700
meta-llama/llama-3.3-70b-instruct,372,15505,ORACLE,diamondcut,2,ate,firing_employee,anticommonsense,KEEP,yes,yes,1,1,222,368,,Novita,stop,0,0.00017717,content,0.0,700
meta-llama/llama-3.3-70b-instruct,372,15505,DR_k1,diamondcut,2,ate,firing_employee,anticommonsense,KEEP,yes,yes,1,1,223,347,,Novita,stop,0,0.000168905,content,0.0,700
meta-llama/llama-3.3-70b-instruct,374,5121,PROSE,diamondcut,2,ate,firing_employee,hard,KEEP,no,no,1,1,209,363,,Novita,stop,0,0.000173415,content,0.0,700
meta-llama/llama-3.3-70b-instruct,374,5121,RAW,diamondcut,2,ate,firing_employee,hard,KEEP,no,no,1,1,183,615,,Novita,stop,0,0.000270705,content,0.0,700
meta-llama/llama-3.3-70b-instruct,374,5121,ORACLE,diamondcut,2,ate,firing_employee,hard,KEEP,no,no,1,1,225,679,,Novita,stop,0,0.000301975,content,0.0,700
meta-llama/llama-3.3-70b-instruct,374,5121,DR_k1,diamondcut,2,ate,firing_employee,hard,KEEP,no,no,1,1,226,517,,Novita,stop,0,0.00023731,content,0.0,700
meta-llama/llama-3.3-70b-instruct,377,15520,PROSE,diamondcut,2,ate,firing_employee,anticommonsense,KEEP,no,no,1,1,206,432,,Novita,stop,0,0.00020061,content,0.0,700
meta-llama/llama-3.3-70b-instruct,377,15520,RAW,diamondcut,2,ate,firing_employee,anticommonsense,KEEP,no,no,1,1,178,289,,Novita,stop,0,0.00013963,content,0.0,700
meta-llama/llama-3.3-70b-instruct,377,15520,ORACLE,diamondcut,2,ate,firing_employee,anticommonsense,KEEP,no,no,1,1,222,382,,Novita,stop,0,0.00018277,content,0.0,700
meta-llama/llama-3.3-70b-instruct,377,15520,DR_k1,diamondcut,2,ate,firing_employee,anticommonsense,KEEP,no,no,1,1,223,326,,Novita,stop,0,0.000160505,content,0.0,700
meta-llama/llama-3.3-70b-instruct,380,351,PROSE,diamondcut,3,ett,firing_employee,easy,KEEP,yes,no,0,1,254,502,,Novita,stop,0,0.00023509,content,0.0,700
meta-llama/llama-3.3-70b-instruct,380,351,RAW,diamondcut,3,ett,firing_employee,easy,KEEP,yes,yes,1,1,228,403,,Novita,stop,0,0.00019198,content,0.0,700
meta-llama/llama-3.3-70b-instruct,380,351,ORACLE,diamondcut,3,ett,firing_employee,easy,KEEP,yes,,0,0,270,700,,Novita,length,0,0.00031645,content,0.0,700
meta-llama/llama-3.3-70b-instruct,380,351,DR_k1,diamondcut,3,ett,firing_employee,easy,KEEP,yes,no,0,1,271,577,,Novita,stop,0,0.000267385,content,0.0,700
meta-llama/llama-3.3-70b-instruct,381,19972,PROSE,diamondcut,3,det-counterfactual,firing_employee,anticommonsense,KEEP,yes,no,0,1,154,185,,Novita,stop,0,9.479e-05,content,0.0,700
meta-llama/llama-3.3-70b-instruct,381,19972,RAW,diamondcut,3,det-counterfactual,firing_employee,anticommonsense,KEEP,yes,no,0,1,124,322,,Novita,stop,0,0.00014554,content,0.0,700
meta-llama/llama-3.3-70b-instruct,381,19972,ORACLE,diamondcut,3,det-counterfactual,firing_employee,anticommonsense,KEEP,yes,no,0,1,172,398,,Novita,stop,0,0.00018242,content,0.0,700
meta-llama/llama-3.3-70b-instruct,381,19972,DR_k1,diamondcut,3,det-counterfactual,firing_employee,anticommonsense,KEEP,yes,no,0,1,172,349,,Novita,stop,0,0.00016282,content,0.0,700
meta-llama/llama-3.3-70b-instruct,382,10719,PROSE,diamondcut,3,ett,firing_employee,anticommonsense,KEEP,yes,yes,1,1,254,595,,Novita,stop,0,0.00027229,content,0.0,700
meta-llama/llama-3.3-70b-instruct,382,10719,RAW,diamondcut,3,ett,firing_employee,anticommonsense,KEEP,yes,yes,1,1,224,573,,Novita,stop,0,0.00025944,content,0.0,700
meta-llama/llama-3.3-70b-instruct,382,10719,ORACLE,diamondcut,3,ett,firing_employee,anticommonsense,KEEP,yes,yes,1,1,272,448,,Novita,stop,0,0.00021592,content,0.0,700
meta-llama/llama-3.3-70b-instruct,382,10719,DR_k1,diamondcut,3,ett,firing_employee,anticommonsense,KEEP,yes,yes,1,1,273,448,,Novita,stop,0,0.000216055,content,0.0,700
meta-llama/llama-3.3-70b-instruct,383,19977,PROSE,diamondcut,3,det-counterfactual,firing_employee,anticommonsense,KEEP,yes,no,0,1,155,279,,Novita,stop,0,0.000132525,content,0.0,700
meta-llama/llama-3.3-70b-instruct,383,19977,RAW,diamondcut,3,det-counterfactual,firing_employee,anticommonsense,KEEP,yes,no,0,1,125,365,,Novita,stop,0,0.000162875,content,0.0,700
meta-llama/llama-3.3-70b-instruct,383,19977,ORACLE,diamondcut,3,det-counterfactual,firing_employee,anticommonsense,KEEP,yes,no,0,1,173,370,,Novita,stop,0,0.000171355,content,0.0,700
meta-llama/llama-3.3-70b-instruct,383,19977,DR_k1,diamondcut,3,det-counterfactual,firing_employee,anticommonsense,KEEP,yes,no,0,1,173,617,,Novita,stop,0,0.000270155,content,0.0,700
meta-llama/llama-3.3-70b-instruct,384,15575,PROSE,diamondcut,3,ett,firing_employee,anticommonsense,KEEP,no,yes,0,1,251,490,,Novita,stop,0,0.000229885,content,0.0,700
meta-llama/llama-3.3-70b-instruct,384,15575,RAW,diamondcut,3,ett,firing_employee,anticommonsense,KEEP,no,yes,0,1,223,349,,Novita,stop,0,0.000169705,content,0.0,700
meta-llama/llama-3.3-70b-instruct,384,15575,ORACLE,diamondcut,3,ett,firing_employee,anticommonsense,KEEP,no,yes,0,1,267,578,,Novita,stop,0,0.000267245,content,0.0,700
meta-llama/llama-3.3-70b-instruct,384,15575,DR_k1,diamondcut,3,ett,firing_employee,anticommonsense,KEEP,no,yes,0,1,267,643,,Novita,stop,0,0.000293245,content,0.0,700
meta-llama/llama-3.3-70b-instruct,385,19953,PROSE,diamondcut,3,det-counterfactual,firing_employee,anticommonsense,KEEP,no,no,1,1,154,258,,Novita,stop,0,0.00012399,content,0.0,700
meta-llama/llama-3.3-70b-instruct,385,19953,RAW,diamondcut,3,det-counterfactual,firing_employee,anticommonsense,KEEP,no,no,1,1,124,330,,Novita,stop,0,0.00014874,content,0.0,700
meta-llama/llama-3.3-70b-instruct,385,19953,ORACLE,diamondcut,3,det-counterfactual,firing_employee,anticommonsense,KEEP,no,no,1,1,172,404,,Novita,stop,0,0.00018482,content,0.0,700
meta-llama/llama-3.3-70b-instruct,385,19953,DR_k1,diamondcut,3,det-counterfactual,firing_employee,anticommonsense,KEEP,no,no,1,1,172,300,,Novita,stop,0,0.00014322,content,0.0,700
meta-llama/llama-3.3-70b-instruct,386,10718,PROSE,diamondcut,3,ett,firing_employee,anticommonsense,KEEP,no,no,1,1,254,552,,Novita,stop,0,0.00025509,content,0.0,700
meta-llama/llama-3.3-70b-instruct,386,10718,RAW,diamondcut,3,ett,firing_employee,anticommonsense,KEEP,no,no,1,1,224,278,,Novita,stop,0,0.00014144,content,0.0,700
meta-llama/llama-3.3-70b-instruct,386,10718,ORACLE,diamondcut,3,ett,firing_employee,anticommonsense,KEEP,no,,0,0,272,700,,Novita,length,0,0.00031672,content,0.0,700
meta-llama/llama-3.3-70b-instruct,386,10718,DR_k1,diamondcut,3,ett,firing_employee,anticommonsense,KEEP,no,no,1,1,272,476,,Novita,stop,0,0.00022712,content,0.0,700
meta-llama/llama-3.3-70b-instruct,387,278,PROSE,diamondcut,3,ett,firing_employee,easy,KEEP,yes,yes,1,1,254,631,,Novita,stop,0,0.00028669,content,0.0,700
meta-llama/llama-3.3-70b-instruct,387,278,RAW,diamondcut,3,ett,firing_employee,easy,KEEP,yes,yes,1,1,228,597,,Novita,stop,0,0.00026958,content,0.0,700
meta-llama/llama-3.3-70b-instruct,387,278,ORACLE,diamondcut,3,ett,firing_employee,easy,KEEP,yes,no,0,1,270,686,,Novita,stop,0,0.00031085,content,0.0,700
meta-llama/llama-3.3-70b-instruct,387,278,DR_k1,diamondcut,3,ett,firing_employee,easy,KEEP,yes,no,0,1,270,586,,Novita,stop,0,0.00027085,content,0.0,700
meta-llama/llama-3.3-70b-instruct,388,10764,PROSE,diamondcut,3,ett,firing_employee,anticommonsense,KEEP,no,,0,0,254,700,,Novita,length,0,0.00031429,content,0.0,700
meta-llama/llama-3.3-70b-instruct,388,10764,RAW,diamondcut,3,ett,firing_employee,anticommonsense,KEEP,no,no,1,1,224,700,,Novita,length,0,0.00031024,content,0.0,700
meta-llama/llama-3.3-70b-instruct,388,10764,ORACLE,diamondcut,3,ett,firing_employee,anticommonsense,KEEP,no,,0,0,272,700,,Novita,length,0,0.00031672,content,0.0,700
meta-llama/llama-3.3-70b-instruct,388,10764,DR_k1,diamondcut,3,ett,firing_employee,anticommonsense,KEEP,no,no,1,1,273,538,,Novita,stop,0,0.000252055,content,0.0,700
meta-llama/llama-3.3-70b-instruct,389,10771,PROSE,diamondcut,3,ett,firing_employee,anticommonsense,KEEP,no,no,1,1,254,462,,Novita,stop,0,0.00021909,content,0.0,700
meta-llama/llama-3.3-70b-instruct,389,10771,RAW,diamondcut,3,ett,firing_employee,anticommonsense,KEEP,no,no,1,1,224,700,,Novita,length,0,0.00031024,content,0.0,700
meta-llama/llama-3.3-70b-instruct,389,10771,ORACLE,diamondcut,3,ett,firing_employee,anticommonsense,KEEP,no,,0,0,272,700,,Novita,length,0,0.00031672,content,0.0,700
meta-llama/llama-3.3-70b-instruct,389,10771,DR_k1,diamondcut,3,ett,firing_employee,anticommonsense,KEEP,no,,0,0,272,700,,Novita,length,0,0.00031672,content,0.0,700
meta-llama/llama-3.3-70b-instruct,390,15530,PROSE,diamondcut,3,ett,firing_employee,anticommonsense,KEEP,yes,,0,0,251,700,,Novita,length,0,0.000313885,content,0.0,700
meta-llama/llama-3.3-70b-instruct,390,15530,RAW,diamondcut,3,ett,firing_employee,anticommonsense,KEEP,yes,no,0,1,223,449,,Novita,stop,0,0.000209705,content,0.0,700
meta-llama/llama-3.3-70b-instruct,390,15530,ORACLE,diamondcut,3,ett,firing_employee,anticommonsense,KEEP,yes,no,0,1,267,650,,Novita,stop,0,0.000296045,content,0.0,700
meta-llama/llama-3.3-70b-instruct,390,15530,DR_k1,diamondcut,3,ett,firing_employee,anticommonsense,KEEP,yes,no,0,1,267,621,,Novita,stop,0,0.000284445,content,0.0,700
meta-llama/llama-3.3-70b-instruct,391,19960,PROSE,diamondcut,3,det-counterfactual,firing_employee,anticommonsense,KEEP,yes,yes,1,1,153,448,,Novita,stop,0,0.000199855,content,0.0,700
meta-llama/llama-3.3-70b-instruct,391,19960,RAW,diamondcut,3,det-counterfactual,firing_employee,anticommonsense,KEEP,yes,yes,1,1,123,505,,Novita,stop,0,0.000218605,content,0.0,700
meta-llama/llama-3.3-70b-instruct,391,19960,ORACLE,diamondcut,3,det-counterfactual,firing_employee,anticommonsense,KEEP,yes,yes,1,1,171,414,,Novita,stop,0,0.000188685,content,0.0,700
meta-llama/llama-3.3-70b-instruct,391,19960,DR_k1,diamondcut,3,det-counterfactual,firing_employee,anticommonsense,KEEP,yes,yes,1,1,171,290,,Novita,stop,0,0.000139085,content,0.0,700
meta-llama/llama-3.3-70b-instruct,392,10689,PROSE,diamondcut,3,ett,firing_employee,anticommonsense,KEEP,no,no,1,1,254,618,,Novita,stop,0,0.00028149,content,0.0,700
meta-llama/llama-3.3-70b-instruct,392,10689,RAW,diamondcut,3,ett,firing_employee,anticommonsense,KEEP,no,no,1,1,224,375,,Novita,stop,0,0.00018024,content,0.0,700
meta-llama/llama-3.3-70b-instruct,392,10689,ORACLE,diamondcut,3,ett,firing_employee,anticommonsense,KEEP,no,,0,0,272,700,,Novita,length,0,0.00031672,content,0.0,700
meta-llama/llama-3.3-70b-instruct,392,10689,DR_k1,diamondcut,3,ett,firing_employee,anticommonsense,KEEP,no,no,1,1,270,623,,Novita,stop,0,0.00028565,content,0.0,700
meta-llama/llama-3.3-70b-instruct,393,346,PROSE,diamondcut,3,ett,firing_employee,easy,KEEP,yes,no,0,1,254,568,,Novita,stop,0,0.00026149,content,0.0,700
meta-llama/llama-3.3-70b-instruct,393,346,RAW,diamondcut,3,ett,firing_employee,easy,KEEP,yes,no,0,1,228,366,,Novita,stop,0,0.00017718,content,0.0,700
meta-llama/llama-3.3-70b-instruct,393,346,ORACLE,diamondcut,3,ett,firing_employee,easy,KEEP,yes,no,0,1,270,472,,Novita,stop,0,0.00022525,content,0.0,700
meta-llama/llama-3.3-70b-instruct,393,346,DR_k1,diamondcut,3,ett,firing_employee,easy,KEEP,yes,no,0,1,270,531,,Novita,stop,0,0.00024885,content,0.0,700
meta-llama/llama-3.3-70b-instruct,394,5122,PROSE,diamondcut,3,ett,firing_employee,hard,KEEP,yes,no,0,1,254,443,,Novita,stop,0,0.00021149,content,0.0,700
meta-llama/llama-3.3-70b-instruct,394,5122,RAW,diamondcut,3,ett,firing_employee,hard,KEEP,yes,,0,0,228,700,,Novita,length,0,0.00031078,content,0.0,700
meta-llama/llama-3.3-70b-instruct,394,5122,ORACLE,diamondcut,3,ett,firing_employee,hard,KEEP,yes,,0,0,270,700,,Novita,length,0,0.00031645,content,0.0,700
meta-llama/llama-3.3-70b-instruct,394,5122,DR_k1,diamondcut,3,ett,firing_employee,hard,KEEP,yes,no,0,1,270,586,,Novita,stop,0,0.00027085,content,0.0,700
meta-llama/llama-3.3-70b-instruct,395,19961,PROSE,diamondcut,3,det-counterfactual,firing_employee,anticommonsense,KEEP,no,no,1,1,154,288,,Novita,stop,0,0.00013599,content,0.0,700
meta-llama/llama-3.3-70b-instruct,395,19961,RAW,diamondcut,3,det-counterfactual,firing_employee,anticommonsense,KEEP,no,no,1,1,124,467,,Novita,stop,0,0.00020354,content,0.0,700
meta-llama/llama-3.3-70b-instruct,395,19961,ORACLE,diamondcut,3,det-counterfactual,firing_employee,anticommonsense,KEEP,no,no,1,1,172,334,,Novita,stop,0,0.00015682,content,0.0,700
meta-llama/llama-3.3-70b-instruct,395,19961,DR_k1,diamondcut,3,det-counterfactual,firing_employee,anticommonsense,KEEP,no,no,1,1,170,351,,Novita,stop,0,0.00016335,content,0.0,700
meta-llama/llama-3.3-70b-instruct,396,19967,PROSE,diamondcut,3,det-counterfactual,firing_employee,anticommonsense,KEEP,yes,no,0,1,155,289,,Novita,stop,0,0.000136525,content,0.0,700
meta-llama/llama-3.3-70b-instruct,396,19967,RAW,diamondcut,3,det-counterfactual,firing_employee,anticommonsense,KEEP,yes,no,0,1,125,362,,Novita,stop,0,0.000161675,content,0.0,700
meta-llama/llama-3.3-70b-instruct,396,19967,ORACLE,diamondcut,3,det-counterfactual,firing_employee,anticommonsense,KEEP,yes,no,0,1,173,362,,Novita,stop,0,0.000168155,content,0.0,700
meta-llama/llama-3.3-70b-instruct,396,19967,DR_k1,diamondcut,3,det-counterfactual,firing_employee,anticommonsense,KEEP,yes,no,0,1,171,398,,Novita,stop,0,0.000182285,content,0.0,700
meta-llama/llama-3.3-70b-instruct,397,10742,PROSE,diamondcut,3,ett,firing_employee,anticommonsense,KEEP,no,no,1,1,254,558,,Novita,stop,0,0.00025749,content,0.0,700
meta-llama/llama-3.3-70b-instruct,397,10742,RAW,diamondcut,3,ett,firing_employee,anticommonsense,KEEP,no,no,1,1,224,407,,Novita,stop,0,0.00019304,content,0.0,700
meta-llama/llama-3.3-70b-instruct,397,10742,ORACLE,diamondcut,3,ett,firing_employee,anticommonsense,KEEP,no,,0,0,272,700,,Novita,length,0,0.00031672,content,0.0,700
meta-llama/llama-3.3-70b-instruct,397,10742,DR_k1,diamondcut,3,ett,firing_employee,anticommonsense,KEEP,no,,0,0,273,700,,Novita,length,0,0.000316855,content,0.0,700
meta-llama/llama-3.3-70b-instruct,398,15514,PROSE,diamondcut,3,ett,firing_employee,anticommonsense,KEEP,yes,,0,0,251,700,,Novita,length,0,0.000313885,content,0.0,700
meta-llama/llama-3.3-70b-instruct,398,15514,RAW,diamondcut,3,ett,firing_employee,anticommonsense,KEEP,yes,,0,0,223,700,,Novita,length,0,0.000310105,content,0.0,700
meta-llama/llama-3.3-70b-instruct,398,15514,ORACLE,diamondcut,3,ett,firing_employee,anticommonsense,KEEP,yes,no,0,1,267,372,,Novita,stop,0,0.000184845,content,0.0,700
meta-llama/llama-3.3-70b-instruct,398,15514,DR_k1,diamondcut,3,ett,firing_employee,anticommonsense,KEEP,yes,no,0,1,268,486,,Novita,stop,0,0.00023058,content,0.0,700
meta-llama/llama-3.3-70b-instruct,399,19968,PROSE,diamondcut,3,det-counterfactual,firing_employee,anticommonsense,KEEP,yes,yes,1,1,154,324,,Novita,stop,0,0.00015039,content,0.0,700
meta-llama/llama-3.3-70b-instruct,399,19968,RAW,diamondcut,3,det-counterfactual,firing_employee,anticommonsense,KEEP,yes,yes,1,1,124,218,,Novita,stop,0,0.00010394,content,0.0,700
meta-llama/llama-3.3-70b-instruct,399,19968,ORACLE,diamondcut,3,det-counterfactual,firing_employee,anticommonsense,KEEP,yes,yes,1,1,172,369,,Novita,stop,0,0.00017082,content,0.0,700
meta-llama/llama-3.3-70b-instruct,399,19968,DR_k1,diamondcut,3,det-counterfactual,firing_employee,anticommonsense,KEEP,yes,yes,1,1,172,349,,Novita,stop,0,0.00016282,content,0.0,700
meta-llama/llama-3.3-70b-instruct,423,15378,PROSE,fork,2,ate,candle,anticommonsense,KEEP,yes,yes,1,1,122,97,,Novita,stop,0,5.527e-05,content,0.0,700
meta-llama/llama-3.3-70b-instruct,423,15378,RAW,fork,2,ate,candle,anticommonsense,KEEP,yes,yes,1,1,104,98,,Novita,stop,0,5.324e-05,content,0.0,700
meta-llama/llama-3.3-70b-instruct,423,15378,ORACLE,fork,2,ate,candle,anticommonsense,KEEP,yes,yes,1,1,138,164,,Novita,stop,0,8.423e-05,content,0.0,700
meta-llama/llama-3.3-70b-instruct,423,15378,DR_k1,fork,2,ate,candle,anticommonsense,KEEP,yes,yes,1,1,138,208,,Novita,stop,0,0.00010183,content,0.0,700
meta-llama/llama-3.3-70b-instruct,424,15384,PROSE,fork,2,ate,candle,anticommonsense,KEEP,yes,yes,1,1,122,94,,Novita,stop,0,5.407e-05,content,0.0,700
meta-llama/llama-3.3-70b-instruct,424,15384,RAW,fork,2,ate,candle,anticommonsense,KEEP,yes,yes,1,1,104,89,,Novita,stop,0,4.964e-05,content,0.0,700
meta-llama/llama-3.3-70b-instruct,424,15384,ORACLE,fork,2,ate,candle,anticommonsense,KEEP,yes,yes,1,1,138,159,,Novita,stop,0,8.223e-05,content,0.0,700
meta-llama/llama-3.3-70b-instruct,424,15384,DR_k1,fork,2,ate,candle,anticommonsense,KEEP,yes,no,0,1,137,359,,Novita,stop,0,0.000162095,content,0.0,700
meta-llama/llama-3.3-70b-instruct,428,213,PROSE,fork,2,ate,candle,easy,KEEP,yes,yes,1,1,127,105,,Novita,stop,0,5.9145e-05,content,0.0,700
meta-llama/llama-3.3-70b-instruct,428,213,RAW,fork,2,ate,candle,easy,KEEP,yes,yes,1,1,106,103,,Novita,stop,0,5.551e-05,content,0.0,700
meta-llama/llama-3.3-70b-instruct,428,213,ORACLE,fork,2,ate,candle,easy,KEEP,yes,yes,1,1,142,193,,Novita,stop,0,9.637e-05,content,0.0,700
meta-llama/llama-3.3-70b-instruct,428,213,DR_k1,fork,2,ate,candle,easy,KEEP,yes,yes,1,1,142,200,,Novita,stop,0,9.917e-05,content,0.0,700
meta-llama/llama-3.3-70b-instruct,429,5691,PROSE,fork,2,ate,getting_tanned,hard,KEEP,yes,yes,1,1,136,84,,Novita,stop,0,5.196e-05,content,0.0,700
meta-llama/llama-3.3-70b-instruct,429,5691,RAW,fork,2,ate,getting_tanned,hard,KEEP,yes,yes,1,1,114,106,,Novita,stop,0,5.779e-05,content,0.0,700
meta-llama/llama-3.3-70b-instruct,429,5691,ORACLE,fork,2,ate,getting_tanned,hard,KEEP,yes,yes,1,1,151,109,,Novita,stop,0,6.3985e-05,content,0.0,700
meta-llama/llama-3.3-70b-instruct,429,5691,DR_k1,fork,2,ate,getting_tanned,hard,KEEP,yes,yes,1,1,151,133,,Novita,stop,0,7.3585e-05,content,0.0,700
meta-llama/llama-3.3-70b-instruct,430,5533,PROSE,fork,2,ate,forest_fire,hard,KEEP,yes,yes,1,1,137,119,,Novita,stop,0,6.6095e-05,content,0.0,700
meta-llama/llama-3.3-70b-instruct,430,5533,RAW,fork,2,ate,forest_fire,hard,KEEP,yes,yes,1,1,117,105,,Novita,stop,0,5.7795e-05,content,0.0,700
meta-llama/llama-3.3-70b-instruct,430,5533,ORACLE,fork,2,ate,forest_fire,hard,KEEP,yes,yes,1,1,152,112,,Novita,stop,0,6.532e-05,content,0.0,700
meta-llama/llama-3.3-70b-instruct,430,5533,DR_k1,fork,2,ate,forest_fire,hard,KEEP,yes,yes,1,1,152,108,,Novita,stop,0,6.372e-05,content,0.0,700
meta-llama/llama-3.3-70b-instruct,433,5667,PROSE,fork,2,ate,getting_late,hard,KEEP,yes,yes,1,1,141,107,,Novita,stop,0,6.1835e-05,content,0.0,700
meta-llama/llama-3.3-70b-instruct,433,5667,RAW,fork,2,ate,getting_late,hard,KEEP,yes,yes,1,1,117,99,,Novita,stop,0,5.5395e-05,content,0.0,700
meta-llama/llama-3.3-70b-instruct,433,5667,ORACLE,fork,2,ate,getting_late,hard,KEEP,yes,yes,1,1,156,215,,Novita,stop,0,0.00010706,content,0.0,700
meta-llama/llama-3.3-70b-instruct,433,5667,DR_k1,fork,2,ate,getting_late,hard,KEEP,yes,yes,1,1,156,190,,Novita,stop,0,9.706e-05,content,0.0,700
meta-llama/llama-3.3-70b-instruct,434,11391,PROSE,fork,2,ate,getting_tanned,anticommonsense,KEEP,yes,yes,1,1,135,101,,Novita,stop,0,5.8625e-05,content,0.0,700
meta-llama/llama-3.3-70b-instruct,434,11391,RAW,fork,2,ate,getting_tanned,anticommonsense,KEEP,yes,yes,1,1,111,112,,Novita,stop,0,5.9785e-05,content,0.0,700
meta-llama/llama-3.3-70b-instruct,434,11391,ORACLE,fork,2,ate,getting_tanned,anticommonsense,KEEP,yes,yes,1,1,150,214,,Novita,stop,0,0.00010585,content,0.0,700
meta-llama/llama-3.3-70b-instruct,434,11391,DR_k1,fork,2,ate,getting_tanned,anticommonsense,KEEP,yes,no,0,1,150,244,,Novita,stop,0,0.00011785,content,0.0,700
meta-llama/llama-3.3-70b-instruct,436,11089,PROSE,fork,2,ate,forest_fire,anticommonsense,KEEP,no,no,1,1,135,100,,Novita,stop,0,5.8225e-05,content,0.0,700
meta-llama/llama-3.3-70b-instruct,436,11089,RAW,fork,2,ate,forest_fire,anticommonsense,KEEP,no,no,1,1,113,117,,Novita,stop,0,6.2055e-05,content,0.0,700
meta-llama/llama-3.3-70b-instruct,436,11089,ORACLE,fork,2,ate,forest_fire,anticommonsense,KEEP,no,no,1,1,150,194,,Novita,stop,0,9.785e-05,content,0.0,700
meta-llama/llama-3.3-70b-instruct,436,11089,DR_k1,fork,2,ate,forest_fire,anticommonsense,KEEP,no,no,1,1,150,200,,Novita,stop,0,0.00010025,content,0.0,700
meta-llama/llama-3.3-70b-instruct,437,962,PROSE,fork,2,ate,getting_tanned,easy,KEEP,yes,yes,1,1,136,103,,Novita,stop,0,5.956e-05,content,0.0,700
meta-llama/llama-3.3-70b-instruct,437,962,RAW,fork,2,ate,getting_tanned,easy,KEEP,yes,yes,1,1,114,107,,Novita,stop,0,5.819e-05,content,0.0,700
meta-llama/llama-3.3-70b-instruct,437,962,ORACLE,fork,2,ate,getting_tanned,easy,KEEP,yes,yes,1,1,151,208,,Novita,stop,0,0.000103585,content,0.0,700
meta-llama/llama-3.3-70b-instruct,437,962,DR_k1,fork,2,ate,getting_tanned,easy,KEEP,yes,yes,1,1,151,201,,Novita,stop,0,0.000100785,content,0.0,700
meta-llama/llama-3.3-70b-instruct,438,11217,PROSE,fork,2,ate,getting_late,anticommonsense,KEEP,yes,yes,1,1,140,120,,Novita,stop,0,6.69e-05,content,0.0,700
meta-llama/llama-3.3-70b-instruct,438,11217,RAW,fork,2,ate,getting_late,anticommonsense,KEEP,yes,yes,1,1,117,96,,Novita,stop,0,5.4195e-05,content,0.0,700
meta-llama/llama-3.3-70b-instruct,438,11217,ORACLE,fork,2,ate,getting_late,anticommonsense,KEEP,yes,yes,1,1,155,175,,Novita,stop,0,9.0925e-05,content,0.0,700
meta-llama/llama-3.3-70b-instruct,438,11217,DR_k1,fork,2,ate,getting_late,anticommonsense,KEEP,yes,yes,1,1,155,178,,Novita,stop,0,9.2125e-05,content,0.0,700
meta-llama/llama-3.3-70b-instruct,439,5789,PROSE,fork,2,ate,getting_tanned,hard,KEEP,no,no,1,1,136,116,,Novita,stop,0,6.476e-05,content,0.0,700
meta-llama/llama-3.3-70b-instruct,439,5789,RAW,fork,2,ate,getting_tanned,hard,KEEP,no,no,1,1,114,95,,Novita,stop,0,5.339e-05,content,0.0,700
meta-llama/llama-3.3-70b-instruct,439,5789,ORACLE,fork,2,ate,getting_tanned,hard,KEEP,no,no,1,1,151,218,,Novita,stop,0,0.000107585,content,0.0,700
meta-llama/llama-3.3-70b-instruct,439,5789,DR_k1,fork,2,ate,getting_tanned,hard,KEEP,no,no,1,1,151,212,,Novita,stop,0,0.000105185,content,0.0,700
meta-llama/llama-3.3-70b-instruct,440,940,PROSE,fork,3,ett,getting_tanned,easy,KEEP,no,no,1,1,155,167,,Novita,stop,0,8.7725e-05,content,0.0,700
meta-llama/llama-3.3-70b-instruct,440,940,RAW,fork,3,ett,getting_tanned,easy,KEEP,no,no,1,1,133,131,,Novita,stop,0,7.0355e-05,content,0.0,700
meta-llama/llama-3.3-70b-instruct,440,940,ORACLE,fork,3,ett,getting_tanned,easy,KEEP,no,no,1,1,170,364,,Novita,stop,0,0.00016855,content,0.0,700
meta-llama/llama-3.3-70b-instruct,440,940,DR_k1,fork,3,ett,getting_tanned,easy,KEEP,no,no,1,1,170,474,,Novita,stop,0,0.00021255,content,0.0,700
meta-llama/llama-3.3-70b-instruct,441,20015,PROSE,fork,3,det-counterfactual,forest_fire,anticommonsense,KEEP,yes,yes,1,1,132,255,,Novita,stop,0,0.00011982,content,0.0,700
meta-llama/llama-3.3-70b-instruct,441,20015,RAW,fork,3,det-counterfactual,forest_fire,anticommonsense,KEEP,yes,no,0,1,110,103,,Novita,stop,0,5.605e-05,content,0.0,700
meta-llama/llama-3.3-70b-instruct,441,20015,ORACLE,fork,3,det-counterfactual,forest_fire,anticommonsense,KEEP,yes,no,0,1,147,323,,Novita,stop,0,0.000149045,content,0.0,700
meta-llama/llama-3.3-70b-instruct,441,20015,DR_k1,fork,3,det-counterfactual,forest_fire,anticommonsense,KEEP,yes,no,0,1,146,232,,Novita,stop,0,0.00011251,content,0.0,700
meta-llama/llama-3.3-70b-instruct,442,5776,PROSE,fork,3,ett,getting_tanned,hard,KEEP,no,no,1,1,155,585,,Novita,stop,0,0.000254925,content,0.0,700
meta-llama/llama-3.3-70b-instruct,442,5776,RAW,fork,3,ett,getting_tanned,hard,KEEP,no,yes,0,1,133,352,,Novita,stop,0,0.000158755,content,0.0,700
meta-llama/llama-3.3-70b-instruct,442,5776,ORACLE,fork,3,ett,getting_tanned,hard,KEEP,no,yes,0,1,170,630,,Novita,stop,0,0.00027495,content,0.0,700
meta-llama/llama-3.3-70b-instruct,442,5776,DR_k1,fork,3,ett,getting_tanned,hard,KEEP,no,no,1,1,170,546,,Novita,stop,0,0.00024135,content,0.0,700
meta-llama/llama-3.3-70b-instruct,443,5724,PROSE,fork,3,ett,getting_tanned,hard,KEEP,yes,yes,1,1,155,119,,Novita,stop,0,6.8525e-05,content,0.0,700
meta-llama/llama-3.3-70b-instruct,443,5724,RAW,fork,3,ett,getting_tanned,hard,KEEP,yes,yes,1,1,133,107,,Novita,stop,0,6.0755e-05,content,0.0,700
meta-llama/llama-3.3-70b-instruct,443,5724,ORACLE,fork,3,ett,getting_tanned,hard,KEEP,yes,yes,1,1,170,232,,Novita,stop,0,0.00011575,content,0.0,700
meta-llama/llama-3.3-70b-instruct,443,5724,DR_k1,fork,3,ett,getting_tanned,hard,KEEP,yes,yes,1,1,170,339,,Novita,stop,0,0.00015855,content,0.0,700
meta-llama/llama-3.3-70b-instruct,444,898,PROSE,fork,3,ett,getting_late,easy,KEEP,yes,yes,1,1,155,165,,Novita,stop,0,8.6925e-05,content,0.0,700
meta-llama/llama-3.3-70b-instruct,444,898,RAW,fork,3,ett,getting_late,easy,KEEP,yes,yes,1,1,131,166,,Novita,stop,0,8.4085e-05,content,0.0,700
meta-llama/llama-3.3-70b-instruct,444,898,ORACLE,fork,3,ett,getting_late,easy,KEEP,yes,yes,1,1,170,137,,Novita,stop,0,7.775e-05,content,0.0,700
meta-llama/llama-3.3-70b-instruct,444,898,DR_k1,fork,3,ett,getting_late,easy,KEEP,yes,yes,1,1,170,221,,Novita,stop,0,0.00011135,content,0.0,700
meta-llama/llama-3.3-70b-instruct,445,15380,PROSE,fork,3,ett,candle,anticommonsense,KEEP,no,no,1,1,135,403,,Novita,stop,0,0.000179425,content,0.0,700
meta-llama/llama-3.3-70b-instruct,445,15380,RAW,fork,3,ett,candle,anticommonsense,KEEP,no,no,1,1,117,118,,Novita,stop,0,6.2995e-05,content,0.0,700
meta-llama/llama-3.3-70b-instruct,445,15380,ORACLE,fork,3,ett,candle,anticommonsense,KEEP,no,no,1,1,151,368,,Novita,stop,0,0.000167585,content,0.0,700
meta-llama/llama-3.3-70b-instruct,445,15380,DR_k1,fork,3,ett,candle,anticommonsense,KEEP,no,no,1,1,150,517,,Novita,stop,0,0.00022705,content,0.0,700
meta-llama/llama-3.3-70b-instruct,446,20031,PROSE,fork,3,det-counterfactual,getting_late,anticommonsense,KEEP,no,no,1,1,125,204,,Novita,stop,0,9.8475e-05,content,0.0,700
meta-llama/llama-3.3-70b-instruct,446,20031,RAW,fork,3,det-counterfactual,getting_late,anticommonsense,KEEP,no,no,1,1,102,108,,Novita,stop,0,5.697e-05,content,0.0,700
meta-llama/llama-3.3-70b-instruct,446,20031,ORACLE,fork,3,det-counterfactual,getting_late,anticommonsense,KEEP,no,no,1,1,140,107,,Novita,stop,0,6.17e-05,content,0.0,700
meta-llama/llama-3.3-70b-instruct,446,20031,DR_k1,fork,3,det-counterfactual,getting_late,anticommonsense,KEEP,no,no,1,1,140,138,,Novita,stop,0,7.41e-05,content,0.0,700
meta-llama/llama-3.3-70b-instruct,447,20040,PROSE,fork,3,det-counterfactual,getting_late,anticommonsense,KEEP,yes,yes,1,1,126,96,,Novita,stop,0,5.541e-05,content,0.0,700
meta-llama/llama-3.3-70b-instruct,447,20040,RAW,fork,3,det-counterfactual,getting_late,anticommonsense,KEEP,yes,yes,1,1,103,68,,Novita,stop,0,4.1105e-05,content,0.0,700
meta-llama/llama-3.3-70b-instruct,447,20040,ORACLE,fork,3,det-counterfactual,getting_late,anticommonsense,KEEP,yes,yes,1,1,141,105,,Novita,stop,0,6.1035e-05,content,0.0,700
meta-llama/llama-3.3-70b-instruct,447,20040,DR_k1,fork,3,det-counterfactual,getting_late,anticommonsense,KEEP,yes,no,0,1,141,226,,Novita,stop,0,0.000109435,content,0.0,700
meta-llama/llama-3.3-70b-instruct,448,20033,PROSE,fork,3,det-counterfactual,getting_late,anticommonsense,KEEP,no,no,1,1,125,100,,Novita,stop,0,5.6875e-05,content,0.0,700
meta-llama/llama-3.3-70b-instruct,448,20033,RAW,fork,3,det-counterfactual,getting_late,anticommonsense,KEEP,no,no,1,1,102,81,,Novita,stop,0,4.617e-05,content,0.0,700
meta-llama/llama-3.3-70b-instruct,448,20033,ORACLE,fork,3,det-counterfactual,getting_late,anticommonsense,KEEP,no,no,1,1,140,139,,Novita,stop,0,7.45e-05,content,0.0,700
meta-llama/llama-3.3-70b-instruct,448,20033,DR_k1,fork,3,det-counterfactual,getting_late,anticommonsense,KEEP,no,no,1,1,140,205,,Novita,stop,0,0.0001009,content,0.0,700
meta-llama/llama-3.3-70b-instruct,449,734,PROSE,fork,3,ett,forest_fire,easy,KEEP,no,no,1,1,150,363,,Novita,stop,0,0.00016545,content,0.0,700
meta-llama/llama-3.3-70b-instruct,449,734,RAW,fork,3,ett,forest_fire,easy,KEEP,no,no,1,1,130,268,,Novita,stop,0,0.00012475,content,0.0,700
meta-llama/llama-3.3-70b-instruct,449,734,ORACLE,fork,3,ett,forest_fire,easy,KEEP,no,no,1,1,165,362,,Novita,stop,0,0.000167075,content,0.0,700
meta-llama/llama-3.3-70b-instruct,449,734,DR_k1,fork,3,ett,forest_fire,easy,KEEP,no,no,1,1,165,421,,Novita,stop,0,0.000190675,content,0.0,700
meta-llama/llama-3.3-70b-instruct,450,20055,PROSE,fork,3,det-counterfactual,getting_tanned,anticommonsense,KEEP,yes,no,0,1,130,115,,Novita,stop,0,6.355e-05,content,0.0,700
meta-llama/llama-3.3-70b-instruct,450,20055,RAW,fork,3,det-counterfactual,getting_tanned,anticommonsense,KEEP,yes,no,0,1,106,94,,Novita,stop,0,5.191e-05,content,0.0,700
meta-llama/llama-3.3-70b-instruct,450,20055,ORACLE,fork,3,det-counterfactual,getting_tanned,anticommonsense,KEEP,yes,no,0,1,145,73,,Novita,stop,0,4.8775e-05,content,0.0,700
meta-llama/llama-3.3-70b-instruct,450,20055,DR_k1,fork,3,det-counterfactual,getting_tanned,anticommonsense,KEEP,yes,no,0,1,145,142,,Novita,stop,0,7.6375e-05,content,0.0,700
meta-llama/llama-3.3-70b-instruct,451,11126,PROSE,fork,3,ett,forest_fire,anticommonsense,KEEP,no,no,1,1,149,158,,Novita,stop,0,8.3315e-05,content,0.0,700
meta-llama/llama-3.3-70b-instruct,451,11126,RAW,fork,3,ett,forest_fire,anticommonsense,KEEP,no,no,1,1,127,419,,Novita,stop,0,0.000184745,content,0.0,700
meta-llama/llama-3.3-70b-instruct,451,11126,ORACLE,fork,3,ett,forest_fire,anticommonsense,KEEP,no,no,1,1,164,490,,Novita,stop,0,0.00021814,content,0.0,700
meta-llama/llama-3.3-70b-instruct,451,11126,DR_k1,fork,3,ett,forest_fire,anticommonsense,KEEP,no,no,1,1,164,509,,Novita,stop,0,0.00022574,content,0.0,700
meta-llama/llama-3.3-70b-instruct,452,16087,PROSE,fork,3,ett,getting_tanned,anticommonsense,KEEP,no,yes,0,1,154,123,,Novita,stop,0,6.999e-05,content,0.0,700
meta-llama/llama-3.3-70b-instruct,452,16087,RAW,fork,3,ett,getting_tanned,anticommonsense,KEEP,no,yes,0,1,130,118,,Novita,stop,0,6.475e-05,content,0.0,700
meta-llama/llama-3.3-70b-instruct,452,16087,ORACLE,fork,3,ett,getting_tanned,anticommonsense,KEEP,no,no,1,1,169,386,,Novita,stop,0,0.000177215,content,0.0,700
meta-llama/llama-3.3-70b-instruct,452,16087,DR_k1,fork,3,ett,getting_tanned,anticommonsense,KEEP,no,no,1,1,169,327,,Novita,stop,0,0.000153615,content,0.0,700
meta-llama/llama-3.3-70b-instruct,453,20010,PROSE,fork,3,det-counterfactual,forest_fire,anticommonsense,KEEP,no,no,1,1,132,331,,Novita,stop,0,0.00015022,content,0.0,700
meta-llama/llama-3.3-70b-instruct,453,20010,RAW,fork,3,det-counterfactual,forest_fire,anticommonsense,KEEP,no,no,1,1,110,101,,Novita,stop,0,5.525e-05,content,0.0,700
meta-llama/llama-3.3-70b-instruct,453,20010,ORACLE,fork,3,det-counterfactual,forest_fire,anticommonsense,KEEP,no,no,1,1,147,180,,Novita,stop,0,9.1845e-05,content,0.0,700
meta-llama/llama-3.3-70b-instruct,453,20010,DR_k1,fork,3,det-counterfactual,forest_fire,anticommonsense,KEEP,no,no,1,1,146,133,,Novita,stop,0,7.291e-05,content,0.0,700
meta-llama/llama-3.3-70b-instruct,454,19938,PROSE,fork,3,det-counterfactual,candle,anticommonsense,KEEP,no,no,1,1,121,146,,Novita,stop,0,7.4735e-05,content,0.0,700
meta-llama/llama-3.3-70b-instruct,454,19938,RAW,fork,3,det-counterfactual,candle,anticommonsense,KEEP,no,no,1,1,101,108,,Novita,stop,0,5.6835e-05,content,0.0,700
meta-llama/llama-3.3-70b-instruct,454,19938,ORACLE,fork,3,det-counterfactual,candle,anticommonsense,KEEP,no,,0,0,136,700,,Novita,length,0,0.00029836,content,0.0,700
meta-llama/llama-3.3-70b-instruct,454,19938,DR_k1,fork,3,det-counterfactual,candle,anticommonsense,KEEP,no,no,1,1,136,328,,Novita,stop,0,0.00014956,content,0.0,700
meta-llama/llama-3.3-70b-instruct,455,9548,PROSE,fork,3,det-counterfactual,candle,commonsense,KEEP,no,yes,0,1,125,154,,Novita,stop,0,7.8475e-05,content,0.0,700
meta-llama/llama-3.3-70b-instruct,455,9548,RAW,fork,3,det-counterfactual,candle,commonsense,KEEP,no,yes,0,1,104,187,,Novita,stop,0,8.884e-05,content,0.0,700
meta-llama/llama-3.3-70b-instruct,455,9548,ORACLE,fork,3,det-counterfactual,candle,commonsense,KEEP,no,yes,0,1,140,387,,Novita,stop,0,0.0001737,content,0.0,700
meta-llama/llama-3.3-70b-instruct,455,9548,DR_k1,fork,3,det-counterfactual,candle,commonsense,KEEP,no,no,1,1,140,263,,Novita,stop,0,0.0001241,content,0.0,700
meta-llama/llama-3.3-70b-instruct,456,19936,PROSE,fork,3,det-counterfactual,candle,anticommonsense,KEEP,yes,yes,1,1,119,137,,Novita,stop,0,7.0865e-05,content,0.0,700
meta-llama/llama-3.3-70b-instruct,456,19936,RAW,fork,3,det-counterfactual,candle,anticommonsense,KEEP,yes,yes,1,1,99,100,,Novita,stop,0,5.3365e-05,content,0.0,700
meta-llama/llama-3.3-70b-instruct,456,19936,ORACLE,fork,3,det-counterfactual,candle,anticommonsense,KEEP,yes,yes,1,1,134,162,,Novita,stop,0,8.289e-05,content,0.0,700
meta-llama/llama-3.3-70b-instruct,456,19936,DR_k1,fork,3,det-counterfactual,candle,anticommonsense,KEEP,yes,yes,1,1,134,220,,Novita,stop,0,0.00010609,content,0.0,700
meta-llama/llama-3.3-70b-instruct,457,11115,PROSE,fork,3,ett,forest_fire,anticommonsense,KEEP,no,no,1,1,149,290,,Novita,stop,0,0.000136115,content,0.0,700
meta-llama/llama-3.3-70b-instruct,457,11115,RAW,fork,3,ett,forest_fire,anticommonsense,KEEP,no,no,1,1,127,321,,Novita,stop,0,0.000145545,content,0.0,700
meta-llama/llama-3.3-70b-instruct,457,11115,ORACLE,fork,3,ett,forest_fire,anticommonsense,KEEP,no,no,1,1,164,467,,Novita,stop,0,0.00020894,content,0.0,700
meta-llama/llama-3.3-70b-instruct,457,11115,DR_k1,fork,3,ett,forest_fire,anticommonsense,KEEP,no,no,1,1,164,458,,Novita,stop,0,0.00020534,content,0.0,700
meta-llama/llama-3.3-70b-instruct,458,5551,PROSE,fork,3,ett,forest_fire,hard,KEEP,yes,yes,1,1,150,110,,Novita,stop,0,6.425e-05,content,0.0,700
meta-llama/llama-3.3-70b-instruct,458,5551,RAW,fork,3,ett,forest_fire,hard,KEEP,yes,yes,1,1,130,376,,Novita,stop,0,0.00016795,content,0.0,700
meta-llama/llama-3.3-70b-instruct,458,5551,ORACLE,fork,3,ett,forest_fire,hard,KEEP,yes,yes,1,1,165,309,,Novita,stop,0,0.000145875,content,0.0,700
meta-llama/llama-3.3-70b-instruct,458,5551,DR_k1,fork,3,ett,forest_fire,hard,KEEP,yes,yes,1,1,165,313,,Novita,stop,0,0.000147475,content,0.0,700
meta-llama/llama-3.3-70b-instruct,459,5689,PROSE,fork,3,ett,getting_late,hard,KEEP,no,no,1,1,155,200,,Novita,stop,0,0.000100925,content,0.0,700
meta-llama/llama-3.3-70b-instruct,459,5689,RAW,fork,3,ett,getting_late,hard,KEEP,no,no,1,1,131,332,,Novita,stop,0,0.000150485,content,0.0,700
meta-llama/llama-3.3-70b-instruct,459,5689,ORACLE,fork,3,ett,getting_late,hard,KEEP,no,no,1,1,170,374,,Novita,stop,0,0.00017255,content,0.0,700
meta-llama/llama-3.3-70b-instruct,459,5689,DR_k1,fork,3,ett,getting_late,hard,KEEP,no,no,1,1,170,347,,Novita,stop,0,0.00016175,content,0.0,700
meta-llama/llama-3.3-70b-instruct,486,4302,PROSE,frontdoor,2,ate,smoking_frontdoor,easy,KEEP,no,no,1,1,216,573,,Novita,stop,0,0.00025836,content,0.0,700
meta-llama/llama-3.3-70b-instruct,486,4302,RAW,frontdoor,2,ate,smoking_frontdoor,easy,KEEP,no,no,1,1,186,700,,Novita,length,0,0.00030511,content,0.0,700
meta-llama/llama-3.3-70b-instruct,486,4302,ORACLE,frontdoor,2,ate,smoking_frontdoor,easy,KEEP,no,no,1,1,231,354,,Novita,stop,0,0.000172785,content,0.0,700
meta-llama/llama-3.3-70b-instruct,486,4302,DR_k1,frontdoor,2,ate,smoking_frontdoor,easy,KEEP,no,yes,0,1,231,397,,Novita,stop,0,0.000189985,content,0.0,700
meta-llama/llama-3.3-70b-instruct,487,8951,PROSE,frontdoor,2,ate,smoking_frontdoor,hard,KEEP,yes,yes,1,1,216,353,,Novita,stop,0,0.00017036,content,0.0,700
meta-llama/llama-3.3-70b-instruct,487,8951,RAW,frontdoor,2,ate,smoking_frontdoor,hard,KEEP,yes,yes,1,1,186,634,,Novita,stop,0,0.00027871,content,0.0,700
meta-llama/llama-3.3-70b-instruct,487,8951,ORACLE,frontdoor,2,ate,smoking_frontdoor,hard,KEEP,yes,no,0,1,231,700,,Novita,length,0,0.000311185,content,0.0,700
meta-llama/llama-3.3-70b-instruct,487,8951,DR_k1,frontdoor,2,ate,smoking_frontdoor,hard,KEEP,yes,yes,1,1,224,671,,Novita,stop,0,0.00029864,content,0.0,700
meta-llama/llama-3.3-70b-instruct,488,19318,PROSE,frontdoor,2,ate,smoking_frontdoor,anticommonsense,KEEP,no,no,1,1,223,700,,Novita,length,0,0.000310105,content,0.0,700
meta-llama/llama-3.3-70b-instruct,488,19318,RAW,frontdoor,2,ate,smoking_frontdoor,anticommonsense,KEEP,no,no,1,1,191,323,,Novita,stop,0,0.000154985,content,0.0,700
meta-llama/llama-3.3-70b-instruct,488,19318,ORACLE,frontdoor,2,ate,smoking_frontdoor,anticommonsense,KEEP,no,no,1,1,238,420,,Novita,stop,0,0.00020013,content,0.0,700
meta-llama/llama-3.3-70b-instruct,488,19318,DR_k1,frontdoor,2,ate,smoking_frontdoor,anticommonsense,KEEP,no,no,1,1,231,507,,Novita,stop,0,0.000233985,content,0.0,700
meta-llama/llama-3.3-70b-instruct,489,14570,PROSE,frontdoor,2,ate,smoking_frontdoor,anticommonsense,KEEP,yes,yes,1,1,226,459,,Novita,stop,0,0.00021411,content,0.0,700
meta-llama/llama-3.3-70b-instruct,489,14570,RAW,frontdoor,2,ate,smoking_frontdoor,anticommonsense,KEEP,yes,yes,1,1,196,426,,Novita,stop,0,0.00019686,content,0.0,700
meta-llama/llama-3.3-70b-instruct,489,14570,ORACLE,frontdoor,2,ate,smoking_frontdoor,anticommonsense,KEEP,yes,yes,1,1,241,461,,Novita,stop,0,0.000216935,content,0.0,700
meta-llama/llama-3.3-70b-instruct,489,14570,DR_k1,frontdoor,2,ate,smoking_frontdoor,anticommonsense,KEEP,yes,yes,1,1,241,517,,Novita,stop,0,0.000239335,content,0.0,700
meta-llama/llama-3.3-70b-instruct,490,14676,PROSE,frontdoor,2,ate,smoking_frontdoor,anticommonsense,KEEP,no,yes,0,1,226,516,,Novita,stop,0,0.00023691,content,0.0,700
meta-llama/llama-3.3-70b-instruct,490,14676,RAW,frontdoor,2,ate,smoking_frontdoor,anticommonsense,KEEP,no,yes,0,1,196,599,,Novita,stop,0,0.00026606,content,0.0,700
meta-llama/llama-3.3-70b-instruct,490,14676,ORACLE,frontdoor,2,ate,smoking_frontdoor,anticommonsense,KEEP,no,yes,0,1,241,344,,Novita,stop,0,0.000170135,content,0.0,700
meta-llama/llama-3.3-70b-instruct,490,14676,DR_k1,frontdoor,2,ate,smoking_frontdoor,anticommonsense,KEEP,no,yes,0,1,234,621,,Novita,stop,0,0.00027999,content,0.0,700
meta-llama/llama-3.3-70b-instruct,491,4171,PROSE,frontdoor,2,ate,smoking_frontdoor,easy,KEEP,yes,yes,1,1,216,376,,Novita,stop,0,0.00017956,content,0.0,700
meta-llama/llama-3.3-70b-instruct,491,4171,RAW,frontdoor,2,ate,smoking_frontdoor,easy,KEEP,yes,no,0,1,186,603,,Novita,stop,0,0.00026631,content,0.0,700
meta-llama/llama-3.3-70b-instruct,491,4171,ORACLE,frontdoor,2,ate,smoking_frontdoor,easy,KEEP,yes,yes,1,1,231,441,,Novita,stop,0,0.000207585,content,0.0,700
meta-llama/llama-3.3-70b-instruct,491,4171,DR_k1,frontdoor,2,ate,smoking_frontdoor,easy,KEEP,yes,yes,1,1,224,431,,Novita,stop,0,0.00020264,content,0.0,700
meta-llama/llama-3.3-70b-instruct,492,14638,PROSE,frontdoor,2,ate,smoking_frontdoor,anticommonsense,KEEP,yes,yes,1,1,226,388,,Novita,stop,0,0.00018571,content,0.0,700
meta-llama/llama-3.3-70b-instruct,492,14638,RAW,frontdoor,2,ate,smoking_frontdoor,anticommonsense,KEEP,yes,yes,1,1,196,430,,Novita,stop,0,0.00019846,content,0.0,700
meta-llama/llama-3.3-70b-instruct,492,14638,ORACLE,frontdoor,2,ate,smoking_frontdoor,anticommonsense,KEEP,yes,yes,1,1,241,413,,Novita,stop,0,0.000197735,content,0.0,700
meta-llama/llama-3.3-70b-instruct,492,14638,DR_k1,frontdoor,2,ate,smoking_frontdoor,anticommonsense,KEEP,yes,yes,1,1,234,515,,Novita,stop,0,0.00023759,content,0.0,700
meta-llama/llama-3.3-70b-instruct,493,14591,PROSE,frontdoor,2,ate,smoking_frontdoor,anticommonsense,KEEP,yes,no,0,1,226,461,,Novita,stop,0,0.00021491,content,0.0,700
meta-llama/llama-3.3-70b-instruct,493,14591,RAW,frontdoor,2,ate,smoking_frontdoor,anticommonsense,KEEP,yes,no,0,1,196,604,,Novita,stop,0,0.00026806,content,0.0,700
meta-llama/llama-3.3-70b-instruct,493,14591,ORACLE,frontdoor,2,ate,smoking_frontdoor,anticommonsense,KEEP,yes,no,0,1,241,576,,Novita,stop,0,0.000262935,content,0.0,700
meta-llama/llama-3.3-70b-instruct,493,14591,DR_k1,frontdoor,2,ate,smoking_frontdoor,anticommonsense,KEEP,yes,no,0,1,241,515,,Novita,stop,0,0.000238535,content,0.0,700
meta-llama/llama-3.3-70b-instruct,494,8971,PROSE,frontdoor,2,ate,smoking_frontdoor,hard,KEEP,yes,no,0,1,216,522,,Novita,stop,0,0.00023796,content,0.0,700
meta-llama/llama-3.3-70b-instruct,494,8971,RAW,frontdoor,2,ate,smoking_frontdoor,hard,KEEP,yes,no,0,1,186,339,,Novita,stop,0,0.00016071,content,0.0,700
meta-llama/llama-3.3-70b-instruct,494,8971,ORACLE,frontdoor,2,ate,smoking_frontdoor,hard,KEEP,yes,no,0,1,231,582,,Novita,stop,0,0.000263985,content,0.0,700
meta-llama/llama-3.3-70b-instruct,494,8971,DR_k1,frontdoor,2,ate,smoking_frontdoor,hard,KEEP,yes,no,0,1,224,397,,Novita,stop,0,0.00018904,content,0.0,700
meta-llama/llama-3.3-70b-instruct,497,4166,PROSE,frontdoor,2,ate,smoking_frontdoor,easy,KEEP,yes,yes,1,1,216,374,,Novita,stop,0,0.00017876,content,0.0,700
meta-llama/llama-3.3-70b-instruct,497,4166,RAW,frontdoor,2,ate,smoking_frontdoor,easy,KEEP,yes,yes,1,1,186,407,,Novita,stop,0,0.00018791,content,0.0,700
meta-llama/llama-3.3-70b-instruct,497,4166,ORACLE,frontdoor,2,ate,smoking_frontdoor,easy,KEEP,yes,yes,1,1,231,354,,Novita,stop,0,0.000172785,content,0.0,700
meta-llama/llama-3.3-70b-instruct,497,4166,DR_k1,frontdoor,2,ate,smoking_frontdoor,easy,KEEP,yes,yes,1,1,224,357,,Novita,stop,0,0.00017304,content,0.0,700
meta-llama/llama-3.3-70b-instruct,498,19368,PROSE,frontdoor,2,ate,smoking_frontdoor,anticommonsense,KEEP,no,no,1,1,223,479,,Novita,stop,0,0.000221705,content,0.0,700
meta-llama/llama-3.3-70b-instruct,498,19368,RAW,frontdoor,2,ate,smoking_frontdoor,anticommonsense,KEEP,no,no,1,1,191,493,,Novita,stop,0,0.000222985,content,0.0,700
meta-llama/llama-3.3-70b-instruct,498,19368,ORACLE,frontdoor,2,ate,smoking_frontdoor,anticommonsense,KEEP,no,no,1,1,238,688,,Novita,stop,0,0.00030733,content,0.0,700
meta-llama/llama-3.3-70b-instruct,498,19368,DR_k1,frontdoor,2,ate,smoking_frontdoor,anticommonsense,KEEP,no,no,1,1,238,700,,Novita,length,0,0.00031213,content,0.0,700
meta-llama/llama-3.3-70b-instruct,499,4274,PROSE,frontdoor,2,ate,smoking_frontdoor,easy,KEEP,yes,yes,1,1,216,528,,Novita,stop,0,0.00024036,content,0.0,700
meta-llama/llama-3.3-70b-instruct,499,4274,RAW,frontdoor,2,ate,smoking_frontdoor,easy,KEEP,yes,yes,1,1,186,344,,Novita,stop,0,0.00016271,content,0.0,700
meta-llama/llama-3.3-70b-instruct,499,4274,ORACLE,frontdoor,2,ate,smoking_frontdoor,easy,KEEP,yes,yes,1,1,231,421,,Novita,stop,0,0.000199585,content,0.0,700
meta-llama/llama-3.3-70b-instruct,499,4274,DR_k1,frontdoor,2,ate,smoking_frontdoor,easy,KEEP,yes,yes,1,1,231,475,,Novita,stop,0,0.000221185,content,0.0,700
meta-llama/llama-3.3-70b-instruct,500,10233,PROSE,frontdoor,3,det-counterfactual,smoking_frontdoor,commonsense,KEEP,no,no,1,1,143,232,,Novita,stop,0,0.000112105,content,0.0,700
meta-llama/llama-3.3-70b-instruct,500,10233,RAW,frontdoor,3,det-counterfactual,smoking_frontdoor,commonsense,KEEP,no,no,1,1,113,216,,Novita,stop,0,0.000101655,content,0.0,700
meta-llama/llama-3.3-70b-instruct,500,10233,ORACLE,frontdoor,3,det-counterfactual,smoking_frontdoor,commonsense,KEEP,no,no,1,1,158,209,,Novita,stop,0,0.00010493,content,0.0,700
meta-llama/llama-3.3-70b-instruct,500,10233,DR_k1,frontdoor,3,det-counterfactual,smoking_frontdoor,commonsense,KEEP,no,no,1,1,151,259,,Novita,stop,0,0.000123985,content,0.0,700
meta-llama/llama-3.3-70b-instruct,501,19352,PROSE,frontdoor,3,nie,smoking_frontdoor,anticommonsense,KEEP,no,no,1,1,224,505,,Novita,stop,0,0.00023224,content,0.0,700
meta-llama/llama-3.3-70b-instruct,501,19352,RAW,frontdoor,3,nie,smoking_frontdoor,anticommonsense,KEEP,no,no,1,1,192,519,,Novita,stop,0,0.00023352,content,0.0,700
meta-llama/llama-3.3-70b-instruct,501,19352,ORACLE,frontdoor,3,nie,smoking_frontdoor,anticommonsense,KEEP,no,no,1,1,239,485,,Novita,stop,0,0.000226265,content,0.0,700
meta-llama/llama-3.3-70b-instruct,501,19352,DR_k1,frontdoor,3,nie,smoking_frontdoor,anticommonsense,KEEP,no,no,1,1,232,667,,Novita,stop,0,0.00029812,content,0.0,700
meta-llama/llama-3.3-70b-instruct,502,14577,PROSE,frontdoor,3,ett,smoking_frontdoor,anticommonsense,KEEP,no,yes,0,1,230,502,,Novita,stop,0,0.00023185,content,0.0,700
meta-llama/llama-3.3-70b-instruct,502,14577,RAW,frontdoor,3,ett,smoking_frontdoor,anticommonsense,KEEP,no,yes,0,1,200,356,,Novita,stop,0,0.0001694,content,0.0,700
meta-llama/llama-3.3-70b-instruct,502,14577,ORACLE,frontdoor,3,ett,smoking_frontdoor,anticommonsense,KEEP,no,no,1,1,245,700,,Novita,length,0,0.000313075,content,0.0,700
meta-llama/llama-3.3-70b-instruct,502,14577,DR_k1,frontdoor,3,ett,smoking_frontdoor,anticommonsense,KEEP,no,no,1,1,245,700,,Novita,length,0,0.000313075,content,0.0,700
meta-llama/llama-3.3-70b-instruct,503,4208,PROSE,frontdoor,3,ett,smoking_frontdoor,easy,KEEP,no,no,1,1,220,438,,Novita,stop,0,0.0002049,content,0.0,700
meta-llama/llama-3.3-70b-instruct,503,4208,RAW,frontdoor,3,ett,smoking_frontdoor,easy,KEEP,no,no,1,1,190,527,,Novita,stop,0,0.00023645,content,0.0,700
meta-llama/llama-3.3-70b-instruct,503,4208,ORACLE,frontdoor,3,ett,smoking_frontdoor,easy,KEEP,no,no,1,1,235,428,,Novita,stop,0,0.000202925,content,0.0,700
meta-llama/llama-3.3-70b-instruct,503,4208,DR_k1,frontdoor,3,ett,smoking_frontdoor,easy,KEEP,no,yes,0,1,228,396,,Novita,stop,0,0.00018918,content,0.0,700
meta-llama/llama-3.3-70b-instruct,504,14663,PROSE,frontdoor,3,nie,smoking_frontdoor,anticommonsense,KEEP,no,no,1,1,225,351,,Novita,stop,0,0.000170775,content,0.0,700
meta-llama/llama-3.3-70b-instruct,504,14663,RAW,frontdoor,3,nie,smoking_frontdoor,anticommonsense,KEEP,no,no,1,1,195,404,,Novita,stop,0,0.000187925,content,0.0,700
meta-llama/llama-3.3-70b-instruct,504,14663,ORACLE,frontdoor,3,nie,smoking_frontdoor,anticommonsense,KEEP,no,no,1,1,240,700,,Novita,length,0,0.0003124,content,0.0,700
meta-llama/llama-3.3-70b-instruct,504,14663,DR_k1,frontdoor,3,nie,smoking_frontdoor,anticommonsense,KEEP,no,no,1,1,240,401,,Novita,stop,0,0.0001928,content,0.0,700
meta-llama/llama-3.3-70b-instruct,505,10239,PROSE,frontdoor,3,det-counterfactual,smoking_frontdoor,commonsense,KEEP,yes,yes,1,1,145,196,,Novita,stop,0,9.7975e-05,content,0.0,700
meta-llama/llama-3.3-70b-instruct,505,10239,RAW,frontdoor,3,det-counterfactual,smoking_frontdoor,commonsense,KEEP,yes,yes,1,1,115,200,,Novita,stop,0,9.5525e-05,content,0.0,700
meta-llama/llama-3.3-70b-instruct,505,10239,ORACLE,frontdoor,3,det-counterfactual,smoking_frontdoor,commonsense,KEEP,yes,yes,1,1,160,190,,Novita,stop,0,9.76e-05,content,0.0,700
meta-llama/llama-3.3-70b-instruct,505,10239,DR_k1,frontdoor,3,det-counterfactual,smoking_frontdoor,commonsense,KEEP,yes,yes,1,1,153,215,,Novita,stop,0,0.000106655,content,0.0,700
meta-llama/llama-3.3-70b-instruct,506,14565,PROSE,frontdoor,3,nie,smoking_frontdoor,anticommonsense,KEEP,yes,yes,1,1,225,249,,Novita,stop,0,0.000129975,content,0.0,700
meta-llama/llama-3.3-70b-instruct,506,14565,RAW,frontdoor,3,nie,smoking_frontdoor,anticommonsense,KEEP,yes,yes,1,1,195,346,,Novita,stop,0,0.000164725,content,0.0,700
meta-llama/llama-3.3-70b-instruct,506,14565,ORACLE,frontdoor,3,nie,smoking_frontdoor,anticommonsense,KEEP,yes,yes,1,1,240,247,,Novita,stop,0,0.0001312,content,0.0,700
meta-llama/llama-3.3-70b-instruct,506,14565,DR_k1,frontdoor,3,nie,smoking_frontdoor,anticommonsense,KEEP,yes,no,0,1,240,423,,Novita,stop,0,0.0002016,content,0.0,700
meta-llama/llama-3.3-70b-instruct,507,4220,PROSE,frontdoor,3,ett,smoking_frontdoor,easy,KEEP,no,no,1,1,220,579,,Novita,stop,0,0.0002613,content,0.0,700
meta-llama/llama-3.3-70b-instruct,507,4220,RAW,frontdoor,3,ett,smoking_frontdoor,easy,KEEP,no,no,1,1,190,381,,Novita,stop,0,0.00017805,content,0.0,700
meta-llama/llama-3.3-70b-instruct,507,4220,ORACLE,frontdoor,3,ett,smoking_frontdoor,easy,KEEP,no,no,1,1,235,552,,Novita,stop,0,0.000252525,content,0.0,700
meta-llama/llama-3.3-70b-instruct,507,4220,DR_k1,frontdoor,3,ett,smoking_frontdoor,easy,KEEP,no,yes,0,1,235,535,,Novita,stop,0,0.000245725,content,0.0,700
meta-llama/llama-3.3-70b-instruct,508,14593,PROSE,frontdoor,3,nie,smoking_frontdoor,anticommonsense,KEEP,no,no,1,1,225,383,,Novita,stop,0,0.000183575,content,0.0,700
meta-llama/llama-3.3-70b-instruct,508,14593,RAW,frontdoor,3,nie,smoking_frontdoor,anticommonsense,KEEP,no,no,1,1,195,610,,Novita,stop,0,0.000270325,content,0.0,700
meta-llama/llama-3.3-70b-instruct,508,14593,ORACLE,frontdoor,3,nie,smoking_frontdoor,anticommonsense,KEEP,no,no,1,1,240,470,,Novita,stop,0,0.0002204,content,0.0,700
meta-llama/llama-3.3-70b-instruct,508,14593,DR_k1,frontdoor,3,nie,smoking_frontdoor,anticommonsense,KEEP,no,no,1,1,240,573,,Novita,stop,0,0.0002616,content,0.0,700
meta-llama/llama-3.3-70b-instruct,509,14660,PROSE,frontdoor,3,nie,smoking_frontdoor,anticommonsense,KEEP,no,no,1,1,225,308,,Novita,stop,0,0.000153575,content,0.0,700
meta-llama/llama-3.3-70b-instruct,509,14660,RAW,frontdoor,3,nie,smoking_frontdoor,anticommonsense,KEEP,no,no,1,1,195,555,,Novita,stop,0,0.000248325,content,0.0,700
meta-llama/llama-3.3-70b-instruct,509,14660,ORACLE,frontdoor,3,nie,smoking_frontdoor,anticommonsense,KEEP,no,no,1,1,240,483,,Novita,stop,0,0.0002256,content,0.0,700
meta-llama/llama-3.3-70b-instruct,509,14660,DR_k1,frontdoor,3,nie,smoking_frontdoor,anticommonsense,KEEP,no,no,1,1,240,434,,Novita,stop,0,0.000206,content,0.0,700
meta-llama/llama-3.3-70b-instruct,510,8972,PROSE,frontdoor,3,nie,smoking_frontdoor,hard,KEEP,yes,no,0,1,217,459,,Novita,stop,0,0.000212895,content,0.0,700
meta-llama/llama-3.3-70b-instruct,510,8972,RAW,frontdoor,3,nie,smoking_frontdoor,hard,KEEP,yes,no,0,1,187,401,,Novita,stop,0,0.000185645,content,0.0,700
meta-llama/llama-3.3-70b-instruct,510,8972,ORACLE,frontdoor,3,nie,smoking_frontdoor,hard,KEEP,yes,no,0,1,232,700,,Novita,length,0,0.00031132,content,0.0,700
meta-llama/llama-3.3-70b-instruct,510,8972,DR_k1,frontdoor,3,nie,smoking_frontdoor,hard,KEEP,yes,no,0,1,232,262,,Novita,stop,0,0.00013612,content,0.0,700
meta-llama/llama-3.3-70b-instruct,511,10227,PROSE,frontdoor,3,det-counterfactual,smoking_frontdoor,commonsense,KEEP,no,no,1,1,142,407,,Novita,stop,0,0.00018197,content,0.0,700
meta-llama/llama-3.3-70b-instruct,511,10227,RAW,frontdoor,3,det-counterfactual,smoking_frontdoor,commonsense,KEEP,no,no,1,1,112,143,,Novita,stop,0,7.232e-05,content,0.0,700
meta-llama/llama-3.3-70b-instruct,511,10227,ORACLE,frontdoor,3,det-counterfactual,smoking_frontdoor,commonsense,KEEP,no,no,1,1,157,416,,Novita,stop,0,0.000187595,content,0.0,700
meta-llama/llama-3.3-70b-instruct,511,10227,DR_k1,frontdoor,3,det-counterfactual,smoking_frontdoor,commonsense,KEEP,no,no,1,1,150,232,,Novita,stop,0,0.00011305,content,0.0,700
meta-llama/llama-3.3-70b-instruct,512,14689,PROSE,frontdoor,3,ett,smoking_frontdoor,anticommonsense,KEEP,yes,yes,1,1,230,540,,Novita,stop,0,0.00024705,content,0.0,700
meta-llama/llama-3.3-70b-instruct,512,14689,RAW,frontdoor,3,ett,smoking_frontdoor,anticommonsense,KEEP,yes,yes,1,1,200,387,,Novita,stop,0,0.0001818,content,0.0,700
meta-llama/llama-3.3-70b-instruct,512,14689,ORACLE,frontdoor,3,ett,smoking_frontdoor,anticommonsense,KEEP,yes,no,0,1,245,700,,Novita,length,0,0.000313075,content,0.0,700
meta-llama/llama-3.3-70b-instruct,512,14689,DR_k1,frontdoor,3,ett,smoking_frontdoor,anticommonsense,KEEP,yes,no,0,1,238,700,,Novita,length,0,0.00031213,content,0.0,700
meta-llama/llama-3.3-70b-instruct,513,14619,PROSE,frontdoor,3,nie,smoking_frontdoor,anticommonsense,KEEP,no,no,1,1,225,578,,Novita,stop,0,0.000261575,content,0.0,700
meta-llama/llama-3.3-70b-instruct,513,14619,RAW,frontdoor,3,nie,smoking_frontdoor,anticommonsense,KEEP,no,no,1,1,195,517,,Novita,stop,0,0.000233125,content,0.0,700
meta-llama/llama-3.3-70b-instruct,513,14619,ORACLE,frontdoor,3,nie,smoking_frontdoor,anticommonsense,KEEP,no,no,1,1,240,683,,Novita,stop,0,0.0003056,content,0.0,700
meta-llama/llama-3.3-70b-instruct,513,14619,DR_k1,frontdoor,3,nie,smoking_frontdoor,anticommonsense,KEEP,no,no,1,1,240,644,,Novita,stop,0,0.00029,content,0.0,700
meta-llama/llama-3.3-70b-instruct,514,9048,PROSE,frontdoor,3,ett,smoking_frontdoor,hard,KEEP,yes,yes,1,1,220,552,,Novita,stop,0,0.0002505,content,0.0,700
meta-llama/llama-3.3-70b-instruct,514,9048,RAW,frontdoor,3,ett,smoking_frontdoor,hard,KEEP,yes,yes,1,1,190,365,,Novita,stop,0,0.00017165,content,0.0,700
meta-llama/llama-3.3-70b-instruct,514,9048,ORACLE,frontdoor,3,ett,smoking_frontdoor,hard,KEEP,yes,yes,1,1,235,685,,Novita,stop,0,0.000305725,content,0.0,700
meta-llama/llama-3.3-70b-instruct,514,9048,DR_k1,frontdoor,3,ett,smoking_frontdoor,hard,KEEP,yes,yes,1,1,235,694,,Novita,stop,0,0.000309325,content,0.0,700
meta-llama/llama-3.3-70b-instruct,515,19332,PROSE,frontdoor,3,ett,smoking_frontdoor,anticommonsense,KEEP,yes,no,0,1,227,430,,Novita,stop,0,0.000202645,content,0.0,700
meta-llama/llama-3.3-70b-instruct,515,19332,RAW,frontdoor,3,ett,smoking_frontdoor,anticommonsense,KEEP,yes,no,0,1,195,340,,Novita,stop,0,0.000162325,content,0.0,700
meta-llama/llama-3.3-70b-instruct,515,19332,ORACLE,frontdoor,3,ett,smoking_frontdoor,anticommonsense,KEEP,yes,yes,1,1,242,660,,Novita,stop,0,0.00029667,content,0.0,700
meta-llama/llama-3.3-70b-instruct,515,19332,DR_k1,frontdoor,3,ett,smoking_frontdoor,anticommonsense,KEEP,yes,no,0,1,242,700,,Novita,length,0,0.00031267,content,0.0,700
meta-llama/llama-3.3-70b-instruct,516,10238,PROSE,frontdoor,3,det-counterfactual,smoking_frontdoor,commonsense,KEEP,no,no,1,1,144,239,,Novita,stop,0,0.00011504,content,0.0,700
meta-llama/llama-3.3-70b-instruct,516,10238,RAW,frontdoor,3,det-counterfactual,smoking_frontdoor,commonsense,KEEP,no,no,1,1,114,141,,Novita,stop,0,7.179e-05,content,0.0,700
meta-llama/llama-3.3-70b-instruct,516,10238,ORACLE,frontdoor,3,det-counterfactual,smoking_frontdoor,commonsense,KEEP,no,no,1,1,159,176,,Novita,stop,0,9.1865e-05,content,0.0,700
meta-llama/llama-3.3-70b-instruct,516,10238,DR_k1,frontdoor,3,det-counterfactual,smoking_frontdoor,commonsense,KEEP,no,no,1,1,159,192,,Novita,stop,0,9.8265e-05,content,0.0,700
meta-llama/llama-3.3-70b-instruct,517,4270,PROSE,frontdoor,3,ett,smoking_frontdoor,easy,KEEP,no,no,1,1,220,349,,Novita,stop,0,0.0001693,content,0.0,700
meta-llama/llama-3.3-70b-instruct,517,4270,RAW,frontdoor,3,ett,smoking_frontdoor,easy,KEEP,no,no,1,1,190,397,,Novita,stop,0,0.00018445,content,0.0,700
meta-llama/llama-3.3-70b-instruct,517,4270,ORACLE,frontdoor,3,ett,smoking_frontdoor,easy,KEEP,no,no,1,1,235,700,,Novita,length,0,0.000311725,content,0.0,700
meta-llama/llama-3.3-70b-instruct,517,4270,DR_k1,frontdoor,3,ett,smoking_frontdoor,easy,KEEP,no,no,1,1,235,666,,Novita,stop,0,0.000298125,content,0.0,700
meta-llama/llama-3.3-70b-instruct,518,20640,PROSE,frontdoor,3,det-counterfactual,smoking_frontdoor,anticommonsense,KEEP,no,no,1,1,144,109,,Novita,stop,0,6.304e-05,content,0.0,700
meta-llama/llama-3.3-70b-instruct,518,20640,RAW,frontdoor,3,det-counterfactual,smoking_frontdoor,anticommonsense,KEEP,no,no,1,1,114,108,,Novita,stop,0,5.859e-05,content,0.0,700
meta-llama/llama-3.3-70b-instruct,518,20640,ORACLE,frontdoor,3,det-counterfactual,smoking_frontdoor,anticommonsense,KEEP,no,yes,0,1,159,127,,Novita,stop,0,7.2265e-05,content,0.0,700
meta-llama/llama-3.3-70b-instruct,518,20640,DR_k1,frontdoor,3,det-counterfactual,smoking_frontdoor,anticommonsense,KEEP,no,yes,0,1,159,210,,Novita,stop,0,0.000105465,content,0.0,700
meta-llama/llama-3.3-70b-instruct,519,14623,PROSE,frontdoor,3,nie,smoking_frontdoor,anticommonsense,KEEP,yes,yes,1,1,225,263,,Novita,stop,0,0.000135575,content,0.0,700
meta-llama/llama-3.3-70b-instruct,519,14623,RAW,frontdoor,3,nie,smoking_frontdoor,anticommonsense,KEEP,yes,yes,1,1,195,286,,Novita,stop,0,0.000140725,content,0.0,700
meta-llama/llama-3.3-70b-instruct,519,14623,ORACLE,frontdoor,3,nie,smoking_frontdoor,anticommonsense,KEEP,yes,yes,1,1,240,288,,Novita,stop,0,0.0001476,content,0.0,700
meta-llama/llama-3.3-70b-instruct,519,14623,DR_k1,frontdoor,3,nie,smoking_frontdoor,anticommonsense,KEEP,yes,no,0,1,240,288,,Novita,stop,0,0.0001476,content,0.0,700
meta-llama/llama-3.3-70b-instruct,542,2255,PROSE,mediation,2,ate,gender_admission,easy,KEEP,yes,yes,1,1,125,82,,Novita,stop,0,4.9675e-05,content,0.0,700
meta-llama/llama-3.3-70b-instruct,542,2255,RAW,mediation,2,ate,gender_admission,easy,KEEP,yes,yes,1,1,103,78,,Novita,stop,0,4.5105e-05,content,0.0,700
meta-llama/llama-3.3-70b-instruct,542,2255,ORACLE,mediation,2,ate,gender_admission,easy,KEEP,yes,yes,1,1,140,169,,Novita,stop,0,8.65e-05,content,0.0,700
meta-llama/llama-3.3-70b-instruct,542,2255,DR_k1,mediation,2,ate,gender_admission,easy,KEEP,yes,yes,1,1,139,178,,Novita,stop,0,8.9965e-05,content,0.0,700
meta-llama/llama-3.3-70b-instruct,543,3030,PROSE,mediation,2,ate,neg_mediation,easy,KEEP,yes,yes,1,1,118,71,,Novita,stop,0,4.433e-05,content,0.0,700
meta-llama/llama-3.3-70b-instruct,543,3030,RAW,mediation,2,ate,neg_mediation,easy,KEEP,yes,yes,1,1,97,73,,Novita,stop,0,4.2295e-05,content,0.0,700
meta-llama/llama-3.3-70b-instruct,543,3030,ORACLE,mediation,2,ate,neg_mediation,easy,KEEP,yes,yes,1,1,133,386,,Novita,stop,0,0.000172355,content,0.0,700
meta-llama/llama-3.3-70b-instruct,543,3030,DR_k1,mediation,2,ate,neg_mediation,easy,KEEP,yes,yes,1,1,133,220,,Novita,stop,0,0.000105955,content,0.0,700
meta-llama/llama-3.3-70b-instruct,544,12563,PROSE,mediation,2,ate,gender_admission,anticommonsense,KEEP,yes,yes,1,1,131,78,,Novita,stop,0,4.8885e-05,content,0.0,700
meta-llama/llama-3.3-70b-instruct,544,12563,RAW,mediation,2,ate,gender_admission,anticommonsense,KEEP,yes,yes,1,1,109,63,,Novita,stop,0,3.9915e-05,content,0.0,700
meta-llama/llama-3.3-70b-instruct,544,12563,ORACLE,mediation,2,ate,gender_admission,anticommonsense,KEEP,yes,yes,1,1,146,178,,Novita,stop,0,9.091e-05,content,0.0,700
meta-llama/llama-3.3-70b-instruct,544,12563,DR_k1,mediation,2,ate,gender_admission,anticommonsense,KEEP,yes,yes,1,1,146,137,,Novita,stop,0,7.451e-05,content,0.0,700
meta-llama/llama-3.3-70b-instruct,548,11462,PROSE,mediation,2,ate,penguin,anticommonsense,KEEP,no,no,1,1,133,85,,Novita,stop,0,5.1955e-05,content,0.0,700
meta-llama/llama-3.3-70b-instruct,548,11462,RAW,mediation,2,ate,penguin,anticommonsense,KEEP,no,no,1,1,109,93,,Novita,stop,0,5.1915e-05,content,0.0,700
meta-llama/llama-3.3-70b-instruct,548,11462,ORACLE,mediation,2,ate,penguin,anticommonsense,KEEP,no,no,1,1,148,245,,Novita,stop,0,0.00011798,content,0.0,700
meta-llama/llama-3.3-70b-instruct,548,11462,DR_k1,mediation,2,ate,penguin,anticommonsense,KEEP,no,no,1,1,149,268,,Novita,stop,0,0.000127315,content,0.0,700
meta-llama/llama-3.3-70b-instruct,551,15255,PROSE,mediation,2,ate,alarm,anticommonsense,KEEP,no,no,1,1,129,81,,Novita,stop,0,4.9815e-05,content,0.0,700
meta-llama/llama-3.3-70b-instruct,551,15255,RAW,mediation,2,ate,alarm,anticommonsense,KEEP,no,no,1,1,107,82,,Novita,stop,0,4.7245e-05,content,0.0,700
meta-llama/llama-3.3-70b-instruct,551,15255,ORACLE,mediation,2,ate,alarm,anticommonsense,KEEP,no,no,1,1,144,182,,Novita,stop,0,9.224e-05,content,0.0,700
meta-llama/llama-3.3-70b-instruct,551,15255,DR_k1,mediation,2,ate,alarm,anticommonsense,KEEP,no,no,1,1,146,173,,Novita,stop,0,8.891e-05,content,0.0,700
meta-llama/llama-3.3-70b-instruct,553,12561,PROSE,mediation,2,ate,gender_admission,anticommonsense,KEEP,no,no,1,1,131,83,,Novita,stop,0,5.0885e-05,content,0.0,700
meta-llama/llama-3.3-70b-instruct,553,12561,RAW,mediation,2,ate,gender_admission,anticommonsense,KEEP,no,no,1,1,109,64,,Novita,stop,0,4.0315e-05,content,0.0,700
meta-llama/llama-3.3-70b-instruct,553,12561,ORACLE,mediation,2,ate,gender_admission,anticommonsense,KEEP,no,no,1,1,146,192,,Novita,stop,0,9.651e-05,content,0.0,700
meta-llama/llama-3.3-70b-instruct,553,12561,DR_k1,mediation,2,ate,gender_admission,anticommonsense,KEEP,no,no,1,1,146,142,,Novita,stop,0,7.651e-05,content,0.0,700
meta-llama/llama-3.3-70b-instruct,556,2164,PROSE,mediation,2,ate,gender_admission,easy,KEEP,no,no,1,1,125,49,,Novita,stop,0,3.6475e-05,content,0.0,700
meta-llama/llama-3.3-70b-instruct,556,2164,RAW,mediation,2,ate,gender_admission,easy,KEEP,no,no,1,1,103,57,,Novita,stop,0,3.6705e-05,content,0.0,700
meta-llama/llama-3.3-70b-instruct,556,2164,ORACLE,mediation,2,ate,gender_admission,easy,KEEP,no,no,1,1,140,122,,Novita,stop,0,6.77e-05,content,0.0,700
meta-llama/llama-3.3-70b-instruct,556,2164,DR_k1,mediation,2,ate,gender_admission,easy,KEEP,no,no,1,1,141,120,,Novita,stop,0,6.7035e-05,content,0.0,700
meta-llama/llama-3.3-70b-instruct,558,6947,PROSE,mediation,2,ate,gender_admission,hard,KEEP,no,no,1,1,125,82,,Novita,stop,0,4.9675e-05,content,0.0,700
meta-llama/llama-3.3-70b-instruct,558,6947,RAW,mediation,2,ate,gender_admission,hard,KEEP,no,no,1,1,103,73,,Novita,stop,0,4.3105e-05,content,0.0,700
meta-llama/llama-3.3-70b-instruct,558,6947,ORACLE,mediation,2,ate,gender_admission,hard,KEEP,no,no,1,1,140,167,,Novita,stop,0,8.57e-05,content,0.0,700
meta-llama/llama-3.3-70b-instruct,558,6947,DR_k1,mediation,2,ate,gender_admission,hard,KEEP,no,no,1,1,141,150,,Novita,stop,0,7.9035e-05,content,0.0,700
meta-llama/llama-3.3-70b-instruct,560,17335,PROSE,mediation,3,nie,gender_admission,anticommonsense,KEEP,yes,,0,0,230,700,,Novita,length,0,0.00031105,content,0.0,700
meta-llama/llama-3.3-70b-instruct,560,17335,RAW,mediation,3,nie,gender_admission,anticommonsense,KEEP,yes,no,0,1,206,437,,Novita,stop,0,0.00020261,content,0.0,700
meta-llama/llama-3.3-70b-instruct,560,17335,ORACLE,mediation,3,nie,gender_admission,anticommonsense,KEEP,yes,no,0,1,245,700,,Novita,length,0,0.000313075,content,0.0,700
meta-llama/llama-3.3-70b-instruct,560,17335,DR_k1,mediation,3,nie,gender_admission,anticommonsense,KEEP,yes,no,0,1,246,693,,Novita,stop,0,0.00031041,content,0.0,700
meta-llama/llama-3.3-70b-instruct,561,1071,PROSE,mediation,3,ett,penguin,easy,KEEP,yes,yes,1,1,152,226,,Novita,stop,0,0.00011092,content,0.0,700
meta-llama/llama-3.3-70b-instruct,561,1071,RAW,mediation,3,ett,penguin,easy,KEEP,yes,yes,1,1,126,198,,Novita,stop,0,9.621e-05,content,0.0,700
meta-llama/llama-3.3-70b-instruct,561,1071,ORACLE,mediation,3,ett,penguin,easy,KEEP,yes,yes,1,1,167,303,,Novita,stop,0,0.000143745,content,0.0,700
meta-llama/llama-3.3-70b-instruct,561,1071,DR_k1,mediation,3,ett,penguin,easy,KEEP,yes,no,0,1,167,466,,Novita,stop,0,0.000208945,content,0.0,700
meta-llama/llama-3.3-70b-instruct,562,12465,PROSE,mediation,3,nie,encouagement_program,anticommonsense,KEEP,yes,yes,1,1,209,293,,Novita,stop,0,0.000145415,content,0.0,700
meta-llama/llama-3.3-70b-instruct,562,12465,RAW,mediation,3,nie,encouagement_program,anticommonsense,KEEP,yes,yes,1,1,184,320,,Novita,stop,0,0.00015284,content,0.0,700
meta-llama/llama-3.3-70b-instruct,562,12465,ORACLE,mediation,3,nie,encouagement_program,anticommonsense,KEEP,yes,yes,1,1,224,247,,Novita,stop,0,0.00012904,content,0.0,700
meta-llama/llama-3.3-70b-instruct,562,12465,DR_k1,mediation,3,nie,encouagement_program,anticommonsense,KEEP,yes,yes,1,1,223,357,,Novita,stop,0,0.000172905,content,0.0,700
meta-llama/llama-3.3-70b-instruct,563,9850,PROSE,mediation,3,det-counterfactual,gender_admission,commonsense,KEEP,no,no,1,1,117,297,,Novita,stop,0,0.000134595,content,0.0,700
meta-llama/llama-3.3-70b-instruct,563,9850,RAW,mediation,3,det-counterfactual,gender_admission,commonsense,KEEP,no,no,1,1,95,103,,Novita,stop,0,5.4025e-05,content,0.0,700
meta-llama/llama-3.3-70b-instruct,563,9850,ORACLE,mediation,3,det-counterfactual,gender_admission,commonsense,KEEP,no,no,1,1,132,304,,Novita,stop,0,0.00013942,content,0.0,700
meta-llama/llama-3.3-70b-instruct,563,9850,DR_k1,mediation,3,det-counterfactual,gender_admission,commonsense,KEEP,no,no,1,1,133,308,,Novita,stop,0,0.000141155,content,0.0,700
meta-llama/llama-3.3-70b-instruct,564,6984,PROSE,mediation,3,nie,gender_admission,hard,KEEP,no,yes,0,1,215,446,,Novita,stop,0,0.000207425,content,0.0,700
meta-llama/llama-3.3-70b-instruct,564,6984,RAW,mediation,3,nie,gender_admission,hard,KEEP,no,no,1,1,193,352,,Novita,stop,0,0.000166855,content,0.0,700
meta-llama/llama-3.3-70b-instruct,564,6984,ORACLE,mediation,3,nie,gender_admission,hard,KEEP,no,no,1,1,230,461,,Novita,stop,0,0.00021545,content,0.0,700
meta-llama/llama-3.3-70b-instruct,564,6984,DR_k1,mediation,3,nie,gender_admission,hard,KEEP,no,no,1,1,229,442,,Novita,stop,0,0.000207715,content,0.0,700
meta-llama/llama-3.3-70b-instruct,565,21,PROSE,mediation,3,nie,alarm,easy,KEEP,no,no,1,1,225,543,,Novita,stop,0,0.000247575,content,0.0,700
meta-llama/llama-3.3-70b-instruct,565,21,RAW,mediation,3,nie,alarm,easy,KEEP,no,,0,0,205,700,,Novita,length,0,0.000307675,content,0.0,700
meta-llama/llama-3.3-70b-instruct,565,21,ORACLE,mediation,3,nie,alarm,easy,KEEP,no,no,1,1,241,478,,Novita,stop,0,0.000223735,content,0.0,700
meta-llama/llama-3.3-70b-instruct,565,21,DR_k1,mediation,3,nie,alarm,easy,KEEP,no,no,1,1,241,621,,Novita,stop,0,0.000280935,content,0.0,700
meta-llama/llama-3.3-70b-instruct,566,9708,PROSE,mediation,3,det-counterfactual,blood_pressure,commonsense,KEEP,yes,yes,1,1,121,94,,Novita,stop,0,5.3935e-05,content,0.0,700
meta-llama/llama-3.3-70b-instruct,566,9708,RAW,mediation,3,det-counterfactual,blood_pressure,commonsense,KEEP,yes,yes,1,1,98,181,,Novita,stop,0,8.563e-05,content,0.0,700
meta-llama/llama-3.3-70b-instruct,566,9708,ORACLE,mediation,3,det-counterfactual,blood_pressure,commonsense,KEEP,yes,yes,1,1,136,86,,Novita,stop,0,5.276e-05,content,0.0,700
meta-llama/llama-3.3-70b-instruct,566,9708,DR_k1,mediation,3,det-counterfactual,blood_pressure,commonsense,KEEP,yes,yes,1,1,135,171,,Novita,stop,0,8.6625e-05,content,0.0,700
meta-llama/llama-3.3-70b-instruct,567,12508,PROSE,mediation,3,nie,encouagement_program,anticommonsense,KEEP,no,no,1,1,209,489,,Novita,stop,0,0.000223815,content,0.0,700
meta-llama/llama-3.3-70b-instruct,567,12508,RAW,mediation,3,nie,encouagement_program,anticommonsense,KEEP,no,no,1,1,184,308,,Novita,stop,0,0.00014804,content,0.0,700
meta-llama/llama-3.3-70b-instruct,567,12508,ORACLE,mediation,3,nie,encouagement_program,anticommonsense,KEEP,no,no,1,1,224,254,,Novita,stop,0,0.00013184,content,0.0,700
meta-llama/llama-3.3-70b-instruct,567,12508,DR_k1,mediation,3,nie,encouagement_program,anticommonsense,KEEP,no,no,1,1,223,460,,Novita,stop,0,0.000214105,content,0.0,700
meta-llama/llama-3.3-70b-instruct,568,9525,PROSE,mediation,3,det-counterfactual,alarm,commonsense,KEEP,no,no,1,1,131,247,,Novita,stop,0,0.000116485,content,0.0,700
meta-llama/llama-3.3-70b-instruct,568,9525,RAW,mediation,3,det-counterfactual,alarm,commonsense,KEEP,no,no,1,1,111,208,,Novita,stop,0,9.8185e-05,content,0.0,700
meta-llama/llama-3.3-70b-instruct,568,9525,ORACLE,mediation,3,det-counterfactual,alarm,commonsense,KEEP,no,no,1,1,147,243,,Novita,stop,0,0.000117045,content,0.0,700
meta-llama/llama-3.3-70b-instruct,568,9525,DR_k1,mediation,3,det-counterfactual,alarm,commonsense,KEEP,no,no,1,1,147,268,,Novita,stop,0,0.000127045,content,0.0,700
meta-llama/llama-3.3-70b-instruct,569,1439,PROSE,mediation,3,nie,blood_pressure,easy,KEEP,no,no,1,1,207,587,,Novita,stop,0,0.000262745,content,0.0,700
meta-llama/llama-3.3-70b-instruct,569,1439,RAW,mediation,3,nie,blood_pressure,easy,KEEP,no,no,1,1,184,425,,Novita,stop,0,0.00019484,content,0.0,700
meta-llama/llama-3.3-70b-instruct,569,1439,ORACLE,mediation,3,nie,blood_pressure,easy,KEEP,no,no,1,1,222,567,,Novita,stop,0,0.00025677,content,0.0,700
meta-llama/llama-3.3-70b-instruct,569,1439,DR_k1,mediation,3,nie,blood_pressure,easy,KEEP,no,no,1,1,221,476,,Novita,stop,0,0.000220235,content,0.0,700
meta-llama/llama-3.3-70b-instruct,570,1011,PROSE,mediation,3,ett,penguin,easy,KEEP,no,no,1,1,152,159,,Novita,stop,0,8.412e-05,content,0.0,700
meta-llama/llama-3.3-70b-instruct,570,1011,RAW,mediation,3,ett,penguin,easy,KEEP,no,no,1,1,126,131,,Novita,stop,0,6.941e-05,content,0.0,700
meta-llama/llama-3.3-70b-instruct,570,1011,ORACLE,mediation,3,ett,penguin,easy,KEEP,no,no,1,1,167,268,,Novita,stop,0,0.000129745,content,0.0,700
meta-llama/llama-3.3-70b-instruct,570,1011,DR_k1,mediation,3,ett,penguin,easy,KEEP,no,no,1,1,167,346,,Novita,stop,0,0.000160945,content,0.0,700
meta-llama/llama-3.3-70b-instruct,571,17408,PROSE,mediation,3,nde,gender_admission,anticommonsense,KEEP,yes,no,0,1,237,386,,Novita,stop,0,0.000186395,content,0.0,700
meta-llama/llama-3.3-70b-instruct,571,17408,RAW,mediation,3,nde,gender_admission,anticommonsense,KEEP,yes,yes,1,1,213,404,,Novita,stop,0,0.000190355,content,0.0,700
meta-llama/llama-3.3-70b-instruct,571,17408,ORACLE,mediation,3,nde,gender_admission,anticommonsense,KEEP,yes,yes,1,1,252,626,,Novita,stop,0,0.00028442,content,0.0,700
meta-llama/llama-3.3-70b-instruct,571,17408,DR_k1,mediation,3,nde,gender_admission,anticommonsense,KEEP,yes,no,0,1,253,535,,Novita,stop,0,0.000248155,content,0.0,700
meta-llama/llama-3.3-70b-instruct,572,32,PROSE,mediation,3,ett,alarm,easy,KEEP,yes,yes,1,1,141,223,,Novita,stop,0,0.000108235,content,0.0,700
meta-llama/llama-3.3-70b-instruct,572,32,RAW,mediation,3,ett,alarm,easy,KEEP,yes,yes,1,1,121,148,,Novita,stop,0,7.5535e-05,content,0.0,700
meta-llama/llama-3.3-70b-instruct,572,32,ORACLE,mediation,3,ett,alarm,easy,KEEP,yes,yes,1,1,157,370,,Novita,stop,0,0.000169195,content,0.0,700
meta-llama/llama-3.3-70b-instruct,572,32,DR_k1,mediation,3,ett,alarm,easy,KEEP,yes,yes,1,1,156,483,,Novita,stop,0,0.00021426,content,0.0,700
meta-llama/llama-3.3-70b-instruct,573,6200,PROSE,mediation,3,nie,blood_pressure,hard,KEEP,yes,yes,1,1,207,394,,Novita,stop,0,0.000185545,content,0.0,700
meta-llama/llama-3.3-70b-instruct,573,6200,RAW,mediation,3,nie,blood_pressure,hard,KEEP,yes,no,0,1,184,477,,Novita,stop,0,0.00021564,content,0.0,700
meta-llama/llama-3.3-70b-instruct,573,6200,ORACLE,mediation,3,nie,blood_pressure,hard,KEEP,yes,no,0,1,222,557,,Novita,stop,0,0.00025277,content,0.0,700
meta-llama/llama-3.3-70b-instruct,573,6200,DR_k1,mediation,3,nie,blood_pressure,hard,KEEP,yes,no,0,1,221,660,,Novita,stop,0,0.000293835,content,0.0,700
meta-llama/llama-3.3-70b-instruct,574,20355,PROSE,mediation,3,det-counterfactual,neg_mediation,anticommonsense,KEEP,yes,yes,1,1,123,382,,Novita,stop,0,0.000169405,content,0.0,700
meta-llama/llama-3.3-70b-instruct,574,20355,RAW,mediation,3,det-counterfactual,neg_mediation,anticommonsense,KEEP,yes,yes,1,1,100,304,,Novita,stop,0,0.0001351,content,0.0,700
meta-llama/llama-3.3-70b-instruct,574,20355,ORACLE,mediation,3,det-counterfactual,neg_mediation,anticommonsense,KEEP,yes,no,0,1,138,411,,Novita,stop,0,0.00018303,content,0.0,700
meta-llama/llama-3.3-70b-instruct,574,20355,DR_k1,mediation,3,det-counterfactual,neg_mediation,anticommonsense,KEEP,yes,no,0,1,138,364,,Novita,stop,0,0.00016423,content,0.0,700
meta-llama/llama-3.3-70b-instruct,575,10417,PROSE,mediation,3,ett,alarm,anticommonsense,KEEP,no,no,1,1,138,185,,Novita,stop,0,9.263e-05,content,0.0,700
meta-llama/llama-3.3-70b-instruct,575,10417,RAW,mediation,3,ett,alarm,anticommonsense,KEEP,no,no,1,1,117,117,,Novita,stop,0,6.2595e-05,content,0.0,700
meta-llama/llama-3.3-70b-instruct,575,10417,ORACLE,mediation,3,ett,alarm,anticommonsense,KEEP,no,no,1,1,154,315,,Novita,stop,0,0.00014679,content,0.0,700
meta-llama/llama-3.3-70b-instruct,575,10417,DR_k1,mediation,3,ett,alarm,anticommonsense,KEEP,no,no,1,1,155,250,,Novita,stop,0,0.000120925,content,0.0,700
meta-llama/llama-3.3-70b-instruct,576,16215,PROSE,mediation,3,ett,penguin,anticommonsense,KEEP,yes,no,0,1,147,415,,Novita,stop,0,0.000185845,content,0.0,700
meta-llama/llama-3.3-70b-instruct,576,16215,RAW,mediation,3,ett,penguin,anticommonsense,KEEP,yes,yes,1,1,123,98,,Novita,stop,0,5.5805e-05,content,0.0,700
meta-llama/llama-3.3-70b-instruct,576,16215,ORACLE,mediation,3,ett,penguin,anticommonsense,KEEP,yes,yes,1,1,162,379,,Novita,stop,0,0.00017347,content,0.0,700
meta-llama/llama-3.3-70b-instruct,576,16215,DR_k1,mediation,3,ett,penguin,anticommonsense,KEEP,yes,yes,1,1,161,293,,Novita,stop,0,0.000138935,content,0.0,700
meta-llama/llama-3.3-70b-instruct,577,20243,PROSE,mediation,3,det-counterfactual,gender_admission,anticommonsense,KEEP,yes,yes,1,1,122,146,,Novita,stop,0,7.487e-05,content,0.0,700
meta-llama/llama-3.3-70b-instruct,577,20243,RAW,mediation,3,det-counterfactual,gender_admission,anticommonsense,KEEP,yes,yes,1,1,100,192,,Novita,stop,0,9.03e-05,content,0.0,700
meta-llama/llama-3.3-70b-instruct,577,20243,ORACLE,mediation,3,det-counterfactual,gender_admission,anticommonsense,KEEP,yes,yes,1,1,137,390,,Novita,stop,0,0.000174495,content,0.0,700
meta-llama/llama-3.3-70b-instruct,577,20243,DR_k1,mediation,3,det-counterfactual,gender_admission,anticommonsense,KEEP,yes,yes,1,1,136,172,,Novita,stop,0,8.716e-05,content,0.0,700
meta-llama/llama-3.3-70b-instruct,578,9843,PROSE,mediation,3,det-counterfactual,gender_admission,commonsense,KEEP,no,no,1,1,119,258,,Novita,stop,0,0.000119265,content,0.0,700
meta-llama/llama-3.3-70b-instruct,578,9843,RAW,mediation,3,det-counterfactual,gender_admission,commonsense,KEEP,no,no,1,1,97,492,,Novita,stop,0,0.000209895,content,0.0,700
meta-llama/llama-3.3-70b-instruct,578,9843,ORACLE,mediation,3,det-counterfactual,gender_admission,commonsense,KEEP,no,no,1,1,134,234,,Novita,stop,0,0.00011169,content,0.0,700
meta-llama/llama-3.3-70b-instruct,578,9843,DR_k1,mediation,3,det-counterfactual,gender_admission,commonsense,KEEP,no,no,1,1,133,314,,Novita,stop,0,0.000143555,content,0.0,700
meta-llama/llama-3.3-70b-instruct,579,3002,PROSE,mediation,3,nie,neg_mediation,easy,KEEP,yes,yes,1,1,186,562,,Novita,stop,0,0.00024991,content,0.0,700
meta-llama/llama-3.3-70b-instruct,579,3002,RAW,mediation,3,nie,neg_mediation,easy,KEEP,yes,yes,1,1,165,554,,Novita,stop,0,0.000243875,content,0.0,700
meta-llama/llama-3.3-70b-instruct,579,3002,ORACLE,mediation,3,nie,neg_mediation,easy,KEEP,yes,yes,1,1,201,596,,Novita,stop,0,0.000265535,content,0.0,700
meta-llama/llama-3.3-70b-instruct,579,3002,DR_k1,mediation,3,nie,neg_mediation,easy,KEEP,yes,yes,1,1,200,561,,Novita,stop,0,0.0002514,content,0.0,700
